report_vintage,country,iso3,observation_year,metric,value_usd_billion,unit,evidence_class,source_precision,source_file,source_url,source_locator,source_method,scope_note
2021,Indonesia,IDN,2019,ecommerce_gmv,21.0,current USD billion,external_market_estimate,rounded chart value,sources/asean_economy_reports/economy_sea_2021_regional.pdf,https://services.google.com/fh/files/misc/e_conomy_sea_2021_report.pdf,"PDF page 97, country GMV chart",Bain analysis,"Country digital-economy estimate; not national accounts, tax base, or issuer disclosure"
2022,Indonesia,IDN,2019,ecommerce_gmv,25.0,current USD billion,external_market_estimate,rounded chart value,sources/asean_economy_reports/economy_sea_2022_regional.pdf,https://services.google.com/fh/files/misc/e_conomy_sea_2022_report.pdf,"PDF page 92, country GMV chart",Bain analysis,"Country digital-economy estimate; not national accounts, tax base, or issuer disclosure"
2021,Indonesia,IDN,2019,online_media_gmv,3.5,current USD billion,external_market_estimate,rounded chart value,sources/asean_economy_reports/economy_sea_2021_regional.pdf,https://services.google.com/fh/files/misc/e_conomy_sea_2021_report.pdf,"PDF page 97, country GMV chart",Bain analysis,"Country digital-economy estimate; not national accounts, tax base, or issuer disclosure"
2022,Indonesia,IDN,2019,online_media_gmv,3.0,current USD billion,external_market_estimate,rounded chart value,sources/asean_economy_reports/economy_sea_2022_regional.pdf,https://services.google.com/fh/files/misc/e_conomy_sea_2022_report.pdf,"PDF page 92, country GMV chart",Bain analysis,"Country digital-economy estimate; not national accounts, tax base, or issuer disclosure"
2021,Indonesia,IDN,2019,online_travel_gmv,10.1,current USD billion,external_market_estimate,rounded chart value,sources/asean_economy_reports/economy_sea_2021_regional.pdf,https://services.google.com/fh/files/misc/e_conomy_sea_2021_report.pdf,"PDF page 97, country GMV chart",Bain analysis,"Country digital-economy estimate; not national accounts, tax base, or issuer disclosure"
2022,Indonesia,IDN,2019,online_travel_gmv,7.0,current USD billion,external_market_estimate,rounded chart value,sources/asean_economy_reports/economy_sea_2022_regional.pdf,https://services.google.com/fh/files/misc/e_conomy_sea_2022_report.pdf,"PDF page 92, country GMV chart",Bain analysis,"Country digital-economy estimate; not national accounts, tax base, or issuer disclosure"
2021,Indonesia,IDN,2019,overall_digital_economy_gmv,40.0,current USD billion,external_market_estimate,rounded chart value,sources/asean_economy_reports/economy_sea_2021_regional.pdf,https://services.google.com/fh/files/misc/e_conomy_sea_2021_report.pdf,"PDF page 97, country GMV chart",Bain analysis,"Country digital-economy estimate; not national accounts, tax base, or issuer disclosure"
2022,Indonesia,IDN,2019,overall_digital_economy_gmv,41.0,current USD billion,external_market_estimate,rounded chart value,sources/asean_economy_reports/economy_sea_2022_regional.pdf,https://services.google.com/fh/files/misc/e_conomy_sea_2022_report.pdf,"PDF page 92, country GMV chart",Bain analysis,"Country digital-economy estimate; not national accounts, tax base, or issuer disclosure"
2021,Indonesia,IDN,2019,transport_and_food_gmv,5.7,current USD billion,external_market_estimate,rounded chart value,sources/asean_economy_reports/economy_sea_2021_regional.pdf,https://services.google.com/fh/files/misc/e_conomy_sea_2021_report.pdf,"PDF page 97, country GMV chart",Bain analysis,"Country digital-economy estimate; not national accounts, tax base, or issuer disclosure"
2022,Indonesia,IDN,2019,transport_and_food_gmv,6.0,current USD billion,external_market_estimate,rounded chart value,sources/asean_economy_reports/economy_sea_2022_regional.pdf,https://services.google.com/fh/files/misc/e_conomy_sea_2022_report.pdf,"PDF page 92, country GMV chart",Bain analysis,"Country digital-economy estimate; not national accounts, tax base, or issuer disclosure"
2021,Indonesia,IDN,2020,ecommerce_gmv,35.0,current USD billion,external_market_estimate,rounded chart value,sources/asean_economy_reports/economy_sea_2021_regional.pdf,https://services.google.com/fh/files/misc/e_conomy_sea_2021_report.pdf,"PDF page 97, country GMV chart",Bain analysis,"Country digital-economy estimate; not national accounts, tax base, or issuer disclosure"
2021,Indonesia,IDN,2020,online_media_gmv,4.3,current USD billion,external_market_estimate,rounded chart value,sources/asean_economy_reports/economy_sea_2021_regional.pdf,https://services.google.com/fh/files/misc/e_conomy_sea_2021_report.pdf,"PDF page 97, country GMV chart",Bain analysis,"Country digital-economy estimate; not national accounts, tax base, or issuer disclosure"
2021,Indonesia,IDN,2020,online_travel_gmv,2.6,current USD billion,external_market_estimate,rounded chart value,sources/asean_economy_reports/economy_sea_2021_regional.pdf,https://services.google.com/fh/files/misc/e_conomy_sea_2021_report.pdf,"PDF page 97, country GMV chart",Bain analysis,"Country digital-economy estimate; not national accounts, tax base, or issuer disclosure"
2021,Indonesia,IDN,2020,overall_digital_economy_gmv,47.0,current USD billion,external_market_estimate,rounded chart value,sources/asean_economy_reports/economy_sea_2021_regional.pdf,https://services.google.com/fh/files/misc/e_conomy_sea_2021_report.pdf,"PDF page 97, country GMV chart",Bain analysis,"Country digital-economy estimate; not national accounts, tax base, or issuer disclosure"
2021,Indonesia,IDN,2020,transport_and_food_gmv,5.1,current USD billion,external_market_estimate,rounded chart value,sources/asean_economy_reports/economy_sea_2021_regional.pdf,https://services.google.com/fh/files/misc/e_conomy_sea_2021_report.pdf,"PDF page 97, country GMV chart",Bain analysis,"Country digital-economy estimate; not national accounts, tax base, or issuer disclosure"
2021,Indonesia,IDN,2021,ecommerce_gmv,53.0,current USD billion,external_market_estimate,rounded chart value,sources/asean_economy_reports/economy_sea_2021_regional.pdf,https://services.google.com/fh/files/misc/e_conomy_sea_2021_report.pdf,"PDF page 97, country GMV chart",Bain analysis,"Country digital-economy estimate; not national accounts, tax base, or issuer disclosure"
2022,Indonesia,IDN,2021,ecommerce_gmv,48.0,current USD billion,external_market_estimate,rounded chart value,sources/asean_economy_reports/economy_sea_2022_regional.pdf,https://services.google.com/fh/files/misc/e_conomy_sea_2022_report.pdf,"PDF page 92, country GMV chart",Bain analysis,"Country digital-economy estimate; not national accounts, tax base, or issuer disclosure"
2023,Indonesia,IDN,2021,ecommerce_gmv,48.0,current USD billion,external_market_estimate,rounded chart value,sources/asean_economy_reports/economy_sea_2023_indonesia.pdf,https://services.google.com/fh/files/misc/indonesia_e_conomy_sea_2023_report.pdf,"PDF page 3, country GMV chart",Bain analysis,"Country digital-economy estimate; not national accounts, tax base, or issuer disclosure"
2021,Indonesia,IDN,2021,online_media_gmv,6.4,current USD billion,external_market_estimate,rounded chart value,sources/asean_economy_reports/economy_sea_2021_regional.pdf,https://services.google.com/fh/files/misc/e_conomy_sea_2021_report.pdf,"PDF page 97, country GMV chart",Bain analysis,"Country digital-economy estimate; not national accounts, tax base, or issuer disclosure"
2022,Indonesia,IDN,2021,online_media_gmv,6.1,current USD billion,external_market_estimate,rounded chart value,sources/asean_economy_reports/economy_sea_2022_regional.pdf,https://services.google.com/fh/files/misc/e_conomy_sea_2022_report.pdf,"PDF page 92, country GMV chart",Bain analysis,"Country digital-economy estimate; not national accounts, tax base, or issuer disclosure"
2023,Indonesia,IDN,2021,online_media_gmv,6.0,current USD billion,external_market_estimate,rounded chart value,sources/asean_economy_reports/economy_sea_2023_indonesia.pdf,https://services.google.com/fh/files/misc/indonesia_e_conomy_sea_2023_report.pdf,"PDF page 3, country GMV chart",Bain analysis,"Country digital-economy estimate; not national accounts, tax base, or issuer disclosure"
2021,Indonesia,IDN,2021,online_travel_gmv,3.4,current USD billion,external_market_estimate,rounded chart value,sources/asean_economy_reports/economy_sea_2021_regional.pdf,https://services.google.com/fh/files/misc/e_conomy_sea_2021_report.pdf,"PDF page 97, country GMV chart",Bain analysis,"Country digital-economy estimate; not national accounts, tax base, or issuer disclosure"
2022,Indonesia,IDN,2021,online_travel_gmv,2.0,current USD billion,external_market_estimate,rounded chart value,sources/asean_economy_reports/economy_sea_2022_regional.pdf,https://services.google.com/fh/files/misc/e_conomy_sea_2022_report.pdf,"PDF page 92, country GMV chart",Bain analysis,"Country digital-economy estimate; not national accounts, tax base, or issuer disclosure"
2023,Indonesia,IDN,2021,online_travel_gmv,2.0,current USD billion,external_market_estimate,rounded chart value,sources/asean_economy_reports/economy_sea_2023_indonesia.pdf,https://services.google.com/fh/files/misc/indonesia_e_conomy_sea_2023_report.pdf,"PDF page 3, country GMV chart",Bain analysis,"Country digital-economy estimate; not national accounts, tax base, or issuer disclosure"
2021,Indonesia,IDN,2021,overall_digital_economy_gmv,70.0,current USD billion,external_market_estimate,rounded chart value,sources/asean_economy_reports/economy_sea_2021_regional.pdf,https://services.google.com/fh/files/misc/e_conomy_sea_2021_report.pdf,"PDF page 97, country GMV chart",Bain analysis,"Country digital-economy estimate; not national accounts, tax base, or issuer disclosure"
2022,Indonesia,IDN,2021,overall_digital_economy_gmv,63.0,current USD billion,external_market_estimate,rounded chart value,sources/asean_economy_reports/economy_sea_2022_regional.pdf,https://services.google.com/fh/files/misc/e_conomy_sea_2022_report.pdf,"PDF page 92, country GMV chart",Bain analysis,"Country digital-economy estimate; not national accounts, tax base, or issuer disclosure"
2023,Indonesia,IDN,2021,overall_digital_economy_gmv,63.0,current USD billion,external_market_estimate,rounded chart value,sources/asean_economy_reports/economy_sea_2023_indonesia.pdf,https://services.google.com/fh/files/misc/indonesia_e_conomy_sea_2023_report.pdf,"PDF page 3, country GMV chart",Bain analysis,"Country digital-economy estimate; not national accounts, tax base, or issuer disclosure"
2021,Indonesia,IDN,2021,transport_and_food_gmv,6.9,current USD billion,external_market_estimate,rounded chart value,sources/asean_economy_reports/economy_sea_2021_regional.pdf,https://services.google.com/fh/files/misc/e_conomy_sea_2021_report.pdf,"PDF page 97, country GMV chart",Bain analysis,"Country digital-economy estimate; not national accounts, tax base, or issuer disclosure"
2022,Indonesia,IDN,2021,transport_and_food_gmv,7.0,current USD billion,external_market_estimate,rounded chart value,sources/asean_economy_reports/economy_sea_2022_regional.pdf,https://services.google.com/fh/files/misc/e_conomy_sea_2022_report.pdf,"PDF page 92, country GMV chart",Bain analysis,"Country digital-economy estimate; not national accounts, tax base, or issuer disclosure"
2023,Indonesia,IDN,2021,transport_and_food_gmv,7.0,current USD billion,external_market_estimate,rounded chart value,sources/asean_economy_reports/economy_sea_2023_indonesia.pdf,https://services.google.com/fh/files/misc/indonesia_e_conomy_sea_2023_report.pdf,"PDF page 3, country GMV chart",Bain analysis,"Country digital-economy estimate; not national accounts, tax base, or issuer disclosure"
2022,Indonesia,IDN,2022,ecommerce_gmv,59.0,current USD billion,external_market_estimate,rounded chart value,sources/asean_economy_reports/economy_sea_2022_regional.pdf,https://services.google.com/fh/files/misc/e_conomy_sea_2022_report.pdf,"PDF page 92, country GMV chart",Bain analysis,"Country digital-economy estimate; not national accounts, tax base, or issuer disclosure"
2023,Indonesia,IDN,2022,ecommerce_gmv,58.0,current USD billion,external_market_estimate,rounded chart value,sources/asean_economy_reports/economy_sea_2023_indonesia.pdf,https://services.google.com/fh/files/misc/indonesia_e_conomy_sea_2023_report.pdf,"PDF page 3, country GMV chart",Bain analysis,"Country digital-economy estimate; not national accounts, tax base, or issuer disclosure"
2024,Indonesia,IDN,2022,ecommerce_gmv,58.0,current USD billion,external_market_estimate,rounded chart value,sources/asean_economy_reports/economy_sea_2024_indonesia.pdf,https://services.google.com/fh/files/misc/indonesia_e_conomy_sea_2024_report.pdf,"PDF page 4, country GMV chart",Bain analysis,"Country digital-economy estimate; not national accounts, tax base, or issuer disclosure"
2022,Indonesia,IDN,2022,online_media_gmv,6.4,current USD billion,external_market_estimate,rounded chart value,sources/asean_economy_reports/economy_sea_2022_regional.pdf,https://services.google.com/fh/files/misc/e_conomy_sea_2022_report.pdf,"PDF page 92, country GMV chart",Bain analysis,"Country digital-economy estimate; not national accounts, tax base, or issuer disclosure"
2023,Indonesia,IDN,2022,online_media_gmv,6.0,current USD billion,external_market_estimate,rounded chart value,sources/asean_economy_reports/economy_sea_2023_indonesia.pdf,https://services.google.com/fh/files/misc/indonesia_e_conomy_sea_2023_report.pdf,"PDF page 3, country GMV chart",Bain analysis,"Country digital-economy estimate; not national accounts, tax base, or issuer disclosure"
2024,Indonesia,IDN,2022,online_media_gmv,6.0,current USD billion,external_market_estimate,rounded chart value,sources/asean_economy_reports/economy_sea_2024_indonesia.pdf,https://services.google.com/fh/files/misc/indonesia_e_conomy_sea_2024_report.pdf,"PDF page 4, country GMV chart",Bain analysis,"Country digital-economy estimate; not national accounts, tax base, or issuer disclosure"
2022,Indonesia,IDN,2022,online_travel_gmv,3.0,current USD billion,external_market_estimate,rounded chart value,sources/asean_economy_reports/economy_sea_2022_regional.pdf,https://services.google.com/fh/files/misc/e_conomy_sea_2022_report.pdf,"PDF page 92, country GMV chart",Bain analysis,"Country digital-economy estimate; not national accounts, tax base, or issuer disclosure"
2023,Indonesia,IDN,2022,online_travel_gmv,3.0,current USD billion,external_market_estimate,rounded chart value,sources/asean_economy_reports/economy_sea_2023_indonesia.pdf,https://services.google.com/fh/files/misc/indonesia_e_conomy_sea_2023_report.pdf,"PDF page 3, country GMV chart",Bain analysis,"Country digital-economy estimate; not national accounts, tax base, or issuer disclosure"
2024,Indonesia,IDN,2022,online_travel_gmv,3.0,current USD billion,external_market_estimate,rounded chart value,sources/asean_economy_reports/economy_sea_2024_indonesia.pdf,https://services.google.com/fh/files/misc/indonesia_e_conomy_sea_2024_report.pdf,"PDF page 4, country GMV chart",Bain analysis,"Country digital-economy estimate; not national accounts, tax base, or issuer disclosure"
2022,Indonesia,IDN,2022,overall_digital_economy_gmv,77.0,current USD billion,external_market_estimate,rounded chart value,sources/asean_economy_reports/economy_sea_2022_regional.pdf,https://services.google.com/fh/files/misc/e_conomy_sea_2022_report.pdf,"PDF page 92, country GMV chart",Bain analysis,"Country digital-economy estimate; not national accounts, tax base, or issuer disclosure"
2023,Indonesia,IDN,2022,overall_digital_economy_gmv,76.0,current USD billion,external_market_estimate,rounded chart value,sources/asean_economy_reports/economy_sea_2023_indonesia.pdf,https://services.google.com/fh/files/misc/indonesia_e_conomy_sea_2023_report.pdf,"PDF page 3, country GMV chart",Bain analysis,"Country digital-economy estimate; not national accounts, tax base, or issuer disclosure"
2024,Indonesia,IDN,2022,overall_digital_economy_gmv,76.0,current USD billion,external_market_estimate,rounded chart value,sources/asean_economy_reports/economy_sea_2024_indonesia.pdf,https://services.google.com/fh/files/misc/indonesia_e_conomy_sea_2024_report.pdf,"PDF page 4, country GMV chart",Bain analysis,"Country digital-economy estimate; not national accounts, tax base, or issuer disclosure"
2022,Indonesia,IDN,2022,transport_and_food_gmv,8.0,current USD billion,external_market_estimate,rounded chart value,sources/asean_economy_reports/economy_sea_2022_regional.pdf,https://services.google.com/fh/files/misc/e_conomy_sea_2022_report.pdf,"PDF page 92, country GMV chart",Bain analysis,"Country digital-economy estimate; not national accounts, tax base, or issuer disclosure"
2023,Indonesia,IDN,2022,transport_and_food_gmv,8.0,current USD billion,external_market_estimate,rounded chart value,sources/asean_economy_reports/economy_sea_2023_indonesia.pdf,https://services.google.com/fh/files/misc/indonesia_e_conomy_sea_2023_report.pdf,"PDF page 3, country GMV chart",Bain analysis,"Country digital-economy estimate; not national accounts, tax base, or issuer disclosure"
2024,Indonesia,IDN,2022,transport_and_food_gmv,8.0,current USD billion,external_market_estimate,rounded chart value,sources/asean_economy_reports/economy_sea_2024_indonesia.pdf,https://services.google.com/fh/files/misc/indonesia_e_conomy_sea_2024_report.pdf,"PDF page 4, country GMV chart",Bain analysis,"Country digital-economy estimate; not national accounts, tax base, or issuer disclosure"
2023,Indonesia,IDN,2023,ecommerce_gmv,62.0,current USD billion,external_market_estimate,rounded chart value,sources/asean_economy_reports/economy_sea_2023_indonesia.pdf,https://services.google.com/fh/files/misc/indonesia_e_conomy_sea_2023_report.pdf,"PDF page 3, country GMV chart",Bain analysis,"Country digital-economy estimate; not national accounts, tax base, or issuer disclosure"
2024,Indonesia,IDN,2023,ecommerce_gmv,59.0,current USD billion,external_market_estimate,rounded chart value,sources/asean_economy_reports/economy_sea_2024_indonesia.pdf,https://services.google.com/fh/files/misc/indonesia_e_conomy_sea_2024_report.pdf,"PDF page 4, country GMV chart",Bain analysis,"Country digital-economy estimate; not national accounts, tax base, or issuer disclosure"
2025,Indonesia,IDN,2023,ecommerce_gmv,59.0,current USD billion,external_market_estimate,rounded chart value,sources/asean_economy_reports/economy_sea_2025_indonesia.pdf,https://services.google.com/fh/files/misc/indonesia_e_conomy_sea_2025_report.pdf,"PDF page 3, country GMV chart",Bain analysis,"Country digital-economy estimate; not national accounts, tax base, or issuer disclosure"
2023,Indonesia,IDN,2023,online_media_gmv,7.0,current USD billion,external_market_estimate,rounded chart value,sources/asean_economy_reports/economy_sea_2023_indonesia.pdf,https://services.google.com/fh/files/misc/indonesia_e_conomy_sea_2023_report.pdf,"PDF page 3, country GMV chart",Bain analysis,"Country digital-economy estimate; not national accounts, tax base, or issuer disclosure"
2024,Indonesia,IDN,2023,online_media_gmv,7.0,current USD billion,external_market_estimate,rounded chart value,sources/asean_economy_reports/economy_sea_2024_indonesia.pdf,https://services.google.com/fh/files/misc/indonesia_e_conomy_sea_2024_report.pdf,"PDF page 4, country GMV chart",Bain analysis,"Country digital-economy estimate; not national accounts, tax base, or issuer disclosure"
2025,Indonesia,IDN,2023,online_media_gmv,7.0,current USD billion,external_market_estimate,rounded chart value,sources/asean_economy_reports/economy_sea_2025_indonesia.pdf,https://services.google.com/fh/files/misc/indonesia_e_conomy_sea_2025_report.pdf,"PDF page 3, country GMV chart",Bain analysis,"Country digital-economy estimate; not national accounts, tax base, or issuer disclosure"
2023,Indonesia,IDN,2023,online_travel_gmv,6.0,current USD billion,external_market_estimate,rounded chart value,sources/asean_economy_reports/economy_sea_2023_indonesia.pdf,https://services.google.com/fh/files/misc/indonesia_e_conomy_sea_2023_report.pdf,"PDF page 3, country GMV chart",Bain analysis,"Country digital-economy estimate; not national accounts, tax base, or issuer disclosure"
2024,Indonesia,IDN,2023,online_travel_gmv,7.0,current USD billion,external_market_estimate,rounded chart value,sources/asean_economy_reports/economy_sea_2024_indonesia.pdf,https://services.google.com/fh/files/misc/indonesia_e_conomy_sea_2024_report.pdf,"PDF page 4, country GMV chart",Bain analysis,"Country digital-economy estimate; not national accounts, tax base, or issuer disclosure"
2025,Indonesia,IDN,2023,online_travel_gmv,7.0,current USD billion,external_market_estimate,rounded chart value,sources/asean_economy_reports/economy_sea_2025_indonesia.pdf,https://services.google.com/fh/files/misc/indonesia_e_conomy_sea_2025_report.pdf,"PDF page 3, country GMV chart",Bain analysis,"Country digital-economy estimate; not national accounts, tax base, or issuer disclosure"
2023,Indonesia,IDN,2023,overall_digital_economy_gmv,82.0,current USD billion,external_market_estimate,rounded chart value,sources/asean_economy_reports/economy_sea_2023_indonesia.pdf,https://services.google.com/fh/files/misc/indonesia_e_conomy_sea_2023_report.pdf,"PDF page 3, country GMV chart",Bain analysis,"Country digital-economy estimate; not national accounts, tax base, or issuer disclosure"
2024,Indonesia,IDN,2023,overall_digital_economy_gmv,80.0,current USD billion,external_market_estimate,rounded chart value,sources/asean_economy_reports/economy_sea_2024_indonesia.pdf,https://services.google.com/fh/files/misc/indonesia_e_conomy_sea_2024_report.pdf,"PDF page 4, country GMV chart",Bain analysis,"Country digital-economy estimate; not national accounts, tax base, or issuer disclosure"
2025,Indonesia,IDN,2023,overall_digital_economy_gmv,80.0,current USD billion,external_market_estimate,rounded chart value,sources/asean_economy_reports/economy_sea_2025_indonesia.pdf,https://services.google.com/fh/files/misc/indonesia_e_conomy_sea_2025_report.pdf,"PDF page 3, country GMV chart",Bain analysis,"Country digital-economy estimate; not national accounts, tax base, or issuer disclosure"
2023,Indonesia,IDN,2023,transport_and_food_gmv,7.0,current USD billion,external_market_estimate,rounded chart value,sources/asean_economy_reports/economy_sea_2023_indonesia.pdf,https://services.google.com/fh/files/misc/indonesia_e_conomy_sea_2023_report.pdf,"PDF page 3, country GMV chart",Bain analysis,"Country digital-economy estimate; not national accounts, tax base, or issuer disclosure"
2024,Indonesia,IDN,2023,transport_and_food_gmv,7.0,current USD billion,external_market_estimate,rounded chart value,sources/asean_economy_reports/economy_sea_2024_indonesia.pdf,https://services.google.com/fh/files/misc/indonesia_e_conomy_sea_2024_report.pdf,"PDF page 4, country GMV chart",Bain analysis,"Country digital-economy estimate; not national accounts, tax base, or issuer disclosure"
2025,Indonesia,IDN,2023,transport_and_food_gmv,8.0,current USD billion,external_market_estimate,rounded chart value,sources/asean_economy_reports/economy_sea_2025_indonesia.pdf,https://services.google.com/fh/files/misc/indonesia_e_conomy_sea_2025_report.pdf,"PDF page 3, country GMV chart",Bain analysis,"Country digital-economy estimate; not national accounts, tax base, or issuer disclosure"
2024,Indonesia,IDN,2024,ecommerce_gmv,65.0,current USD billion,external_market_estimate,rounded chart value,sources/asean_economy_reports/economy_sea_2024_indonesia.pdf,https://services.google.com/fh/files/misc/indonesia_e_conomy_sea_2024_report.pdf,"PDF page 4, country GMV chart",Bain analysis,"Country digital-economy estimate; not national accounts, tax base, or issuer disclosure"
2025,Indonesia,IDN,2024,ecommerce_gmv,62.0,current USD billion,external_market_estimate,rounded chart value,sources/asean_economy_reports/economy_sea_2025_indonesia.pdf,https://services.google.com/fh/files/misc/indonesia_e_conomy_sea_2025_report.pdf,"PDF page 3, country GMV chart",Bain analysis,"Country digital-economy estimate; not national accounts, tax base, or issuer disclosure"
2024,Indonesia,IDN,2024,online_media_gmv,8.0,current USD billion,external_market_estimate,rounded chart value,sources/asean_economy_reports/economy_sea_2024_indonesia.pdf,https://services.google.com/fh/files/misc/indonesia_e_conomy_sea_2024_report.pdf,"PDF page 4, country GMV chart",Bain analysis,"Country digital-economy estimate; not national accounts, tax base, or issuer disclosure"
2025,Indonesia,IDN,2024,online_media_gmv,8.0,current USD billion,external_market_estimate,rounded chart value,sources/asean_economy_reports/economy_sea_2025_indonesia.pdf,https://services.google.com/fh/files/misc/indonesia_e_conomy_sea_2025_report.pdf,"PDF page 3, country GMV chart",Bain analysis,"Country digital-economy estimate; not national accounts, tax base, or issuer disclosure"
2024,Indonesia,IDN,2024,online_travel_gmv,9.0,current USD billion,external_market_estimate,rounded chart value,sources/asean_economy_reports/economy_sea_2024_indonesia.pdf,https://services.google.com/fh/files/misc/indonesia_e_conomy_sea_2024_report.pdf,"PDF page 4, country GMV chart",Bain analysis,"Country digital-economy estimate; not national accounts, tax base, or issuer disclosure"
2025,Indonesia,IDN,2024,online_travel_gmv,8.0,current USD billion,external_market_estimate,rounded chart value,sources/asean_economy_reports/economy_sea_2025_indonesia.pdf,https://services.google.com/fh/files/misc/indonesia_e_conomy_sea_2025_report.pdf,"PDF page 3, country GMV chart",Bain analysis,"Country digital-economy estimate; not national accounts, tax base, or issuer disclosure"
2024,Indonesia,IDN,2024,overall_digital_economy_gmv,90.0,current USD billion,external_market_estimate,rounded chart value,sources/asean_economy_reports/economy_sea_2024_indonesia.pdf,https://services.google.com/fh/files/misc/indonesia_e_conomy_sea_2024_report.pdf,"PDF page 4, country GMV chart",Bain analysis,"Country digital-economy estimate; not national accounts, tax base, or issuer disclosure"
2025,Indonesia,IDN,2024,overall_digital_economy_gmv,87.0,current USD billion,external_market_estimate,rounded chart value,sources/asean_economy_reports/economy_sea_2025_indonesia.pdf,https://services.google.com/fh/files/misc/indonesia_e_conomy_sea_2025_report.pdf,"PDF page 3, country GMV chart",Bain analysis,"Country digital-economy estimate; not national accounts, tax base, or issuer disclosure"
2024,Indonesia,IDN,2024,transport_and_food_gmv,9.0,current USD billion,external_market_estimate,rounded chart value,sources/asean_economy_reports/economy_sea_2024_indonesia.pdf,https://services.google.com/fh/files/misc/indonesia_e_conomy_sea_2024_report.pdf,"PDF page 4, country GMV chart",Bain analysis,"Country digital-economy estimate; not national accounts, tax base, or issuer disclosure"
2025,Indonesia,IDN,2024,transport_and_food_gmv,9.0,current USD billion,external_market_estimate,rounded chart value,sources/asean_economy_reports/economy_sea_2025_indonesia.pdf,https://services.google.com/fh/files/misc/indonesia_e_conomy_sea_2025_report.pdf,"PDF page 3, country GMV chart",Bain analysis,"Country digital-economy estimate; not national accounts, tax base, or issuer disclosure"
2025,Indonesia,IDN,2025,ecommerce_gmv,71.0,current USD billion,external_market_estimate,rounded chart value,sources/asean_economy_reports/economy_sea_2025_indonesia.pdf,https://services.google.com/fh/files/misc/indonesia_e_conomy_sea_2025_report.pdf,"PDF page 3, country GMV chart",Bain analysis,"Country digital-economy estimate; not national accounts, tax base, or issuer disclosure"
2025,Indonesia,IDN,2025,online_media_gmv,9.0,current USD billion,external_market_estimate,rounded chart value,sources/asean_economy_reports/economy_sea_2025_indonesia.pdf,https://services.google.com/fh/files/misc/indonesia_e_conomy_sea_2025_report.pdf,"PDF page 3, country GMV chart",Bain analysis,"Country digital-economy estimate; not national accounts, tax base, or issuer disclosure"
2025,Indonesia,IDN,2025,online_travel_gmv,9.0,current USD billion,external_market_estimate,rounded chart value,sources/asean_economy_reports/economy_sea_2025_indonesia.pdf,https://services.google.com/fh/files/misc/indonesia_e_conomy_sea_2025_report.pdf,"PDF page 3, country GMV chart",Bain analysis,"Country digital-economy estimate; not national accounts, tax base, or issuer disclosure"
2025,Indonesia,IDN,2025,overall_digital_economy_gmv,99.0,current USD billion,external_market_estimate,rounded chart value,sources/asean_economy_reports/economy_sea_2025_indonesia.pdf,https://services.google.com/fh/files/misc/indonesia_e_conomy_sea_2025_report.pdf,"PDF page 3, country GMV chart",Bain analysis,"Country digital-economy estimate; not national accounts, tax base, or issuer disclosure"
2025,Indonesia,IDN,2025,transport_and_food_gmv,10.0,current USD billion,external_market_estimate,rounded chart value,sources/asean_economy_reports/economy_sea_2025_indonesia.pdf,https://services.google.com/fh/files/misc/indonesia_e_conomy_sea_2025_report.pdf,"PDF page 3, country GMV chart",Bain analysis,"Country digital-economy estimate; not national accounts, tax base, or issuer disclosure"
2021,Malaysia,MYS,2019,ecommerce_gmv,3.0,current USD billion,external_market_estimate,rounded chart value,sources/asean_economy_reports/economy_sea_2021_regional.pdf,https://services.google.com/fh/files/misc/e_conomy_sea_2021_report.pdf,"PDF page 103, country GMV chart",Bain analysis,"Country digital-economy estimate; not national accounts, tax base, or issuer disclosure"
2022,Malaysia,MYS,2019,ecommerce_gmv,3.0,current USD billion,external_market_estimate,rounded chart value,sources/asean_economy_reports/economy_sea_2022_regional.pdf,https://services.google.com/fh/files/misc/e_conomy_sea_2022_report.pdf,"PDF page 98, country GMV chart",Bain analysis,"Country digital-economy estimate; not national accounts, tax base, or issuer disclosure"
2021,Malaysia,MYS,2019,online_media_gmv,1.8,current USD billion,external_market_estimate,rounded chart value,sources/asean_economy_reports/economy_sea_2021_regional.pdf,https://services.google.com/fh/files/misc/e_conomy_sea_2021_report.pdf,"PDF page 103, country GMV chart",Bain analysis,"Country digital-economy estimate; not national accounts, tax base, or issuer disclosure"
2022,Malaysia,MYS,2019,online_media_gmv,2.0,current USD billion,external_market_estimate,rounded chart value,sources/asean_economy_reports/economy_sea_2022_regional.pdf,https://services.google.com/fh/files/misc/e_conomy_sea_2022_report.pdf,"PDF page 98, country GMV chart",Bain analysis,"Country digital-economy estimate; not national accounts, tax base, or issuer disclosure"
2021,Malaysia,MYS,2019,online_travel_gmv,4.7,current USD billion,external_market_estimate,rounded chart value,sources/asean_economy_reports/economy_sea_2021_regional.pdf,https://services.google.com/fh/files/misc/e_conomy_sea_2021_report.pdf,"PDF page 103, country GMV chart",Bain analysis,"Country digital-economy estimate; not national accounts, tax base, or issuer disclosure"
2022,Malaysia,MYS,2019,online_travel_gmv,5.0,current USD billion,external_market_estimate,rounded chart value,sources/asean_economy_reports/economy_sea_2022_regional.pdf,https://services.google.com/fh/files/misc/e_conomy_sea_2022_report.pdf,"PDF page 98, country GMV chart",Bain analysis,"Country digital-economy estimate; not national accounts, tax base, or issuer disclosure"
2021,Malaysia,MYS,2019,overall_digital_economy_gmv,11.0,current USD billion,external_market_estimate,rounded chart value,sources/asean_economy_reports/economy_sea_2021_regional.pdf,https://services.google.com/fh/files/misc/e_conomy_sea_2021_report.pdf,"PDF page 103, country GMV chart",Bain analysis,"Country digital-economy estimate; not national accounts, tax base, or issuer disclosure"
2022,Malaysia,MYS,2019,overall_digital_economy_gmv,12.0,current USD billion,external_market_estimate,rounded chart value,sources/asean_economy_reports/economy_sea_2022_regional.pdf,https://services.google.com/fh/files/misc/e_conomy_sea_2022_report.pdf,"PDF page 98, country GMV chart",Bain analysis,"Country digital-economy estimate; not national accounts, tax base, or issuer disclosure"
2021,Malaysia,MYS,2019,transport_and_food_gmv,0.9,current USD billion,external_market_estimate,rounded chart value,sources/asean_economy_reports/economy_sea_2021_regional.pdf,https://services.google.com/fh/files/misc/e_conomy_sea_2021_report.pdf,"PDF page 103, country GMV chart",Bain analysis,"Country digital-economy estimate; not national accounts, tax base, or issuer disclosure"
2022,Malaysia,MYS,2019,transport_and_food_gmv,1.0,current USD billion,external_market_estimate,rounded chart value,sources/asean_economy_reports/economy_sea_2022_regional.pdf,https://services.google.com/fh/files/misc/e_conomy_sea_2022_report.pdf,"PDF page 98, country GMV chart",Bain analysis,"Country digital-economy estimate; not national accounts, tax base, or issuer disclosure"
2021,Malaysia,MYS,2020,ecommerce_gmv,8.0,current USD billion,external_market_estimate,rounded chart value,sources/asean_economy_reports/economy_sea_2021_regional.pdf,https://services.google.com/fh/files/misc/e_conomy_sea_2021_report.pdf,"PDF page 103, country GMV chart",Bain analysis,"Country digital-economy estimate; not national accounts, tax base, or issuer disclosure"
2021,Malaysia,MYS,2020,online_media_gmv,2.1,current USD billion,external_market_estimate,rounded chart value,sources/asean_economy_reports/economy_sea_2021_regional.pdf,https://services.google.com/fh/files/misc/e_conomy_sea_2021_report.pdf,"PDF page 103, country GMV chart",Bain analysis,"Country digital-economy estimate; not national accounts, tax base, or issuer disclosure"
2021,Malaysia,MYS,2020,online_travel_gmv,2.2,current USD billion,external_market_estimate,rounded chart value,sources/asean_economy_reports/economy_sea_2021_regional.pdf,https://services.google.com/fh/files/misc/e_conomy_sea_2021_report.pdf,"PDF page 103, country GMV chart",Bain analysis,"Country digital-economy estimate; not national accounts, tax base, or issuer disclosure"
2021,Malaysia,MYS,2020,overall_digital_economy_gmv,14.0,current USD billion,external_market_estimate,rounded chart value,sources/asean_economy_reports/economy_sea_2021_regional.pdf,https://services.google.com/fh/files/misc/e_conomy_sea_2021_report.pdf,"PDF page 103, country GMV chart",Bain analysis,"Country digital-economy estimate; not national accounts, tax base, or issuer disclosure"
2021,Malaysia,MYS,2020,transport_and_food_gmv,1.4,current USD billion,external_market_estimate,rounded chart value,sources/asean_economy_reports/economy_sea_2021_regional.pdf,https://services.google.com/fh/files/misc/e_conomy_sea_2021_report.pdf,"PDF page 103, country GMV chart",Bain analysis,"Country digital-economy estimate; not national accounts, tax base, or issuer disclosure"
2021,Malaysia,MYS,2021,ecommerce_gmv,14.0,current USD billion,external_market_estimate,rounded chart value,sources/asean_economy_reports/economy_sea_2021_regional.pdf,https://services.google.com/fh/files/misc/e_conomy_sea_2021_report.pdf,"PDF page 103, country GMV chart",Bain analysis,"Country digital-economy estimate; not national accounts, tax base, or issuer disclosure"
2022,Malaysia,MYS,2021,ecommerce_gmv,13.0,current USD billion,external_market_estimate,rounded chart value,sources/asean_economy_reports/economy_sea_2022_regional.pdf,https://services.google.com/fh/files/misc/e_conomy_sea_2022_report.pdf,"PDF page 98, country GMV chart",Bain analysis,"Country digital-economy estimate; not national accounts, tax base, or issuer disclosure"
2023,Malaysia,MYS,2021,ecommerce_gmv,13.0,current USD billion,external_market_estimate,rounded chart value,sources/asean_economy_reports/economy_sea_2023_malaysia.pdf,https://services.google.com/fh/files/misc/malaysia_e_conomy_sea_2023_report.pdf,"PDF page 3, country GMV chart",Bain analysis,"Country digital-economy estimate; not national accounts, tax base, or issuer disclosure"
2021,Malaysia,MYS,2021,online_media_gmv,2.4,current USD billion,external_market_estimate,rounded chart value,sources/asean_economy_reports/economy_sea_2021_regional.pdf,https://services.google.com/fh/files/misc/e_conomy_sea_2021_report.pdf,"PDF page 103, country GMV chart",Bain analysis,"Country digital-economy estimate; not national accounts, tax base, or issuer disclosure"
2022,Malaysia,MYS,2021,online_media_gmv,2.6,current USD billion,external_market_estimate,rounded chart value,sources/asean_economy_reports/economy_sea_2022_regional.pdf,https://services.google.com/fh/files/misc/e_conomy_sea_2022_report.pdf,"PDF page 98, country GMV chart",Bain analysis,"Country digital-economy estimate; not national accounts, tax base, or issuer disclosure"
2023,Malaysia,MYS,2021,online_media_gmv,3.0,current USD billion,external_market_estimate,rounded chart value,sources/asean_economy_reports/economy_sea_2023_malaysia.pdf,https://services.google.com/fh/files/misc/malaysia_e_conomy_sea_2023_report.pdf,"PDF page 3, country GMV chart",Bain analysis,"Country digital-economy estimate; not national accounts, tax base, or issuer disclosure"
2021,Malaysia,MYS,2021,online_travel_gmv,2.2,current USD billion,external_market_estimate,rounded chart value,sources/asean_economy_reports/economy_sea_2021_regional.pdf,https://services.google.com/fh/files/misc/e_conomy_sea_2021_report.pdf,"PDF page 103, country GMV chart",Bain analysis,"Country digital-economy estimate; not national accounts, tax base, or issuer disclosure"
2022,Malaysia,MYS,2021,online_travel_gmv,1.0,current USD billion,external_market_estimate,rounded chart value,sources/asean_economy_reports/economy_sea_2022_regional.pdf,https://services.google.com/fh/files/misc/e_conomy_sea_2022_report.pdf,"PDF page 98, country GMV chart",Bain analysis,"Country digital-economy estimate; not national accounts, tax base, or issuer disclosure"
2023,Malaysia,MYS,2021,online_travel_gmv,1.0,current USD billion,external_market_estimate,rounded chart value,sources/asean_economy_reports/economy_sea_2023_malaysia.pdf,https://services.google.com/fh/files/misc/malaysia_e_conomy_sea_2023_report.pdf,"PDF page 3, country GMV chart",Bain analysis,"Country digital-economy estimate; not national accounts, tax base, or issuer disclosure"
2021,Malaysia,MYS,2021,overall_digital_economy_gmv,21.0,current USD billion,external_market_estimate,rounded chart value,sources/asean_economy_reports/economy_sea_2021_regional.pdf,https://services.google.com/fh/files/misc/e_conomy_sea_2021_report.pdf,"PDF page 103, country GMV chart",Bain analysis,"Country digital-economy estimate; not national accounts, tax base, or issuer disclosure"
2022,Malaysia,MYS,2021,overall_digital_economy_gmv,18.0,current USD billion,external_market_estimate,rounded chart value,sources/asean_economy_reports/economy_sea_2022_regional.pdf,https://services.google.com/fh/files/misc/e_conomy_sea_2022_report.pdf,"PDF page 98, country GMV chart",Bain analysis,"Country digital-economy estimate; not national accounts, tax base, or issuer disclosure"
2023,Malaysia,MYS,2021,overall_digital_economy_gmv,19.0,current USD billion,external_market_estimate,rounded chart value,sources/asean_economy_reports/economy_sea_2023_malaysia.pdf,https://services.google.com/fh/files/misc/malaysia_e_conomy_sea_2023_report.pdf,"PDF page 3, country GMV chart",Bain analysis,"Country digital-economy estimate; not national accounts, tax base, or issuer disclosure"
2021,Malaysia,MYS,2021,transport_and_food_gmv,1.8,current USD billion,external_market_estimate,rounded chart value,sources/asean_economy_reports/economy_sea_2021_regional.pdf,https://services.google.com/fh/files/misc/e_conomy_sea_2021_report.pdf,"PDF page 103, country GMV chart",Bain analysis,"Country digital-economy estimate; not national accounts, tax base, or issuer disclosure"
2022,Malaysia,MYS,2021,transport_and_food_gmv,2.0,current USD billion,external_market_estimate,rounded chart value,sources/asean_economy_reports/economy_sea_2022_regional.pdf,https://services.google.com/fh/files/misc/e_conomy_sea_2022_report.pdf,"PDF page 98, country GMV chart",Bain analysis,"Country digital-economy estimate; not national accounts, tax base, or issuer disclosure"
2023,Malaysia,MYS,2021,transport_and_food_gmv,2.0,current USD billion,external_market_estimate,rounded chart value,sources/asean_economy_reports/economy_sea_2023_malaysia.pdf,https://services.google.com/fh/files/misc/malaysia_e_conomy_sea_2023_report.pdf,"PDF page 3, country GMV chart",Bain analysis,"Country digital-economy estimate; not national accounts, tax base, or issuer disclosure"
2022,Malaysia,MYS,2022,ecommerce_gmv,14.0,current USD billion,external_market_estimate,rounded chart value,sources/asean_economy_reports/economy_sea_2022_regional.pdf,https://services.google.com/fh/files/misc/e_conomy_sea_2022_report.pdf,"PDF page 98, country GMV chart",Bain analysis,"Country digital-economy estimate; not national accounts, tax base, or issuer disclosure"
2023,Malaysia,MYS,2022,ecommerce_gmv,13.0,current USD billion,external_market_estimate,rounded chart value,sources/asean_economy_reports/economy_sea_2023_malaysia.pdf,https://services.google.com/fh/files/misc/malaysia_e_conomy_sea_2023_report.pdf,"PDF page 3, country GMV chart",Bain analysis,"Country digital-economy estimate; not national accounts, tax base, or issuer disclosure"
2024,Malaysia,MYS,2022,ecommerce_gmv,13.0,current USD billion,external_market_estimate,rounded chart value,sources/asean_economy_reports/economy_sea_2024_malaysia.pdf,https://services.google.com/fh/files/misc/malaysia_e_conomy_sea_2024_report.pdf,"PDF page 4, country GMV chart",Bain analysis,"Country digital-economy estimate; not national accounts, tax base, or issuer disclosure"
2022,Malaysia,MYS,2022,online_media_gmv,2.8,current USD billion,external_market_estimate,rounded chart value,sources/asean_economy_reports/economy_sea_2022_regional.pdf,https://services.google.com/fh/files/misc/e_conomy_sea_2022_report.pdf,"PDF page 98, country GMV chart",Bain analysis,"Country digital-economy estimate; not national accounts, tax base, or issuer disclosure"
2023,Malaysia,MYS,2022,online_media_gmv,3.0,current USD billion,external_market_estimate,rounded chart value,sources/asean_economy_reports/economy_sea_2023_malaysia.pdf,https://services.google.com/fh/files/misc/malaysia_e_conomy_sea_2023_report.pdf,"PDF page 3, country GMV chart",Bain analysis,"Country digital-economy estimate; not national accounts, tax base, or issuer disclosure"
2024,Malaysia,MYS,2022,online_media_gmv,3.0,current USD billion,external_market_estimate,rounded chart value,sources/asean_economy_reports/economy_sea_2024_malaysia.pdf,https://services.google.com/fh/files/misc/malaysia_e_conomy_sea_2024_report.pdf,"PDF page 4, country GMV chart",Bain analysis,"Country digital-economy estimate; not national accounts, tax base, or issuer disclosure"
2022,Malaysia,MYS,2022,online_travel_gmv,2.0,current USD billion,external_market_estimate,rounded chart value,sources/asean_economy_reports/economy_sea_2022_regional.pdf,https://services.google.com/fh/files/misc/e_conomy_sea_2022_report.pdf,"PDF page 98, country GMV chart",Bain analysis,"Country digital-economy estimate; not national accounts, tax base, or issuer disclosure"
2023,Malaysia,MYS,2022,online_travel_gmv,3.0,current USD billion,external_market_estimate,rounded chart value,sources/asean_economy_reports/economy_sea_2023_malaysia.pdf,https://services.google.com/fh/files/misc/malaysia_e_conomy_sea_2023_report.pdf,"PDF page 3, country GMV chart",Bain analysis,"Country digital-economy estimate; not national accounts, tax base, or issuer disclosure"
2024,Malaysia,MYS,2022,online_travel_gmv,3.0,current USD billion,external_market_estimate,rounded chart value,sources/asean_economy_reports/economy_sea_2024_malaysia.pdf,https://services.google.com/fh/files/misc/malaysia_e_conomy_sea_2024_report.pdf,"PDF page 4, country GMV chart",Bain analysis,"Country digital-economy estimate; not national accounts, tax base, or issuer disclosure"
2022,Malaysia,MYS,2022,overall_digital_economy_gmv,21.0,current USD billion,external_market_estimate,rounded chart value,sources/asean_economy_reports/economy_sea_2022_regional.pdf,https://services.google.com/fh/files/misc/e_conomy_sea_2022_report.pdf,"PDF page 98, country GMV chart",Bain analysis,"Country digital-economy estimate; not national accounts, tax base, or issuer disclosure"
2023,Malaysia,MYS,2022,overall_digital_economy_gmv,22.0,current USD billion,external_market_estimate,rounded chart value,sources/asean_economy_reports/economy_sea_2023_malaysia.pdf,https://services.google.com/fh/files/misc/malaysia_e_conomy_sea_2023_report.pdf,"PDF page 3, country GMV chart",Bain analysis,"Country digital-economy estimate; not national accounts, tax base, or issuer disclosure"
2024,Malaysia,MYS,2022,overall_digital_economy_gmv,22.0,current USD billion,external_market_estimate,rounded chart value,sources/asean_economy_reports/economy_sea_2024_malaysia.pdf,https://services.google.com/fh/files/misc/malaysia_e_conomy_sea_2024_report.pdf,"PDF page 4, country GMV chart",Bain analysis,"Country digital-economy estimate; not national accounts, tax base, or issuer disclosure"
2022,Malaysia,MYS,2022,transport_and_food_gmv,2.5,current USD billion,external_market_estimate,rounded chart value,sources/asean_economy_reports/economy_sea_2022_regional.pdf,https://services.google.com/fh/files/misc/e_conomy_sea_2022_report.pdf,"PDF page 98, country GMV chart",Bain analysis,"Country digital-economy estimate; not national accounts, tax base, or issuer disclosure"
2023,Malaysia,MYS,2022,transport_and_food_gmv,3.0,current USD billion,external_market_estimate,rounded chart value,sources/asean_economy_reports/economy_sea_2023_malaysia.pdf,https://services.google.com/fh/files/misc/malaysia_e_conomy_sea_2023_report.pdf,"PDF page 3, country GMV chart",Bain analysis,"Country digital-economy estimate; not national accounts, tax base, or issuer disclosure"
2024,Malaysia,MYS,2022,transport_and_food_gmv,3.0,current USD billion,external_market_estimate,rounded chart value,sources/asean_economy_reports/economy_sea_2024_malaysia.pdf,https://services.google.com/fh/files/misc/malaysia_e_conomy_sea_2024_report.pdf,"PDF page 4, country GMV chart",Bain analysis,"Country digital-economy estimate; not national accounts, tax base, or issuer disclosure"
2023,Malaysia,MYS,2023,ecommerce_gmv,13.0,current USD billion,external_market_estimate,rounded chart value,sources/asean_economy_reports/economy_sea_2023_malaysia.pdf,https://services.google.com/fh/files/misc/malaysia_e_conomy_sea_2023_report.pdf,"PDF page 3, country GMV chart",Bain analysis,"Country digital-economy estimate; not national accounts, tax base, or issuer disclosure"
2024,Malaysia,MYS,2023,ecommerce_gmv,13.0,current USD billion,external_market_estimate,rounded chart value,sources/asean_economy_reports/economy_sea_2024_malaysia.pdf,https://services.google.com/fh/files/misc/malaysia_e_conomy_sea_2024_report.pdf,"PDF page 4, country GMV chart",Bain analysis,"Country digital-economy estimate; not national accounts, tax base, or issuer disclosure"
2025,Malaysia,MYS,2023,ecommerce_gmv,13.0,current USD billion,external_market_estimate,rounded chart value,sources/asean_economy_reports/economy_sea_2025_malaysia.pdf,https://services.google.com/fh/files/misc/malaysia_e_conomy_sea_2025_report.pdf,"PDF page 3, country GMV chart",Bain analysis,"Country digital-economy estimate; not national accounts, tax base, or issuer disclosure"
2023,Malaysia,MYS,2023,online_media_gmv,3.0,current USD billion,external_market_estimate,rounded chart value,sources/asean_economy_reports/economy_sea_2023_malaysia.pdf,https://services.google.com/fh/files/misc/malaysia_e_conomy_sea_2023_report.pdf,"PDF page 3, country GMV chart",Bain analysis,"Country digital-economy estimate; not national accounts, tax base, or issuer disclosure"
2024,Malaysia,MYS,2023,online_media_gmv,3.0,current USD billion,external_market_estimate,rounded chart value,sources/asean_economy_reports/economy_sea_2024_malaysia.pdf,https://services.google.com/fh/files/misc/malaysia_e_conomy_sea_2024_report.pdf,"PDF page 4, country GMV chart",Bain analysis,"Country digital-economy estimate; not national accounts, tax base, or issuer disclosure"
2025,Malaysia,MYS,2023,online_media_gmv,3.0,current USD billion,external_market_estimate,rounded chart value,sources/asean_economy_reports/economy_sea_2025_malaysia.pdf,https://services.google.com/fh/files/misc/malaysia_e_conomy_sea_2025_report.pdf,"PDF page 3, country GMV chart",Bain analysis,"Country digital-economy estimate; not national accounts, tax base, or issuer disclosure"
2023,Malaysia,MYS,2023,online_travel_gmv,4.0,current USD billion,external_market_estimate,rounded chart value,sources/asean_economy_reports/economy_sea_2023_malaysia.pdf,https://services.google.com/fh/files/misc/malaysia_e_conomy_sea_2023_report.pdf,"PDF page 3, country GMV chart",Bain analysis,"Country digital-economy estimate; not national accounts, tax base, or issuer disclosure"
2024,Malaysia,MYS,2023,online_travel_gmv,6.0,current USD billion,external_market_estimate,rounded chart value,sources/asean_economy_reports/economy_sea_2024_malaysia.pdf,https://services.google.com/fh/files/misc/malaysia_e_conomy_sea_2024_report.pdf,"PDF page 4, country GMV chart",Bain analysis,"Country digital-economy estimate; not national accounts, tax base, or issuer disclosure"
2025,Malaysia,MYS,2023,online_travel_gmv,6.0,current USD billion,external_market_estimate,rounded chart value,sources/asean_economy_reports/economy_sea_2025_malaysia.pdf,https://services.google.com/fh/files/misc/malaysia_e_conomy_sea_2025_report.pdf,"PDF page 3, country GMV chart",Bain analysis,"Country digital-economy estimate; not national accounts, tax base, or issuer disclosure"
2023,Malaysia,MYS,2023,overall_digital_economy_gmv,23.0,current USD billion,external_market_estimate,rounded chart value,sources/asean_economy_reports/economy_sea_2023_malaysia.pdf,https://services.google.com/fh/files/misc/malaysia_e_conomy_sea_2023_report.pdf,"PDF page 3, country GMV chart",Bain analysis,"Country digital-economy estimate; not national accounts, tax base, or issuer disclosure"
2024,Malaysia,MYS,2023,overall_digital_economy_gmv,26.0,current USD billion,external_market_estimate,rounded chart value,sources/asean_economy_reports/economy_sea_2024_malaysia.pdf,https://services.google.com/fh/files/misc/malaysia_e_conomy_sea_2024_report.pdf,"PDF page 4, country GMV chart",Bain analysis,"Country digital-economy estimate; not national accounts, tax base, or issuer disclosure"
2025,Malaysia,MYS,2023,overall_digital_economy_gmv,26.0,current USD billion,external_market_estimate,rounded chart value,sources/asean_economy_reports/economy_sea_2025_malaysia.pdf,https://services.google.com/fh/files/misc/malaysia_e_conomy_sea_2025_report.pdf,"PDF page 3, country GMV chart",Bain analysis,"Country digital-economy estimate; not national accounts, tax base, or issuer disclosure"
2023,Malaysia,MYS,2023,transport_and_food_gmv,3.0,current USD billion,external_market_estimate,rounded chart value,sources/asean_economy_reports/economy_sea_2023_malaysia.pdf,https://services.google.com/fh/files/misc/malaysia_e_conomy_sea_2023_report.pdf,"PDF page 3, country GMV chart",Bain analysis,"Country digital-economy estimate; not national accounts, tax base, or issuer disclosure"
2024,Malaysia,MYS,2023,transport_and_food_gmv,3.0,current USD billion,external_market_estimate,rounded chart value,sources/asean_economy_reports/economy_sea_2024_malaysia.pdf,https://services.google.com/fh/files/misc/malaysia_e_conomy_sea_2024_report.pdf,"PDF page 4, country GMV chart",Bain analysis,"Country digital-economy estimate; not national accounts, tax base, or issuer disclosure"
2025,Malaysia,MYS,2023,transport_and_food_gmv,3.0,current USD billion,external_market_estimate,rounded chart value,sources/asean_economy_reports/economy_sea_2025_malaysia.pdf,https://services.google.com/fh/files/misc/malaysia_e_conomy_sea_2025_report.pdf,"PDF page 3, country GMV chart",Bain analysis,"Country digital-economy estimate; not national accounts, tax base, or issuer disclosure"
2024,Malaysia,MYS,2024,ecommerce_gmv,16.0,current USD billion,external_market_estimate,rounded chart value,sources/asean_economy_reports/economy_sea_2024_malaysia.pdf,https://services.google.com/fh/files/misc/malaysia_e_conomy_sea_2024_report.pdf,"PDF page 4, country GMV chart",Bain analysis,"Country digital-economy estimate; not national accounts, tax base, or issuer disclosure"
2025,Malaysia,MYS,2024,ecommerce_gmv,17.0,current USD billion,external_market_estimate,rounded chart value,sources/asean_economy_reports/economy_sea_2025_malaysia.pdf,https://services.google.com/fh/files/misc/malaysia_e_conomy_sea_2025_report.pdf,"PDF page 3, country GMV chart",Bain analysis,"Country digital-economy estimate; not national accounts, tax base, or issuer disclosure"
2024,Malaysia,MYS,2024,online_media_gmv,4.0,current USD billion,external_market_estimate,rounded chart value,sources/asean_economy_reports/economy_sea_2024_malaysia.pdf,https://services.google.com/fh/files/misc/malaysia_e_conomy_sea_2024_report.pdf,"PDF page 4, country GMV chart",Bain analysis,"Country digital-economy estimate; not national accounts, tax base, or issuer disclosure"
2025,Malaysia,MYS,2024,online_media_gmv,3.0,current USD billion,external_market_estimate,rounded chart value,sources/asean_economy_reports/economy_sea_2025_malaysia.pdf,https://services.google.com/fh/files/misc/malaysia_e_conomy_sea_2025_report.pdf,"PDF page 3, country GMV chart",Bain analysis,"Country digital-economy estimate; not national accounts, tax base, or issuer disclosure"
2024,Malaysia,MYS,2024,online_travel_gmv,8.0,current USD billion,external_market_estimate,rounded chart value,sources/asean_economy_reports/economy_sea_2024_malaysia.pdf,https://services.google.com/fh/files/misc/malaysia_e_conomy_sea_2024_report.pdf,"PDF page 4, country GMV chart",Bain analysis,"Country digital-economy estimate; not national accounts, tax base, or issuer disclosure"
2025,Malaysia,MYS,2024,online_travel_gmv,9.0,current USD billion,external_market_estimate,rounded chart value,sources/asean_economy_reports/economy_sea_2025_malaysia.pdf,https://services.google.com/fh/files/misc/malaysia_e_conomy_sea_2025_report.pdf,"PDF page 3, country GMV chart",Bain analysis,"Country digital-economy estimate; not national accounts, tax base, or issuer disclosure"
2024,Malaysia,MYS,2024,overall_digital_economy_gmv,31.0,current USD billion,external_market_estimate,rounded chart value,sources/asean_economy_reports/economy_sea_2024_malaysia.pdf,https://services.google.com/fh/files/misc/malaysia_e_conomy_sea_2024_report.pdf,"PDF page 4, country GMV chart",Bain analysis,"Country digital-economy estimate; not national accounts, tax base, or issuer disclosure"
2025,Malaysia,MYS,2024,overall_digital_economy_gmv,33.0,current USD billion,external_market_estimate,rounded chart value,sources/asean_economy_reports/economy_sea_2025_malaysia.pdf,https://services.google.com/fh/files/misc/malaysia_e_conomy_sea_2025_report.pdf,"PDF page 3, country GMV chart",Bain analysis,"Country digital-economy estimate; not national accounts, tax base, or issuer disclosure"
2024,Malaysia,MYS,2024,transport_and_food_gmv,4.0,current USD billion,external_market_estimate,rounded chart value,sources/asean_economy_reports/economy_sea_2024_malaysia.pdf,https://services.google.com/fh/files/misc/malaysia_e_conomy_sea_2024_report.pdf,"PDF page 4, country GMV chart",Bain analysis,"Country digital-economy estimate; not national accounts, tax base, or issuer disclosure"
2025,Malaysia,MYS,2024,transport_and_food_gmv,4.0,current USD billion,external_market_estimate,rounded chart value,sources/asean_economy_reports/economy_sea_2025_malaysia.pdf,https://services.google.com/fh/files/misc/malaysia_e_conomy_sea_2025_report.pdf,"PDF page 3, country GMV chart",Bain analysis,"Country digital-economy estimate; not national accounts, tax base, or issuer disclosure"
2025,Malaysia,MYS,2025,ecommerce_gmv,20.0,current USD billion,external_market_estimate,rounded chart value,sources/asean_economy_reports/economy_sea_2025_malaysia.pdf,https://services.google.com/fh/files/misc/malaysia_e_conomy_sea_2025_report.pdf,"PDF page 3, country GMV chart",Bain analysis,"Country digital-economy estimate; not national accounts, tax base, or issuer disclosure"
2025,Malaysia,MYS,2025,online_media_gmv,4.0,current USD billion,external_market_estimate,rounded chart value,sources/asean_economy_reports/economy_sea_2025_malaysia.pdf,https://services.google.com/fh/files/misc/malaysia_e_conomy_sea_2025_report.pdf,"PDF page 3, country GMV chart",Bain analysis,"Country digital-economy estimate; not national accounts, tax base, or issuer disclosure"
2025,Malaysia,MYS,2025,online_travel_gmv,10.0,current USD billion,external_market_estimate,rounded chart value,sources/asean_economy_reports/economy_sea_2025_malaysia.pdf,https://services.google.com/fh/files/misc/malaysia_e_conomy_sea_2025_report.pdf,"PDF page 3, country GMV chart",Bain analysis,"Country digital-economy estimate; not national accounts, tax base, or issuer disclosure"
2025,Malaysia,MYS,2025,overall_digital_economy_gmv,39.0,current USD billion,external_market_estimate,rounded chart value,sources/asean_economy_reports/economy_sea_2025_malaysia.pdf,https://services.google.com/fh/files/misc/malaysia_e_conomy_sea_2025_report.pdf,"PDF page 3, country GMV chart",Bain analysis,"Country digital-economy estimate; not national accounts, tax base, or issuer disclosure"
2025,Malaysia,MYS,2025,transport_and_food_gmv,4.0,current USD billion,external_market_estimate,rounded chart value,sources/asean_economy_reports/economy_sea_2025_malaysia.pdf,https://services.google.com/fh/files/misc/malaysia_e_conomy_sea_2025_report.pdf,"PDF page 3, country GMV chart",Bain analysis,"Country digital-economy estimate; not national accounts, tax base, or issuer disclosure"
2021,Philippines,PHL,2019,ecommerce_gmv,3.0,current USD billion,external_market_estimate,rounded chart value,sources/asean_economy_reports/economy_sea_2021_regional.pdf,https://services.google.com/fh/files/misc/e_conomy_sea_2021_report.pdf,"PDF page 109, country GMV chart",Bain analysis,"Country digital-economy estimate; not national accounts, tax base, or issuer disclosure"
2022,Philippines,PHL,2019,ecommerce_gmv,3.0,current USD billion,external_market_estimate,rounded chart value,sources/asean_economy_reports/economy_sea_2022_regional.pdf,https://services.google.com/fh/files/misc/e_conomy_sea_2022_report.pdf,"PDF page 104, country GMV chart",Bain analysis,"Country digital-economy estimate; not national accounts, tax base, or issuer disclosure"
2021,Philippines,PHL,2019,online_media_gmv,1.7,current USD billion,external_market_estimate,rounded chart value,sources/asean_economy_reports/economy_sea_2021_regional.pdf,https://services.google.com/fh/files/misc/e_conomy_sea_2021_report.pdf,"PDF page 109, country GMV chart",Bain analysis,"Country digital-economy estimate; not national accounts, tax base, or issuer disclosure"
2022,Philippines,PHL,2019,online_media_gmv,2.0,current USD billion,external_market_estimate,rounded chart value,sources/asean_economy_reports/economy_sea_2022_regional.pdf,https://services.google.com/fh/files/misc/e_conomy_sea_2022_report.pdf,"PDF page 104, country GMV chart",Bain analysis,"Country digital-economy estimate; not national accounts, tax base, or issuer disclosure"
2021,Philippines,PHL,2019,online_travel_gmv,2.0,current USD billion,external_market_estimate,rounded chart value,sources/asean_economy_reports/economy_sea_2021_regional.pdf,https://services.google.com/fh/files/misc/e_conomy_sea_2021_report.pdf,"PDF page 109, country GMV chart",Bain analysis,"Country digital-economy estimate; not national accounts, tax base, or issuer disclosure"
2022,Philippines,PHL,2019,online_travel_gmv,2.0,current USD billion,external_market_estimate,rounded chart value,sources/asean_economy_reports/economy_sea_2022_regional.pdf,https://services.google.com/fh/files/misc/e_conomy_sea_2022_report.pdf,"PDF page 104, country GMV chart",Bain analysis,"Country digital-economy estimate; not national accounts, tax base, or issuer disclosure"
2021,Philippines,PHL,2019,overall_digital_economy_gmv,7.0,current USD billion,external_market_estimate,rounded chart value,sources/asean_economy_reports/economy_sea_2021_regional.pdf,https://services.google.com/fh/files/misc/e_conomy_sea_2021_report.pdf,"PDF page 109, country GMV chart",Bain analysis,"Country digital-economy estimate; not national accounts, tax base, or issuer disclosure"
2022,Philippines,PHL,2019,overall_digital_economy_gmv,8.0,current USD billion,external_market_estimate,rounded chart value,sources/asean_economy_reports/economy_sea_2022_regional.pdf,https://services.google.com/fh/files/misc/e_conomy_sea_2022_report.pdf,"PDF page 104, country GMV chart",Bain analysis,"Country digital-economy estimate; not national accounts, tax base, or issuer disclosure"
2021,Philippines,PHL,2019,transport_and_food_gmv,0.8,current USD billion,external_market_estimate,rounded chart value,sources/asean_economy_reports/economy_sea_2021_regional.pdf,https://services.google.com/fh/files/misc/e_conomy_sea_2021_report.pdf,"PDF page 109, country GMV chart",Bain analysis,"Country digital-economy estimate; not national accounts, tax base, or issuer disclosure"
2022,Philippines,PHL,2019,transport_and_food_gmv,1.0,current USD billion,external_market_estimate,rounded chart value,sources/asean_economy_reports/economy_sea_2022_regional.pdf,https://services.google.com/fh/files/misc/e_conomy_sea_2022_report.pdf,"PDF page 104, country GMV chart",Bain analysis,"Country digital-economy estimate; not national accounts, tax base, or issuer disclosure"
2021,Philippines,PHL,2020,ecommerce_gmv,5.0,current USD billion,external_market_estimate,rounded chart value,sources/asean_economy_reports/economy_sea_2021_regional.pdf,https://services.google.com/fh/files/misc/e_conomy_sea_2021_report.pdf,"PDF page 109, country GMV chart",Bain analysis,"Country digital-economy estimate; not national accounts, tax base, or issuer disclosure"
2021,Philippines,PHL,2020,online_media_gmv,2.1,current USD billion,external_market_estimate,rounded chart value,sources/asean_economy_reports/economy_sea_2021_regional.pdf,https://services.google.com/fh/files/misc/e_conomy_sea_2021_report.pdf,"PDF page 109, country GMV chart",Bain analysis,"Country digital-economy estimate; not national accounts, tax base, or issuer disclosure"
2021,Philippines,PHL,2020,online_travel_gmv,0.5,current USD billion,external_market_estimate,rounded chart value,sources/asean_economy_reports/economy_sea_2021_regional.pdf,https://services.google.com/fh/files/misc/e_conomy_sea_2021_report.pdf,"PDF page 109, country GMV chart",Bain analysis,"Country digital-economy estimate; not national accounts, tax base, or issuer disclosure"
2021,Philippines,PHL,2020,overall_digital_economy_gmv,9.0,current USD billion,external_market_estimate,rounded chart value,sources/asean_economy_reports/economy_sea_2021_regional.pdf,https://services.google.com/fh/files/misc/e_conomy_sea_2021_report.pdf,"PDF page 109, country GMV chart",Bain analysis,"Country digital-economy estimate; not national accounts, tax base, or issuer disclosure"
2021,Philippines,PHL,2020,transport_and_food_gmv,1.0,current USD billion,external_market_estimate,rounded chart value,sources/asean_economy_reports/economy_sea_2021_regional.pdf,https://services.google.com/fh/files/misc/e_conomy_sea_2021_report.pdf,"PDF page 109, country GMV chart",Bain analysis,"Country digital-economy estimate; not national accounts, tax base, or issuer disclosure"
2021,Philippines,PHL,2021,ecommerce_gmv,12.0,current USD billion,external_market_estimate,rounded chart value,sources/asean_economy_reports/economy_sea_2021_regional.pdf,https://services.google.com/fh/files/misc/e_conomy_sea_2021_report.pdf,"PDF page 109, country GMV chart",Bain analysis,"Country digital-economy estimate; not national accounts, tax base, or issuer disclosure"
2022,Philippines,PHL,2021,ecommerce_gmv,12.0,current USD billion,external_market_estimate,rounded chart value,sources/asean_economy_reports/economy_sea_2022_regional.pdf,https://services.google.com/fh/files/misc/e_conomy_sea_2022_report.pdf,"PDF page 104, country GMV chart",Bain analysis,"Country digital-economy estimate; not national accounts, tax base, or issuer disclosure"
2023,Philippines,PHL,2021,ecommerce_gmv,12.0,current USD billion,external_market_estimate,rounded chart value,sources/asean_economy_reports/economy_sea_2023_philippines.pdf,https://services.google.com/fh/files/misc/philippines_e_conomy_sea_2023_report.pdf,"PDF page 3, country GMV chart",Bain analysis,"Country digital-economy estimate; not national accounts, tax base, or issuer disclosure"
2021,Philippines,PHL,2021,online_media_gmv,2.8,current USD billion,external_market_estimate,rounded chart value,sources/asean_economy_reports/economy_sea_2021_regional.pdf,https://services.google.com/fh/files/misc/e_conomy_sea_2021_report.pdf,"PDF page 109, country GMV chart",Bain analysis,"Country digital-economy estimate; not national accounts, tax base, or issuer disclosure"
2022,Philippines,PHL,2021,online_media_gmv,2.6,current USD billion,external_market_estimate,rounded chart value,sources/asean_economy_reports/economy_sea_2022_regional.pdf,https://services.google.com/fh/files/misc/e_conomy_sea_2022_report.pdf,"PDF page 104, country GMV chart",Bain analysis,"Country digital-economy estimate; not national accounts, tax base, or issuer disclosure"
2023,Philippines,PHL,2021,online_media_gmv,3.0,current USD billion,external_market_estimate,rounded chart value,sources/asean_economy_reports/economy_sea_2023_philippines.pdf,https://services.google.com/fh/files/misc/philippines_e_conomy_sea_2023_report.pdf,"PDF page 3, country GMV chart",Bain analysis,"Country digital-economy estimate; not national accounts, tax base, or issuer disclosure"
2021,Philippines,PHL,2021,online_travel_gmv,0.7,current USD billion,external_market_estimate,rounded chart value,sources/asean_economy_reports/economy_sea_2021_regional.pdf,https://services.google.com/fh/files/misc/e_conomy_sea_2021_report.pdf,"PDF page 109, country GMV chart",Bain analysis,"Country digital-economy estimate; not national accounts, tax base, or issuer disclosure"
2022,Philippines,PHL,2021,online_travel_gmv,0.4,current USD billion,external_market_estimate,rounded chart value,sources/asean_economy_reports/economy_sea_2022_regional.pdf,https://services.google.com/fh/files/misc/e_conomy_sea_2022_report.pdf,"PDF page 104, country GMV chart",Bain analysis,"Country digital-economy estimate; not national accounts, tax base, or issuer disclosure"
2023,Philippines,PHL,2021,online_travel_gmv,0.5,current USD billion,external_market_estimate,rounded chart value,sources/asean_economy_reports/economy_sea_2023_philippines.pdf,https://services.google.com/fh/files/misc/philippines_e_conomy_sea_2023_report.pdf,"PDF page 3, country GMV chart",Bain analysis,"Country digital-economy estimate; not national accounts, tax base, or issuer disclosure"
2021,Philippines,PHL,2021,overall_digital_economy_gmv,17.0,current USD billion,external_market_estimate,rounded chart value,sources/asean_economy_reports/economy_sea_2021_regional.pdf,https://services.google.com/fh/files/misc/e_conomy_sea_2021_report.pdf,"PDF page 109, country GMV chart",Bain analysis,"Country digital-economy estimate; not national accounts, tax base, or issuer disclosure"
2022,Philippines,PHL,2021,overall_digital_economy_gmv,16.0,current USD billion,external_market_estimate,rounded chart value,sources/asean_economy_reports/economy_sea_2022_regional.pdf,https://services.google.com/fh/files/misc/e_conomy_sea_2022_report.pdf,"PDF page 104, country GMV chart",Bain analysis,"Country digital-economy estimate; not national accounts, tax base, or issuer disclosure"
2023,Philippines,PHL,2021,overall_digital_economy_gmv,17.0,current USD billion,external_market_estimate,rounded chart value,sources/asean_economy_reports/economy_sea_2023_philippines.pdf,https://services.google.com/fh/files/misc/philippines_e_conomy_sea_2023_report.pdf,"PDF page 3, country GMV chart",Bain analysis,"Country digital-economy estimate; not national accounts, tax base, or issuer disclosure"
2021,Philippines,PHL,2021,transport_and_food_gmv,1.4,current USD billion,external_market_estimate,rounded chart value,sources/asean_economy_reports/economy_sea_2021_regional.pdf,https://services.google.com/fh/files/misc/e_conomy_sea_2021_report.pdf,"PDF page 109, country GMV chart",Bain analysis,"Country digital-economy estimate; not national accounts, tax base, or issuer disclosure"
2022,Philippines,PHL,2021,transport_and_food_gmv,1.5,current USD billion,external_market_estimate,rounded chart value,sources/asean_economy_reports/economy_sea_2022_regional.pdf,https://services.google.com/fh/files/misc/e_conomy_sea_2022_report.pdf,"PDF page 104, country GMV chart",Bain analysis,"Country digital-economy estimate; not national accounts, tax base, or issuer disclosure"
2023,Philippines,PHL,2021,transport_and_food_gmv,2.0,current USD billion,external_market_estimate,rounded chart value,sources/asean_economy_reports/economy_sea_2023_philippines.pdf,https://services.google.com/fh/files/misc/philippines_e_conomy_sea_2023_report.pdf,"PDF page 3, country GMV chart",Bain analysis,"Country digital-economy estimate; not national accounts, tax base, or issuer disclosure"
2022,Philippines,PHL,2022,ecommerce_gmv,14.0,current USD billion,external_market_estimate,rounded chart value,sources/asean_economy_reports/economy_sea_2022_regional.pdf,https://services.google.com/fh/files/misc/e_conomy_sea_2022_report.pdf,"PDF page 104, country GMV chart",Bain analysis,"Country digital-economy estimate; not national accounts, tax base, or issuer disclosure"
2023,Philippines,PHL,2022,ecommerce_gmv,15.0,current USD billion,external_market_estimate,rounded chart value,sources/asean_economy_reports/economy_sea_2023_philippines.pdf,https://services.google.com/fh/files/misc/philippines_e_conomy_sea_2023_report.pdf,"PDF page 3, country GMV chart",Bain analysis,"Country digital-economy estimate; not national accounts, tax base, or issuer disclosure"
2024,Philippines,PHL,2022,ecommerce_gmv,15.0,current USD billion,external_market_estimate,rounded chart value,sources/asean_economy_reports/economy_sea_2024_philippines.pdf,https://services.google.com/fh/files/misc/philippines_e_conomy_sea_2024_report.pdf,"PDF page 4, country GMV chart",Bain analysis,"Country digital-economy estimate; not national accounts, tax base, or issuer disclosure"
2022,Philippines,PHL,2022,online_media_gmv,3.1,current USD billion,external_market_estimate,rounded chart value,sources/asean_economy_reports/economy_sea_2022_regional.pdf,https://services.google.com/fh/files/misc/e_conomy_sea_2022_report.pdf,"PDF page 104, country GMV chart",Bain analysis,"Country digital-economy estimate; not national accounts, tax base, or issuer disclosure"
2023,Philippines,PHL,2022,online_media_gmv,3.0,current USD billion,external_market_estimate,rounded chart value,sources/asean_economy_reports/economy_sea_2023_philippines.pdf,https://services.google.com/fh/files/misc/philippines_e_conomy_sea_2023_report.pdf,"PDF page 3, country GMV chart",Bain analysis,"Country digital-economy estimate; not national accounts, tax base, or issuer disclosure"
2024,Philippines,PHL,2022,online_media_gmv,3.0,current USD billion,external_market_estimate,rounded chart value,sources/asean_economy_reports/economy_sea_2024_philippines.pdf,https://services.google.com/fh/files/misc/philippines_e_conomy_sea_2024_report.pdf,"PDF page 4, country GMV chart",Bain analysis,"Country digital-economy estimate; not national accounts, tax base, or issuer disclosure"
2022,Philippines,PHL,2022,online_travel_gmv,1.0,current USD billion,external_market_estimate,rounded chart value,sources/asean_economy_reports/economy_sea_2022_regional.pdf,https://services.google.com/fh/files/misc/e_conomy_sea_2022_report.pdf,"PDF page 104, country GMV chart",Bain analysis,"Country digital-economy estimate; not national accounts, tax base, or issuer disclosure"
2023,Philippines,PHL,2022,online_travel_gmv,1.0,current USD billion,external_market_estimate,rounded chart value,sources/asean_economy_reports/economy_sea_2023_philippines.pdf,https://services.google.com/fh/files/misc/philippines_e_conomy_sea_2023_report.pdf,"PDF page 3, country GMV chart",Bain analysis,"Country digital-economy estimate; not national accounts, tax base, or issuer disclosure"
2024,Philippines,PHL,2022,online_travel_gmv,1.0,current USD billion,external_market_estimate,rounded chart value,sources/asean_economy_reports/economy_sea_2024_philippines.pdf,https://services.google.com/fh/files/misc/philippines_e_conomy_sea_2024_report.pdf,"PDF page 4, country GMV chart",Bain analysis,"Country digital-economy estimate; not national accounts, tax base, or issuer disclosure"
2022,Philippines,PHL,2022,overall_digital_economy_gmv,20.0,current USD billion,external_market_estimate,rounded chart value,sources/asean_economy_reports/economy_sea_2022_regional.pdf,https://services.google.com/fh/files/misc/e_conomy_sea_2022_report.pdf,"PDF page 104, country GMV chart",Bain analysis,"Country digital-economy estimate; not national accounts, tax base, or issuer disclosure"
2023,Philippines,PHL,2022,overall_digital_economy_gmv,22.0,current USD billion,external_market_estimate,rounded chart value,sources/asean_economy_reports/economy_sea_2023_philippines.pdf,https://services.google.com/fh/files/misc/philippines_e_conomy_sea_2023_report.pdf,"PDF page 3, country GMV chart",Bain analysis,"Country digital-economy estimate; not national accounts, tax base, or issuer disclosure"
2024,Philippines,PHL,2022,overall_digital_economy_gmv,22.0,current USD billion,external_market_estimate,rounded chart value,sources/asean_economy_reports/economy_sea_2024_philippines.pdf,https://services.google.com/fh/files/misc/philippines_e_conomy_sea_2024_report.pdf,"PDF page 4, country GMV chart",Bain analysis,"Country digital-economy estimate; not national accounts, tax base, or issuer disclosure"
2022,Philippines,PHL,2022,transport_and_food_gmv,1.9,current USD billion,external_market_estimate,rounded chart value,sources/asean_economy_reports/economy_sea_2022_regional.pdf,https://services.google.com/fh/files/misc/e_conomy_sea_2022_report.pdf,"PDF page 104, country GMV chart",Bain analysis,"Country digital-economy estimate; not national accounts, tax base, or issuer disclosure"
2023,Philippines,PHL,2022,transport_and_food_gmv,2.0,current USD billion,external_market_estimate,rounded chart value,sources/asean_economy_reports/economy_sea_2023_philippines.pdf,https://services.google.com/fh/files/misc/philippines_e_conomy_sea_2023_report.pdf,"PDF page 3, country GMV chart",Bain analysis,"Country digital-economy estimate; not national accounts, tax base, or issuer disclosure"
2024,Philippines,PHL,2022,transport_and_food_gmv,2.0,current USD billion,external_market_estimate,rounded chart value,sources/asean_economy_reports/economy_sea_2024_philippines.pdf,https://services.google.com/fh/files/misc/philippines_e_conomy_sea_2024_report.pdf,"PDF page 4, country GMV chart",Bain analysis,"Country digital-economy estimate; not national accounts, tax base, or issuer disclosure"
2023,Philippines,PHL,2023,ecommerce_gmv,16.0,current USD billion,external_market_estimate,rounded chart value,sources/asean_economy_reports/economy_sea_2023_philippines.pdf,https://services.google.com/fh/files/misc/philippines_e_conomy_sea_2023_report.pdf,"PDF page 3, country GMV chart",Bain analysis,"Country digital-economy estimate; not national accounts, tax base, or issuer disclosure"
2024,Philippines,PHL,2023,ecommerce_gmv,17.0,current USD billion,external_market_estimate,rounded chart value,sources/asean_economy_reports/economy_sea_2024_philippines.pdf,https://services.google.com/fh/files/misc/philippines_e_conomy_sea_2024_report.pdf,"PDF page 4, country GMV chart",Bain analysis,"Country digital-economy estimate; not national accounts, tax base, or issuer disclosure"
2025,Philippines,PHL,2023,ecommerce_gmv,17.0,current USD billion,external_market_estimate,rounded chart value,sources/asean_economy_reports/economy_sea_2025_philippines.pdf,https://services.google.com/fh/files/misc/philippines_e_conomy_sea_2025_report.pdf,"PDF page 3, country GMV chart",Bain analysis,"Country digital-economy estimate; not national accounts, tax base, or issuer disclosure"
2023,Philippines,PHL,2023,online_media_gmv,3.0,current USD billion,external_market_estimate,rounded chart value,sources/asean_economy_reports/economy_sea_2023_philippines.pdf,https://services.google.com/fh/files/misc/philippines_e_conomy_sea_2023_report.pdf,"PDF page 3, country GMV chart",Bain analysis,"Country digital-economy estimate; not national accounts, tax base, or issuer disclosure"
2024,Philippines,PHL,2023,online_media_gmv,4.0,current USD billion,external_market_estimate,rounded chart value,sources/asean_economy_reports/economy_sea_2024_philippines.pdf,https://services.google.com/fh/files/misc/philippines_e_conomy_sea_2024_report.pdf,"PDF page 4, country GMV chart",Bain analysis,"Country digital-economy estimate; not national accounts, tax base, or issuer disclosure"
2025,Philippines,PHL,2023,online_media_gmv,3.0,current USD billion,external_market_estimate,rounded chart value,sources/asean_economy_reports/economy_sea_2025_philippines.pdf,https://services.google.com/fh/files/misc/philippines_e_conomy_sea_2025_report.pdf,"PDF page 3, country GMV chart",Bain analysis,"Country digital-economy estimate; not national accounts, tax base, or issuer disclosure"
2023,Philippines,PHL,2023,online_travel_gmv,3.0,current USD billion,external_market_estimate,rounded chart value,sources/asean_economy_reports/economy_sea_2023_philippines.pdf,https://services.google.com/fh/files/misc/philippines_e_conomy_sea_2023_report.pdf,"PDF page 3, country GMV chart",Bain analysis,"Country digital-economy estimate; not national accounts, tax base, or issuer disclosure"
2024,Philippines,PHL,2023,online_travel_gmv,3.0,current USD billion,external_market_estimate,rounded chart value,sources/asean_economy_reports/economy_sea_2024_philippines.pdf,https://services.google.com/fh/files/misc/philippines_e_conomy_sea_2024_report.pdf,"PDF page 4, country GMV chart",Bain analysis,"Country digital-economy estimate; not national accounts, tax base, or issuer disclosure"
2025,Philippines,PHL,2023,online_travel_gmv,3.0,current USD billion,external_market_estimate,rounded chart value,sources/asean_economy_reports/economy_sea_2025_philippines.pdf,https://services.google.com/fh/files/misc/philippines_e_conomy_sea_2025_report.pdf,"PDF page 3, country GMV chart",Bain analysis,"Country digital-economy estimate; not national accounts, tax base, or issuer disclosure"
2023,Philippines,PHL,2023,overall_digital_economy_gmv,24.0,current USD billion,external_market_estimate,rounded chart value,sources/asean_economy_reports/economy_sea_2023_philippines.pdf,https://services.google.com/fh/files/misc/philippines_e_conomy_sea_2023_report.pdf,"PDF page 3, country GMV chart",Bain analysis,"Country digital-economy estimate; not national accounts, tax base, or issuer disclosure"
2024,Philippines,PHL,2023,overall_digital_economy_gmv,26.0,current USD billion,external_market_estimate,rounded chart value,sources/asean_economy_reports/economy_sea_2024_philippines.pdf,https://services.google.com/fh/files/misc/philippines_e_conomy_sea_2024_report.pdf,"PDF page 4, country GMV chart",Bain analysis,"Country digital-economy estimate; not national accounts, tax base, or issuer disclosure"
2025,Philippines,PHL,2023,overall_digital_economy_gmv,26.0,current USD billion,external_market_estimate,rounded chart value,sources/asean_economy_reports/economy_sea_2025_philippines.pdf,https://services.google.com/fh/files/misc/philippines_e_conomy_sea_2025_report.pdf,"PDF page 3, country GMV chart",Bain analysis,"Country digital-economy estimate; not national accounts, tax base, or issuer disclosure"
2023,Philippines,PHL,2023,transport_and_food_gmv,2.0,current USD billion,external_market_estimate,rounded chart value,sources/asean_economy_reports/economy_sea_2023_philippines.pdf,https://services.google.com/fh/files/misc/philippines_e_conomy_sea_2023_report.pdf,"PDF page 3, country GMV chart",Bain analysis,"Country digital-economy estimate; not national accounts, tax base, or issuer disclosure"
2024,Philippines,PHL,2023,transport_and_food_gmv,3.0,current USD billion,external_market_estimate,rounded chart value,sources/asean_economy_reports/economy_sea_2024_philippines.pdf,https://services.google.com/fh/files/misc/philippines_e_conomy_sea_2024_report.pdf,"PDF page 4, country GMV chart",Bain analysis,"Country digital-economy estimate; not national accounts, tax base, or issuer disclosure"
2025,Philippines,PHL,2023,transport_and_food_gmv,2.0,current USD billion,external_market_estimate,rounded chart value,sources/asean_economy_reports/economy_sea_2025_philippines.pdf,https://services.google.com/fh/files/misc/philippines_e_conomy_sea_2025_report.pdf,"PDF page 3, country GMV chart",Bain analysis,"Country digital-economy estimate; not national accounts, tax base, or issuer disclosure"
2024,Philippines,PHL,2024,ecommerce_gmv,21.0,current USD billion,external_market_estimate,rounded chart value,sources/asean_economy_reports/economy_sea_2024_philippines.pdf,https://services.google.com/fh/files/misc/philippines_e_conomy_sea_2024_report.pdf,"PDF page 4, country GMV chart",Bain analysis,"Country digital-economy estimate; not national accounts, tax base, or issuer disclosure"
2025,Philippines,PHL,2024,ecommerce_gmv,20.0,current USD billion,external_market_estimate,rounded chart value,sources/asean_economy_reports/economy_sea_2025_philippines.pdf,https://services.google.com/fh/files/misc/philippines_e_conomy_sea_2025_report.pdf,"PDF page 3, country GMV chart",Bain analysis,"Country digital-economy estimate; not national accounts, tax base, or issuer disclosure"
2024,Philippines,PHL,2024,online_media_gmv,4.0,current USD billion,external_market_estimate,rounded chart value,sources/asean_economy_reports/economy_sea_2024_philippines.pdf,https://services.google.com/fh/files/misc/philippines_e_conomy_sea_2024_report.pdf,"PDF page 4, country GMV chart",Bain analysis,"Country digital-economy estimate; not national accounts, tax base, or issuer disclosure"
2025,Philippines,PHL,2024,online_media_gmv,4.0,current USD billion,external_market_estimate,rounded chart value,sources/asean_economy_reports/economy_sea_2025_philippines.pdf,https://services.google.com/fh/files/misc/philippines_e_conomy_sea_2025_report.pdf,"PDF page 3, country GMV chart",Bain analysis,"Country digital-economy estimate; not national accounts, tax base, or issuer disclosure"
2024,Philippines,PHL,2024,online_travel_gmv,3.0,current USD billion,external_market_estimate,rounded chart value,sources/asean_economy_reports/economy_sea_2024_philippines.pdf,https://services.google.com/fh/files/misc/philippines_e_conomy_sea_2024_report.pdf,"PDF page 4, country GMV chart",Bain analysis,"Country digital-economy estimate; not national accounts, tax base, or issuer disclosure"
2025,Philippines,PHL,2024,online_travel_gmv,4.0,current USD billion,external_market_estimate,rounded chart value,sources/asean_economy_reports/economy_sea_2025_philippines.pdf,https://services.google.com/fh/files/misc/philippines_e_conomy_sea_2025_report.pdf,"PDF page 3, country GMV chart",Bain analysis,"Country digital-economy estimate; not national accounts, tax base, or issuer disclosure"
2024,Philippines,PHL,2024,overall_digital_economy_gmv,31.0,current USD billion,external_market_estimate,rounded chart value,sources/asean_economy_reports/economy_sea_2024_philippines.pdf,https://services.google.com/fh/files/misc/philippines_e_conomy_sea_2024_report.pdf,"PDF page 4, country GMV chart",Bain analysis,"Country digital-economy estimate; not national accounts, tax base, or issuer disclosure"
2025,Philippines,PHL,2024,overall_digital_economy_gmv,31.0,current USD billion,external_market_estimate,rounded chart value,sources/asean_economy_reports/economy_sea_2025_philippines.pdf,https://services.google.com/fh/files/misc/philippines_e_conomy_sea_2025_report.pdf,"PDF page 3, country GMV chart",Bain analysis,"Country digital-economy estimate; not national accounts, tax base, or issuer disclosure"
2024,Philippines,PHL,2024,transport_and_food_gmv,3.0,current USD billion,external_market_estimate,rounded chart value,sources/asean_economy_reports/economy_sea_2024_philippines.pdf,https://services.google.com/fh/files/misc/philippines_e_conomy_sea_2024_report.pdf,"PDF page 4, country GMV chart",Bain analysis,"Country digital-economy estimate; not national accounts, tax base, or issuer disclosure"
2025,Philippines,PHL,2024,transport_and_food_gmv,3.0,current USD billion,external_market_estimate,rounded chart value,sources/asean_economy_reports/economy_sea_2025_philippines.pdf,https://services.google.com/fh/files/misc/philippines_e_conomy_sea_2025_report.pdf,"PDF page 3, country GMV chart",Bain analysis,"Country digital-economy estimate; not national accounts, tax base, or issuer disclosure"
2025,Philippines,PHL,2025,ecommerce_gmv,24.0,current USD billion,external_market_estimate,rounded chart value,sources/asean_economy_reports/economy_sea_2025_philippines.pdf,https://services.google.com/fh/files/misc/philippines_e_conomy_sea_2025_report.pdf,"PDF page 3, country GMV chart",Bain analysis,"Country digital-economy estimate; not national accounts, tax base, or issuer disclosure"
2025,Philippines,PHL,2025,online_media_gmv,5.0,current USD billion,external_market_estimate,rounded chart value,sources/asean_economy_reports/economy_sea_2025_philippines.pdf,https://services.google.com/fh/files/misc/philippines_e_conomy_sea_2025_report.pdf,"PDF page 3, country GMV chart",Bain analysis,"Country digital-economy estimate; not national accounts, tax base, or issuer disclosure"
2025,Philippines,PHL,2025,online_travel_gmv,4.0,current USD billion,external_market_estimate,rounded chart value,sources/asean_economy_reports/economy_sea_2025_philippines.pdf,https://services.google.com/fh/files/misc/philippines_e_conomy_sea_2025_report.pdf,"PDF page 3, country GMV chart",Bain analysis,"Country digital-economy estimate; not national accounts, tax base, or issuer disclosure"
2025,Philippines,PHL,2025,overall_digital_economy_gmv,36.0,current USD billion,external_market_estimate,rounded chart value,sources/asean_economy_reports/economy_sea_2025_philippines.pdf,https://services.google.com/fh/files/misc/philippines_e_conomy_sea_2025_report.pdf,"PDF page 3, country GMV chart",Bain analysis,"Country digital-economy estimate; not national accounts, tax base, or issuer disclosure"
2025,Philippines,PHL,2025,transport_and_food_gmv,4.0,current USD billion,external_market_estimate,rounded chart value,sources/asean_economy_reports/economy_sea_2025_philippines.pdf,https://services.google.com/fh/files/misc/philippines_e_conomy_sea_2025_report.pdf,"PDF page 3, country GMV chart",Bain analysis,"Country digital-economy estimate; not national accounts, tax base, or issuer disclosure"
2021,Singapore,SGP,2019,ecommerce_gmv,1.9,current USD billion,external_market_estimate,rounded chart value,sources/asean_economy_reports/economy_sea_2021_regional.pdf,https://services.google.com/fh/files/misc/e_conomy_sea_2021_report.pdf,"PDF page 115, country GMV chart",Bain analysis,"Country digital-economy estimate; not national accounts, tax base, or issuer disclosure"
2022,Singapore,SGP,2019,ecommerce_gmv,2.0,current USD billion,external_market_estimate,rounded chart value,sources/asean_economy_reports/economy_sea_2022_regional.pdf,https://services.google.com/fh/files/misc/e_conomy_sea_2022_report.pdf,"PDF page 110, country GMV chart",Bain analysis,"Country digital-economy estimate; not national accounts, tax base, or issuer disclosure"
2021,Singapore,SGP,2019,online_media_gmv,1.5,current USD billion,external_market_estimate,rounded chart value,sources/asean_economy_reports/economy_sea_2021_regional.pdf,https://services.google.com/fh/files/misc/e_conomy_sea_2021_report.pdf,"PDF page 115, country GMV chart",Bain analysis,"Country digital-economy estimate; not national accounts, tax base, or issuer disclosure"
2022,Singapore,SGP,2019,online_media_gmv,1.6,current USD billion,external_market_estimate,rounded chart value,sources/asean_economy_reports/economy_sea_2022_regional.pdf,https://services.google.com/fh/files/misc/e_conomy_sea_2022_report.pdf,"PDF page 110, country GMV chart",Bain analysis,"Country digital-economy estimate; not national accounts, tax base, or issuer disclosure"
2021,Singapore,SGP,2019,online_travel_gmv,6.2,current USD billion,external_market_estimate,rounded chart value,sources/asean_economy_reports/economy_sea_2021_regional.pdf,https://services.google.com/fh/files/misc/e_conomy_sea_2021_report.pdf,"PDF page 115, country GMV chart",Bain analysis,"Country digital-economy estimate; not national accounts, tax base, or issuer disclosure"
2022,Singapore,SGP,2019,online_travel_gmv,6.0,current USD billion,external_market_estimate,rounded chart value,sources/asean_economy_reports/economy_sea_2022_regional.pdf,https://services.google.com/fh/files/misc/e_conomy_sea_2022_report.pdf,"PDF page 110, country GMV chart",Bain analysis,"Country digital-economy estimate; not national accounts, tax base, or issuer disclosure"
2021,Singapore,SGP,2019,overall_digital_economy_gmv,13.0,current USD billion,external_market_estimate,rounded chart value,sources/asean_economy_reports/economy_sea_2021_regional.pdf,https://services.google.com/fh/files/misc/e_conomy_sea_2021_report.pdf,"PDF page 115, country GMV chart",Bain analysis,"Country digital-economy estimate; not national accounts, tax base, or issuer disclosure"
2022,Singapore,SGP,2019,overall_digital_economy_gmv,12.0,current USD billion,external_market_estimate,rounded chart value,sources/asean_economy_reports/economy_sea_2022_regional.pdf,https://services.google.com/fh/files/misc/e_conomy_sea_2022_report.pdf,"PDF page 110, country GMV chart",Bain analysis,"Country digital-economy estimate; not national accounts, tax base, or issuer disclosure"
2021,Singapore,SGP,2019,transport_and_food_gmv,2.9,current USD billion,external_market_estimate,rounded chart value,sources/asean_economy_reports/economy_sea_2021_regional.pdf,https://services.google.com/fh/files/misc/e_conomy_sea_2021_report.pdf,"PDF page 115, country GMV chart",Bain analysis,"Country digital-economy estimate; not national accounts, tax base, or issuer disclosure"
2022,Singapore,SGP,2019,transport_and_food_gmv,3.0,current USD billion,external_market_estimate,rounded chart value,sources/asean_economy_reports/economy_sea_2022_regional.pdf,https://services.google.com/fh/files/misc/e_conomy_sea_2022_report.pdf,"PDF page 110, country GMV chart",Bain analysis,"Country digital-economy estimate; not national accounts, tax base, or issuer disclosure"
2021,Singapore,SGP,2020,ecommerce_gmv,4.9,current USD billion,external_market_estimate,rounded chart value,sources/asean_economy_reports/economy_sea_2021_regional.pdf,https://services.google.com/fh/files/misc/e_conomy_sea_2021_report.pdf,"PDF page 115, country GMV chart",Bain analysis,"Country digital-economy estimate; not national accounts, tax base, or issuer disclosure"
2021,Singapore,SGP,2020,online_media_gmv,1.6,current USD billion,external_market_estimate,rounded chart value,sources/asean_economy_reports/economy_sea_2021_regional.pdf,https://services.google.com/fh/files/misc/e_conomy_sea_2021_report.pdf,"PDF page 115, country GMV chart",Bain analysis,"Country digital-economy estimate; not national accounts, tax base, or issuer disclosure"
2021,Singapore,SGP,2020,online_travel_gmv,1.8,current USD billion,external_market_estimate,rounded chart value,sources/asean_economy_reports/economy_sea_2021_regional.pdf,https://services.google.com/fh/files/misc/e_conomy_sea_2021_report.pdf,"PDF page 115, country GMV chart",Bain analysis,"Country digital-economy estimate; not national accounts, tax base, or issuer disclosure"
2021,Singapore,SGP,2020,overall_digital_economy_gmv,11.0,current USD billion,external_market_estimate,rounded chart value,sources/asean_economy_reports/economy_sea_2021_regional.pdf,https://services.google.com/fh/files/misc/e_conomy_sea_2021_report.pdf,"PDF page 115, country GMV chart",Bain analysis,"Country digital-economy estimate; not national accounts, tax base, or issuer disclosure"
2021,Singapore,SGP,2020,transport_and_food_gmv,2.5,current USD billion,external_market_estimate,rounded chart value,sources/asean_economy_reports/economy_sea_2021_regional.pdf,https://services.google.com/fh/files/misc/e_conomy_sea_2021_report.pdf,"PDF page 115, country GMV chart",Bain analysis,"Country digital-economy estimate; not national accounts, tax base, or issuer disclosure"
2021,Singapore,SGP,2021,ecommerce_gmv,7.1,current USD billion,external_market_estimate,rounded chart value,sources/asean_economy_reports/economy_sea_2021_regional.pdf,https://services.google.com/fh/files/misc/e_conomy_sea_2021_report.pdf,"PDF page 115, country GMV chart",Bain analysis,"Country digital-economy estimate; not national accounts, tax base, or issuer disclosure"
2022,Singapore,SGP,2021,ecommerce_gmv,8.0,current USD billion,external_market_estimate,rounded chart value,sources/asean_economy_reports/economy_sea_2022_regional.pdf,https://services.google.com/fh/files/misc/e_conomy_sea_2022_report.pdf,"PDF page 110, country GMV chart",Bain analysis,"Country digital-economy estimate; not national accounts, tax base, or issuer disclosure"
2023,Singapore,SGP,2021,ecommerce_gmv,8.0,current USD billion,external_market_estimate,rounded chart value,sources/asean_economy_reports/economy_sea_2023_singapore.pdf,https://services.google.com/fh/files/misc/singapore_e_conomy_sea_2023_report.pdf,"PDF page 3, country GMV chart",Bain analysis,"Country digital-economy estimate; not national accounts, tax base, or issuer disclosure"
2021,Singapore,SGP,2021,online_media_gmv,1.9,current USD billion,external_market_estimate,rounded chart value,sources/asean_economy_reports/economy_sea_2021_regional.pdf,https://services.google.com/fh/files/misc/e_conomy_sea_2021_report.pdf,"PDF page 115, country GMV chart",Bain analysis,"Country digital-economy estimate; not national accounts, tax base, or issuer disclosure"
2022,Singapore,SGP,2021,online_media_gmv,2.1,current USD billion,external_market_estimate,rounded chart value,sources/asean_economy_reports/economy_sea_2022_regional.pdf,https://services.google.com/fh/files/misc/e_conomy_sea_2022_report.pdf,"PDF page 110, country GMV chart",Bain analysis,"Country digital-economy estimate; not national accounts, tax base, or issuer disclosure"
2023,Singapore,SGP,2021,online_media_gmv,2.0,current USD billion,external_market_estimate,rounded chart value,sources/asean_economy_reports/economy_sea_2023_singapore.pdf,https://services.google.com/fh/files/misc/singapore_e_conomy_sea_2023_report.pdf,"PDF page 3, country GMV chart",Bain analysis,"Country digital-economy estimate; not national accounts, tax base, or issuer disclosure"
2021,Singapore,SGP,2021,online_travel_gmv,2.3,current USD billion,external_market_estimate,rounded chart value,sources/asean_economy_reports/economy_sea_2021_regional.pdf,https://services.google.com/fh/files/misc/e_conomy_sea_2021_report.pdf,"PDF page 115, country GMV chart",Bain analysis,"Country digital-economy estimate; not national accounts, tax base, or issuer disclosure"
2022,Singapore,SGP,2021,online_travel_gmv,2.0,current USD billion,external_market_estimate,rounded chart value,sources/asean_economy_reports/economy_sea_2022_regional.pdf,https://services.google.com/fh/files/misc/e_conomy_sea_2022_report.pdf,"PDF page 110, country GMV chart",Bain analysis,"Country digital-economy estimate; not national accounts, tax base, or issuer disclosure"
2023,Singapore,SGP,2021,online_travel_gmv,2.0,current USD billion,external_market_estimate,rounded chart value,sources/asean_economy_reports/economy_sea_2023_singapore.pdf,https://services.google.com/fh/files/misc/singapore_e_conomy_sea_2023_report.pdf,"PDF page 3, country GMV chart",Bain analysis,"Country digital-economy estimate; not national accounts, tax base, or issuer disclosure"
2021,Singapore,SGP,2021,overall_digital_economy_gmv,15.0,current USD billion,external_market_estimate,rounded chart value,sources/asean_economy_reports/economy_sea_2021_regional.pdf,https://services.google.com/fh/files/misc/e_conomy_sea_2021_report.pdf,"PDF page 115, country GMV chart",Bain analysis,"Country digital-economy estimate; not national accounts, tax base, or issuer disclosure"
2022,Singapore,SGP,2021,overall_digital_economy_gmv,15.0,current USD billion,external_market_estimate,rounded chart value,sources/asean_economy_reports/economy_sea_2022_regional.pdf,https://services.google.com/fh/files/misc/e_conomy_sea_2022_report.pdf,"PDF page 110, country GMV chart",Bain analysis,"Country digital-economy estimate; not national accounts, tax base, or issuer disclosure"
2023,Singapore,SGP,2021,overall_digital_economy_gmv,15.0,current USD billion,external_market_estimate,rounded chart value,sources/asean_economy_reports/economy_sea_2023_singapore.pdf,https://services.google.com/fh/files/misc/singapore_e_conomy_sea_2023_report.pdf,"PDF page 3, country GMV chart",Bain analysis,"Country digital-economy estimate; not national accounts, tax base, or issuer disclosure"
2021,Singapore,SGP,2021,transport_and_food_gmv,3.4,current USD billion,external_market_estimate,rounded chart value,sources/asean_economy_reports/economy_sea_2021_regional.pdf,https://services.google.com/fh/files/misc/e_conomy_sea_2021_report.pdf,"PDF page 115, country GMV chart",Bain analysis,"Country digital-economy estimate; not national accounts, tax base, or issuer disclosure"
2022,Singapore,SGP,2021,transport_and_food_gmv,3.2,current USD billion,external_market_estimate,rounded chart value,sources/asean_economy_reports/economy_sea_2022_regional.pdf,https://services.google.com/fh/files/misc/e_conomy_sea_2022_report.pdf,"PDF page 110, country GMV chart",Bain analysis,"Country digital-economy estimate; not national accounts, tax base, or issuer disclosure"
2023,Singapore,SGP,2021,transport_and_food_gmv,3.0,current USD billion,external_market_estimate,rounded chart value,sources/asean_economy_reports/economy_sea_2023_singapore.pdf,https://services.google.com/fh/files/misc/singapore_e_conomy_sea_2023_report.pdf,"PDF page 3, country GMV chart",Bain analysis,"Country digital-economy estimate; not national accounts, tax base, or issuer disclosure"
2022,Singapore,SGP,2022,ecommerce_gmv,8.2,current USD billion,external_market_estimate,rounded chart value,sources/asean_economy_reports/economy_sea_2022_regional.pdf,https://services.google.com/fh/files/misc/e_conomy_sea_2022_report.pdf,"PDF page 110, country GMV chart",Bain analysis,"Country digital-economy estimate; not national accounts, tax base, or issuer disclosure"
2023,Singapore,SGP,2022,ecommerce_gmv,8.0,current USD billion,external_market_estimate,rounded chart value,sources/asean_economy_reports/economy_sea_2023_singapore.pdf,https://services.google.com/fh/files/misc/singapore_e_conomy_sea_2023_report.pdf,"PDF page 3, country GMV chart",Bain analysis,"Country digital-economy estimate; not national accounts, tax base, or issuer disclosure"
2024,Singapore,SGP,2022,ecommerce_gmv,8.0,current USD billion,external_market_estimate,rounded chart value,sources/asean_economy_reports/economy_sea_2024_singapore.pdf,https://services.google.com/fh/files/misc/singapore_e_conomy_sea_2024_report.pdf,"PDF page 4, country GMV chart",Bain analysis,"Country digital-economy estimate; not national accounts, tax base, or issuer disclosure"
2022,Singapore,SGP,2022,online_media_gmv,2.3,current USD billion,external_market_estimate,rounded chart value,sources/asean_economy_reports/economy_sea_2022_regional.pdf,https://services.google.com/fh/files/misc/e_conomy_sea_2022_report.pdf,"PDF page 110, country GMV chart",Bain analysis,"Country digital-economy estimate; not national accounts, tax base, or issuer disclosure"
2023,Singapore,SGP,2022,online_media_gmv,2.0,current USD billion,external_market_estimate,rounded chart value,sources/asean_economy_reports/economy_sea_2023_singapore.pdf,https://services.google.com/fh/files/misc/singapore_e_conomy_sea_2023_report.pdf,"PDF page 3, country GMV chart",Bain analysis,"Country digital-economy estimate; not national accounts, tax base, or issuer disclosure"
2024,Singapore,SGP,2022,online_media_gmv,3.0,current USD billion,external_market_estimate,rounded chart value,sources/asean_economy_reports/economy_sea_2024_singapore.pdf,https://services.google.com/fh/files/misc/singapore_e_conomy_sea_2024_report.pdf,"PDF page 4, country GMV chart",Bain analysis,"Country digital-economy estimate; not national accounts, tax base, or issuer disclosure"
2022,Singapore,SGP,2022,online_travel_gmv,4.0,current USD billion,external_market_estimate,rounded chart value,sources/asean_economy_reports/economy_sea_2022_regional.pdf,https://services.google.com/fh/files/misc/e_conomy_sea_2022_report.pdf,"PDF page 110, country GMV chart",Bain analysis,"Country digital-economy estimate; not national accounts, tax base, or issuer disclosure"
2023,Singapore,SGP,2022,online_travel_gmv,5.0,current USD billion,external_market_estimate,rounded chart value,sources/asean_economy_reports/economy_sea_2023_singapore.pdf,https://services.google.com/fh/files/misc/singapore_e_conomy_sea_2023_report.pdf,"PDF page 3, country GMV chart",Bain analysis,"Country digital-economy estimate; not national accounts, tax base, or issuer disclosure"
2024,Singapore,SGP,2022,online_travel_gmv,5.0,current USD billion,external_market_estimate,rounded chart value,sources/asean_economy_reports/economy_sea_2024_singapore.pdf,https://services.google.com/fh/files/misc/singapore_e_conomy_sea_2024_report.pdf,"PDF page 4, country GMV chart",Bain analysis,"Country digital-economy estimate; not national accounts, tax base, or issuer disclosure"
2022,Singapore,SGP,2022,overall_digital_economy_gmv,18.0,current USD billion,external_market_estimate,rounded chart value,sources/asean_economy_reports/economy_sea_2022_regional.pdf,https://services.google.com/fh/files/misc/e_conomy_sea_2022_report.pdf,"PDF page 110, country GMV chart",Bain analysis,"Country digital-economy estimate; not national accounts, tax base, or issuer disclosure"
2023,Singapore,SGP,2022,overall_digital_economy_gmv,20.0,current USD billion,external_market_estimate,rounded chart value,sources/asean_economy_reports/economy_sea_2023_singapore.pdf,https://services.google.com/fh/files/misc/singapore_e_conomy_sea_2023_report.pdf,"PDF page 3, country GMV chart",Bain analysis,"Country digital-economy estimate; not national accounts, tax base, or issuer disclosure"
2024,Singapore,SGP,2022,overall_digital_economy_gmv,20.0,current USD billion,external_market_estimate,rounded chart value,sources/asean_economy_reports/economy_sea_2024_singapore.pdf,https://services.google.com/fh/files/misc/singapore_e_conomy_sea_2024_report.pdf,"PDF page 4, country GMV chart",Bain analysis,"Country digital-economy estimate; not national accounts, tax base, or issuer disclosure"
2022,Singapore,SGP,2022,transport_and_food_gmv,3.9,current USD billion,external_market_estimate,rounded chart value,sources/asean_economy_reports/economy_sea_2022_regional.pdf,https://services.google.com/fh/files/misc/e_conomy_sea_2022_report.pdf,"PDF page 110, country GMV chart",Bain analysis,"Country digital-economy estimate; not national accounts, tax base, or issuer disclosure"
2023,Singapore,SGP,2022,transport_and_food_gmv,4.0,current USD billion,external_market_estimate,rounded chart value,sources/asean_economy_reports/economy_sea_2023_singapore.pdf,https://services.google.com/fh/files/misc/singapore_e_conomy_sea_2023_report.pdf,"PDF page 3, country GMV chart",Bain analysis,"Country digital-economy estimate; not national accounts, tax base, or issuer disclosure"
2024,Singapore,SGP,2022,transport_and_food_gmv,4.0,current USD billion,external_market_estimate,rounded chart value,sources/asean_economy_reports/economy_sea_2024_singapore.pdf,https://services.google.com/fh/files/misc/singapore_e_conomy_sea_2024_report.pdf,"PDF page 4, country GMV chart",Bain analysis,"Country digital-economy estimate; not national accounts, tax base, or issuer disclosure"
2023,Singapore,SGP,2023,ecommerce_gmv,8.0,current USD billion,external_market_estimate,rounded chart value,sources/asean_economy_reports/economy_sea_2023_singapore.pdf,https://services.google.com/fh/files/misc/singapore_e_conomy_sea_2023_report.pdf,"PDF page 3, country GMV chart",Bain analysis,"Country digital-economy estimate; not national accounts, tax base, or issuer disclosure"
2024,Singapore,SGP,2023,ecommerce_gmv,8.0,current USD billion,external_market_estimate,rounded chart value,sources/asean_economy_reports/economy_sea_2024_singapore.pdf,https://services.google.com/fh/files/misc/singapore_e_conomy_sea_2024_report.pdf,"PDF page 4, country GMV chart",Bain analysis,"Country digital-economy estimate; not national accounts, tax base, or issuer disclosure"
2025,Singapore,SGP,2023,ecommerce_gmv,8.0,current USD billion,external_market_estimate,rounded chart value,sources/asean_economy_reports/economy_sea_2025_singapore.pdf,https://services.google.com/fh/files/misc/singapore_e_conomy_sea_2025_report.pdf,"PDF page 3, country GMV chart",Bain analysis,"Country digital-economy estimate; not national accounts, tax base, or issuer disclosure"
2023,Singapore,SGP,2023,online_media_gmv,3.0,current USD billion,external_market_estimate,rounded chart value,sources/asean_economy_reports/economy_sea_2023_singapore.pdf,https://services.google.com/fh/files/misc/singapore_e_conomy_sea_2023_report.pdf,"PDF page 3, country GMV chart",Bain analysis,"Country digital-economy estimate; not national accounts, tax base, or issuer disclosure"
2024,Singapore,SGP,2023,online_media_gmv,3.0,current USD billion,external_market_estimate,rounded chart value,sources/asean_economy_reports/economy_sea_2024_singapore.pdf,https://services.google.com/fh/files/misc/singapore_e_conomy_sea_2024_report.pdf,"PDF page 4, country GMV chart",Bain analysis,"Country digital-economy estimate; not national accounts, tax base, or issuer disclosure"
2025,Singapore,SGP,2023,online_media_gmv,3.0,current USD billion,external_market_estimate,rounded chart value,sources/asean_economy_reports/economy_sea_2025_singapore.pdf,https://services.google.com/fh/files/misc/singapore_e_conomy_sea_2025_report.pdf,"PDF page 3, country GMV chart",Bain analysis,"Country digital-economy estimate; not national accounts, tax base, or issuer disclosure"
2023,Singapore,SGP,2023,online_travel_gmv,7.0,current USD billion,external_market_estimate,rounded chart value,sources/asean_economy_reports/economy_sea_2023_singapore.pdf,https://services.google.com/fh/files/misc/singapore_e_conomy_sea_2023_report.pdf,"PDF page 3, country GMV chart",Bain analysis,"Country digital-economy estimate; not national accounts, tax base, or issuer disclosure"
2024,Singapore,SGP,2023,online_travel_gmv,10.0,current USD billion,external_market_estimate,rounded chart value,sources/asean_economy_reports/economy_sea_2024_singapore.pdf,https://services.google.com/fh/files/misc/singapore_e_conomy_sea_2024_report.pdf,"PDF page 4, country GMV chart",Bain analysis,"Country digital-economy estimate; not national accounts, tax base, or issuer disclosure"
2025,Singapore,SGP,2023,online_travel_gmv,10.0,current USD billion,external_market_estimate,rounded chart value,sources/asean_economy_reports/economy_sea_2025_singapore.pdf,https://services.google.com/fh/files/misc/singapore_e_conomy_sea_2025_report.pdf,"PDF page 3, country GMV chart",Bain analysis,"Country digital-economy estimate; not national accounts, tax base, or issuer disclosure"
2023,Singapore,SGP,2023,overall_digital_economy_gmv,22.0,current USD billion,external_market_estimate,rounded chart value,sources/asean_economy_reports/economy_sea_2023_singapore.pdf,https://services.google.com/fh/files/misc/singapore_e_conomy_sea_2023_report.pdf,"PDF page 3, country GMV chart",Bain analysis,"Country digital-economy estimate; not national accounts, tax base, or issuer disclosure"
2024,Singapore,SGP,2023,overall_digital_economy_gmv,26.0,current USD billion,external_market_estimate,rounded chart value,sources/asean_economy_reports/economy_sea_2024_singapore.pdf,https://services.google.com/fh/files/misc/singapore_e_conomy_sea_2024_report.pdf,"PDF page 4, country GMV chart",Bain analysis,"Country digital-economy estimate; not national accounts, tax base, or issuer disclosure"
2025,Singapore,SGP,2023,overall_digital_economy_gmv,25.0,current USD billion,external_market_estimate,rounded chart value,sources/asean_economy_reports/economy_sea_2025_singapore.pdf,https://services.google.com/fh/files/misc/singapore_e_conomy_sea_2025_report.pdf,"PDF page 3, country GMV chart",Bain analysis,"Country digital-economy estimate; not national accounts, tax base, or issuer disclosure"
2023,Singapore,SGP,2023,transport_and_food_gmv,5.0,current USD billion,external_market_estimate,rounded chart value,sources/asean_economy_reports/economy_sea_2023_singapore.pdf,https://services.google.com/fh/files/misc/singapore_e_conomy_sea_2023_report.pdf,"PDF page 3, country GMV chart",Bain analysis,"Country digital-economy estimate; not national accounts, tax base, or issuer disclosure"
2024,Singapore,SGP,2023,transport_and_food_gmv,5.0,current USD billion,external_market_estimate,rounded chart value,sources/asean_economy_reports/economy_sea_2024_singapore.pdf,https://services.google.com/fh/files/misc/singapore_e_conomy_sea_2024_report.pdf,"PDF page 4, country GMV chart",Bain analysis,"Country digital-economy estimate; not national accounts, tax base, or issuer disclosure"
2025,Singapore,SGP,2023,transport_and_food_gmv,5.0,current USD billion,external_market_estimate,rounded chart value,sources/asean_economy_reports/economy_sea_2025_singapore.pdf,https://services.google.com/fh/files/misc/singapore_e_conomy_sea_2025_report.pdf,"PDF page 3, country GMV chart",Bain analysis,"Country digital-economy estimate; not national accounts, tax base, or issuer disclosure"
2024,Singapore,SGP,2024,ecommerce_gmv,9.0,current USD billion,external_market_estimate,rounded chart value,sources/asean_economy_reports/economy_sea_2024_singapore.pdf,https://services.google.com/fh/files/misc/singapore_e_conomy_sea_2024_report.pdf,"PDF page 4, country GMV chart",Bain analysis,"Country digital-economy estimate; not national accounts, tax base, or issuer disclosure"
2025,Singapore,SGP,2024,ecommerce_gmv,8.0,current USD billion,external_market_estimate,rounded chart value,sources/asean_economy_reports/economy_sea_2025_singapore.pdf,https://services.google.com/fh/files/misc/singapore_e_conomy_sea_2025_report.pdf,"PDF page 3, country GMV chart",Bain analysis,"Country digital-economy estimate; not national accounts, tax base, or issuer disclosure"
2024,Singapore,SGP,2024,online_media_gmv,3.0,current USD billion,external_market_estimate,rounded chart value,sources/asean_economy_reports/economy_sea_2024_singapore.pdf,https://services.google.com/fh/files/misc/singapore_e_conomy_sea_2024_report.pdf,"PDF page 4, country GMV chart",Bain analysis,"Country digital-economy estimate; not national accounts, tax base, or issuer disclosure"
2025,Singapore,SGP,2024,online_media_gmv,3.0,current USD billion,external_market_estimate,rounded chart value,sources/asean_economy_reports/economy_sea_2025_singapore.pdf,https://services.google.com/fh/files/misc/singapore_e_conomy_sea_2025_report.pdf,"PDF page 3, country GMV chart",Bain analysis,"Country digital-economy estimate; not national accounts, tax base, or issuer disclosure"
2024,Singapore,SGP,2024,online_travel_gmv,12.0,current USD billion,external_market_estimate,rounded chart value,sources/asean_economy_reports/economy_sea_2024_singapore.pdf,https://services.google.com/fh/files/misc/singapore_e_conomy_sea_2024_report.pdf,"PDF page 4, country GMV chart",Bain analysis,"Country digital-economy estimate; not national accounts, tax base, or issuer disclosure"
2025,Singapore,SGP,2024,online_travel_gmv,11.0,current USD billion,external_market_estimate,rounded chart value,sources/asean_economy_reports/economy_sea_2025_singapore.pdf,https://services.google.com/fh/files/misc/singapore_e_conomy_sea_2025_report.pdf,"PDF page 3, country GMV chart",Bain analysis,"Country digital-economy estimate; not national accounts, tax base, or issuer disclosure"
2024,Singapore,SGP,2024,overall_digital_economy_gmv,29.0,current USD billion,external_market_estimate,rounded chart value,sources/asean_economy_reports/economy_sea_2024_singapore.pdf,https://services.google.com/fh/files/misc/singapore_e_conomy_sea_2024_report.pdf,"PDF page 4, country GMV chart",Bain analysis,"Country digital-economy estimate; not national accounts, tax base, or issuer disclosure"
2025,Singapore,SGP,2024,overall_digital_economy_gmv,27.0,current USD billion,external_market_estimate,rounded chart value,sources/asean_economy_reports/economy_sea_2025_singapore.pdf,https://services.google.com/fh/files/misc/singapore_e_conomy_sea_2025_report.pdf,"PDF page 3, country GMV chart",Bain analysis,"Country digital-economy estimate; not national accounts, tax base, or issuer disclosure"
2024,Singapore,SGP,2024,transport_and_food_gmv,5.0,current USD billion,external_market_estimate,rounded chart value,sources/asean_economy_reports/economy_sea_2024_singapore.pdf,https://services.google.com/fh/files/misc/singapore_e_conomy_sea_2024_report.pdf,"PDF page 4, country GMV chart",Bain analysis,"Country digital-economy estimate; not national accounts, tax base, or issuer disclosure"
2025,Singapore,SGP,2024,transport_and_food_gmv,5.0,current USD billion,external_market_estimate,rounded chart value,sources/asean_economy_reports/economy_sea_2025_singapore.pdf,https://services.google.com/fh/files/misc/singapore_e_conomy_sea_2025_report.pdf,"PDF page 3, country GMV chart",Bain analysis,"Country digital-economy estimate; not national accounts, tax base, or issuer disclosure"
2025,Singapore,SGP,2025,ecommerce_gmv,9.0,current USD billion,external_market_estimate,rounded chart value,sources/asean_economy_reports/economy_sea_2025_singapore.pdf,https://services.google.com/fh/files/misc/singapore_e_conomy_sea_2025_report.pdf,"PDF page 3, country GMV chart",Bain analysis,"Country digital-economy estimate; not national accounts, tax base, or issuer disclosure"
2025,Singapore,SGP,2025,online_media_gmv,3.0,current USD billion,external_market_estimate,rounded chart value,sources/asean_economy_reports/economy_sea_2025_singapore.pdf,https://services.google.com/fh/files/misc/singapore_e_conomy_sea_2025_report.pdf,"PDF page 3, country GMV chart",Bain analysis,"Country digital-economy estimate; not national accounts, tax base, or issuer disclosure"
2025,Singapore,SGP,2025,online_travel_gmv,11.0,current USD billion,external_market_estimate,rounded chart value,sources/asean_economy_reports/economy_sea_2025_singapore.pdf,https://services.google.com/fh/files/misc/singapore_e_conomy_sea_2025_report.pdf,"PDF page 3, country GMV chart",Bain analysis,"Country digital-economy estimate; not national accounts, tax base, or issuer disclosure"
2025,Singapore,SGP,2025,overall_digital_economy_gmv,29.0,current USD billion,external_market_estimate,rounded chart value,sources/asean_economy_reports/economy_sea_2025_singapore.pdf,https://services.google.com/fh/files/misc/singapore_e_conomy_sea_2025_report.pdf,"PDF page 3, country GMV chart",Bain analysis,"Country digital-economy estimate; not national accounts, tax base, or issuer disclosure"
2025,Singapore,SGP,2025,transport_and_food_gmv,6.0,current USD billion,external_market_estimate,rounded chart value,sources/asean_economy_reports/economy_sea_2025_singapore.pdf,https://services.google.com/fh/files/misc/singapore_e_conomy_sea_2025_report.pdf,"PDF page 3, country GMV chart",Bain analysis,"Country digital-economy estimate; not national accounts, tax base, or issuer disclosure"
2021,Thailand,THA,2019,ecommerce_gmv,5.0,current USD billion,external_market_estimate,rounded chart value,sources/asean_economy_reports/economy_sea_2021_regional.pdf,https://services.google.com/fh/files/misc/e_conomy_sea_2021_report.pdf,"PDF page 121, country GMV chart",Bain analysis,"Country digital-economy estimate; not national accounts, tax base, or issuer disclosure"
2022,Thailand,THA,2019,ecommerce_gmv,5.0,current USD billion,external_market_estimate,rounded chart value,sources/asean_economy_reports/economy_sea_2022_regional.pdf,https://services.google.com/fh/files/misc/e_conomy_sea_2022_report.pdf,"PDF page 116, country GMV chart",Bain analysis,"Country digital-economy estimate; not national accounts, tax base, or issuer disclosure"
2021,Thailand,THA,2019,online_media_gmv,3.0,current USD billion,external_market_estimate,rounded chart value,sources/asean_economy_reports/economy_sea_2021_regional.pdf,https://services.google.com/fh/files/misc/e_conomy_sea_2021_report.pdf,"PDF page 121, country GMV chart",Bain analysis,"Country digital-economy estimate; not national accounts, tax base, or issuer disclosure"
2022,Thailand,THA,2019,online_media_gmv,3.0,current USD billion,external_market_estimate,rounded chart value,sources/asean_economy_reports/economy_sea_2022_regional.pdf,https://services.google.com/fh/files/misc/e_conomy_sea_2022_report.pdf,"PDF page 116, country GMV chart",Bain analysis,"Country digital-economy estimate; not national accounts, tax base, or issuer disclosure"
2021,Thailand,THA,2019,online_travel_gmv,7.2,current USD billion,external_market_estimate,rounded chart value,sources/asean_economy_reports/economy_sea_2021_regional.pdf,https://services.google.com/fh/files/misc/e_conomy_sea_2021_report.pdf,"PDF page 121, country GMV chart",Bain analysis,"Country digital-economy estimate; not national accounts, tax base, or issuer disclosure"
2022,Thailand,THA,2019,online_travel_gmv,7.0,current USD billion,external_market_estimate,rounded chart value,sources/asean_economy_reports/economy_sea_2022_regional.pdf,https://services.google.com/fh/files/misc/e_conomy_sea_2022_report.pdf,"PDF page 116, country GMV chart",Bain analysis,"Country digital-economy estimate; not national accounts, tax base, or issuer disclosure"
2021,Thailand,THA,2019,overall_digital_economy_gmv,16.0,current USD billion,external_market_estimate,rounded chart value,sources/asean_economy_reports/economy_sea_2021_regional.pdf,https://services.google.com/fh/files/misc/e_conomy_sea_2021_report.pdf,"PDF page 121, country GMV chart",Bain analysis,"Country digital-economy estimate; not national accounts, tax base, or issuer disclosure"
2022,Thailand,THA,2019,overall_digital_economy_gmv,16.0,current USD billion,external_market_estimate,rounded chart value,sources/asean_economy_reports/economy_sea_2022_regional.pdf,https://services.google.com/fh/files/misc/e_conomy_sea_2022_report.pdf,"PDF page 116, country GMV chart",Bain analysis,"Country digital-economy estimate; not national accounts, tax base, or issuer disclosure"
2021,Thailand,THA,2019,transport_and_food_gmv,1.3,current USD billion,external_market_estimate,rounded chart value,sources/asean_economy_reports/economy_sea_2021_regional.pdf,https://services.google.com/fh/files/misc/e_conomy_sea_2021_report.pdf,"PDF page 121, country GMV chart",Bain analysis,"Country digital-economy estimate; not national accounts, tax base, or issuer disclosure"
2022,Thailand,THA,2019,transport_and_food_gmv,1.0,current USD billion,external_market_estimate,rounded chart value,sources/asean_economy_reports/economy_sea_2022_regional.pdf,https://services.google.com/fh/files/misc/e_conomy_sea_2022_report.pdf,"PDF page 116, country GMV chart",Bain analysis,"Country digital-economy estimate; not national accounts, tax base, or issuer disclosure"
2021,Thailand,THA,2020,ecommerce_gmv,12.0,current USD billion,external_market_estimate,rounded chart value,sources/asean_economy_reports/economy_sea_2021_regional.pdf,https://services.google.com/fh/files/misc/e_conomy_sea_2021_report.pdf,"PDF page 121, country GMV chart",Bain analysis,"Country digital-economy estimate; not national accounts, tax base, or issuer disclosure"
2021,Thailand,THA,2020,online_media_gmv,3.4,current USD billion,external_market_estimate,rounded chart value,sources/asean_economy_reports/economy_sea_2021_regional.pdf,https://services.google.com/fh/files/misc/e_conomy_sea_2021_report.pdf,"PDF page 121, country GMV chart",Bain analysis,"Country digital-economy estimate; not national accounts, tax base, or issuer disclosure"
2021,Thailand,THA,2020,online_travel_gmv,2.6,current USD billion,external_market_estimate,rounded chart value,sources/asean_economy_reports/economy_sea_2021_regional.pdf,https://services.google.com/fh/files/misc/e_conomy_sea_2021_report.pdf,"PDF page 121, country GMV chart",Bain analysis,"Country digital-economy estimate; not national accounts, tax base, or issuer disclosure"
2021,Thailand,THA,2020,overall_digital_economy_gmv,20.0,current USD billion,external_market_estimate,rounded chart value,sources/asean_economy_reports/economy_sea_2021_regional.pdf,https://services.google.com/fh/files/misc/e_conomy_sea_2021_report.pdf,"PDF page 121, country GMV chart",Bain analysis,"Country digital-economy estimate; not national accounts, tax base, or issuer disclosure"
2021,Thailand,THA,2020,transport_and_food_gmv,1.5,current USD billion,external_market_estimate,rounded chart value,sources/asean_economy_reports/economy_sea_2021_regional.pdf,https://services.google.com/fh/files/misc/e_conomy_sea_2021_report.pdf,"PDF page 121, country GMV chart",Bain analysis,"Country digital-economy estimate; not national accounts, tax base, or issuer disclosure"
2021,Thailand,THA,2021,ecommerce_gmv,21.0,current USD billion,external_market_estimate,rounded chart value,sources/asean_economy_reports/economy_sea_2021_regional.pdf,https://services.google.com/fh/files/misc/e_conomy_sea_2021_report.pdf,"PDF page 121, country GMV chart",Bain analysis,"Country digital-economy estimate; not national accounts, tax base, or issuer disclosure"
2022,Thailand,THA,2021,ecommerce_gmv,21.0,current USD billion,external_market_estimate,rounded chart value,sources/asean_economy_reports/economy_sea_2022_regional.pdf,https://services.google.com/fh/files/misc/e_conomy_sea_2022_report.pdf,"PDF page 116, country GMV chart",Bain analysis,"Country digital-economy estimate; not national accounts, tax base, or issuer disclosure"
2023,Thailand,THA,2021,ecommerce_gmv,21.0,current USD billion,external_market_estimate,rounded chart value,sources/asean_economy_reports/economy_sea_2023_thailand.pdf,https://services.google.com/fh/files/misc/thailand_e_conomy_sea_2023_report.pdf,"PDF page 3, country GMV chart",Bain analysis,"Country digital-economy estimate; not national accounts, tax base, or issuer disclosure"
2021,Thailand,THA,2021,online_media_gmv,4.5,current USD billion,external_market_estimate,rounded chart value,sources/asean_economy_reports/economy_sea_2021_regional.pdf,https://services.google.com/fh/files/misc/e_conomy_sea_2021_report.pdf,"PDF page 121, country GMV chart",Bain analysis,"Country digital-economy estimate; not national accounts, tax base, or issuer disclosure"
2022,Thailand,THA,2021,online_media_gmv,4.6,current USD billion,external_market_estimate,rounded chart value,sources/asean_economy_reports/economy_sea_2022_regional.pdf,https://services.google.com/fh/files/misc/e_conomy_sea_2022_report.pdf,"PDF page 116, country GMV chart",Bain analysis,"Country digital-economy estimate; not national accounts, tax base, or issuer disclosure"
2023,Thailand,THA,2021,online_media_gmv,5.0,current USD billion,external_market_estimate,rounded chart value,sources/asean_economy_reports/economy_sea_2023_thailand.pdf,https://services.google.com/fh/files/misc/thailand_e_conomy_sea_2023_report.pdf,"PDF page 3, country GMV chart",Bain analysis,"Country digital-economy estimate; not national accounts, tax base, or issuer disclosure"
2021,Thailand,THA,2021,online_travel_gmv,2.8,current USD billion,external_market_estimate,rounded chart value,sources/asean_economy_reports/economy_sea_2021_regional.pdf,https://services.google.com/fh/files/misc/e_conomy_sea_2021_report.pdf,"PDF page 121, country GMV chart",Bain analysis,"Country digital-economy estimate; not national accounts, tax base, or issuer disclosure"
2022,Thailand,THA,2021,online_travel_gmv,2.0,current USD billion,external_market_estimate,rounded chart value,sources/asean_economy_reports/economy_sea_2022_regional.pdf,https://services.google.com/fh/files/misc/e_conomy_sea_2022_report.pdf,"PDF page 116, country GMV chart",Bain analysis,"Country digital-economy estimate; not national accounts, tax base, or issuer disclosure"
2023,Thailand,THA,2021,online_travel_gmv,2.0,current USD billion,external_market_estimate,rounded chart value,sources/asean_economy_reports/economy_sea_2023_thailand.pdf,https://services.google.com/fh/files/misc/thailand_e_conomy_sea_2023_report.pdf,"PDF page 3, country GMV chart",Bain analysis,"Country digital-economy estimate; not national accounts, tax base, or issuer disclosure"
2021,Thailand,THA,2021,overall_digital_economy_gmv,30.0,current USD billion,external_market_estimate,rounded chart value,sources/asean_economy_reports/economy_sea_2021_regional.pdf,https://services.google.com/fh/files/misc/e_conomy_sea_2021_report.pdf,"PDF page 121, country GMV chart",Bain analysis,"Country digital-economy estimate; not national accounts, tax base, or issuer disclosure"
2022,Thailand,THA,2021,overall_digital_economy_gmv,30.0,current USD billion,external_market_estimate,rounded chart value,sources/asean_economy_reports/economy_sea_2022_regional.pdf,https://services.google.com/fh/files/misc/e_conomy_sea_2022_report.pdf,"PDF page 116, country GMV chart",Bain analysis,"Country digital-economy estimate; not national accounts, tax base, or issuer disclosure"
2023,Thailand,THA,2021,overall_digital_economy_gmv,30.0,current USD billion,external_market_estimate,rounded chart value,sources/asean_economy_reports/economy_sea_2023_thailand.pdf,https://services.google.com/fh/files/misc/thailand_e_conomy_sea_2023_report.pdf,"PDF page 3, country GMV chart",Bain analysis,"Country digital-economy estimate; not national accounts, tax base, or issuer disclosure"
2021,Thailand,THA,2021,transport_and_food_gmv,2.0,current USD billion,external_market_estimate,rounded chart value,sources/asean_economy_reports/economy_sea_2021_regional.pdf,https://services.google.com/fh/files/misc/e_conomy_sea_2021_report.pdf,"PDF page 121, country GMV chart",Bain analysis,"Country digital-economy estimate; not national accounts, tax base, or issuer disclosure"
2022,Thailand,THA,2021,transport_and_food_gmv,2.7,current USD billion,external_market_estimate,rounded chart value,sources/asean_economy_reports/economy_sea_2022_regional.pdf,https://services.google.com/fh/files/misc/e_conomy_sea_2022_report.pdf,"PDF page 116, country GMV chart",Bain analysis,"Country digital-economy estimate; not national accounts, tax base, or issuer disclosure"
2023,Thailand,THA,2021,transport_and_food_gmv,3.0,current USD billion,external_market_estimate,rounded chart value,sources/asean_economy_reports/economy_sea_2023_thailand.pdf,https://services.google.com/fh/files/misc/thailand_e_conomy_sea_2023_report.pdf,"PDF page 3, country GMV chart",Bain analysis,"Country digital-economy estimate; not national accounts, tax base, or issuer disclosure"
2022,Thailand,THA,2022,ecommerce_gmv,22.0,current USD billion,external_market_estimate,rounded chart value,sources/asean_economy_reports/economy_sea_2022_regional.pdf,https://services.google.com/fh/files/misc/e_conomy_sea_2022_report.pdf,"PDF page 116, country GMV chart",Bain analysis,"Country digital-economy estimate; not national accounts, tax base, or issuer disclosure"
2023,Thailand,THA,2022,ecommerce_gmv,20.0,current USD billion,external_market_estimate,rounded chart value,sources/asean_economy_reports/economy_sea_2023_thailand.pdf,https://services.google.com/fh/files/misc/thailand_e_conomy_sea_2023_report.pdf,"PDF page 3, country GMV chart",Bain analysis,"Country digital-economy estimate; not national accounts, tax base, or issuer disclosure"
2024,Thailand,THA,2022,ecommerce_gmv,20.0,current USD billion,external_market_estimate,rounded chart value,sources/asean_economy_reports/economy_sea_2024_thailand.pdf,https://services.google.com/fh/files/misc/thailand_e_conomy_sea_2024_report.pdf,"PDF page 4, country GMV chart",Bain analysis,"Country digital-economy estimate; not national accounts, tax base, or issuer disclosure"
2022,Thailand,THA,2022,online_media_gmv,5.1,current USD billion,external_market_estimate,rounded chart value,sources/asean_economy_reports/economy_sea_2022_regional.pdf,https://services.google.com/fh/files/misc/e_conomy_sea_2022_report.pdf,"PDF page 116, country GMV chart",Bain analysis,"Country digital-economy estimate; not national accounts, tax base, or issuer disclosure"
2023,Thailand,THA,2022,online_media_gmv,5.0,current USD billion,external_market_estimate,rounded chart value,sources/asean_economy_reports/economy_sea_2023_thailand.pdf,https://services.google.com/fh/files/misc/thailand_e_conomy_sea_2023_report.pdf,"PDF page 3, country GMV chart",Bain analysis,"Country digital-economy estimate; not national accounts, tax base, or issuer disclosure"
2024,Thailand,THA,2022,online_media_gmv,5.0,current USD billion,external_market_estimate,rounded chart value,sources/asean_economy_reports/economy_sea_2024_thailand.pdf,https://services.google.com/fh/files/misc/thailand_e_conomy_sea_2024_report.pdf,"PDF page 4, country GMV chart",Bain analysis,"Country digital-economy estimate; not national accounts, tax base, or issuer disclosure"
2022,Thailand,THA,2022,online_travel_gmv,5.0,current USD billion,external_market_estimate,rounded chart value,sources/asean_economy_reports/economy_sea_2022_regional.pdf,https://services.google.com/fh/files/misc/e_conomy_sea_2022_report.pdf,"PDF page 116, country GMV chart",Bain analysis,"Country digital-economy estimate; not national accounts, tax base, or issuer disclosure"
2023,Thailand,THA,2022,online_travel_gmv,3.0,current USD billion,external_market_estimate,rounded chart value,sources/asean_economy_reports/economy_sea_2023_thailand.pdf,https://services.google.com/fh/files/misc/thailand_e_conomy_sea_2023_report.pdf,"PDF page 3, country GMV chart",Bain analysis,"Country digital-economy estimate; not national accounts, tax base, or issuer disclosure"
2024,Thailand,THA,2022,online_travel_gmv,3.0,current USD billion,external_market_estimate,rounded chart value,sources/asean_economy_reports/economy_sea_2024_thailand.pdf,https://services.google.com/fh/files/misc/thailand_e_conomy_sea_2024_report.pdf,"PDF page 4, country GMV chart",Bain analysis,"Country digital-economy estimate; not national accounts, tax base, or issuer disclosure"
2022,Thailand,THA,2022,overall_digital_economy_gmv,35.0,current USD billion,external_market_estimate,rounded chart value,sources/asean_economy_reports/economy_sea_2022_regional.pdf,https://services.google.com/fh/files/misc/e_conomy_sea_2022_report.pdf,"PDF page 116, country GMV chart",Bain analysis,"Country digital-economy estimate; not national accounts, tax base, or issuer disclosure"
2023,Thailand,THA,2022,overall_digital_economy_gmv,31.0,current USD billion,external_market_estimate,rounded chart value,sources/asean_economy_reports/economy_sea_2023_thailand.pdf,https://services.google.com/fh/files/misc/thailand_e_conomy_sea_2023_report.pdf,"PDF page 3, country GMV chart",Bain analysis,"Country digital-economy estimate; not national accounts, tax base, or issuer disclosure"
2024,Thailand,THA,2022,overall_digital_economy_gmv,31.0,current USD billion,external_market_estimate,rounded chart value,sources/asean_economy_reports/economy_sea_2024_thailand.pdf,https://services.google.com/fh/files/misc/thailand_e_conomy_sea_2024_report.pdf,"PDF page 4, country GMV chart",Bain analysis,"Country digital-economy estimate; not national accounts, tax base, or issuer disclosure"
2022,Thailand,THA,2022,transport_and_food_gmv,3.0,current USD billion,external_market_estimate,rounded chart value,sources/asean_economy_reports/economy_sea_2022_regional.pdf,https://services.google.com/fh/files/misc/e_conomy_sea_2022_report.pdf,"PDF page 116, country GMV chart",Bain analysis,"Country digital-economy estimate; not national accounts, tax base, or issuer disclosure"
2023,Thailand,THA,2022,transport_and_food_gmv,3.0,current USD billion,external_market_estimate,rounded chart value,sources/asean_economy_reports/economy_sea_2023_thailand.pdf,https://services.google.com/fh/files/misc/thailand_e_conomy_sea_2023_report.pdf,"PDF page 3, country GMV chart",Bain analysis,"Country digital-economy estimate; not national accounts, tax base, or issuer disclosure"
2024,Thailand,THA,2022,transport_and_food_gmv,3.0,current USD billion,external_market_estimate,rounded chart value,sources/asean_economy_reports/economy_sea_2024_thailand.pdf,https://services.google.com/fh/files/misc/thailand_e_conomy_sea_2024_report.pdf,"PDF page 4, country GMV chart",Bain analysis,"Country digital-economy estimate; not national accounts, tax base, or issuer disclosure"
2023,Thailand,THA,2023,ecommerce_gmv,22.0,current USD billion,external_market_estimate,rounded chart value,sources/asean_economy_reports/economy_sea_2023_thailand.pdf,https://services.google.com/fh/files/misc/thailand_e_conomy_sea_2023_report.pdf,"PDF page 3, country GMV chart",Bain analysis,"Country digital-economy estimate; not national accounts, tax base, or issuer disclosure"
2024,Thailand,THA,2023,ecommerce_gmv,22.0,current USD billion,external_market_estimate,rounded chart value,sources/asean_economy_reports/economy_sea_2024_thailand.pdf,https://services.google.com/fh/files/misc/thailand_e_conomy_sea_2024_report.pdf,"PDF page 4, country GMV chart",Bain analysis,"Country digital-economy estimate; not national accounts, tax base, or issuer disclosure"
2025,Thailand,THA,2023,ecommerce_gmv,22.0,current USD billion,external_market_estimate,rounded chart value,sources/asean_economy_reports/economy_sea_2025_thailand.pdf,https://services.google.com/fh/files/misc/thailand_e_conomy_sea_2025_report.pdf,"PDF page 3, country GMV chart",Bain analysis,"Country digital-economy estimate; not national accounts, tax base, or issuer disclosure"
2023,Thailand,THA,2023,online_media_gmv,5.0,current USD billion,external_market_estimate,rounded chart value,sources/asean_economy_reports/economy_sea_2023_thailand.pdf,https://services.google.com/fh/files/misc/thailand_e_conomy_sea_2023_report.pdf,"PDF page 3, country GMV chart",Bain analysis,"Country digital-economy estimate; not national accounts, tax base, or issuer disclosure"
2024,Thailand,THA,2023,online_media_gmv,6.0,current USD billion,external_market_estimate,rounded chart value,sources/asean_economy_reports/economy_sea_2024_thailand.pdf,https://services.google.com/fh/files/misc/thailand_e_conomy_sea_2024_report.pdf,"PDF page 4, country GMV chart",Bain analysis,"Country digital-economy estimate; not national accounts, tax base, or issuer disclosure"
2025,Thailand,THA,2023,online_media_gmv,6.0,current USD billion,external_market_estimate,rounded chart value,sources/asean_economy_reports/economy_sea_2025_thailand.pdf,https://services.google.com/fh/files/misc/thailand_e_conomy_sea_2025_report.pdf,"PDF page 3, country GMV chart",Bain analysis,"Country digital-economy estimate; not national accounts, tax base, or issuer disclosure"
2023,Thailand,THA,2023,online_travel_gmv,5.0,current USD billion,external_market_estimate,rounded chart value,sources/asean_economy_reports/economy_sea_2023_thailand.pdf,https://services.google.com/fh/files/misc/thailand_e_conomy_sea_2023_report.pdf,"PDF page 3, country GMV chart",Bain analysis,"Country digital-economy estimate; not national accounts, tax base, or issuer disclosure"
2024,Thailand,THA,2023,online_travel_gmv,8.0,current USD billion,external_market_estimate,rounded chart value,sources/asean_economy_reports/economy_sea_2024_thailand.pdf,https://services.google.com/fh/files/misc/thailand_e_conomy_sea_2024_report.pdf,"PDF page 4, country GMV chart",Bain analysis,"Country digital-economy estimate; not national accounts, tax base, or issuer disclosure"
2025,Thailand,THA,2023,online_travel_gmv,8.0,current USD billion,external_market_estimate,rounded chart value,sources/asean_economy_reports/economy_sea_2025_thailand.pdf,https://services.google.com/fh/files/misc/thailand_e_conomy_sea_2025_report.pdf,"PDF page 3, country GMV chart",Bain analysis,"Country digital-economy estimate; not national accounts, tax base, or issuer disclosure"
2023,Thailand,THA,2023,overall_digital_economy_gmv,36.0,current USD billion,external_market_estimate,rounded chart value,sources/asean_economy_reports/economy_sea_2023_thailand.pdf,https://services.google.com/fh/files/misc/thailand_e_conomy_sea_2023_report.pdf,"PDF page 3, country GMV chart",Bain analysis,"Country digital-economy estimate; not national accounts, tax base, or issuer disclosure"
2024,Thailand,THA,2023,overall_digital_economy_gmv,39.0,current USD billion,external_market_estimate,rounded chart value,sources/asean_economy_reports/economy_sea_2024_thailand.pdf,https://services.google.com/fh/files/misc/thailand_e_conomy_sea_2024_report.pdf,"PDF page 4, country GMV chart",Bain analysis,"Country digital-economy estimate; not national accounts, tax base, or issuer disclosure"
2025,Thailand,THA,2023,overall_digital_economy_gmv,38.0,current USD billion,external_market_estimate,rounded chart value,sources/asean_economy_reports/economy_sea_2025_thailand.pdf,https://services.google.com/fh/files/misc/thailand_e_conomy_sea_2025_report.pdf,"PDF page 3, country GMV chart",Bain analysis,"Country digital-economy estimate; not national accounts, tax base, or issuer disclosure"
2023,Thailand,THA,2023,transport_and_food_gmv,3.0,current USD billion,external_market_estimate,rounded chart value,sources/asean_economy_reports/economy_sea_2023_thailand.pdf,https://services.google.com/fh/files/misc/thailand_e_conomy_sea_2023_report.pdf,"PDF page 3, country GMV chart",Bain analysis,"Country digital-economy estimate; not national accounts, tax base, or issuer disclosure"
2024,Thailand,THA,2023,transport_and_food_gmv,4.0,current USD billion,external_market_estimate,rounded chart value,sources/asean_economy_reports/economy_sea_2024_thailand.pdf,https://services.google.com/fh/files/misc/thailand_e_conomy_sea_2024_report.pdf,"PDF page 4, country GMV chart",Bain analysis,"Country digital-economy estimate; not national accounts, tax base, or issuer disclosure"
2025,Thailand,THA,2023,transport_and_food_gmv,3.0,current USD billion,external_market_estimate,rounded chart value,sources/asean_economy_reports/economy_sea_2025_thailand.pdf,https://services.google.com/fh/files/misc/thailand_e_conomy_sea_2025_report.pdf,"PDF page 3, country GMV chart",Bain analysis,"Country digital-economy estimate; not national accounts, tax base, or issuer disclosure"
2024,Thailand,THA,2024,ecommerce_gmv,26.0,current USD billion,external_market_estimate,rounded chart value,sources/asean_economy_reports/economy_sea_2024_thailand.pdf,https://services.google.com/fh/files/misc/thailand_e_conomy_sea_2024_report.pdf,"PDF page 4, country GMV chart",Bain analysis,"Country digital-economy estimate; not national accounts, tax base, or issuer disclosure"
2025,Thailand,THA,2024,ecommerce_gmv,27.0,current USD billion,external_market_estimate,rounded chart value,sources/asean_economy_reports/economy_sea_2025_thailand.pdf,https://services.google.com/fh/files/misc/thailand_e_conomy_sea_2025_report.pdf,"PDF page 3, country GMV chart",Bain analysis,"Country digital-economy estimate; not national accounts, tax base, or issuer disclosure"
2024,Thailand,THA,2024,online_media_gmv,6.0,current USD billion,external_market_estimate,rounded chart value,sources/asean_economy_reports/economy_sea_2024_thailand.pdf,https://services.google.com/fh/files/misc/thailand_e_conomy_sea_2024_report.pdf,"PDF page 4, country GMV chart",Bain analysis,"Country digital-economy estimate; not national accounts, tax base, or issuer disclosure"
2025,Thailand,THA,2024,online_media_gmv,6.0,current USD billion,external_market_estimate,rounded chart value,sources/asean_economy_reports/economy_sea_2025_thailand.pdf,https://services.google.com/fh/files/misc/thailand_e_conomy_sea_2025_report.pdf,"PDF page 3, country GMV chart",Bain analysis,"Country digital-economy estimate; not national accounts, tax base, or issuer disclosure"
2024,Thailand,THA,2024,online_travel_gmv,10.0,current USD billion,external_market_estimate,rounded chart value,sources/asean_economy_reports/economy_sea_2024_thailand.pdf,https://services.google.com/fh/files/misc/thailand_e_conomy_sea_2024_report.pdf,"PDF page 4, country GMV chart",Bain analysis,"Country digital-economy estimate; not national accounts, tax base, or issuer disclosure"
2025,Thailand,THA,2024,online_travel_gmv,11.0,current USD billion,external_market_estimate,rounded chart value,sources/asean_economy_reports/economy_sea_2025_thailand.pdf,https://services.google.com/fh/files/misc/thailand_e_conomy_sea_2025_report.pdf,"PDF page 3, country GMV chart",Bain analysis,"Country digital-economy estimate; not national accounts, tax base, or issuer disclosure"
2024,Thailand,THA,2024,overall_digital_economy_gmv,46.0,current USD billion,external_market_estimate,rounded chart value,sources/asean_economy_reports/economy_sea_2024_thailand.pdf,https://services.google.com/fh/files/misc/thailand_e_conomy_sea_2024_report.pdf,"PDF page 4, country GMV chart",Bain analysis,"Country digital-economy estimate; not national accounts, tax base, or issuer disclosure"
2025,Thailand,THA,2024,overall_digital_economy_gmv,49.0,current USD billion,external_market_estimate,rounded chart value,sources/asean_economy_reports/economy_sea_2025_thailand.pdf,https://services.google.com/fh/files/misc/thailand_e_conomy_sea_2025_report.pdf,"PDF page 3, country GMV chart",Bain analysis,"Country digital-economy estimate; not national accounts, tax base, or issuer disclosure"
2024,Thailand,THA,2024,transport_and_food_gmv,4.0,current USD billion,external_market_estimate,rounded chart value,sources/asean_economy_reports/economy_sea_2024_thailand.pdf,https://services.google.com/fh/files/misc/thailand_e_conomy_sea_2024_report.pdf,"PDF page 4, country GMV chart",Bain analysis,"Country digital-economy estimate; not national accounts, tax base, or issuer disclosure"
2025,Thailand,THA,2024,transport_and_food_gmv,4.0,current USD billion,external_market_estimate,rounded chart value,sources/asean_economy_reports/economy_sea_2025_thailand.pdf,https://services.google.com/fh/files/misc/thailand_e_conomy_sea_2025_report.pdf,"PDF page 3, country GMV chart",Bain analysis,"Country digital-economy estimate; not national accounts, tax base, or issuer disclosure"
2025,Thailand,THA,2025,ecommerce_gmv,33.0,current USD billion,external_market_estimate,rounded chart value,sources/asean_economy_reports/economy_sea_2025_thailand.pdf,https://services.google.com/fh/files/misc/thailand_e_conomy_sea_2025_report.pdf,"PDF page 3, country GMV chart",Bain analysis,"Country digital-economy estimate; not national accounts, tax base, or issuer disclosure"
2025,Thailand,THA,2025,online_media_gmv,7.0,current USD billion,external_market_estimate,rounded chart value,sources/asean_economy_reports/economy_sea_2025_thailand.pdf,https://services.google.com/fh/files/misc/thailand_e_conomy_sea_2025_report.pdf,"PDF page 3, country GMV chart",Bain analysis,"Country digital-economy estimate; not national accounts, tax base, or issuer disclosure"
2025,Thailand,THA,2025,online_travel_gmv,11.0,current USD billion,external_market_estimate,rounded chart value,sources/asean_economy_reports/economy_sea_2025_thailand.pdf,https://services.google.com/fh/files/misc/thailand_e_conomy_sea_2025_report.pdf,"PDF page 3, country GMV chart",Bain analysis,"Country digital-economy estimate; not national accounts, tax base, or issuer disclosure"
2025,Thailand,THA,2025,overall_digital_economy_gmv,56.0,current USD billion,external_market_estimate,rounded chart value,sources/asean_economy_reports/economy_sea_2025_thailand.pdf,https://services.google.com/fh/files/misc/thailand_e_conomy_sea_2025_report.pdf,"PDF page 3, country GMV chart",Bain analysis,"Country digital-economy estimate; not national accounts, tax base, or issuer disclosure"
2025,Thailand,THA,2025,transport_and_food_gmv,5.0,current USD billion,external_market_estimate,rounded chart value,sources/asean_economy_reports/economy_sea_2025_thailand.pdf,https://services.google.com/fh/files/misc/thailand_e_conomy_sea_2025_report.pdf,"PDF page 3, country GMV chart",Bain analysis,"Country digital-economy estimate; not national accounts, tax base, or issuer disclosure"
2021,Vietnam,VNM,2019,ecommerce_gmv,5.0,current USD billion,external_market_estimate,rounded chart value,sources/asean_economy_reports/economy_sea_2021_regional.pdf,https://services.google.com/fh/files/misc/e_conomy_sea_2021_report.pdf,"PDF page 127, country GMV chart",Bain analysis,"Country digital-economy estimate; not national accounts, tax base, or issuer disclosure"
2022,Vietnam,VNM,2019,ecommerce_gmv,5.0,current USD billion,external_market_estimate,rounded chart value,sources/asean_economy_reports/economy_sea_2022_regional.pdf,https://services.google.com/fh/files/misc/e_conomy_sea_2022_report.pdf,"PDF page 122, country GMV chart",Bain analysis,"Country digital-economy estimate; not national accounts, tax base, or issuer disclosure"
2021,Vietnam,VNM,2019,online_media_gmv,2.8,current USD billion,external_market_estimate,rounded chart value,sources/asean_economy_reports/economy_sea_2021_regional.pdf,https://services.google.com/fh/files/misc/e_conomy_sea_2021_report.pdf,"PDF page 127, country GMV chart",Bain analysis,"Country digital-economy estimate; not national accounts, tax base, or issuer disclosure"
2022,Vietnam,VNM,2019,online_media_gmv,3.0,current USD billion,external_market_estimate,rounded chart value,sources/asean_economy_reports/economy_sea_2022_regional.pdf,https://services.google.com/fh/files/misc/e_conomy_sea_2022_report.pdf,"PDF page 122, country GMV chart",Bain analysis,"Country digital-economy estimate; not national accounts, tax base, or issuer disclosure"
2021,Vietnam,VNM,2019,online_travel_gmv,4.0,current USD billion,external_market_estimate,rounded chart value,sources/asean_economy_reports/economy_sea_2021_regional.pdf,https://services.google.com/fh/files/misc/e_conomy_sea_2021_report.pdf,"PDF page 127, country GMV chart",Bain analysis,"Country digital-economy estimate; not national accounts, tax base, or issuer disclosure"
2022,Vietnam,VNM,2019,online_travel_gmv,5.0,current USD billion,external_market_estimate,rounded chart value,sources/asean_economy_reports/economy_sea_2022_regional.pdf,https://services.google.com/fh/files/misc/e_conomy_sea_2022_report.pdf,"PDF page 122, country GMV chart",Bain analysis,"Country digital-economy estimate; not national accounts, tax base, or issuer disclosure"
2021,Vietnam,VNM,2019,overall_digital_economy_gmv,12.0,current USD billion,external_market_estimate,rounded chart value,sources/asean_economy_reports/economy_sea_2021_regional.pdf,https://services.google.com/fh/files/misc/e_conomy_sea_2021_report.pdf,"PDF page 127, country GMV chart",Bain analysis,"Country digital-economy estimate; not national accounts, tax base, or issuer disclosure"
2022,Vietnam,VNM,2019,overall_digital_economy_gmv,13.0,current USD billion,external_market_estimate,rounded chart value,sources/asean_economy_reports/economy_sea_2022_regional.pdf,https://services.google.com/fh/files/misc/e_conomy_sea_2022_report.pdf,"PDF page 122, country GMV chart",Bain analysis,"Country digital-economy estimate; not national accounts, tax base, or issuer disclosure"
2021,Vietnam,VNM,2019,transport_and_food_gmv,1.1,current USD billion,external_market_estimate,rounded chart value,sources/asean_economy_reports/economy_sea_2021_regional.pdf,https://services.google.com/fh/files/misc/e_conomy_sea_2021_report.pdf,"PDF page 127, country GMV chart",Bain analysis,"Country digital-economy estimate; not national accounts, tax base, or issuer disclosure"
2022,Vietnam,VNM,2019,transport_and_food_gmv,1.0,current USD billion,external_market_estimate,rounded chart value,sources/asean_economy_reports/economy_sea_2022_regional.pdf,https://services.google.com/fh/files/misc/e_conomy_sea_2022_report.pdf,"PDF page 122, country GMV chart",Bain analysis,"Country digital-economy estimate; not national accounts, tax base, or issuer disclosure"
2021,Vietnam,VNM,2020,ecommerce_gmv,8.0,current USD billion,external_market_estimate,rounded chart value,sources/asean_economy_reports/economy_sea_2021_regional.pdf,https://services.google.com/fh/files/misc/e_conomy_sea_2021_report.pdf,"PDF page 127, country GMV chart",Bain analysis,"Country digital-economy estimate; not national accounts, tax base, or issuer disclosure"
2021,Vietnam,VNM,2020,online_media_gmv,3.0,current USD billion,external_market_estimate,rounded chart value,sources/asean_economy_reports/economy_sea_2021_regional.pdf,https://services.google.com/fh/files/misc/e_conomy_sea_2021_report.pdf,"PDF page 127, country GMV chart",Bain analysis,"Country digital-economy estimate; not national accounts, tax base, or issuer disclosure"
2021,Vietnam,VNM,2020,online_travel_gmv,2.5,current USD billion,external_market_estimate,rounded chart value,sources/asean_economy_reports/economy_sea_2021_regional.pdf,https://services.google.com/fh/files/misc/e_conomy_sea_2021_report.pdf,"PDF page 127, country GMV chart",Bain analysis,"Country digital-economy estimate; not national accounts, tax base, or issuer disclosure"
2021,Vietnam,VNM,2020,overall_digital_economy_gmv,16.0,current USD billion,external_market_estimate,rounded chart value,sources/asean_economy_reports/economy_sea_2021_regional.pdf,https://services.google.com/fh/files/misc/e_conomy_sea_2021_report.pdf,"PDF page 127, country GMV chart",Bain analysis,"Country digital-economy estimate; not national accounts, tax base, or issuer disclosure"
2021,Vietnam,VNM,2020,transport_and_food_gmv,1.8,current USD billion,external_market_estimate,rounded chart value,sources/asean_economy_reports/economy_sea_2021_regional.pdf,https://services.google.com/fh/files/misc/e_conomy_sea_2021_report.pdf,"PDF page 127, country GMV chart",Bain analysis,"Country digital-economy estimate; not national accounts, tax base, or issuer disclosure"
2021,Vietnam,VNM,2021,ecommerce_gmv,13.0,current USD billion,external_market_estimate,rounded chart value,sources/asean_economy_reports/economy_sea_2021_regional.pdf,https://services.google.com/fh/files/misc/e_conomy_sea_2021_report.pdf,"PDF page 127, country GMV chart",Bain analysis,"Country digital-economy estimate; not national accounts, tax base, or issuer disclosure"
2022,Vietnam,VNM,2021,ecommerce_gmv,11.0,current USD billion,external_market_estimate,rounded chart value,sources/asean_economy_reports/economy_sea_2022_regional.pdf,https://services.google.com/fh/files/misc/e_conomy_sea_2022_report.pdf,"PDF page 122, country GMV chart",Bain analysis,"Country digital-economy estimate; not national accounts, tax base, or issuer disclosure"
2023,Vietnam,VNM,2021,ecommerce_gmv,11.0,current USD billion,external_market_estimate,rounded chart value,sources/asean_economy_reports/economy_sea_2023_vietnam.pdf,https://services.google.com/fh/files/misc/vietnam_e_conomy_sea_2023_report.pdf,"PDF page 3, country GMV chart",Bain analysis,"Country digital-economy estimate; not national accounts, tax base, or issuer disclosure"
2021,Vietnam,VNM,2021,online_media_gmv,3.9,current USD billion,external_market_estimate,rounded chart value,sources/asean_economy_reports/economy_sea_2021_regional.pdf,https://services.google.com/fh/files/misc/e_conomy_sea_2021_report.pdf,"PDF page 127, country GMV chart",Bain analysis,"Country digital-economy estimate; not national accounts, tax base, or issuer disclosure"
2022,Vietnam,VNM,2021,online_media_gmv,4.0,current USD billion,external_market_estimate,rounded chart value,sources/asean_economy_reports/economy_sea_2022_regional.pdf,https://services.google.com/fh/files/misc/e_conomy_sea_2022_report.pdf,"PDF page 122, country GMV chart",Bain analysis,"Country digital-economy estimate; not national accounts, tax base, or issuer disclosure"
2023,Vietnam,VNM,2021,online_media_gmv,4.0,current USD billion,external_market_estimate,rounded chart value,sources/asean_economy_reports/economy_sea_2023_vietnam.pdf,https://services.google.com/fh/files/misc/vietnam_e_conomy_sea_2023_report.pdf,"PDF page 3, country GMV chart",Bain analysis,"Country digital-economy estimate; not national accounts, tax base, or issuer disclosure"
2021,Vietnam,VNM,2021,online_travel_gmv,1.4,current USD billion,external_market_estimate,rounded chart value,sources/asean_economy_reports/economy_sea_2021_regional.pdf,https://services.google.com/fh/files/misc/e_conomy_sea_2021_report.pdf,"PDF page 127, country GMV chart",Bain analysis,"Country digital-economy estimate; not national accounts, tax base, or issuer disclosure"
2022,Vietnam,VNM,2021,online_travel_gmv,1.0,current USD billion,external_market_estimate,rounded chart value,sources/asean_economy_reports/economy_sea_2022_regional.pdf,https://services.google.com/fh/files/misc/e_conomy_sea_2022_report.pdf,"PDF page 122, country GMV chart",Bain analysis,"Country digital-economy estimate; not national accounts, tax base, or issuer disclosure"
2023,Vietnam,VNM,2021,online_travel_gmv,1.0,current USD billion,external_market_estimate,rounded chart value,sources/asean_economy_reports/economy_sea_2023_vietnam.pdf,https://services.google.com/fh/files/misc/vietnam_e_conomy_sea_2023_report.pdf,"PDF page 3, country GMV chart",Bain analysis,"Country digital-economy estimate; not national accounts, tax base, or issuer disclosure"
2021,Vietnam,VNM,2021,overall_digital_economy_gmv,21.0,current USD billion,external_market_estimate,rounded chart value,sources/asean_economy_reports/economy_sea_2021_regional.pdf,https://services.google.com/fh/files/misc/e_conomy_sea_2021_report.pdf,"PDF page 127, country GMV chart",Bain analysis,"Country digital-economy estimate; not national accounts, tax base, or issuer disclosure"
2022,Vietnam,VNM,2021,overall_digital_economy_gmv,18.0,current USD billion,external_market_estimate,rounded chart value,sources/asean_economy_reports/economy_sea_2022_regional.pdf,https://services.google.com/fh/files/misc/e_conomy_sea_2022_report.pdf,"PDF page 122, country GMV chart",Bain analysis,"Country digital-economy estimate; not national accounts, tax base, or issuer disclosure"
2023,Vietnam,VNM,2021,overall_digital_economy_gmv,18.0,current USD billion,external_market_estimate,rounded chart value,sources/asean_economy_reports/economy_sea_2023_vietnam.pdf,https://services.google.com/fh/files/misc/vietnam_e_conomy_sea_2023_report.pdf,"PDF page 3, country GMV chart",Bain analysis,"Country digital-economy estimate; not national accounts, tax base, or issuer disclosure"
2021,Vietnam,VNM,2021,transport_and_food_gmv,2.4,current USD billion,external_market_estimate,rounded chart value,sources/asean_economy_reports/economy_sea_2021_regional.pdf,https://services.google.com/fh/files/misc/e_conomy_sea_2021_report.pdf,"PDF page 127, country GMV chart",Bain analysis,"Country digital-economy estimate; not national accounts, tax base, or issuer disclosure"
2022,Vietnam,VNM,2021,transport_and_food_gmv,2.0,current USD billion,external_market_estimate,rounded chart value,sources/asean_economy_reports/economy_sea_2022_regional.pdf,https://services.google.com/fh/files/misc/e_conomy_sea_2022_report.pdf,"PDF page 122, country GMV chart",Bain analysis,"Country digital-economy estimate; not national accounts, tax base, or issuer disclosure"
2023,Vietnam,VNM,2021,transport_and_food_gmv,2.0,current USD billion,external_market_estimate,rounded chart value,sources/asean_economy_reports/economy_sea_2023_vietnam.pdf,https://services.google.com/fh/files/misc/vietnam_e_conomy_sea_2023_report.pdf,"PDF page 3, country GMV chart",Bain analysis,"Country digital-economy estimate; not national accounts, tax base, or issuer disclosure"
2022,Vietnam,VNM,2022,ecommerce_gmv,14.0,current USD billion,external_market_estimate,rounded chart value,sources/asean_economy_reports/economy_sea_2022_regional.pdf,https://services.google.com/fh/files/misc/e_conomy_sea_2022_report.pdf,"PDF page 122, country GMV chart",Bain analysis,"Country digital-economy estimate; not national accounts, tax base, or issuer disclosure"
2023,Vietnam,VNM,2022,ecommerce_gmv,15.0,current USD billion,external_market_estimate,rounded chart value,sources/asean_economy_reports/economy_sea_2023_vietnam.pdf,https://services.google.com/fh/files/misc/vietnam_e_conomy_sea_2023_report.pdf,"PDF page 3, country GMV chart",Bain analysis,"Country digital-economy estimate; not national accounts, tax base, or issuer disclosure"
2024,Vietnam,VNM,2022,ecommerce_gmv,15.0,current USD billion,external_market_estimate,rounded chart value,sources/asean_economy_reports/economy_sea_2024_vietnam.pdf,https://services.google.com/fh/files/misc/vietnam_e_conomy_sea_2024_report.pdf,"PDF page 4, country GMV chart",Bain analysis,"Country digital-economy estimate; not national accounts, tax base, or issuer disclosure"
2022,Vietnam,VNM,2022,online_media_gmv,4.3,current USD billion,external_market_estimate,rounded chart value,sources/asean_economy_reports/economy_sea_2022_regional.pdf,https://services.google.com/fh/files/misc/e_conomy_sea_2022_report.pdf,"PDF page 122, country GMV chart",Bain analysis,"Country digital-economy estimate; not national accounts, tax base, or issuer disclosure"
2023,Vietnam,VNM,2022,online_media_gmv,5.0,current USD billion,external_market_estimate,rounded chart value,sources/asean_economy_reports/economy_sea_2023_vietnam.pdf,https://services.google.com/fh/files/misc/vietnam_e_conomy_sea_2023_report.pdf,"PDF page 3, country GMV chart",Bain analysis,"Country digital-economy estimate; not national accounts, tax base, or issuer disclosure"
2024,Vietnam,VNM,2022,online_media_gmv,5.0,current USD billion,external_market_estimate,rounded chart value,sources/asean_economy_reports/economy_sea_2024_vietnam.pdf,https://services.google.com/fh/files/misc/vietnam_e_conomy_sea_2024_report.pdf,"PDF page 4, country GMV chart",Bain analysis,"Country digital-economy estimate; not national accounts, tax base, or issuer disclosure"
2022,Vietnam,VNM,2022,online_travel_gmv,2.0,current USD billion,external_market_estimate,rounded chart value,sources/asean_economy_reports/economy_sea_2022_regional.pdf,https://services.google.com/fh/files/misc/e_conomy_sea_2022_report.pdf,"PDF page 122, country GMV chart",Bain analysis,"Country digital-economy estimate; not national accounts, tax base, or issuer disclosure"
2023,Vietnam,VNM,2022,online_travel_gmv,3.0,current USD billion,external_market_estimate,rounded chart value,sources/asean_economy_reports/economy_sea_2023_vietnam.pdf,https://services.google.com/fh/files/misc/vietnam_e_conomy_sea_2023_report.pdf,"PDF page 3, country GMV chart",Bain analysis,"Country digital-economy estimate; not national accounts, tax base, or issuer disclosure"
2024,Vietnam,VNM,2022,online_travel_gmv,3.0,current USD billion,external_market_estimate,rounded chart value,sources/asean_economy_reports/economy_sea_2024_vietnam.pdf,https://services.google.com/fh/files/misc/vietnam_e_conomy_sea_2024_report.pdf,"PDF page 4, country GMV chart",Bain analysis,"Country digital-economy estimate; not national accounts, tax base, or issuer disclosure"
2022,Vietnam,VNM,2022,overall_digital_economy_gmv,23.0,current USD billion,external_market_estimate,rounded chart value,sources/asean_economy_reports/economy_sea_2022_regional.pdf,https://services.google.com/fh/files/misc/e_conomy_sea_2022_report.pdf,"PDF page 122, country GMV chart",Bain analysis,"Country digital-economy estimate; not national accounts, tax base, or issuer disclosure"
2023,Vietnam,VNM,2022,overall_digital_economy_gmv,25.0,current USD billion,external_market_estimate,rounded chart value,sources/asean_economy_reports/economy_sea_2023_vietnam.pdf,https://services.google.com/fh/files/misc/vietnam_e_conomy_sea_2023_report.pdf,"PDF page 3, country GMV chart",Bain analysis,"Country digital-economy estimate; not national accounts, tax base, or issuer disclosure"
2024,Vietnam,VNM,2022,overall_digital_economy_gmv,25.0,current USD billion,external_market_estimate,rounded chart value,sources/asean_economy_reports/economy_sea_2024_vietnam.pdf,https://services.google.com/fh/files/misc/vietnam_e_conomy_sea_2024_report.pdf,"PDF page 4, country GMV chart",Bain analysis,"Country digital-economy estimate; not national accounts, tax base, or issuer disclosure"
2022,Vietnam,VNM,2022,transport_and_food_gmv,3.0,current USD billion,external_market_estimate,rounded chart value,sources/asean_economy_reports/economy_sea_2022_regional.pdf,https://services.google.com/fh/files/misc/e_conomy_sea_2022_report.pdf,"PDF page 122, country GMV chart",Bain analysis,"Country digital-economy estimate; not national accounts, tax base, or issuer disclosure"
2023,Vietnam,VNM,2022,transport_and_food_gmv,3.0,current USD billion,external_market_estimate,rounded chart value,sources/asean_economy_reports/economy_sea_2023_vietnam.pdf,https://services.google.com/fh/files/misc/vietnam_e_conomy_sea_2023_report.pdf,"PDF page 3, country GMV chart",Bain analysis,"Country digital-economy estimate; not national accounts, tax base, or issuer disclosure"
2024,Vietnam,VNM,2022,transport_and_food_gmv,3.0,current USD billion,external_market_estimate,rounded chart value,sources/asean_economy_reports/economy_sea_2024_vietnam.pdf,https://services.google.com/fh/files/misc/vietnam_e_conomy_sea_2024_report.pdf,"PDF page 4, country GMV chart",Bain analysis,"Country digital-economy estimate; not national accounts, tax base, or issuer disclosure"
2023,Vietnam,VNM,2023,ecommerce_gmv,16.0,current USD billion,external_market_estimate,rounded chart value,sources/asean_economy_reports/economy_sea_2023_vietnam.pdf,https://services.google.com/fh/files/misc/vietnam_e_conomy_sea_2023_report.pdf,"PDF page 3, country GMV chart",Bain analysis,"Country digital-economy estimate; not national accounts, tax base, or issuer disclosure"
2024,Vietnam,VNM,2023,ecommerce_gmv,19.0,current USD billion,external_market_estimate,rounded chart value,sources/asean_economy_reports/economy_sea_2024_vietnam.pdf,https://services.google.com/fh/files/misc/vietnam_e_conomy_sea_2024_report.pdf,"PDF page 4, country GMV chart",Bain analysis,"Country digital-economy estimate; not national accounts, tax base, or issuer disclosure"
2025,Vietnam,VNM,2023,ecommerce_gmv,19.0,current USD billion,external_market_estimate,rounded chart value,sources/asean_economy_reports/economy_sea_2025_vietnam.pdf,https://services.google.com/fh/files/misc/vietnam_e_conomy_sea_2025_report.pdf,"PDF page 3, country GMV chart",Bain analysis,"Country digital-economy estimate; not national accounts, tax base, or issuer disclosure"
2023,Vietnam,VNM,2023,online_media_gmv,5.0,current USD billion,external_market_estimate,rounded chart value,sources/asean_economy_reports/economy_sea_2023_vietnam.pdf,https://services.google.com/fh/files/misc/vietnam_e_conomy_sea_2023_report.pdf,"PDF page 3, country GMV chart",Bain analysis,"Country digital-economy estimate; not national accounts, tax base, or issuer disclosure"
2024,Vietnam,VNM,2023,online_media_gmv,5.0,current USD billion,external_market_estimate,rounded chart value,sources/asean_economy_reports/economy_sea_2024_vietnam.pdf,https://services.google.com/fh/files/misc/vietnam_e_conomy_sea_2024_report.pdf,"PDF page 4, country GMV chart",Bain analysis,"Country digital-economy estimate; not national accounts, tax base, or issuer disclosure"
2025,Vietnam,VNM,2023,online_media_gmv,5.0,current USD billion,external_market_estimate,rounded chart value,sources/asean_economy_reports/economy_sea_2025_vietnam.pdf,https://services.google.com/fh/files/misc/vietnam_e_conomy_sea_2025_report.pdf,"PDF page 3, country GMV chart",Bain analysis,"Country digital-economy estimate; not national accounts, tax base, or issuer disclosure"
2023,Vietnam,VNM,2023,online_travel_gmv,5.0,current USD billion,external_market_estimate,rounded chart value,sources/asean_economy_reports/economy_sea_2023_vietnam.pdf,https://services.google.com/fh/files/misc/vietnam_e_conomy_sea_2023_report.pdf,"PDF page 3, country GMV chart",Bain analysis,"Country digital-economy estimate; not national accounts, tax base, or issuer disclosure"
2024,Vietnam,VNM,2023,online_travel_gmv,4.0,current USD billion,external_market_estimate,rounded chart value,sources/asean_economy_reports/economy_sea_2024_vietnam.pdf,https://services.google.com/fh/files/misc/vietnam_e_conomy_sea_2024_report.pdf,"PDF page 4, country GMV chart",Bain analysis,"Country digital-economy estimate; not national accounts, tax base, or issuer disclosure"
2025,Vietnam,VNM,2023,online_travel_gmv,3.0,current USD billion,external_market_estimate,rounded chart value,sources/asean_economy_reports/economy_sea_2025_vietnam.pdf,https://services.google.com/fh/files/misc/vietnam_e_conomy_sea_2025_report.pdf,"PDF page 3, country GMV chart",Bain analysis,"Country digital-economy estimate; not national accounts, tax base, or issuer disclosure"
2023,Vietnam,VNM,2023,overall_digital_economy_gmv,30.0,current USD billion,external_market_estimate,rounded chart value,sources/asean_economy_reports/economy_sea_2023_vietnam.pdf,https://services.google.com/fh/files/misc/vietnam_e_conomy_sea_2023_report.pdf,"PDF page 3, country GMV chart",Bain analysis,"Country digital-economy estimate; not national accounts, tax base, or issuer disclosure"
2024,Vietnam,VNM,2023,overall_digital_economy_gmv,31.0,current USD billion,external_market_estimate,rounded chart value,sources/asean_economy_reports/economy_sea_2024_vietnam.pdf,https://services.google.com/fh/files/misc/vietnam_e_conomy_sea_2024_report.pdf,"PDF page 4, country GMV chart",Bain analysis,"Country digital-economy estimate; not national accounts, tax base, or issuer disclosure"
2025,Vietnam,VNM,2023,overall_digital_economy_gmv,30.0,current USD billion,external_market_estimate,rounded chart value,sources/asean_economy_reports/economy_sea_2025_vietnam.pdf,https://services.google.com/fh/files/misc/vietnam_e_conomy_sea_2025_report.pdf,"PDF page 3, country GMV chart",Bain analysis,"Country digital-economy estimate; not national accounts, tax base, or issuer disclosure"
2023,Vietnam,VNM,2023,transport_and_food_gmv,3.0,current USD billion,external_market_estimate,rounded chart value,sources/asean_economy_reports/economy_sea_2023_vietnam.pdf,https://services.google.com/fh/files/misc/vietnam_e_conomy_sea_2023_report.pdf,"PDF page 3, country GMV chart",Bain analysis,"Country digital-economy estimate; not national accounts, tax base, or issuer disclosure"
2024,Vietnam,VNM,2023,transport_and_food_gmv,3.0,current USD billion,external_market_estimate,rounded chart value,sources/asean_economy_reports/economy_sea_2024_vietnam.pdf,https://services.google.com/fh/files/misc/vietnam_e_conomy_sea_2024_report.pdf,"PDF page 4, country GMV chart",Bain analysis,"Country digital-economy estimate; not national accounts, tax base, or issuer disclosure"
2025,Vietnam,VNM,2023,transport_and_food_gmv,3.0,current USD billion,external_market_estimate,rounded chart value,sources/asean_economy_reports/economy_sea_2025_vietnam.pdf,https://services.google.com/fh/files/misc/vietnam_e_conomy_sea_2025_report.pdf,"PDF page 3, country GMV chart",Bain analysis,"Country digital-economy estimate; not national accounts, tax base, or issuer disclosure"
2024,Vietnam,VNM,2024,ecommerce_gmv,22.0,current USD billion,external_market_estimate,rounded chart value,sources/asean_economy_reports/economy_sea_2024_vietnam.pdf,https://services.google.com/fh/files/misc/vietnam_e_conomy_sea_2024_report.pdf,"PDF page 4, country GMV chart",Bain analysis,"Country digital-economy estimate; not national accounts, tax base, or issuer disclosure"
2025,Vietnam,VNM,2024,ecommerce_gmv,21.0,current USD billion,external_market_estimate,rounded chart value,sources/asean_economy_reports/economy_sea_2025_vietnam.pdf,https://services.google.com/fh/files/misc/vietnam_e_conomy_sea_2025_report.pdf,"PDF page 3, country GMV chart",Bain analysis,"Country digital-economy estimate; not national accounts, tax base, or issuer disclosure"
2024,Vietnam,VNM,2024,online_media_gmv,6.0,current USD billion,external_market_estimate,rounded chart value,sources/asean_economy_reports/economy_sea_2024_vietnam.pdf,https://services.google.com/fh/files/misc/vietnam_e_conomy_sea_2024_report.pdf,"PDF page 4, country GMV chart",Bain analysis,"Country digital-economy estimate; not national accounts, tax base, or issuer disclosure"
2025,Vietnam,VNM,2024,online_media_gmv,5.0,current USD billion,external_market_estimate,rounded chart value,sources/asean_economy_reports/economy_sea_2025_vietnam.pdf,https://services.google.com/fh/files/misc/vietnam_e_conomy_sea_2025_report.pdf,"PDF page 3, country GMV chart",Bain analysis,"Country digital-economy estimate; not national accounts, tax base, or issuer disclosure"
2024,Vietnam,VNM,2024,online_travel_gmv,5.0,current USD billion,external_market_estimate,rounded chart value,sources/asean_economy_reports/economy_sea_2024_vietnam.pdf,https://services.google.com/fh/files/misc/vietnam_e_conomy_sea_2024_report.pdf,"PDF page 4, country GMV chart",Bain analysis,"Country digital-economy estimate; not national accounts, tax base, or issuer disclosure"
2025,Vietnam,VNM,2024,online_travel_gmv,3.0,current USD billion,external_market_estimate,rounded chart value,sources/asean_economy_reports/economy_sea_2025_vietnam.pdf,https://services.google.com/fh/files/misc/vietnam_e_conomy_sea_2025_report.pdf,"PDF page 3, country GMV chart",Bain analysis,"Country digital-economy estimate; not national accounts, tax base, or issuer disclosure"
2024,Vietnam,VNM,2024,overall_digital_economy_gmv,36.0,current USD billion,external_market_estimate,rounded chart value,sources/asean_economy_reports/economy_sea_2024_vietnam.pdf,https://services.google.com/fh/files/misc/vietnam_e_conomy_sea_2024_report.pdf,"PDF page 4, country GMV chart",Bain analysis,"Country digital-economy estimate; not national accounts, tax base, or issuer disclosure"
2025,Vietnam,VNM,2024,overall_digital_economy_gmv,34.0,current USD billion,external_market_estimate,rounded chart value,sources/asean_economy_reports/economy_sea_2025_vietnam.pdf,https://services.google.com/fh/files/misc/vietnam_e_conomy_sea_2025_report.pdf,"PDF page 3, country GMV chart",Bain analysis,"Country digital-economy estimate; not national accounts, tax base, or issuer disclosure"
2024,Vietnam,VNM,2024,transport_and_food_gmv,4.0,current USD billion,external_market_estimate,rounded chart value,sources/asean_economy_reports/economy_sea_2024_vietnam.pdf,https://services.google.com/fh/files/misc/vietnam_e_conomy_sea_2024_report.pdf,"PDF page 4, country GMV chart",Bain analysis,"Country digital-economy estimate; not national accounts, tax base, or issuer disclosure"
2025,Vietnam,VNM,2024,transport_and_food_gmv,4.0,current USD billion,external_market_estimate,rounded chart value,sources/asean_economy_reports/economy_sea_2025_vietnam.pdf,https://services.google.com/fh/files/misc/vietnam_e_conomy_sea_2025_report.pdf,"PDF page 3, country GMV chart",Bain analysis,"Country digital-economy estimate; not national accounts, tax base, or issuer disclosure"
2025,Vietnam,VNM,2025,ecommerce_gmv,25.0,current USD billion,external_market_estimate,rounded chart value,sources/asean_economy_reports/economy_sea_2025_vietnam.pdf,https://services.google.com/fh/files/misc/vietnam_e_conomy_sea_2025_report.pdf,"PDF page 3, country GMV chart",Bain analysis,"Country digital-economy estimate; not national accounts, tax base, or issuer disclosure"
2025,Vietnam,VNM,2025,online_media_gmv,6.0,current USD billion,external_market_estimate,rounded chart value,sources/asean_economy_reports/economy_sea_2025_vietnam.pdf,https://services.google.com/fh/files/misc/vietnam_e_conomy_sea_2025_report.pdf,"PDF page 3, country GMV chart",Bain analysis,"Country digital-economy estimate; not national accounts, tax base, or issuer disclosure"
2025,Vietnam,VNM,2025,online_travel_gmv,4.0,current USD billion,external_market_estimate,rounded chart value,sources/asean_economy_reports/economy_sea_2025_vietnam.pdf,https://services.google.com/fh/files/misc/vietnam_e_conomy_sea_2025_report.pdf,"PDF page 3, country GMV chart",Bain analysis,"Country digital-economy estimate; not national accounts, tax base, or issuer disclosure"
2025,Vietnam,VNM,2025,overall_digital_economy_gmv,39.0,current USD billion,external_market_estimate,rounded chart value,sources/asean_economy_reports/economy_sea_2025_vietnam.pdf,https://services.google.com/fh/files/misc/vietnam_e_conomy_sea_2025_report.pdf,"PDF page 3, country GMV chart",Bain analysis,"Country digital-economy estimate; not national accounts, tax base, or issuer disclosure"
2025,Vietnam,VNM,2025,transport_and_food_gmv,5.0,current USD billion,external_market_estimate,rounded chart value,sources/asean_economy_reports/economy_sea_2025_vietnam.pdf,https://services.google.com/fh/files/misc/vietnam_e_conomy_sea_2025_report.pdf,"PDF page 3, country GMV chart",Bain analysis,"Country digital-economy estimate; not national accounts, tax base, or issuer disclosure"
