source_sheet,source_table,source_row,indicator_id,indicator_label,unit,year,value_as_published,source_file
5a,Table 5a. ATM Card and Debit Card,7,1,Jumlah Kartu/ Instrumen,Juta Unit/ Millions of Unit,2009,44.530085,SPIP-Desember-2025.xlsx
5a,Table 5a. ATM Card and Debit Card,7,1,Jumlah Kartu/ Instrumen,Juta Unit/ Millions of Unit,2010,51.639165,SPIP-Desember-2025.xlsx
5a,Table 5a. ATM Card and Debit Card,7,1,Jumlah Kartu/ Instrumen,Juta Unit/ Millions of Unit,2011,63.385310000000004,SPIP-Desember-2025.xlsx
5a,Table 5a. ATM Card and Debit Card,7,1,Jumlah Kartu/ Instrumen,Juta Unit/ Millions of Unit,2012,77.752552,SPIP-Desember-2025.xlsx
5a,Table 5a. ATM Card and Debit Card,7,1,Jumlah Kartu/ Instrumen,Juta Unit/ Millions of Unit,2013,89.462289,SPIP-Desember-2025.xlsx
5a,Table 5a. ATM Card and Debit Card,7,1,Jumlah Kartu/ Instrumen,Juta Unit/ Millions of Unit,2014,105.828204,SPIP-Desember-2025.xlsx
5a,Table 5a. ATM Card and Debit Card,7,1,Jumlah Kartu/ Instrumen,Juta Unit/ Millions of Unit,2015,120.279206,SPIP-Desember-2025.xlsx
5a,Table 5a. ATM Card and Debit Card,7,1,Jumlah Kartu/ Instrumen,Juta Unit/ Millions of Unit,2016,136.14835,SPIP-Desember-2025.xlsx
5a,Table 5a. ATM Card and Debit Card,7,1,Jumlah Kartu/ Instrumen,Juta Unit/ Millions of Unit,2017,164.478449,SPIP-Desember-2025.xlsx
5a,Table 5a. ATM Card and Debit Card,7,1,Jumlah Kartu/ Instrumen,Juta Unit/ Millions of Unit,2018,161.329105,SPIP-Desember-2025.xlsx
5a,Table 5a. ATM Card and Debit Card,7,1,Jumlah Kartu/ Instrumen,Juta Unit/ Millions of Unit,2019,183.42534999999998,SPIP-Desember-2025.xlsx
5a,Table 5a. ATM Card and Debit Card,7,1,Jumlah Kartu/ Instrumen,Juta Unit/ Millions of Unit,2020,213.607269,SPIP-Desember-2025.xlsx
5a,Table 5a. ATM Card and Debit Card,7,1,Jumlah Kartu/ Instrumen,Juta Unit/ Millions of Unit,2021,226.301984,SPIP-Desember-2025.xlsx
5a,Table 5a. ATM Card and Debit Card,7,1,Jumlah Kartu/ Instrumen,Juta Unit/ Millions of Unit,2022,256.04830499999997,SPIP-Desember-2025.xlsx
5a,Table 5a. ATM Card and Debit Card,7,1,Jumlah Kartu/ Instrumen,Juta Unit/ Millions of Unit,2023,285.772981,SPIP-Desember-2025.xlsx
5a,Table 5a. ATM Card and Debit Card,7,1,Jumlah Kartu/ Instrumen,Juta Unit/ Millions of Unit,2024,325.55109300000004,SPIP-Desember-2025.xlsx
5a,Table 5a. ATM Card and Debit Card,8,2,Kartu ATM,Juta Unit/ Millions of Unit,2009,3.378235,SPIP-Desember-2025.xlsx
5a,Table 5a. ATM Card and Debit Card,8,2,Kartu ATM,Juta Unit/ Millions of Unit,2010,2.766085,SPIP-Desember-2025.xlsx
5a,Table 5a. ATM Card and Debit Card,8,2,Kartu ATM,Juta Unit/ Millions of Unit,2011,3.623992,SPIP-Desember-2025.xlsx
5a,Table 5a. ATM Card and Debit Card,8,2,Kartu ATM,Juta Unit/ Millions of Unit,2012,4.533187,SPIP-Desember-2025.xlsx
5a,Table 5a. ATM Card and Debit Card,8,2,Kartu ATM,Juta Unit/ Millions of Unit,2013,6.292164,SPIP-Desember-2025.xlsx
5a,Table 5a. ATM Card and Debit Card,8,2,Kartu ATM,Juta Unit/ Millions of Unit,2014,7.189917,SPIP-Desember-2025.xlsx
5a,Table 5a. ATM Card and Debit Card,8,2,Kartu ATM,Juta Unit/ Millions of Unit,2015,7.330388,SPIP-Desember-2025.xlsx
5a,Table 5a. ATM Card and Debit Card,8,2,Kartu ATM,Juta Unit/ Millions of Unit,2016,8.361351,SPIP-Desember-2025.xlsx
5a,Table 5a. ATM Card and Debit Card,8,2,Kartu ATM,Juta Unit/ Millions of Unit,2017,8.815007,SPIP-Desember-2025.xlsx
5a,Table 5a. ATM Card and Debit Card,8,2,Kartu ATM,Juta Unit/ Millions of Unit,2018,8.847011,SPIP-Desember-2025.xlsx
5a,Table 5a. ATM Card and Debit Card,8,2,Kartu ATM,Juta Unit/ Millions of Unit,2019,8.979878,SPIP-Desember-2025.xlsx
5a,Table 5a. ATM Card and Debit Card,8,2,Kartu ATM,Juta Unit/ Millions of Unit,2020,9.504454,SPIP-Desember-2025.xlsx
5a,Table 5a. ATM Card and Debit Card,8,2,Kartu ATM,Juta Unit/ Millions of Unit,2021,5.002136,SPIP-Desember-2025.xlsx
5a,Table 5a. ATM Card and Debit Card,8,2,Kartu ATM,Juta Unit/ Millions of Unit,2022,4.584314,SPIP-Desember-2025.xlsx
5a,Table 5a. ATM Card and Debit Card,8,2,Kartu ATM,Juta Unit/ Millions of Unit,2023,4.299321,SPIP-Desember-2025.xlsx
5a,Table 5a. ATM Card and Debit Card,8,2,Kartu ATM,Juta Unit/ Millions of Unit,2024,3.893839,SPIP-Desember-2025.xlsx
5a,Table 5a. ATM Card and Debit Card,9,3,Kartu ATM+Debet,Juta Unit/ Millions of Unit,2009,41.15185,SPIP-Desember-2025.xlsx
5a,Table 5a. ATM Card and Debit Card,9,3,Kartu ATM+Debet,Juta Unit/ Millions of Unit,2010,48.87308,SPIP-Desember-2025.xlsx
5a,Table 5a. ATM Card and Debit Card,9,3,Kartu ATM+Debet,Juta Unit/ Millions of Unit,2011,59.761318,SPIP-Desember-2025.xlsx
5a,Table 5a. ATM Card and Debit Card,9,3,Kartu ATM+Debet,Juta Unit/ Millions of Unit,2012,73.219365,SPIP-Desember-2025.xlsx
5a,Table 5a. ATM Card and Debit Card,9,3,Kartu ATM+Debet,Juta Unit/ Millions of Unit,2013,83.170125,SPIP-Desember-2025.xlsx
5a,Table 5a. ATM Card and Debit Card,9,3,Kartu ATM+Debet,Juta Unit/ Millions of Unit,2014,98.638287,SPIP-Desember-2025.xlsx
5a,Table 5a. ATM Card and Debit Card,9,3,Kartu ATM+Debet,Juta Unit/ Millions of Unit,2015,112.948818,SPIP-Desember-2025.xlsx
5a,Table 5a. ATM Card and Debit Card,9,3,Kartu ATM+Debet,Juta Unit/ Millions of Unit,2016,127.786999,SPIP-Desember-2025.xlsx
5a,Table 5a. ATM Card and Debit Card,9,3,Kartu ATM+Debet,Juta Unit/ Millions of Unit,2017,155.663442,SPIP-Desember-2025.xlsx
5a,Table 5a. ATM Card and Debit Card,9,3,Kartu ATM+Debet,Juta Unit/ Millions of Unit,2018,152.482094,SPIP-Desember-2025.xlsx
5a,Table 5a. ATM Card and Debit Card,9,3,Kartu ATM+Debet,Juta Unit/ Millions of Unit,2019,174.445472,SPIP-Desember-2025.xlsx
5a,Table 5a. ATM Card and Debit Card,9,3,Kartu ATM+Debet,Juta Unit/ Millions of Unit,2020,204.102815,SPIP-Desember-2025.xlsx
5a,Table 5a. ATM Card and Debit Card,9,3,Kartu ATM+Debet,Juta Unit/ Millions of Unit,2021,221.299848,SPIP-Desember-2025.xlsx
5a,Table 5a. ATM Card and Debit Card,9,3,Kartu ATM+Debet,Juta Unit/ Millions of Unit,2022,251.463991,SPIP-Desember-2025.xlsx
5a,Table 5a. ATM Card and Debit Card,9,3,Kartu ATM+Debet,Juta Unit/ Millions of Unit,2023,281.47366,SPIP-Desember-2025.xlsx
5a,Table 5a. ATM Card and Debit Card,9,3,Kartu ATM+Debet,Juta Unit/ Millions of Unit,2024,321.657254,SPIP-Desember-2025.xlsx
5a,Table 5a. ATM Card and Debit Card,11,5,Volume Transaksi,Ribu Transaksi/ Thousands of Transaction,2009,1561161.673,SPIP-Desember-2025.xlsx
5a,Table 5a. ATM Card and Debit Card,11,5,Volume Transaksi,Ribu Transaksi/ Thousands of Transaction,2010,1812075.8810000003,SPIP-Desember-2025.xlsx
5a,Table 5a. ATM Card and Debit Card,11,5,Volume Transaksi,Ribu Transaksi/ Thousands of Transaction,2011,2262299.433,SPIP-Desember-2025.xlsx
5a,Table 5a. ATM Card and Debit Card,11,5,Volume Transaksi,Ribu Transaksi/ Thousands of Transaction,2012,2824108.3096002475,SPIP-Desember-2025.xlsx
5a,Table 5a. ATM Card and Debit Card,11,5,Volume Transaksi,Ribu Transaksi/ Thousands of Transaction,2013,3461149.8649999998,SPIP-Desember-2025.xlsx
5a,Table 5a. ATM Card and Debit Card,11,5,Volume Transaksi,Ribu Transaksi/ Thousands of Transaction,2014,4077696.164000001,SPIP-Desember-2025.xlsx
5a,Table 5a. ATM Card and Debit Card,11,5,Volume Transaksi,Ribu Transaksi/ Thousands of Transaction,2015,4574387.633,SPIP-Desember-2025.xlsx
5a,Table 5a. ATM Card and Debit Card,11,5,Volume Transaksi,Ribu Transaksi/ Thousands of Transaction,2016,5196512.4520000005,SPIP-Desember-2025.xlsx
5a,Table 5a. ATM Card and Debit Card,11,5,Volume Transaksi,Ribu Transaksi/ Thousands of Transaction,2017,5693226.552,SPIP-Desember-2025.xlsx
5a,Table 5a. ATM Card and Debit Card,11,5,Volume Transaksi,Ribu Transaksi/ Thousands of Transaction,2018,6408118.393,SPIP-Desember-2025.xlsx
5a,Table 5a. ATM Card and Debit Card,11,5,Volume Transaksi,Ribu Transaksi/ Thousands of Transaction,2019,7026962.689758146,SPIP-Desember-2025.xlsx
5a,Table 5a. ATM Card and Debit Card,11,5,Volume Transaksi,Ribu Transaksi/ Thousands of Transaction,2020,6658532.535,SPIP-Desember-2025.xlsx
5a,Table 5a. ATM Card and Debit Card,11,5,Volume Transaksi,Ribu Transaksi/ Thousands of Transaction,2021,7241115.283000001,SPIP-Desember-2025.xlsx
5a,Table 5a. ATM Card and Debit Card,11,5,Volume Transaksi,Ribu Transaksi/ Thousands of Transaction,2022,7558017.712000001,SPIP-Desember-2025.xlsx
5a,Table 5a. ATM Card and Debit Card,11,5,Volume Transaksi,Ribu Transaksi/ Thousands of Transaction,2023,7605991.267,SPIP-Desember-2025.xlsx
5a,Table 5a. ATM Card and Debit Card,11,5,Volume Transaksi,Ribu Transaksi/ Thousands of Transaction,2024,6953935.032,SPIP-Desember-2025.xlsx
5a,Table 5a. ATM Card and Debit Card,12,6,Volume Transaksi Tunai,Ribu Transaksi/ Thousands of Transaction,2009,1134556.744,SPIP-Desember-2025.xlsx
5a,Table 5a. ATM Card and Debit Card,12,6,Volume Transaksi Tunai,Ribu Transaksi/ Thousands of Transaction,2010,1303272.394,SPIP-Desember-2025.xlsx
5a,Table 5a. ATM Card and Debit Card,12,6,Volume Transaksi Tunai,Ribu Transaksi/ Thousands of Transaction,2011,1616632.435,SPIP-Desember-2025.xlsx
5a,Table 5a. ATM Card and Debit Card,12,6,Volume Transaksi Tunai,Ribu Transaksi/ Thousands of Transaction,2012,1954555.3368600986,SPIP-Desember-2025.xlsx
5a,Table 5a. ATM Card and Debit Card,12,6,Volume Transaksi Tunai,Ribu Transaksi/ Thousands of Transaction,2013,2301502.837,SPIP-Desember-2025.xlsx
5a,Table 5a. ATM Card and Debit Card,12,6,Volume Transaksi Tunai,Ribu Transaksi/ Thousands of Transaction,2014,2644726.3050000006,SPIP-Desember-2025.xlsx
5a,Table 5a. ATM Card and Debit Card,12,6,Volume Transaksi Tunai,Ribu Transaksi/ Thousands of Transaction,2015,2900306.606,SPIP-Desember-2025.xlsx
5a,Table 5a. ATM Card and Debit Card,12,6,Volume Transaksi Tunai,Ribu Transaksi/ Thousands of Transaction,2016,3250580.959,SPIP-Desember-2025.xlsx
5a,Table 5a. ATM Card and Debit Card,12,6,Volume Transaksi Tunai,Ribu Transaksi/ Thousands of Transaction,2017,3459513.9800000004,SPIP-Desember-2025.xlsx
5a,Table 5a. ATM Card and Debit Card,12,6,Volume Transaksi Tunai,Ribu Transaksi/ Thousands of Transaction,2018,3852909.2284999997,SPIP-Desember-2025.xlsx
5a,Table 5a. ATM Card and Debit Card,12,6,Volume Transaksi Tunai,Ribu Transaksi/ Thousands of Transaction,2019,4307784.933709303,SPIP-Desember-2025.xlsx
5a,Table 5a. ATM Card and Debit Card,12,6,Volume Transaksi Tunai,Ribu Transaksi/ Thousands of Transaction,2020,3998941.345,SPIP-Desember-2025.xlsx
5a,Table 5a. ATM Card and Debit Card,12,6,Volume Transaksi Tunai,Ribu Transaksi/ Thousands of Transaction,2021,4151773.7970000003,SPIP-Desember-2025.xlsx
5a,Table 5a. ATM Card and Debit Card,12,6,Volume Transaksi Tunai,Ribu Transaksi/ Thousands of Transaction,2022,4777981.337,SPIP-Desember-2025.xlsx
5a,Table 5a. ATM Card and Debit Card,12,6,Volume Transaksi Tunai,Ribu Transaksi/ Thousands of Transaction,2023,4967829.237,SPIP-Desember-2025.xlsx
5a,Table 5a. ATM Card and Debit Card,12,6,Volume Transaksi Tunai,Ribu Transaksi/ Thousands of Transaction,2024,4686645.742000001,SPIP-Desember-2025.xlsx
5a,Table 5a. ATM Card and Debit Card,13,7,Volume Transaksi Belanja,Ribu Transaksi/ Thousands of Transaction,2009,98178.888,SPIP-Desember-2025.xlsx
5a,Table 5a. ATM Card and Debit Card,13,7,Volume Transaksi Belanja,Ribu Transaksi/ Thousands of Transaction,2010,111720.55600000001,SPIP-Desember-2025.xlsx
5a,Table 5a. ATM Card and Debit Card,13,7,Volume Transaksi Belanja,Ribu Transaksi/ Thousands of Transaction,2011,138330.82100000003,SPIP-Desember-2025.xlsx
5a,Table 5a. ATM Card and Debit Card,13,7,Volume Transaksi Belanja,Ribu Transaksi/ Thousands of Transaction,2012,184880.3982553836,SPIP-Desember-2025.xlsx
5a,Table 5a. ATM Card and Debit Card,13,7,Volume Transaksi Belanja,Ribu Transaksi/ Thousands of Transaction,2013,242845.28900000002,SPIP-Desember-2025.xlsx
5a,Table 5a. ATM Card and Debit Card,13,7,Volume Transaksi Belanja,Ribu Transaksi/ Thousands of Transaction,2014,292054.983,SPIP-Desember-2025.xlsx
5a,Table 5a. ATM Card and Debit Card,13,7,Volume Transaksi Belanja,Ribu Transaksi/ Thousands of Transaction,2015,348746.229,SPIP-Desember-2025.xlsx
5a,Table 5a. ATM Card and Debit Card,13,7,Volume Transaksi Belanja,Ribu Transaksi/ Thousands of Transaction,2016,424288.87200000003,SPIP-Desember-2025.xlsx
5a,Table 5a. ATM Card and Debit Card,13,7,Volume Transaksi Belanja,Ribu Transaksi/ Thousands of Transaction,2017,501215.442,SPIP-Desember-2025.xlsx
5a,Table 5a. ATM Card and Debit Card,13,7,Volume Transaksi Belanja,Ribu Transaksi/ Thousands of Transaction,2018,577329.8975000001,SPIP-Desember-2025.xlsx
5a,Table 5a. ATM Card and Debit Card,13,7,Volume Transaksi Belanja,Ribu Transaksi/ Thousands of Transaction,2019,676034.9450000001,SPIP-Desember-2025.xlsx
5a,Table 5a. ATM Card and Debit Card,13,7,Volume Transaksi Belanja,Ribu Transaksi/ Thousands of Transaction,2020,647291.425,SPIP-Desember-2025.xlsx
5a,Table 5a. ATM Card and Debit Card,13,7,Volume Transaksi Belanja,Ribu Transaksi/ Thousands of Transaction,2021,788935.729,SPIP-Desember-2025.xlsx
5a,Table 5a. ATM Card and Debit Card,13,7,Volume Transaksi Belanja,Ribu Transaksi/ Thousands of Transaction,2022,1261622.286,SPIP-Desember-2025.xlsx
5a,Table 5a. ATM Card and Debit Card,13,7,Volume Transaksi Belanja,Ribu Transaksi/ Thousands of Transaction,2023,1375725.4340000001,SPIP-Desember-2025.xlsx
5a,Table 5a. ATM Card and Debit Card,13,7,Volume Transaksi Belanja,Ribu Transaksi/ Thousands of Transaction,2024,1266526.793,SPIP-Desember-2025.xlsx
5a,Table 5a. ATM Card and Debit Card,14,8,Volume Transaksi Transfer Intrabank,Ribu Transaksi/ Thousands of Transaction,2009,288324.537,SPIP-Desember-2025.xlsx
5a,Table 5a. ATM Card and Debit Card,14,8,Volume Transaksi Transfer Intrabank,Ribu Transaksi/ Thousands of Transaction,2010,336475.245,SPIP-Desember-2025.xlsx
5a,Table 5a. ATM Card and Debit Card,14,8,Volume Transaksi Transfer Intrabank,Ribu Transaksi/ Thousands of Transaction,2011,416347.6180000001,SPIP-Desember-2025.xlsx
5a,Table 5a. ATM Card and Debit Card,14,8,Volume Transaksi Transfer Intrabank,Ribu Transaksi/ Thousands of Transaction,2012,536886.935878625,SPIP-Desember-2025.xlsx
5a,Table 5a. ATM Card and Debit Card,14,8,Volume Transaksi Transfer Intrabank,Ribu Transaksi/ Thousands of Transaction,2013,653930.855,SPIP-Desember-2025.xlsx
5a,Table 5a. ATM Card and Debit Card,14,8,Volume Transaksi Transfer Intrabank,Ribu Transaksi/ Thousands of Transaction,2014,800440.9850000001,SPIP-Desember-2025.xlsx
5a,Table 5a. ATM Card and Debit Card,14,8,Volume Transaksi Transfer Intrabank,Ribu Transaksi/ Thousands of Transaction,2015,967589.2459999999,SPIP-Desember-2025.xlsx
5a,Table 5a. ATM Card and Debit Card,14,8,Volume Transaksi Transfer Intrabank,Ribu Transaksi/ Thousands of Transaction,2016,1099605.8020000001,SPIP-Desember-2025.xlsx
5a,Table 5a. ATM Card and Debit Card,14,8,Volume Transaksi Transfer Intrabank,Ribu Transaksi/ Thousands of Transaction,2017,1226678.2159999998,SPIP-Desember-2025.xlsx
5a,Table 5a. ATM Card and Debit Card,14,8,Volume Transaksi Transfer Intrabank,Ribu Transaksi/ Thousands of Transaction,2018,1378110.675,SPIP-Desember-2025.xlsx
5a,Table 5a. ATM Card and Debit Card,14,8,Volume Transaksi Transfer Intrabank,Ribu Transaksi/ Thousands of Transaction,2019,1415531.152,SPIP-Desember-2025.xlsx
5a,Table 5a. ATM Card and Debit Card,14,8,Volume Transaksi Transfer Intrabank,Ribu Transaksi/ Thousands of Transaction,2020,1415867.253,SPIP-Desember-2025.xlsx
5a,Table 5a. ATM Card and Debit Card,14,8,Volume Transaksi Transfer Intrabank,Ribu Transaksi/ Thousands of Transaction,2021,1660580.1130000001,SPIP-Desember-2025.xlsx
5a,Table 5a. ATM Card and Debit Card,14,8,Volume Transaksi Transfer Intrabank,Ribu Transaksi/ Thousands of Transaction,2022,966735.569,SPIP-Desember-2025.xlsx
5a,Table 5a. ATM Card and Debit Card,14,8,Volume Transaksi Transfer Intrabank,Ribu Transaksi/ Thousands of Transaction,2023,787131.297,SPIP-Desember-2025.xlsx
5a,Table 5a. ATM Card and Debit Card,14,8,Volume Transaksi Transfer Intrabank,Ribu Transaksi/ Thousands of Transaction,2024,606358.156,SPIP-Desember-2025.xlsx
5a,Table 5a. ATM Card and Debit Card,15,9,Volume Transaksi Transfer Antarbank,Ribu Transaksi/ Thousands of Transaction,2009,40101.504,SPIP-Desember-2025.xlsx
5a,Table 5a. ATM Card and Debit Card,15,9,Volume Transaksi Transfer Antarbank,Ribu Transaksi/ Thousands of Transaction,2010,60607.686,SPIP-Desember-2025.xlsx
5a,Table 5a. ATM Card and Debit Card,15,9,Volume Transaksi Transfer Antarbank,Ribu Transaksi/ Thousands of Transaction,2011,90988.55900000001,SPIP-Desember-2025.xlsx
5a,Table 5a. ATM Card and Debit Card,15,9,Volume Transaksi Transfer Antarbank,Ribu Transaksi/ Thousands of Transaction,2012,147785.63860614042,SPIP-Desember-2025.xlsx
5a,Table 5a. ATM Card and Debit Card,15,9,Volume Transaksi Transfer Antarbank,Ribu Transaksi/ Thousands of Transaction,2013,262870.88399999996,SPIP-Desember-2025.xlsx
5a,Table 5a. ATM Card and Debit Card,15,9,Volume Transaksi Transfer Antarbank,Ribu Transaksi/ Thousands of Transaction,2014,340473.891,SPIP-Desember-2025.xlsx
5a,Table 5a. ATM Card and Debit Card,15,9,Volume Transaksi Transfer Antarbank,Ribu Transaksi/ Thousands of Transaction,2015,357745.55199999997,SPIP-Desember-2025.xlsx
5a,Table 5a. ATM Card and Debit Card,15,9,Volume Transaksi Transfer Antarbank,Ribu Transaksi/ Thousands of Transaction,2016,422036.81899999996,SPIP-Desember-2025.xlsx
5a,Table 5a. ATM Card and Debit Card,15,9,Volume Transaksi Transfer Antarbank,Ribu Transaksi/ Thousands of Transaction,2017,505818.914,SPIP-Desember-2025.xlsx
5a,Table 5a. ATM Card and Debit Card,15,9,Volume Transaksi Transfer Antarbank,Ribu Transaksi/ Thousands of Transaction,2018,599768.5920000001,SPIP-Desember-2025.xlsx
5a,Table 5a. ATM Card and Debit Card,15,9,Volume Transaksi Transfer Antarbank,Ribu Transaksi/ Thousands of Transaction,2019,627611.6590488428,SPIP-Desember-2025.xlsx
5a,Table 5a. ATM Card and Debit Card,15,9,Volume Transaksi Transfer Antarbank,Ribu Transaksi/ Thousands of Transaction,2020,596432.5120000001,SPIP-Desember-2025.xlsx
5a,Table 5a. ATM Card and Debit Card,15,9,Volume Transaksi Transfer Antarbank,Ribu Transaksi/ Thousands of Transaction,2021,639825.644,SPIP-Desember-2025.xlsx
5a,Table 5a. ATM Card and Debit Card,15,9,Volume Transaksi Transfer Antarbank,Ribu Transaksi/ Thousands of Transaction,2022,551678.52,SPIP-Desember-2025.xlsx
5a,Table 5a. ATM Card and Debit Card,15,9,Volume Transaksi Transfer Antarbank,Ribu Transaksi/ Thousands of Transaction,2023,475305.299,SPIP-Desember-2025.xlsx
5a,Table 5a. ATM Card and Debit Card,15,9,Volume Transaksi Transfer Antarbank,Ribu Transaksi/ Thousands of Transaction,2024,394404.34099999996,SPIP-Desember-2025.xlsx
5a,Table 5a. ATM Card and Debit Card,17,11,Nilai Transaksi,Rp Miliar/Billions of Rp,2009,1811496.3750000002,SPIP-Desember-2025.xlsx
5a,Table 5a. ATM Card and Debit Card,17,11,Nilai Transaksi,Rp Miliar/Billions of Rp,2010,2001853.2,SPIP-Desember-2025.xlsx
5a,Table 5a. ATM Card and Debit Card,17,11,Nilai Transaksi,Rp Miliar/Billions of Rp,2011,2477041.449,SPIP-Desember-2025.xlsx
5a,Table 5a. ATM Card and Debit Card,17,11,Nilai Transaksi,Rp Miliar/Billions of Rp,2012,3065080.0424895603,SPIP-Desember-2025.xlsx
5a,Table 5a. ATM Card and Debit Card,17,11,Nilai Transaksi,Rp Miliar/Billions of Rp,2013,3797370.43775297,SPIP-Desember-2025.xlsx
5a,Table 5a. ATM Card and Debit Card,17,11,Nilai Transaksi,Rp Miliar/Billions of Rp,2014,4445073.437000185,SPIP-Desember-2025.xlsx
5a,Table 5a. ATM Card and Debit Card,17,11,Nilai Transaksi,Rp Miliar/Billions of Rp,2015,4897794.435107243,SPIP-Desember-2025.xlsx
5a,Table 5a. ATM Card and Debit Card,17,11,Nilai Transaksi,Rp Miliar/Billions of Rp,2016,5623912.645856483,SPIP-Desember-2025.xlsx
5a,Table 5a. ATM Card and Debit Card,17,11,Nilai Transaksi,Rp Miliar/Billions of Rp,2017,6200437.636118568,SPIP-Desember-2025.xlsx
5a,Table 5a. ATM Card and Debit Card,17,11,Nilai Transaksi,Rp Miliar/Billions of Rp,2018,6927267.513116791,SPIP-Desember-2025.xlsx
5a,Table 5a. ATM Card and Debit Card,17,11,Nilai Transaksi,Rp Miliar/Billions of Rp,2019,7474823.815873558,SPIP-Desember-2025.xlsx
5a,Table 5a. ATM Card and Debit Card,17,11,Nilai Transaksi,Rp Miliar/Billions of Rp,2020,6916875.229039074,SPIP-Desember-2025.xlsx
5a,Table 5a. ATM Card and Debit Card,17,11,Nilai Transaksi,Rp Miliar/Billions of Rp,2021,7677184.762554602,SPIP-Desember-2025.xlsx
5a,Table 5a. ATM Card and Debit Card,17,11,Nilai Transaksi,Rp Miliar/Billions of Rp,2022,7921627.060656395,SPIP-Desember-2025.xlsx
5a,Table 5a. ATM Card and Debit Card,17,11,Nilai Transaksi,Rp Miliar/Billions of Rp,2023,7805624.193363024,SPIP-Desember-2025.xlsx
5a,Table 5a. ATM Card and Debit Card,17,11,Nilai Transaksi,Rp Miliar/Billions of Rp,2024,7196745.038409728,SPIP-Desember-2025.xlsx
5a,Table 5a. ATM Card and Debit Card,18,12,Nilai Transaksi Tunai,Rp Miliar/Billions of Rp,2009,791934.379,SPIP-Desember-2025.xlsx
5a,Table 5a. ATM Card and Debit Card,18,12,Nilai Transaksi Tunai,Rp Miliar/Billions of Rp,2010,925984.926,SPIP-Desember-2025.xlsx
5a,Table 5a. ATM Card and Debit Card,18,12,Nilai Transaksi Tunai,Rp Miliar/Billions of Rp,2011,1157684.284,SPIP-Desember-2025.xlsx
5a,Table 5a. ATM Card and Debit Card,18,12,Nilai Transaksi Tunai,Rp Miliar/Billions of Rp,2012,1422385.3424106233,SPIP-Desember-2025.xlsx
5a,Table 5a. ATM Card and Debit Card,18,12,Nilai Transaksi Tunai,Rp Miliar/Billions of Rp,2013,1674210.3765138984,SPIP-Desember-2025.xlsx
5a,Table 5a. ATM Card and Debit Card,18,12,Nilai Transaksi Tunai,Rp Miliar/Billions of Rp,2014,1920780.6902506102,SPIP-Desember-2025.xlsx
5a,Table 5a. ATM Card and Debit Card,18,12,Nilai Transaksi Tunai,Rp Miliar/Billions of Rp,2015,2100785.4430930587,SPIP-Desember-2025.xlsx
5a,Table 5a. ATM Card and Debit Card,18,12,Nilai Transaksi Tunai,Rp Miliar/Billions of Rp,2016,2353443.247229708,SPIP-Desember-2025.xlsx
5a,Table 5a. ATM Card and Debit Card,18,12,Nilai Transaksi Tunai,Rp Miliar/Billions of Rp,2017,2528879.4114136756,SPIP-Desember-2025.xlsx
5a,Table 5a. ATM Card and Debit Card,18,12,Nilai Transaksi Tunai,Rp Miliar/Billions of Rp,2018,2837543.6823501647,SPIP-Desember-2025.xlsx
5a,Table 5a. ATM Card and Debit Card,18,12,Nilai Transaksi Tunai,Rp Miliar/Billions of Rp,2019,3204459.01746721,SPIP-Desember-2025.xlsx
5a,Table 5a. ATM Card and Debit Card,18,12,Nilai Transaksi Tunai,Rp Miliar/Billions of Rp,2020,2990972.1595029538,SPIP-Desember-2025.xlsx
5a,Table 5a. ATM Card and Debit Card,18,12,Nilai Transaksi Tunai,Rp Miliar/Billions of Rp,2021,3143608.21643,SPIP-Desember-2025.xlsx
5a,Table 5a. ATM Card and Debit Card,18,12,Nilai Transaksi Tunai,Rp Miliar/Billions of Rp,2022,4314362.004112214,SPIP-Desember-2025.xlsx
5a,Table 5a. ATM Card and Debit Card,18,12,Nilai Transaksi Tunai,Rp Miliar/Billions of Rp,2023,4655224.004446192,SPIP-Desember-2025.xlsx
5a,Table 5a. ATM Card and Debit Card,18,12,Nilai Transaksi Tunai,Rp Miliar/Billions of Rp,2024,4487611.972411529,SPIP-Desember-2025.xlsx
5a,Table 5a. ATM Card and Debit Card,19,13,Nilai Transaksi Belanja,Rp Miliar/Billions of Rp,2009,56171.235,SPIP-Desember-2025.xlsx
5a,Table 5a. ATM Card and Debit Card,19,13,Nilai Transaksi Belanja,Rp Miliar/Billions of Rp,2010,65317.622,SPIP-Desember-2025.xlsx
5a,Table 5a. ATM Card and Debit Card,19,13,Nilai Transaksi Belanja,Rp Miliar/Billions of Rp,2011,84571.382,SPIP-Desember-2025.xlsx
5a,Table 5a. ATM Card and Debit Card,19,13,Nilai Transaksi Belanja,Rp Miliar/Billions of Rp,2012,110703.02002162569,SPIP-Desember-2025.xlsx
5a,Table 5a. ATM Card and Debit Card,19,13,Nilai Transaksi Belanja,Rp Miliar/Billions of Rp,2013,147112.9067015935,SPIP-Desember-2025.xlsx
5a,Table 5a. ATM Card and Debit Card,19,13,Nilai Transaksi Belanja,Rp Miliar/Billions of Rp,2014,180640.90162941802,SPIP-Desember-2025.xlsx
5a,Table 5a. ATM Card and Debit Card,19,13,Nilai Transaksi Belanja,Rp Miliar/Billions of Rp,2015,210386.400449829,SPIP-Desember-2025.xlsx
5a,Table 5a. ATM Card and Debit Card,19,13,Nilai Transaksi Belanja,Rp Miliar/Billions of Rp,2016,251846.504002702,SPIP-Desember-2025.xlsx
5a,Table 5a. ATM Card and Debit Card,19,13,Nilai Transaksi Belanja,Rp Miliar/Billions of Rp,2017,286214.063152211,SPIP-Desember-2025.xlsx
5a,Table 5a. ATM Card and Debit Card,19,13,Nilai Transaksi Belanja,Rp Miliar/Billions of Rp,2018,293279.1481608495,SPIP-Desember-2025.xlsx
5a,Table 5a. ATM Card and Debit Card,19,13,Nilai Transaksi Belanja,Rp Miliar/Billions of Rp,2019,332905.55225395295,SPIP-Desember-2025.xlsx
5a,Table 5a. ATM Card and Debit Card,19,13,Nilai Transaksi Belanja,Rp Miliar/Billions of Rp,2020,284783.50729909993,SPIP-Desember-2025.xlsx
5a,Table 5a. ATM Card and Debit Card,19,13,Nilai Transaksi Belanja,Rp Miliar/Billions of Rp,2021,336109.9108446021,SPIP-Desember-2025.xlsx
5a,Table 5a. ATM Card and Debit Card,19,13,Nilai Transaksi Belanja,Rp Miliar/Billions of Rp,2022,548606.4794913031,SPIP-Desember-2025.xlsx
5a,Table 5a. ATM Card and Debit Card,19,13,Nilai Transaksi Belanja,Rp Miliar/Billions of Rp,2023,567795.9179712179,SPIP-Desember-2025.xlsx
5a,Table 5a. ATM Card and Debit Card,19,13,Nilai Transaksi Belanja,Rp Miliar/Billions of Rp,2024,531666.755989468,SPIP-Desember-2025.xlsx
5a,Table 5a. ATM Card and Debit Card,20,14,Nilai Transaksi Transfer Intrabank,Rp Miliar/Billions of Rp,2009,892633.807,SPIP-Desember-2025.xlsx
5a,Table 5a. ATM Card and Debit Card,20,14,Nilai Transaksi Transfer Intrabank,Rp Miliar/Billions of Rp,2010,900721.243,SPIP-Desember-2025.xlsx
5a,Table 5a. ATM Card and Debit Card,20,14,Nilai Transaksi Transfer Intrabank,Rp Miliar/Billions of Rp,2011,1072512.226,SPIP-Desember-2025.xlsx
5a,Table 5a. ATM Card and Debit Card,20,14,Nilai Transaksi Transfer Intrabank,Rp Miliar/Billions of Rp,2012,1270110.689374741,SPIP-Desember-2025.xlsx
5a,Table 5a. ATM Card and Debit Card,20,14,Nilai Transaksi Transfer Intrabank,Rp Miliar/Billions of Rp,2013,1507368.1215594849,SPIP-Desember-2025.xlsx
5a,Table 5a. ATM Card and Debit Card,20,14,Nilai Transaksi Transfer Intrabank,Rp Miliar/Billions of Rp,2014,1705169.6550260012,SPIP-Desember-2025.xlsx
5a,Table 5a. ATM Card and Debit Card,20,14,Nilai Transaksi Transfer Intrabank,Rp Miliar/Billions of Rp,2015,1847494.4296972915,SPIP-Desember-2025.xlsx
5a,Table 5a. ATM Card and Debit Card,20,14,Nilai Transaksi Transfer Intrabank,Rp Miliar/Billions of Rp,2016,2121257.7520617824,SPIP-Desember-2025.xlsx
5a,Table 5a. ATM Card and Debit Card,20,14,Nilai Transaksi Transfer Intrabank,Rp Miliar/Billions of Rp,2017,2317677.9796773223,SPIP-Desember-2025.xlsx
5a,Table 5a. ATM Card and Debit Card,20,14,Nilai Transaksi Transfer Intrabank,Rp Miliar/Billions of Rp,2018,2586867.795709449,SPIP-Desember-2025.xlsx
5a,Table 5a. ATM Card and Debit Card,20,14,Nilai Transaksi Transfer Intrabank,Rp Miliar/Billions of Rp,2019,2648793.997239648,SPIP-Desember-2025.xlsx
5a,Table 5a. ATM Card and Debit Card,20,14,Nilai Transaksi Transfer Intrabank,Rp Miliar/Billions of Rp,2020,2455409.8223499996,SPIP-Desember-2025.xlsx
5a,Table 5a. ATM Card and Debit Card,20,14,Nilai Transaksi Transfer Intrabank,Rp Miliar/Billions of Rp,2021,2866516.3054299997,SPIP-Desember-2025.xlsx
5a,Table 5a. ATM Card and Debit Card,20,14,Nilai Transaksi Transfer Intrabank,Rp Miliar/Billions of Rp,2022,1917431.1853066606,SPIP-Desember-2025.xlsx
5a,Table 5a. ATM Card and Debit Card,20,14,Nilai Transaksi Transfer Intrabank,Rp Miliar/Billions of Rp,2023,1662346.616503629,SPIP-Desember-2025.xlsx
5a,Table 5a. ATM Card and Debit Card,20,14,Nilai Transaksi Transfer Intrabank,Rp Miliar/Billions of Rp,2024,1356279.0786152887,SPIP-Desember-2025.xlsx
5a,Table 5a. ATM Card and Debit Card,21,15,Nilai Transaksi Transfer Antarbank,Rp Miliar/Billions of Rp,2009,70756.954,SPIP-Desember-2025.xlsx
5a,Table 5a. ATM Card and Debit Card,21,15,Nilai Transaksi Transfer Antarbank,Rp Miliar/Billions of Rp,2010,109829.409,SPIP-Desember-2025.xlsx
5a,Table 5a. ATM Card and Debit Card,21,15,Nilai Transaksi Transfer Antarbank,Rp Miliar/Billions of Rp,2011,162273.557,SPIP-Desember-2025.xlsx
5a,Table 5a. ATM Card and Debit Card,21,15,Nilai Transaksi Transfer Antarbank,Rp Miliar/Billions of Rp,2012,261880.9906825703,SPIP-Desember-2025.xlsx
5a,Table 5a. ATM Card and Debit Card,21,15,Nilai Transaksi Transfer Antarbank,Rp Miliar/Billions of Rp,2013,468679.0329779931,SPIP-Desember-2025.xlsx
5a,Table 5a. ATM Card and Debit Card,21,15,Nilai Transaksi Transfer Antarbank,Rp Miliar/Billions of Rp,2014,638482.190094156,SPIP-Desember-2025.xlsx
5a,Table 5a. ATM Card and Debit Card,21,15,Nilai Transaksi Transfer Antarbank,Rp Miliar/Billions of Rp,2015,739128.161867064,SPIP-Desember-2025.xlsx
5a,Table 5a. ATM Card and Debit Card,21,15,Nilai Transaksi Transfer Antarbank,Rp Miliar/Billions of Rp,2016,897365.1425622901,SPIP-Desember-2025.xlsx
5a,Table 5a. ATM Card and Debit Card,21,15,Nilai Transaksi Transfer Antarbank,Rp Miliar/Billions of Rp,2017,1067666.1818753588,SPIP-Desember-2025.xlsx
5a,Table 5a. ATM Card and Debit Card,21,15,Nilai Transaksi Transfer Antarbank,Rp Miliar/Billions of Rp,2018,1209576.886896327,SPIP-Desember-2025.xlsx
5a,Table 5a. ATM Card and Debit Card,21,15,Nilai Transaksi Transfer Antarbank,Rp Miliar/Billions of Rp,2019,1288665.2489127468,SPIP-Desember-2025.xlsx
5a,Table 5a. ATM Card and Debit Card,21,15,Nilai Transaksi Transfer Antarbank,Rp Miliar/Billions of Rp,2020,1185709.7398870199,SPIP-Desember-2025.xlsx
5a,Table 5a. ATM Card and Debit Card,21,15,Nilai Transaksi Transfer Antarbank,Rp Miliar/Billions of Rp,2021,1330950.3298499999,SPIP-Desember-2025.xlsx
5a,Table 5a. ATM Card and Debit Card,21,15,Nilai Transaksi Transfer Antarbank,Rp Miliar/Billions of Rp,2022,1141227.3917462179,SPIP-Desember-2025.xlsx
5a,Table 5a. ATM Card and Debit Card,21,15,Nilai Transaksi Transfer Antarbank,Rp Miliar/Billions of Rp,2023,920257.6544419848,SPIP-Desember-2025.xlsx
5a,Table 5a. ATM Card and Debit Card,21,15,Nilai Transaksi Transfer Antarbank,Rp Miliar/Billions of Rp,2024,821187.231393442,SPIP-Desember-2025.xlsx
5a,Table 5a. ATM Card and Debit Card,24,18,Penerbit,Satuan/Unit,2012,102,SPIP-Desember-2025.xlsx
5a,Table 5a. ATM Card and Debit Card,24,18,Penerbit,Satuan/Unit,2013,106,SPIP-Desember-2025.xlsx
5a,Table 5a. ATM Card and Debit Card,24,18,Penerbit,Satuan/Unit,2014,109,SPIP-Desember-2025.xlsx
5a,Table 5a. ATM Card and Debit Card,24,18,Penerbit,Satuan/Unit,2015,111,SPIP-Desember-2025.xlsx
5a,Table 5a. ATM Card and Debit Card,24,18,Penerbit,Satuan/Unit,2016,112,SPIP-Desember-2025.xlsx
5a,Table 5a. ATM Card and Debit Card,24,18,Penerbit,Satuan/Unit,2017,110,SPIP-Desember-2025.xlsx
5a,Table 5a. ATM Card and Debit Card,24,18,Penerbit,Satuan/Unit,2018,112,SPIP-Desember-2025.xlsx
5a,Table 5a. ATM Card and Debit Card,24,18,Penerbit,Satuan/Unit,2019,109,SPIP-Desember-2025.xlsx
5a,Table 5a. ATM Card and Debit Card,24,18,Penerbit,Satuan/Unit,2020,109,SPIP-Desember-2025.xlsx
5a,Table 5a. ATM Card and Debit Card,24,18,Penerbit,Satuan/Unit,2021,108,SPIP-Desember-2025.xlsx
5a,Table 5a. ATM Card and Debit Card,24,18,Penerbit,Satuan/Unit,2022,111,SPIP-Desember-2025.xlsx
5a,Table 5a. ATM Card and Debit Card,24,18,Penerbit,Satuan/Unit,2023,114,SPIP-Desember-2025.xlsx
5a,Table 5a. ATM Card and Debit Card,24,18,Penerbit,Satuan/Unit,2024,115,SPIP-Desember-2025.xlsx
5a,Table 5a. ATM Card and Debit Card,25,19,Bank Umum,Satuan/Unit,2012,85,SPIP-Desember-2025.xlsx
5a,Table 5a. ATM Card and Debit Card,25,19,Bank Umum,Satuan/Unit,2013,87,SPIP-Desember-2025.xlsx
5a,Table 5a. ATM Card and Debit Card,25,19,Bank Umum,Satuan/Unit,2014,88,SPIP-Desember-2025.xlsx
5a,Table 5a. ATM Card and Debit Card,25,19,Bank Umum,Satuan/Unit,2015,90,SPIP-Desember-2025.xlsx
5a,Table 5a. ATM Card and Debit Card,25,19,Bank Umum,Satuan/Unit,2016,91,SPIP-Desember-2025.xlsx
5a,Table 5a. ATM Card and Debit Card,25,19,Bank Umum,Satuan/Unit,2017,88,SPIP-Desember-2025.xlsx
5a,Table 5a. ATM Card and Debit Card,25,19,Bank Umum,Satuan/Unit,2018,89,SPIP-Desember-2025.xlsx
5a,Table 5a. ATM Card and Debit Card,25,19,Bank Umum,Satuan/Unit,2019,87,SPIP-Desember-2025.xlsx
5a,Table 5a. ATM Card and Debit Card,25,19,Bank Umum,Satuan/Unit,2020,87,SPIP-Desember-2025.xlsx
5a,Table 5a. ATM Card and Debit Card,25,19,Bank Umum,Satuan/Unit,2021,87,SPIP-Desember-2025.xlsx
5a,Table 5a. ATM Card and Debit Card,25,19,Bank Umum,Satuan/Unit,2022,87,SPIP-Desember-2025.xlsx
5a,Table 5a. ATM Card and Debit Card,25,19,Bank Umum,Satuan/Unit,2023,86,SPIP-Desember-2025.xlsx
5a,Table 5a. ATM Card and Debit Card,25,19,Bank Umum,Satuan/Unit,2024,86,SPIP-Desember-2025.xlsx
5a,Table 5a. ATM Card and Debit Card,26,20,Bank Syariah,Satuan/Unit,2012,8,SPIP-Desember-2025.xlsx
5a,Table 5a. ATM Card and Debit Card,26,20,Bank Syariah,Satuan/Unit,2013,8,SPIP-Desember-2025.xlsx
5a,Table 5a. ATM Card and Debit Card,26,20,Bank Syariah,Satuan/Unit,2014,10,SPIP-Desember-2025.xlsx
5a,Table 5a. ATM Card and Debit Card,26,20,Bank Syariah,Satuan/Unit,2015,10,SPIP-Desember-2025.xlsx
5a,Table 5a. ATM Card and Debit Card,26,20,Bank Syariah,Satuan/Unit,2016,10,SPIP-Desember-2025.xlsx
5a,Table 5a. ATM Card and Debit Card,26,20,Bank Syariah,Satuan/Unit,2017,10,SPIP-Desember-2025.xlsx
5a,Table 5a. ATM Card and Debit Card,26,20,Bank Syariah,Satuan/Unit,2018,11,SPIP-Desember-2025.xlsx
5a,Table 5a. ATM Card and Debit Card,26,20,Bank Syariah,Satuan/Unit,2019,11,SPIP-Desember-2025.xlsx
5a,Table 5a. ATM Card and Debit Card,26,20,Bank Syariah,Satuan/Unit,2020,11,SPIP-Desember-2025.xlsx
5a,Table 5a. ATM Card and Debit Card,26,20,Bank Syariah,Satuan/Unit,2021,9,SPIP-Desember-2025.xlsx
5a,Table 5a. ATM Card and Debit Card,26,20,Bank Syariah,Satuan/Unit,2022,9,SPIP-Desember-2025.xlsx
5a,Table 5a. ATM Card and Debit Card,26,20,Bank Syariah,Satuan/Unit,2023,9,SPIP-Desember-2025.xlsx
5a,Table 5a. ATM Card and Debit Card,26,20,Bank Syariah,Satuan/Unit,2024,10,SPIP-Desember-2025.xlsx
5a,Table 5a. ATM Card and Debit Card,27,21,BPR,Satuan/Unit,2012,9,SPIP-Desember-2025.xlsx
5a,Table 5a. ATM Card and Debit Card,27,21,BPR,Satuan/Unit,2013,11,SPIP-Desember-2025.xlsx
5a,Table 5a. ATM Card and Debit Card,27,21,BPR,Satuan/Unit,2014,11,SPIP-Desember-2025.xlsx
5a,Table 5a. ATM Card and Debit Card,27,21,BPR,Satuan/Unit,2015,11,SPIP-Desember-2025.xlsx
5a,Table 5a. ATM Card and Debit Card,27,21,BPR,Satuan/Unit,2016,11,SPIP-Desember-2025.xlsx
5a,Table 5a. ATM Card and Debit Card,27,21,BPR,Satuan/Unit,2017,12,SPIP-Desember-2025.xlsx
5a,Table 5a. ATM Card and Debit Card,27,21,BPR,Satuan/Unit,2018,12,SPIP-Desember-2025.xlsx
5a,Table 5a. ATM Card and Debit Card,27,21,BPR,Satuan/Unit,2019,11,SPIP-Desember-2025.xlsx
5a,Table 5a. ATM Card and Debit Card,27,21,BPR,Satuan/Unit,2020,11,SPIP-Desember-2025.xlsx
5a,Table 5a. ATM Card and Debit Card,27,21,BPR,Satuan/Unit,2021,12,SPIP-Desember-2025.xlsx
5a,Table 5a. ATM Card and Debit Card,27,21,BPR,Satuan/Unit,2022,15,SPIP-Desember-2025.xlsx
5a,Table 5a. ATM Card and Debit Card,27,21,BPR,Satuan/Unit,2023,19,SPIP-Desember-2025.xlsx
5a,Table 5a. ATM Card and Debit Card,27,21,BPR,Satuan/Unit,2024,19,SPIP-Desember-2025.xlsx
5a,Table 5a. ATM Card and Debit Card,28,22,Acquirer,Satuan/Unit,2012,16,SPIP-Desember-2025.xlsx
5a,Table 5a. ATM Card and Debit Card,28,22,Acquirer,Satuan/Unit,2013,17,SPIP-Desember-2025.xlsx
5a,Table 5a. ATM Card and Debit Card,28,22,Acquirer,Satuan/Unit,2014,18,SPIP-Desember-2025.xlsx
5a,Table 5a. ATM Card and Debit Card,28,22,Acquirer,Satuan/Unit,2015,18,SPIP-Desember-2025.xlsx
5a,Table 5a. ATM Card and Debit Card,28,22,Acquirer,Satuan/Unit,2016,18,SPIP-Desember-2025.xlsx
5a,Table 5a. ATM Card and Debit Card,28,22,Acquirer,Satuan/Unit,2017,19,SPIP-Desember-2025.xlsx
5a,Table 5a. ATM Card and Debit Card,28,22,Acquirer,Satuan/Unit,2018,19,SPIP-Desember-2025.xlsx
5a,Table 5a. ATM Card and Debit Card,28,22,Acquirer,Satuan/Unit,2019,21,SPIP-Desember-2025.xlsx
5a,Table 5a. ATM Card and Debit Card,28,22,Acquirer,Satuan/Unit,2020,23,SPIP-Desember-2025.xlsx
5a,Table 5a. ATM Card and Debit Card,28,22,Acquirer,Satuan/Unit,2021,23,SPIP-Desember-2025.xlsx
5a,Table 5a. ATM Card and Debit Card,28,22,Acquirer,Satuan/Unit,2022,23,SPIP-Desember-2025.xlsx
5a,Table 5a. ATM Card and Debit Card,28,22,Acquirer,Satuan/Unit,2023,23,SPIP-Desember-2025.xlsx
5a,Table 5a. ATM Card and Debit Card,28,22,Acquirer,Satuan/Unit,2024,24,SPIP-Desember-2025.xlsx
5a,Table 5a. ATM Card and Debit Card,29,23,Bank Umum,Satuan/Unit,2012,15,SPIP-Desember-2025.xlsx
5a,Table 5a. ATM Card and Debit Card,29,23,Bank Umum,Satuan/Unit,2013,15,SPIP-Desember-2025.xlsx
5a,Table 5a. ATM Card and Debit Card,29,23,Bank Umum,Satuan/Unit,2014,16,SPIP-Desember-2025.xlsx
5a,Table 5a. ATM Card and Debit Card,29,23,Bank Umum,Satuan/Unit,2015,16,SPIP-Desember-2025.xlsx
5a,Table 5a. ATM Card and Debit Card,29,23,Bank Umum,Satuan/Unit,2016,16,SPIP-Desember-2025.xlsx
5a,Table 5a. ATM Card and Debit Card,29,23,Bank Umum,Satuan/Unit,2017,17,SPIP-Desember-2025.xlsx
5a,Table 5a. ATM Card and Debit Card,29,23,Bank Umum,Satuan/Unit,2018,17,SPIP-Desember-2025.xlsx
5a,Table 5a. ATM Card and Debit Card,29,23,Bank Umum,Satuan/Unit,2019,19,SPIP-Desember-2025.xlsx
5a,Table 5a. ATM Card and Debit Card,29,23,Bank Umum,Satuan/Unit,2020,21,SPIP-Desember-2025.xlsx
5a,Table 5a. ATM Card and Debit Card,29,23,Bank Umum,Satuan/Unit,2021,21,SPIP-Desember-2025.xlsx
5a,Table 5a. ATM Card and Debit Card,29,23,Bank Umum,Satuan/Unit,2022,21,SPIP-Desember-2025.xlsx
5a,Table 5a. ATM Card and Debit Card,29,23,Bank Umum,Satuan/Unit,2023,21,SPIP-Desember-2025.xlsx
5a,Table 5a. ATM Card and Debit Card,29,23,Bank Umum,Satuan/Unit,2024,22,SPIP-Desember-2025.xlsx
5a,Table 5a. ATM Card and Debit Card,30,24,Lembaga Selain Bank/LSB,Satuan/Unit,2012,1,SPIP-Desember-2025.xlsx
5a,Table 5a. ATM Card and Debit Card,30,24,Lembaga Selain Bank/LSB,Satuan/Unit,2013,2,SPIP-Desember-2025.xlsx
5a,Table 5a. ATM Card and Debit Card,30,24,Lembaga Selain Bank/LSB,Satuan/Unit,2014,2,SPIP-Desember-2025.xlsx
5a,Table 5a. ATM Card and Debit Card,30,24,Lembaga Selain Bank/LSB,Satuan/Unit,2015,2,SPIP-Desember-2025.xlsx
5a,Table 5a. ATM Card and Debit Card,30,24,Lembaga Selain Bank/LSB,Satuan/Unit,2016,2,SPIP-Desember-2025.xlsx
5a,Table 5a. ATM Card and Debit Card,30,24,Lembaga Selain Bank/LSB,Satuan/Unit,2017,2,SPIP-Desember-2025.xlsx
5a,Table 5a. ATM Card and Debit Card,30,24,Lembaga Selain Bank/LSB,Satuan/Unit,2018,2,SPIP-Desember-2025.xlsx
5a,Table 5a. ATM Card and Debit Card,30,24,Lembaga Selain Bank/LSB,Satuan/Unit,2019,2,SPIP-Desember-2025.xlsx
5a,Table 5a. ATM Card and Debit Card,30,24,Lembaga Selain Bank/LSB,Satuan/Unit,2020,2,SPIP-Desember-2025.xlsx
5a,Table 5a. ATM Card and Debit Card,30,24,Lembaga Selain Bank/LSB,Satuan/Unit,2021,2,SPIP-Desember-2025.xlsx
5a,Table 5a. ATM Card and Debit Card,30,24,Lembaga Selain Bank/LSB,Satuan/Unit,2022,2,SPIP-Desember-2025.xlsx
5a,Table 5a. ATM Card and Debit Card,30,24,Lembaga Selain Bank/LSB,Satuan/Unit,2023,2,SPIP-Desember-2025.xlsx
5a,Table 5a. ATM Card and Debit Card,30,24,Lembaga Selain Bank/LSB,Satuan/Unit,2024,2,SPIP-Desember-2025.xlsx
5a,Table 5a. ATM Card and Debit Card,31,25,Prinsipal,Satuan/Unit,2012,6,SPIP-Desember-2025.xlsx
5a,Table 5a. ATM Card and Debit Card,31,25,Prinsipal,Satuan/Unit,2013,6,SPIP-Desember-2025.xlsx
5a,Table 5a. ATM Card and Debit Card,31,25,Prinsipal,Satuan/Unit,2014,6,SPIP-Desember-2025.xlsx
5a,Table 5a. ATM Card and Debit Card,31,25,Prinsipal,Satuan/Unit,2015,6,SPIP-Desember-2025.xlsx
5a,Table 5a. ATM Card and Debit Card,31,25,Prinsipal,Satuan/Unit,2016,6,SPIP-Desember-2025.xlsx
5a,Table 5a. ATM Card and Debit Card,31,25,Prinsipal,Satuan/Unit,2017,7,SPIP-Desember-2025.xlsx
5a,Table 5a. ATM Card and Debit Card,31,25,Prinsipal,Satuan/Unit,2018,7,SPIP-Desember-2025.xlsx
5a,Table 5a. ATM Card and Debit Card,31,25,Prinsipal,Satuan/Unit,2019,8,SPIP-Desember-2025.xlsx
5a,Table 5a. ATM Card and Debit Card,31,25,Prinsipal,Satuan/Unit,2020,8,SPIP-Desember-2025.xlsx
5a,Table 5a. ATM Card and Debit Card,31,25,Prinsipal,Satuan/Unit,2021,8,SPIP-Desember-2025.xlsx
5a,Table 5a. ATM Card and Debit Card,31,25,Prinsipal,Satuan/Unit,2022,8,SPIP-Desember-2025.xlsx
5a,Table 5a. ATM Card and Debit Card,31,25,Prinsipal,Satuan/Unit,2023,8,SPIP-Desember-2025.xlsx
5a,Table 5a. ATM Card and Debit Card,31,25,Prinsipal,Satuan/Unit,2024,8,SPIP-Desember-2025.xlsx
5a,Table 5a. ATM Card and Debit Card,32,26,Penyelenggara Kliring,Satuan/Unit,2012,5,SPIP-Desember-2025.xlsx
5a,Table 5a. ATM Card and Debit Card,32,26,Penyelenggara Kliring,Satuan/Unit,2013,5,SPIP-Desember-2025.xlsx
5a,Table 5a. ATM Card and Debit Card,32,26,Penyelenggara Kliring,Satuan/Unit,2014,5,SPIP-Desember-2025.xlsx
5a,Table 5a. ATM Card and Debit Card,32,26,Penyelenggara Kliring,Satuan/Unit,2015,5,SPIP-Desember-2025.xlsx
5a,Table 5a. ATM Card and Debit Card,32,26,Penyelenggara Kliring,Satuan/Unit,2016,5,SPIP-Desember-2025.xlsx
5a,Table 5a. ATM Card and Debit Card,32,26,Penyelenggara Kliring,Satuan/Unit,2017,5,SPIP-Desember-2025.xlsx
5a,Table 5a. ATM Card and Debit Card,32,26,Penyelenggara Kliring,Satuan/Unit,2018,6,SPIP-Desember-2025.xlsx
5a,Table 5a. ATM Card and Debit Card,32,26,Penyelenggara Kliring,Satuan/Unit,2019,7,SPIP-Desember-2025.xlsx
5a,Table 5a. ATM Card and Debit Card,32,26,Penyelenggara Kliring,Satuan/Unit,2020,7,SPIP-Desember-2025.xlsx
5a,Table 5a. ATM Card and Debit Card,32,26,Penyelenggara Kliring,Satuan/Unit,2021,7,SPIP-Desember-2025.xlsx
5a,Table 5a. ATM Card and Debit Card,32,26,Penyelenggara Kliring,Satuan/Unit,2022,7,SPIP-Desember-2025.xlsx
5a,Table 5a. ATM Card and Debit Card,32,26,Penyelenggara Kliring,Satuan/Unit,2023,7,SPIP-Desember-2025.xlsx
5a,Table 5a. ATM Card and Debit Card,32,26,Penyelenggara Kliring,Satuan/Unit,2024,7,SPIP-Desember-2025.xlsx
5a,Table 5a. ATM Card and Debit Card,33,27,Penyelenggara Penyelesaian Akhir,Satuan/Unit,2012,5,SPIP-Desember-2025.xlsx
5a,Table 5a. ATM Card and Debit Card,33,27,Penyelenggara Penyelesaian Akhir,Satuan/Unit,2013,5,SPIP-Desember-2025.xlsx
5a,Table 5a. ATM Card and Debit Card,33,27,Penyelenggara Penyelesaian Akhir,Satuan/Unit,2014,5,SPIP-Desember-2025.xlsx
5a,Table 5a. ATM Card and Debit Card,33,27,Penyelenggara Penyelesaian Akhir,Satuan/Unit,2015,5,SPIP-Desember-2025.xlsx
5a,Table 5a. ATM Card and Debit Card,33,27,Penyelenggara Penyelesaian Akhir,Satuan/Unit,2016,5,SPIP-Desember-2025.xlsx
5a,Table 5a. ATM Card and Debit Card,33,27,Penyelenggara Penyelesaian Akhir,Satuan/Unit,2017,5,SPIP-Desember-2025.xlsx
5a,Table 5a. ATM Card and Debit Card,33,27,Penyelenggara Penyelesaian Akhir,Satuan/Unit,2018,6,SPIP-Desember-2025.xlsx
5a,Table 5a. ATM Card and Debit Card,33,27,Penyelenggara Penyelesaian Akhir,Satuan/Unit,2019,6,SPIP-Desember-2025.xlsx
5a,Table 5a. ATM Card and Debit Card,33,27,Penyelenggara Penyelesaian Akhir,Satuan/Unit,2020,6,SPIP-Desember-2025.xlsx
5a,Table 5a. ATM Card and Debit Card,33,27,Penyelenggara Penyelesaian Akhir,Satuan/Unit,2021,6,SPIP-Desember-2025.xlsx
5a,Table 5a. ATM Card and Debit Card,33,27,Penyelenggara Penyelesaian Akhir,Satuan/Unit,2022,6,SPIP-Desember-2025.xlsx
5a,Table 5a. ATM Card and Debit Card,33,27,Penyelenggara Penyelesaian Akhir,Satuan/Unit,2023,6,SPIP-Desember-2025.xlsx
5a,Table 5a. ATM Card and Debit Card,33,27,Penyelenggara Penyelesaian Akhir,Satuan/Unit,2024,6,SPIP-Desember-2025.xlsx
5c,Table 5c. Credit Card,7,1,Jumlah Kartu/ Instrumen,Juta Unit/ Millions of Unit,2009,12.259295,SPIP-Desember-2025.xlsx
5c,Table 5c. Credit Card,7,1,Jumlah Kartu/ Instrumen,Juta Unit/ Millions of Unit,2010,13.574673,SPIP-Desember-2025.xlsx
5c,Table 5c. Credit Card,7,1,Jumlah Kartu/ Instrumen,Juta Unit/ Millions of Unit,2011,14.785382,SPIP-Desember-2025.xlsx
5c,Table 5c. Credit Card,7,1,Jumlah Kartu/ Instrumen,Juta Unit/ Millions of Unit,2012,14.817168,SPIP-Desember-2025.xlsx
5c,Table 5c. Credit Card,7,1,Jumlah Kartu/ Instrumen,Juta Unit/ Millions of Unit,2013,15.091684,SPIP-Desember-2025.xlsx
5c,Table 5c. Credit Card,7,1,Jumlah Kartu/ Instrumen,Juta Unit/ Millions of Unit,2014,16.043347,SPIP-Desember-2025.xlsx
5c,Table 5c. Credit Card,7,1,Jumlah Kartu/ Instrumen,Juta Unit/ Millions of Unit,2015,16.863842,SPIP-Desember-2025.xlsx
5c,Table 5c. Credit Card,7,1,Jumlah Kartu/ Instrumen,Juta Unit/ Millions of Unit,2016,17.406327,SPIP-Desember-2025.xlsx
5c,Table 5c. Credit Card,7,1,Jumlah Kartu/ Instrumen,Juta Unit/ Millions of Unit,2017,17.244127,SPIP-Desember-2025.xlsx
5c,Table 5c. Credit Card,7,1,Jumlah Kartu/ Instrumen,Juta Unit/ Millions of Unit,2018,17.275128,SPIP-Desember-2025.xlsx
5c,Table 5c. Credit Card,7,1,Jumlah Kartu/ Instrumen,Juta Unit/ Millions of Unit,2019,17.487057,SPIP-Desember-2025.xlsx
5c,Table 5c. Credit Card,7,1,Jumlah Kartu/ Instrumen,Juta Unit/ Millions of Unit,2020,16.94004,SPIP-Desember-2025.xlsx
5c,Table 5c. Credit Card,7,1,Jumlah Kartu/ Instrumen,Juta Unit/ Millions of Unit,2021,16.513623,SPIP-Desember-2025.xlsx
5c,Table 5c. Credit Card,7,1,Jumlah Kartu/ Instrumen,Juta Unit/ Millions of Unit,2022,17.198882,SPIP-Desember-2025.xlsx
5c,Table 5c. Credit Card,7,1,Jumlah Kartu/ Instrumen,Juta Unit/ Millions of Unit,2023,17.727481,SPIP-Desember-2025.xlsx
5c,Table 5c. Credit Card,7,1,Jumlah Kartu/ Instrumen,Juta Unit/ Millions of Unit,2024,18.549686,SPIP-Desember-2025.xlsx
5c,Table 5c. Credit Card,9,3,Volume Transaksi,Ribu Transaksi/ Thousands of Transaction,2009,182624.72199999998,SPIP-Desember-2025.xlsx
5c,Table 5c. Credit Card,9,3,Volume Transaksi,Ribu Transaksi/ Thousands of Transaction,2010,199036.42699999997,SPIP-Desember-2025.xlsx
5c,Table 5c. Credit Card,9,3,Volume Transaksi,Ribu Transaksi/ Thousands of Transaction,2011,209352.197,SPIP-Desember-2025.xlsx
5c,Table 5c. Credit Card,9,3,Volume Transaksi,Ribu Transaksi/ Thousands of Transaction,2012,221579.85125365725,SPIP-Desember-2025.xlsx
5c,Table 5c. Credit Card,9,3,Volume Transaksi,Ribu Transaksi/ Thousands of Transaction,2013,239098.51899999994,SPIP-Desember-2025.xlsx
5c,Table 5c. Credit Card,9,3,Volume Transaksi,Ribu Transaksi/ Thousands of Transaction,2014,254320.06100000002,SPIP-Desember-2025.xlsx
5c,Table 5c. Credit Card,9,3,Volume Transaksi,Ribu Transaksi/ Thousands of Transaction,2015,281325.84,SPIP-Desember-2025.xlsx
5c,Table 5c. Credit Card,9,3,Volume Transaksi,Ribu Transaksi/ Thousands of Transaction,2016,305052.29699999996,SPIP-Desember-2025.xlsx
5c,Table 5c. Credit Card,9,3,Volume Transaksi,Ribu Transaksi/ Thousands of Transaction,2017,327377.66500000004,SPIP-Desember-2025.xlsx
5c,Table 5c. Credit Card,9,3,Volume Transaksi,Ribu Transaksi/ Thousands of Transaction,2018,338347.8670000001,SPIP-Desember-2025.xlsx
5c,Table 5c. Credit Card,9,3,Volume Transaksi,Ribu Transaksi/ Thousands of Transaction,2019,349212.41099999996,SPIP-Desember-2025.xlsx
5c,Table 5c. Credit Card,9,3,Volume Transaksi,Ribu Transaksi/ Thousands of Transaction,2020,274682.43200000003,SPIP-Desember-2025.xlsx
5c,Table 5c. Credit Card,9,3,Volume Transaksi,Ribu Transaksi/ Thousands of Transaction,2021,281901.462,SPIP-Desember-2025.xlsx
5c,Table 5c. Credit Card,9,3,Volume Transaksi,Ribu Transaksi/ Thousands of Transaction,2022,342766.089,SPIP-Desember-2025.xlsx
5c,Table 5c. Credit Card,9,3,Volume Transaksi,Ribu Transaksi/ Thousands of Transaction,2023,393620.10299999994,SPIP-Desember-2025.xlsx
5c,Table 5c. Credit Card,9,3,Volume Transaksi,Ribu Transaksi/ Thousands of Transaction,2024,459984.248,SPIP-Desember-2025.xlsx
5c,Table 5c. Credit Card,10,4,Volume Transaksi Tunai,Ribu Transaksi/ Thousands of Transaction,2009,4807.179999999999,SPIP-Desember-2025.xlsx
5c,Table 5c. Credit Card,10,4,Volume Transaksi Tunai,Ribu Transaksi/ Thousands of Transaction,2010,4361.1939999999995,SPIP-Desember-2025.xlsx
5c,Table 5c. Credit Card,10,4,Volume Transaksi Tunai,Ribu Transaksi/ Thousands of Transaction,2011,4048.6370000000006,SPIP-Desember-2025.xlsx
5c,Table 5c. Credit Card,10,4,Volume Transaksi Tunai,Ribu Transaksi/ Thousands of Transaction,2012,3614.6687231454985,SPIP-Desember-2025.xlsx
5c,Table 5c. Credit Card,10,4,Volume Transaksi Tunai,Ribu Transaksi/ Thousands of Transaction,2013,3402.55,SPIP-Desember-2025.xlsx
5c,Table 5c. Credit Card,10,4,Volume Transaksi Tunai,Ribu Transaksi/ Thousands of Transaction,2014,3776.843,SPIP-Desember-2025.xlsx
5c,Table 5c. Credit Card,10,4,Volume Transaksi Tunai,Ribu Transaksi/ Thousands of Transaction,2015,6606.572999999999,SPIP-Desember-2025.xlsx
5c,Table 5c. Credit Card,10,4,Volume Transaksi Tunai,Ribu Transaksi/ Thousands of Transaction,2016,7390.323,SPIP-Desember-2025.xlsx
5c,Table 5c. Credit Card,10,4,Volume Transaksi Tunai,Ribu Transaksi/ Thousands of Transaction,2017,8085.918000000001,SPIP-Desember-2025.xlsx
5c,Table 5c. Credit Card,10,4,Volume Transaksi Tunai,Ribu Transaksi/ Thousands of Transaction,2018,8202.192,SPIP-Desember-2025.xlsx
5c,Table 5c. Credit Card,10,4,Volume Transaksi Tunai,Ribu Transaksi/ Thousands of Transaction,2019,8963.807,SPIP-Desember-2025.xlsx
5c,Table 5c. Credit Card,10,4,Volume Transaksi Tunai,Ribu Transaksi/ Thousands of Transaction,2020,6472.706999999999,SPIP-Desember-2025.xlsx
5c,Table 5c. Credit Card,10,4,Volume Transaksi Tunai,Ribu Transaksi/ Thousands of Transaction,2021,4850.2300000000005,SPIP-Desember-2025.xlsx
5c,Table 5c. Credit Card,10,4,Volume Transaksi Tunai,Ribu Transaksi/ Thousands of Transaction,2022,5279.83,SPIP-Desember-2025.xlsx
5c,Table 5c. Credit Card,10,4,Volume Transaksi Tunai,Ribu Transaksi/ Thousands of Transaction,2023,5358.754999999999,SPIP-Desember-2025.xlsx
5c,Table 5c. Credit Card,10,4,Volume Transaksi Tunai,Ribu Transaksi/ Thousands of Transaction,2024,5164.079,SPIP-Desember-2025.xlsx
5c,Table 5c. Credit Card,11,5,Domestik,Ribu Transaksi/ Thousands of Transaction,2013,3309.990497408531,SPIP-Desember-2025.xlsx
5c,Table 5c. Credit Card,11,5,Domestik,Ribu Transaksi/ Thousands of Transaction,2014,3674.482,SPIP-Desember-2025.xlsx
5c,Table 5c. Credit Card,11,5,Domestik,Ribu Transaksi/ Thousands of Transaction,2015,6288.316000000001,SPIP-Desember-2025.xlsx
5c,Table 5c. Credit Card,11,5,Domestik,Ribu Transaksi/ Thousands of Transaction,2016,7221.186065609975,SPIP-Desember-2025.xlsx
5c,Table 5c. Credit Card,11,5,Domestik,Ribu Transaksi/ Thousands of Transaction,2017,7967.098880936343,SPIP-Desember-2025.xlsx
5c,Table 5c. Credit Card,11,5,Domestik,Ribu Transaksi/ Thousands of Transaction,2018,8071.12820816609,SPIP-Desember-2025.xlsx
5c,Table 5c. Credit Card,11,5,Domestik,Ribu Transaksi/ Thousands of Transaction,2019,8839.437627387968,SPIP-Desember-2025.xlsx
5c,Table 5c. Credit Card,11,5,Domestik,Ribu Transaksi/ Thousands of Transaction,2020,6413.118807329301,SPIP-Desember-2025.xlsx
5c,Table 5c. Credit Card,11,5,Domestik,Ribu Transaksi/ Thousands of Transaction,2021,4802.9190106153765,SPIP-Desember-2025.xlsx
5c,Table 5c. Credit Card,11,5,Domestik,Ribu Transaksi/ Thousands of Transaction,2022,5268.825999999999,SPIP-Desember-2025.xlsx
5c,Table 5c. Credit Card,11,5,Domestik,Ribu Transaksi/ Thousands of Transaction,2023,5345.698,SPIP-Desember-2025.xlsx
5c,Table 5c. Credit Card,11,5,Domestik,Ribu Transaksi/ Thousands of Transaction,2024,5151.224999999999,SPIP-Desember-2025.xlsx
5c,Table 5c. Credit Card,12,6,Internasional,Ribu Transaksi/ Thousands of Transaction,2013,92.55950259146874,SPIP-Desember-2025.xlsx
5c,Table 5c. Credit Card,12,6,Internasional,Ribu Transaksi/ Thousands of Transaction,2014,102.361,SPIP-Desember-2025.xlsx
5c,Table 5c. Credit Card,12,6,Internasional,Ribu Transaksi/ Thousands of Transaction,2015,318.257,SPIP-Desember-2025.xlsx
5c,Table 5c. Credit Card,12,6,Internasional,Ribu Transaksi/ Thousands of Transaction,2016,169.1369343900254,SPIP-Desember-2025.xlsx
5c,Table 5c. Credit Card,12,6,Internasional,Ribu Transaksi/ Thousands of Transaction,2017,118.819119063657,SPIP-Desember-2025.xlsx
5c,Table 5c. Credit Card,12,6,Internasional,Ribu Transaksi/ Thousands of Transaction,2018,131.06379183391005,SPIP-Desember-2025.xlsx
5c,Table 5c. Credit Card,12,6,Internasional,Ribu Transaksi/ Thousands of Transaction,2019,124.36937261203256,SPIP-Desember-2025.xlsx
5c,Table 5c. Credit Card,12,6,Internasional,Ribu Transaksi/ Thousands of Transaction,2020,59.58819267070008,SPIP-Desember-2025.xlsx
5c,Table 5c. Credit Card,12,6,Internasional,Ribu Transaksi/ Thousands of Transaction,2021,47.310989384622786,SPIP-Desember-2025.xlsx
5c,Table 5c. Credit Card,12,6,Internasional,Ribu Transaksi/ Thousands of Transaction,2022,11.004000000000001,SPIP-Desember-2025.xlsx
5c,Table 5c. Credit Card,12,6,Internasional,Ribu Transaksi/ Thousands of Transaction,2023,13.056999999999999,SPIP-Desember-2025.xlsx
5c,Table 5c. Credit Card,12,6,Internasional,Ribu Transaksi/ Thousands of Transaction,2024,12.854000000000001,SPIP-Desember-2025.xlsx
5c,Table 5c. Credit Card,13,7,Volume Transaksi Belanja,Ribu Transaksi/ Thousands of Transaction,2009,177817.542,SPIP-Desember-2025.xlsx
5c,Table 5c. Credit Card,13,7,Volume Transaksi Belanja,Ribu Transaksi/ Thousands of Transaction,2010,194675.23299999998,SPIP-Desember-2025.xlsx
5c,Table 5c. Credit Card,13,7,Volume Transaksi Belanja,Ribu Transaksi/ Thousands of Transaction,2011,205303.56,SPIP-Desember-2025.xlsx
5c,Table 5c. Credit Card,13,7,Volume Transaksi Belanja,Ribu Transaksi/ Thousands of Transaction,2012,217965.18253051175,SPIP-Desember-2025.xlsx
5c,Table 5c. Credit Card,13,7,Volume Transaksi Belanja,Ribu Transaksi/ Thousands of Transaction,2013,235695.969,SPIP-Desember-2025.xlsx
5c,Table 5c. Credit Card,13,7,Volume Transaksi Belanja,Ribu Transaksi/ Thousands of Transaction,2014,250543.21800000002,SPIP-Desember-2025.xlsx
5c,Table 5c. Credit Card,13,7,Volume Transaksi Belanja,Ribu Transaksi/ Thousands of Transaction,2015,274719.267,SPIP-Desember-2025.xlsx
5c,Table 5c. Credit Card,13,7,Volume Transaksi Belanja,Ribu Transaksi/ Thousands of Transaction,2016,297661.97400000005,SPIP-Desember-2025.xlsx
5c,Table 5c. Credit Card,13,7,Volume Transaksi Belanja,Ribu Transaksi/ Thousands of Transaction,2017,319291.74700000003,SPIP-Desember-2025.xlsx
5c,Table 5c. Credit Card,13,7,Volume Transaksi Belanja,Ribu Transaksi/ Thousands of Transaction,2018,330145.675,SPIP-Desember-2025.xlsx
5c,Table 5c. Credit Card,13,7,Volume Transaksi Belanja,Ribu Transaksi/ Thousands of Transaction,2019,340248.604,SPIP-Desember-2025.xlsx
5c,Table 5c. Credit Card,13,7,Volume Transaksi Belanja,Ribu Transaksi/ Thousands of Transaction,2020,268209.72500000003,SPIP-Desember-2025.xlsx
5c,Table 5c. Credit Card,13,7,Volume Transaksi Belanja,Ribu Transaksi/ Thousands of Transaction,2021,277051.23199999996,SPIP-Desember-2025.xlsx
5c,Table 5c. Credit Card,13,7,Volume Transaksi Belanja,Ribu Transaksi/ Thousands of Transaction,2022,337486.259,SPIP-Desember-2025.xlsx
5c,Table 5c. Credit Card,13,7,Volume Transaksi Belanja,Ribu Transaksi/ Thousands of Transaction,2023,388261.348,SPIP-Desember-2025.xlsx
5c,Table 5c. Credit Card,13,7,Volume Transaksi Belanja,Ribu Transaksi/ Thousands of Transaction,2024,454820.16899999994,SPIP-Desember-2025.xlsx
5c,Table 5c. Credit Card,14,8,Domestik,Ribu Transaksi/ Thousands of Transaction,2013,218833.98761204278,SPIP-Desember-2025.xlsx
5c,Table 5c. Credit Card,14,8,Domestik,Ribu Transaksi/ Thousands of Transaction,2014,231377.66100000002,SPIP-Desember-2025.xlsx
5c,Table 5c. Credit Card,14,8,Domestik,Ribu Transaksi/ Thousands of Transaction,2015,252559.79400000002,SPIP-Desember-2025.xlsx
5c,Table 5c. Credit Card,14,8,Domestik,Ribu Transaksi/ Thousands of Transaction,2016,264590.01396233635,SPIP-Desember-2025.xlsx
5c,Table 5c. Credit Card,14,8,Domestik,Ribu Transaksi/ Thousands of Transaction,2017,282490.35420295375,SPIP-Desember-2025.xlsx
5c,Table 5c. Credit Card,14,8,Domestik,Ribu Transaksi/ Thousands of Transaction,2018,295984.1403147783,SPIP-Desember-2025.xlsx
5c,Table 5c. Credit Card,14,8,Domestik,Ribu Transaksi/ Thousands of Transaction,2019,300992.8785070523,SPIP-Desember-2025.xlsx
5c,Table 5c. Credit Card,14,8,Domestik,Ribu Transaksi/ Thousands of Transaction,2020,233186.277,SPIP-Desember-2025.xlsx
5c,Table 5c. Credit Card,14,8,Domestik,Ribu Transaksi/ Thousands of Transaction,2021,240164.04801453566,SPIP-Desember-2025.xlsx
5c,Table 5c. Credit Card,14,8,Domestik,Ribu Transaksi/ Thousands of Transaction,2022,331204.253,SPIP-Desember-2025.xlsx
5c,Table 5c. Credit Card,14,8,Domestik,Ribu Transaksi/ Thousands of Transaction,2023,381626.14599999995,SPIP-Desember-2025.xlsx
5c,Table 5c. Credit Card,14,8,Domestik,Ribu Transaksi/ Thousands of Transaction,2024,446706.103,SPIP-Desember-2025.xlsx
5c,Table 5c. Credit Card,15,9,Internasional,Ribu Transaksi/ Thousands of Transaction,2013,16861.988387957208,SPIP-Desember-2025.xlsx
5c,Table 5c. Credit Card,15,9,Internasional,Ribu Transaksi/ Thousands of Transaction,2014,19165.557000000004,SPIP-Desember-2025.xlsx
5c,Table 5c. Credit Card,15,9,Internasional,Ribu Transaksi/ Thousands of Transaction,2015,22159.473,SPIP-Desember-2025.xlsx
5c,Table 5c. Credit Card,15,9,Internasional,Ribu Transaksi/ Thousands of Transaction,2016,33071.960037663644,SPIP-Desember-2025.xlsx
5c,Table 5c. Credit Card,15,9,Internasional,Ribu Transaksi/ Thousands of Transaction,2017,36801.392797046254,SPIP-Desember-2025.xlsx
5c,Table 5c. Credit Card,15,9,Internasional,Ribu Transaksi/ Thousands of Transaction,2018,34161.53468522167,SPIP-Desember-2025.xlsx
5c,Table 5c. Credit Card,15,9,Internasional,Ribu Transaksi/ Thousands of Transaction,2019,39255.725492947735,SPIP-Desember-2025.xlsx
5c,Table 5c. Credit Card,15,9,Internasional,Ribu Transaksi/ Thousands of Transaction,2020,35023.448000000004,SPIP-Desember-2025.xlsx
5c,Table 5c. Credit Card,15,9,Internasional,Ribu Transaksi/ Thousands of Transaction,2021,36887.18398546433,SPIP-Desember-2025.xlsx
5c,Table 5c. Credit Card,15,9,Internasional,Ribu Transaksi/ Thousands of Transaction,2022,6282.006000000001,SPIP-Desember-2025.xlsx
5c,Table 5c. Credit Card,15,9,Internasional,Ribu Transaksi/ Thousands of Transaction,2023,6635.202,SPIP-Desember-2025.xlsx
5c,Table 5c. Credit Card,15,9,Internasional,Ribu Transaksi/ Thousands of Transaction,2024,8114.066000000001,SPIP-Desember-2025.xlsx
5c,Table 5c. Credit Card,17,11,Nilai Transaksi,Rp Miliar/Billions of Rp,2009,136691.864173966,SPIP-Desember-2025.xlsx
5c,Table 5c. Credit Card,17,11,Nilai Transaksi,Rp Miliar/Billions of Rp,2010,163208.49094168298,SPIP-Desember-2025.xlsx
5c,Table 5c. Credit Card,17,11,Nilai Transaksi,Rp Miliar/Billions of Rp,2011,182602.33103378,SPIP-Desember-2025.xlsx
5c,Table 5c. Credit Card,17,11,Nilai Transaksi,Rp Miliar/Billions of Rp,2012,201840.73575293995,SPIP-Desember-2025.xlsx
5c,Table 5c. Credit Card,17,11,Nilai Transaksi,Rp Miliar/Billions of Rp,2013,223369.57713363296,SPIP-Desember-2025.xlsx
5c,Table 5c. Credit Card,17,11,Nilai Transaksi,Rp Miliar/Billions of Rp,2014,255057.457695006,SPIP-Desember-2025.xlsx
5c,Table 5c. Credit Card,17,11,Nilai Transaksi,Rp Miliar/Billions of Rp,2015,280543.930361914,SPIP-Desember-2025.xlsx
5c,Table 5c. Credit Card,17,11,Nilai Transaksi,Rp Miliar/Billions of Rp,2016,281020.51767778303,SPIP-Desember-2025.xlsx
5c,Table 5c. Credit Card,17,11,Nilai Transaksi,Rp Miliar/Billions of Rp,2017,297761.229483301,SPIP-Desember-2025.xlsx
5c,Table 5c. Credit Card,17,11,Nilai Transaksi,Rp Miliar/Billions of Rp,2018,314294.0669756491,SPIP-Desember-2025.xlsx
5c,Table 5c. Credit Card,17,11,Nilai Transaksi,Rp Miliar/Billions of Rp,2019,342682.830108553,SPIP-Desember-2025.xlsx
5c,Table 5c. Credit Card,17,11,Nilai Transaksi,Rp Miliar/Billions of Rp,2020,238903.60857446902,SPIP-Desember-2025.xlsx
5c,Table 5c. Credit Card,17,11,Nilai Transaksi,Rp Miliar/Billions of Rp,2021,244515.98427164383,SPIP-Desember-2025.xlsx
5c,Table 5c. Credit Card,17,11,Nilai Transaksi,Rp Miliar/Billions of Rp,2022,323601.61154875596,SPIP-Desember-2025.xlsx
5c,Table 5c. Credit Card,17,11,Nilai Transaksi,Rp Miliar/Billions of Rp,2023,405330.07821778604,SPIP-Desember-2025.xlsx
5c,Table 5c. Credit Card,17,11,Nilai Transaksi,Rp Miliar/Billions of Rp,2024,436264.18046555296,SPIP-Desember-2025.xlsx
5c,Table 5c. Credit Card,18,12,Nilai Transaksi Tunai,Rp Miliar/Billions of Rp,2009,4040.29733144,SPIP-Desember-2025.xlsx
5c,Table 5c. Credit Card,18,12,Nilai Transaksi Tunai,Rp Miliar/Billions of Rp,2010,4521.43393015,SPIP-Desember-2025.xlsx
5c,Table 5c. Credit Card,18,12,Nilai Transaksi Tunai,Rp Miliar/Billions of Rp,2011,4441.568137224,SPIP-Desember-2025.xlsx
5c,Table 5c. Credit Card,18,12,Nilai Transaksi Tunai,Rp Miliar/Billions of Rp,2012,4281.75066369241,SPIP-Desember-2025.xlsx
5c,Table 5c. Credit Card,18,12,Nilai Transaksi Tunai,Rp Miliar/Billions of Rp,2013,4342.592988344,SPIP-Desember-2025.xlsx
5c,Table 5c. Credit Card,18,12,Nilai Transaksi Tunai,Rp Miliar/Billions of Rp,2014,4879.942368806,SPIP-Desember-2025.xlsx
5c,Table 5c. Credit Card,18,12,Nilai Transaksi Tunai,Rp Miliar/Billions of Rp,2015,7401.963808232001,SPIP-Desember-2025.xlsx
5c,Table 5c. Credit Card,18,12,Nilai Transaksi Tunai,Rp Miliar/Billions of Rp,2016,8070.465943807002,SPIP-Desember-2025.xlsx
5c,Table 5c. Credit Card,18,12,Nilai Transaksi Tunai,Rp Miliar/Billions of Rp,2017,8848.353429791,SPIP-Desember-2025.xlsx
5c,Table 5c. Credit Card,18,12,Nilai Transaksi Tunai,Rp Miliar/Billions of Rp,2018,9092.746800126999,SPIP-Desember-2025.xlsx
5c,Table 5c. Credit Card,18,12,Nilai Transaksi Tunai,Rp Miliar/Billions of Rp,2019,10038.076121125,SPIP-Desember-2025.xlsx
5c,Table 5c. Credit Card,18,12,Nilai Transaksi Tunai,Rp Miliar/Billions of Rp,2020,7350.497676428001,SPIP-Desember-2025.xlsx
5c,Table 5c. Credit Card,18,12,Nilai Transaksi Tunai,Rp Miliar/Billions of Rp,2021,6767.474740004,SPIP-Desember-2025.xlsx
5c,Table 5c. Credit Card,18,12,Nilai Transaksi Tunai,Rp Miliar/Billions of Rp,2022,7905.969862002,SPIP-Desember-2025.xlsx
5c,Table 5c. Credit Card,18,12,Nilai Transaksi Tunai,Rp Miliar/Billions of Rp,2023,8318.535765771,SPIP-Desember-2025.xlsx
5c,Table 5c. Credit Card,18,12,Nilai Transaksi Tunai,Rp Miliar/Billions of Rp,2024,8282.421577963,SPIP-Desember-2025.xlsx
5c,Table 5c. Credit Card,19,13,Domestik,Rp Miliar/Billions of Rp,2013,4069.2579667939112,SPIP-Desember-2025.xlsx
5c,Table 5c. Credit Card,19,13,Domestik,Rp Miliar/Billions of Rp,2014,4694.055005131,SPIP-Desember-2025.xlsx
5c,Table 5c. Credit Card,19,13,Domestik,Rp Miliar/Billions of Rp,2015,6927.200109554,SPIP-Desember-2025.xlsx
5c,Table 5c. Credit Card,19,13,Domestik,Rp Miliar/Billions of Rp,2016,7683.938102319529,SPIP-Desember-2025.xlsx
5c,Table 5c. Credit Card,19,13,Domestik,Rp Miliar/Billions of Rp,2017,8478.657821220288,SPIP-Desember-2025.xlsx
5c,Table 5c. Credit Card,19,13,Domestik,Rp Miliar/Billions of Rp,2018,8676.94942280671,SPIP-Desember-2025.xlsx
5c,Table 5c. Credit Card,19,13,Domestik,Rp Miliar/Billions of Rp,2019,9626.347724621995,SPIP-Desember-2025.xlsx
5c,Table 5c. Credit Card,19,13,Domestik,Rp Miliar/Billions of Rp,2020,7226.042731953442,SPIP-Desember-2025.xlsx
5c,Table 5c. Credit Card,19,13,Domestik,Rp Miliar/Billions of Rp,2021,6667.438913146978,SPIP-Desember-2025.xlsx
5c,Table 5c. Credit Card,19,13,Domestik,Rp Miliar/Billions of Rp,2022,7877.632996382407,SPIP-Desember-2025.xlsx
5c,Table 5c. Credit Card,19,13,Domestik,Rp Miliar/Billions of Rp,2023,8276.389464492178,SPIP-Desember-2025.xlsx
5c,Table 5c. Credit Card,19,13,Domestik,Rp Miliar/Billions of Rp,2024,8233.648326696,SPIP-Desember-2025.xlsx
5c,Table 5c. Credit Card,20,14,Internasional,Rp Miliar/Billions of Rp,2013,273.3350219240893,SPIP-Desember-2025.xlsx
5c,Table 5c. Credit Card,20,14,Internasional,Rp Miliar/Billions of Rp,2014,185.88736367500002,SPIP-Desember-2025.xlsx
5c,Table 5c. Credit Card,20,14,Internasional,Rp Miliar/Billions of Rp,2015,474.763698678,SPIP-Desember-2025.xlsx
5c,Table 5c. Credit Card,20,14,Internasional,Rp Miliar/Billions of Rp,2016,386.5278414874719,SPIP-Desember-2025.xlsx
5c,Table 5c. Credit Card,20,14,Internasional,Rp Miliar/Billions of Rp,2017,369.69560857071224,SPIP-Desember-2025.xlsx
5c,Table 5c. Credit Card,20,14,Internasional,Rp Miliar/Billions of Rp,2018,415.79737732028923,SPIP-Desember-2025.xlsx
5c,Table 5c. Credit Card,20,14,Internasional,Rp Miliar/Billions of Rp,2019,411.72839650300637,SPIP-Desember-2025.xlsx
5c,Table 5c. Credit Card,20,14,Internasional,Rp Miliar/Billions of Rp,2020,124.45494447455914,SPIP-Desember-2025.xlsx
5c,Table 5c. Credit Card,20,14,Internasional,Rp Miliar/Billions of Rp,2021,100.03582724402106,SPIP-Desember-2025.xlsx
5c,Table 5c. Credit Card,20,14,Internasional,Rp Miliar/Billions of Rp,2022,28.336865619594175,SPIP-Desember-2025.xlsx
5c,Table 5c. Credit Card,20,14,Internasional,Rp Miliar/Billions of Rp,2023,42.14630127882362,SPIP-Desember-2025.xlsx
5c,Table 5c. Credit Card,20,14,Internasional,Rp Miliar/Billions of Rp,2024,48.773251267000006,SPIP-Desember-2025.xlsx
5c,Table 5c. Credit Card,21,15,Nilai Transaksi Belanja,Rp Miliar/Billions of Rp,2009,132651.566842526,SPIP-Desember-2025.xlsx
5c,Table 5c. Credit Card,21,15,Nilai Transaksi Belanja,Rp Miliar/Billions of Rp,2010,158687.05701153298,SPIP-Desember-2025.xlsx
5c,Table 5c. Credit Card,21,15,Nilai Transaksi Belanja,Rp Miliar/Billions of Rp,2011,178160.762896556,SPIP-Desember-2025.xlsx
5c,Table 5c. Credit Card,21,15,Nilai Transaksi Belanja,Rp Miliar/Billions of Rp,2012,197558.98508924752,SPIP-Desember-2025.xlsx
5c,Table 5c. Credit Card,21,15,Nilai Transaksi Belanja,Rp Miliar/Billions of Rp,2013,219026.984145289,SPIP-Desember-2025.xlsx
5c,Table 5c. Credit Card,21,15,Nilai Transaksi Belanja,Rp Miliar/Billions of Rp,2014,250177.5153262,SPIP-Desember-2025.xlsx
5c,Table 5c. Credit Card,21,15,Nilai Transaksi Belanja,Rp Miliar/Billions of Rp,2015,273141.966553682,SPIP-Desember-2025.xlsx
5c,Table 5c. Credit Card,21,15,Nilai Transaksi Belanja,Rp Miliar/Billions of Rp,2016,272950.051733976,SPIP-Desember-2025.xlsx
5c,Table 5c. Credit Card,21,15,Nilai Transaksi Belanja,Rp Miliar/Billions of Rp,2017,288912.87605351,SPIP-Desember-2025.xlsx
5c,Table 5c. Credit Card,21,15,Nilai Transaksi Belanja,Rp Miliar/Billions of Rp,2018,305201.320175522,SPIP-Desember-2025.xlsx
5c,Table 5c. Credit Card,21,15,Nilai Transaksi Belanja,Rp Miliar/Billions of Rp,2019,332644.75398742803,SPIP-Desember-2025.xlsx
5c,Table 5c. Credit Card,21,15,Nilai Transaksi Belanja,Rp Miliar/Billions of Rp,2020,231553.110898041,SPIP-Desember-2025.xlsx
5c,Table 5c. Credit Card,21,15,Nilai Transaksi Belanja,Rp Miliar/Billions of Rp,2021,237748.50953163984,SPIP-Desember-2025.xlsx
5c,Table 5c. Credit Card,21,15,Nilai Transaksi Belanja,Rp Miliar/Billions of Rp,2022,315695.641686754,SPIP-Desember-2025.xlsx
5c,Table 5c. Credit Card,21,15,Nilai Transaksi Belanja,Rp Miliar/Billions of Rp,2023,397011.54245201504,SPIP-Desember-2025.xlsx
5c,Table 5c. Credit Card,21,15,Nilai Transaksi Belanja,Rp Miliar/Billions of Rp,2024,427981.75888758997,SPIP-Desember-2025.xlsx
5c,Table 5c. Credit Card,22,16,Domestik,Rp Miliar/Billions of Rp,2013,194271.10259703855,SPIP-Desember-2025.xlsx
5c,Table 5c. Credit Card,22,16,Domestik,Rp Miliar/Billions of Rp,2014,222157.45594484254,SPIP-Desember-2025.xlsx
5c,Table 5c. Credit Card,22,16,Domestik,Rp Miliar/Billions of Rp,2015,243502.2525635404,SPIP-Desember-2025.xlsx
5c,Table 5c. Credit Card,22,16,Domestik,Rp Miliar/Billions of Rp,2016,242329.2927742442,SPIP-Desember-2025.xlsx
5c,Table 5c. Credit Card,22,16,Domestik,Rp Miliar/Billions of Rp,2017,254326.20481206945,SPIP-Desember-2025.xlsx
5c,Table 5c. Credit Card,22,16,Domestik,Rp Miliar/Billions of Rp,2018,267338.29600821564,SPIP-Desember-2025.xlsx
5c,Table 5c. Credit Card,22,16,Domestik,Rp Miliar/Billions of Rp,2019,290482.59723637375,SPIP-Desember-2025.xlsx
5c,Table 5c. Credit Card,22,16,Domestik,Rp Miliar/Billions of Rp,2020,210592.79934324947,SPIP-Desember-2025.xlsx
5c,Table 5c. Credit Card,22,16,Domestik,Rp Miliar/Billions of Rp,2021,214271.45128396965,SPIP-Desember-2025.xlsx
5c,Table 5c. Credit Card,22,16,Domestik,Rp Miliar/Billions of Rp,2022,310032.9034963989,SPIP-Desember-2025.xlsx
5c,Table 5c. Credit Card,22,16,Domestik,Rp Miliar/Billions of Rp,2023,388891.8286724029,SPIP-Desember-2025.xlsx
5c,Table 5c. Credit Card,22,16,Domestik,Rp Miliar/Billions of Rp,2024,417329.61178193096,SPIP-Desember-2025.xlsx
5c,Table 5c. Credit Card,23,17,Internasional,Rp Miliar/Billions of Rp,2013,24755.881558047444,SPIP-Desember-2025.xlsx
5c,Table 5c. Credit Card,23,17,Internasional,Rp Miliar/Billions of Rp,2014,28020.059381357503,SPIP-Desember-2025.xlsx
5c,Table 5c. Credit Card,23,17,Internasional,Rp Miliar/Billions of Rp,2015,29639.713990141616,SPIP-Desember-2025.xlsx
5c,Table 5c. Credit Card,23,17,Internasional,Rp Miliar/Billions of Rp,2016,30620.75895973182,SPIP-Desember-2025.xlsx
5c,Table 5c. Credit Card,23,17,Internasional,Rp Miliar/Billions of Rp,2017,34586.671241440534,SPIP-Desember-2025.xlsx
5c,Table 5c. Credit Card,23,17,Internasional,Rp Miliar/Billions of Rp,2018,37863.024167306416,SPIP-Desember-2025.xlsx
5c,Table 5c. Credit Card,23,17,Internasional,Rp Miliar/Billions of Rp,2019,42162.156751054245,SPIP-Desember-2025.xlsx
5c,Table 5c. Credit Card,23,17,Internasional,Rp Miliar/Billions of Rp,2020,20960.31155479152,SPIP-Desember-2025.xlsx
5c,Table 5c. Credit Card,23,17,Internasional,Rp Miliar/Billions of Rp,2021,23477.058247909226,SPIP-Desember-2025.xlsx
5c,Table 5c. Credit Card,23,17,Internasional,Rp Miliar/Billions of Rp,2022,5662.738190355134,SPIP-Desember-2025.xlsx
5c,Table 5c. Credit Card,23,17,Internasional,Rp Miliar/Billions of Rp,2023,8119.71377961212,SPIP-Desember-2025.xlsx
5c,Table 5c. Credit Card,23,17,Internasional,Rp Miliar/Billions of Rp,2024,10652.147105659,SPIP-Desember-2025.xlsx
5c,Table 5c. Credit Card,26,20,Penerbit,Satuan/Unit,2012,20,SPIP-Desember-2025.xlsx
5c,Table 5c. Credit Card,26,20,Penerbit,Satuan/Unit,2013,22,SPIP-Desember-2025.xlsx
5c,Table 5c. Credit Card,26,20,Penerbit,Satuan/Unit,2014,23,SPIP-Desember-2025.xlsx
5c,Table 5c. Credit Card,26,20,Penerbit,Satuan/Unit,2015,23,SPIP-Desember-2025.xlsx
5c,Table 5c. Credit Card,26,20,Penerbit,Satuan/Unit,2016,23,SPIP-Desember-2025.xlsx
5c,Table 5c. Credit Card,26,20,Penerbit,Satuan/Unit,2017,24,SPIP-Desember-2025.xlsx
5c,Table 5c. Credit Card,26,20,Penerbit,Satuan/Unit,2018,25,SPIP-Desember-2025.xlsx
5c,Table 5c. Credit Card,26,20,Penerbit,Satuan/Unit,2019,25,SPIP-Desember-2025.xlsx
5c,Table 5c. Credit Card,26,20,Penerbit,Satuan/Unit,2020,26,SPIP-Desember-2025.xlsx
5c,Table 5c. Credit Card,26,20,Penerbit,Satuan/Unit,2021,27,SPIP-Desember-2025.xlsx
5c,Table 5c. Credit Card,26,20,Penerbit,Satuan/Unit,2022,28,SPIP-Desember-2025.xlsx
5c,Table 5c. Credit Card,26,20,Penerbit,Satuan/Unit,2023,29,SPIP-Desember-2025.xlsx
5c,Table 5c. Credit Card,26,20,Penerbit,Satuan/Unit,2024,30,SPIP-Desember-2025.xlsx
5c,Table 5c. Credit Card,27,21,Bank Umum,Satuan/Unit,2012,19,SPIP-Desember-2025.xlsx
5c,Table 5c. Credit Card,27,21,Bank Umum,Satuan/Unit,2013,20,SPIP-Desember-2025.xlsx
5c,Table 5c. Credit Card,27,21,Bank Umum,Satuan/Unit,2014,21,SPIP-Desember-2025.xlsx
5c,Table 5c. Credit Card,27,21,Bank Umum,Satuan/Unit,2015,21,SPIP-Desember-2025.xlsx
5c,Table 5c. Credit Card,27,21,Bank Umum,Satuan/Unit,2016,21,SPIP-Desember-2025.xlsx
5c,Table 5c. Credit Card,27,21,Bank Umum,Satuan/Unit,2017,21,SPIP-Desember-2025.xlsx
5c,Table 5c. Credit Card,27,21,Bank Umum,Satuan/Unit,2018,22,SPIP-Desember-2025.xlsx
5c,Table 5c. Credit Card,27,21,Bank Umum,Satuan/Unit,2019,22,SPIP-Desember-2025.xlsx
5c,Table 5c. Credit Card,27,21,Bank Umum,Satuan/Unit,2020,22,SPIP-Desember-2025.xlsx
5c,Table 5c. Credit Card,27,21,Bank Umum,Satuan/Unit,2021,22,SPIP-Desember-2025.xlsx
5c,Table 5c. Credit Card,27,21,Bank Umum,Satuan/Unit,2022,23,SPIP-Desember-2025.xlsx
5c,Table 5c. Credit Card,27,21,Bank Umum,Satuan/Unit,2023,24,SPIP-Desember-2025.xlsx
5c,Table 5c. Credit Card,27,21,Bank Umum,Satuan/Unit,2024,24,SPIP-Desember-2025.xlsx
5c,Table 5c. Credit Card,28,22,Bank Syariah,Satuan/Unit,2012,1,SPIP-Desember-2025.xlsx
5c,Table 5c. Credit Card,28,22,Bank Syariah,Satuan/Unit,2013,1,SPIP-Desember-2025.xlsx
5c,Table 5c. Credit Card,28,22,Bank Syariah,Satuan/Unit,2014,1,SPIP-Desember-2025.xlsx
5c,Table 5c. Credit Card,28,22,Bank Syariah,Satuan/Unit,2015,1,SPIP-Desember-2025.xlsx
5c,Table 5c. Credit Card,28,22,Bank Syariah,Satuan/Unit,2016,1,SPIP-Desember-2025.xlsx
5c,Table 5c. Credit Card,28,22,Bank Syariah,Satuan/Unit,2017,1,SPIP-Desember-2025.xlsx
5c,Table 5c. Credit Card,28,22,Bank Syariah,Satuan/Unit,2018,1,SPIP-Desember-2025.xlsx
5c,Table 5c. Credit Card,28,22,Bank Syariah,Satuan/Unit,2019,1,SPIP-Desember-2025.xlsx
5c,Table 5c. Credit Card,28,22,Bank Syariah,Satuan/Unit,2020,1,SPIP-Desember-2025.xlsx
5c,Table 5c. Credit Card,28,22,Bank Syariah,Satuan/Unit,2021,1,SPIP-Desember-2025.xlsx
5c,Table 5c. Credit Card,28,22,Bank Syariah,Satuan/Unit,2022,1,SPIP-Desember-2025.xlsx
5c,Table 5c. Credit Card,28,22,Bank Syariah,Satuan/Unit,2023,1,SPIP-Desember-2025.xlsx
5c,Table 5c. Credit Card,28,22,Bank Syariah,Satuan/Unit,2024,2,SPIP-Desember-2025.xlsx
5c,Table 5c. Credit Card,29,23,Lembaga Selain Bank/LSB,Satuan/Unit,2012,0,SPIP-Desember-2025.xlsx
5c,Table 5c. Credit Card,29,23,Lembaga Selain Bank/LSB,Satuan/Unit,2013,1,SPIP-Desember-2025.xlsx
5c,Table 5c. Credit Card,29,23,Lembaga Selain Bank/LSB,Satuan/Unit,2014,1,SPIP-Desember-2025.xlsx
5c,Table 5c. Credit Card,29,23,Lembaga Selain Bank/LSB,Satuan/Unit,2015,1,SPIP-Desember-2025.xlsx
5c,Table 5c. Credit Card,29,23,Lembaga Selain Bank/LSB,Satuan/Unit,2016,1,SPIP-Desember-2025.xlsx
5c,Table 5c. Credit Card,29,23,Lembaga Selain Bank/LSB,Satuan/Unit,2017,2,SPIP-Desember-2025.xlsx
5c,Table 5c. Credit Card,29,23,Lembaga Selain Bank/LSB,Satuan/Unit,2018,2,SPIP-Desember-2025.xlsx
5c,Table 5c. Credit Card,29,23,Lembaga Selain Bank/LSB,Satuan/Unit,2019,2,SPIP-Desember-2025.xlsx
5c,Table 5c. Credit Card,29,23,Lembaga Selain Bank/LSB,Satuan/Unit,2020,3,SPIP-Desember-2025.xlsx
5c,Table 5c. Credit Card,29,23,Lembaga Selain Bank/LSB,Satuan/Unit,2021,4,SPIP-Desember-2025.xlsx
5c,Table 5c. Credit Card,29,23,Lembaga Selain Bank/LSB,Satuan/Unit,2022,4,SPIP-Desember-2025.xlsx
5c,Table 5c. Credit Card,29,23,Lembaga Selain Bank/LSB,Satuan/Unit,2023,4,SPIP-Desember-2025.xlsx
5c,Table 5c. Credit Card,29,23,Lembaga Selain Bank/LSB,Satuan/Unit,2024,4,SPIP-Desember-2025.xlsx
5c,Table 5c. Credit Card,30,24,Acquirer,Satuan/Unit,2012,12,SPIP-Desember-2025.xlsx
5c,Table 5c. Credit Card,30,24,Acquirer,Satuan/Unit,2013,12,SPIP-Desember-2025.xlsx
5c,Table 5c. Credit Card,30,24,Acquirer,Satuan/Unit,2014,13,SPIP-Desember-2025.xlsx
5c,Table 5c. Credit Card,30,24,Acquirer,Satuan/Unit,2015,13,SPIP-Desember-2025.xlsx
5c,Table 5c. Credit Card,30,24,Acquirer,Satuan/Unit,2016,13,SPIP-Desember-2025.xlsx
5c,Table 5c. Credit Card,30,24,Acquirer,Satuan/Unit,2017,13,SPIP-Desember-2025.xlsx
5c,Table 5c. Credit Card,30,24,Acquirer,Satuan/Unit,2018,14,SPIP-Desember-2025.xlsx
5c,Table 5c. Credit Card,30,24,Acquirer,Satuan/Unit,2019,15,SPIP-Desember-2025.xlsx
5c,Table 5c. Credit Card,30,24,Acquirer,Satuan/Unit,2020,17,SPIP-Desember-2025.xlsx
5c,Table 5c. Credit Card,30,24,Acquirer,Satuan/Unit,2021,16,SPIP-Desember-2025.xlsx
5c,Table 5c. Credit Card,30,24,Acquirer,Satuan/Unit,2022,16,SPIP-Desember-2025.xlsx
5c,Table 5c. Credit Card,30,24,Acquirer,Satuan/Unit,2023,16,SPIP-Desember-2025.xlsx
5c,Table 5c. Credit Card,30,24,Acquirer,Satuan/Unit,2024,16,SPIP-Desember-2025.xlsx
5c,Table 5c. Credit Card,31,25,Bank Umum,Satuan/Unit,2012,11,SPIP-Desember-2025.xlsx
5c,Table 5c. Credit Card,31,25,Bank Umum,Satuan/Unit,2013,11,SPIP-Desember-2025.xlsx
5c,Table 5c. Credit Card,31,25,Bank Umum,Satuan/Unit,2014,12,SPIP-Desember-2025.xlsx
5c,Table 5c. Credit Card,31,25,Bank Umum,Satuan/Unit,2015,12,SPIP-Desember-2025.xlsx
5c,Table 5c. Credit Card,31,25,Bank Umum,Satuan/Unit,2016,12,SPIP-Desember-2025.xlsx
5c,Table 5c. Credit Card,31,25,Bank Umum,Satuan/Unit,2017,12,SPIP-Desember-2025.xlsx
5c,Table 5c. Credit Card,31,25,Bank Umum,Satuan/Unit,2018,13,SPIP-Desember-2025.xlsx
5c,Table 5c. Credit Card,31,25,Bank Umum,Satuan/Unit,2019,14,SPIP-Desember-2025.xlsx
5c,Table 5c. Credit Card,31,25,Bank Umum,Satuan/Unit,2020,16,SPIP-Desember-2025.xlsx
5c,Table 5c. Credit Card,31,25,Bank Umum,Satuan/Unit,2021,15,SPIP-Desember-2025.xlsx
5c,Table 5c. Credit Card,31,25,Bank Umum,Satuan/Unit,2022,15,SPIP-Desember-2025.xlsx
5c,Table 5c. Credit Card,31,25,Bank Umum,Satuan/Unit,2023,15,SPIP-Desember-2025.xlsx
5c,Table 5c. Credit Card,31,25,Bank Umum,Satuan/Unit,2024,15,SPIP-Desember-2025.xlsx
5c,Table 5c. Credit Card,32,26,Lembaga Selain Bank/LSB,Satuan/Unit,2012,1,SPIP-Desember-2025.xlsx
5c,Table 5c. Credit Card,32,26,Lembaga Selain Bank/LSB,Satuan/Unit,2013,1,SPIP-Desember-2025.xlsx
5c,Table 5c. Credit Card,32,26,Lembaga Selain Bank/LSB,Satuan/Unit,2014,1,SPIP-Desember-2025.xlsx
5c,Table 5c. Credit Card,32,26,Lembaga Selain Bank/LSB,Satuan/Unit,2015,1,SPIP-Desember-2025.xlsx
5c,Table 5c. Credit Card,32,26,Lembaga Selain Bank/LSB,Satuan/Unit,2016,1,SPIP-Desember-2025.xlsx
5c,Table 5c. Credit Card,32,26,Lembaga Selain Bank/LSB,Satuan/Unit,2017,1,SPIP-Desember-2025.xlsx
5c,Table 5c. Credit Card,32,26,Lembaga Selain Bank/LSB,Satuan/Unit,2018,1,SPIP-Desember-2025.xlsx
5c,Table 5c. Credit Card,32,26,Lembaga Selain Bank/LSB,Satuan/Unit,2019,1,SPIP-Desember-2025.xlsx
5c,Table 5c. Credit Card,32,26,Lembaga Selain Bank/LSB,Satuan/Unit,2020,1,SPIP-Desember-2025.xlsx
5c,Table 5c. Credit Card,32,26,Lembaga Selain Bank/LSB,Satuan/Unit,2021,1,SPIP-Desember-2025.xlsx
5c,Table 5c. Credit Card,32,26,Lembaga Selain Bank/LSB,Satuan/Unit,2022,1,SPIP-Desember-2025.xlsx
5c,Table 5c. Credit Card,32,26,Lembaga Selain Bank/LSB,Satuan/Unit,2023,1,SPIP-Desember-2025.xlsx
5c,Table 5c. Credit Card,32,26,Lembaga Selain Bank/LSB,Satuan/Unit,2024,1,SPIP-Desember-2025.xlsx
5c,Table 5c. Credit Card,33,27,Prinsipal,Satuan/Unit,2012,5,SPIP-Desember-2025.xlsx
5c,Table 5c. Credit Card,33,27,Prinsipal,Satuan/Unit,2013,5,SPIP-Desember-2025.xlsx
5c,Table 5c. Credit Card,33,27,Prinsipal,Satuan/Unit,2014,5,SPIP-Desember-2025.xlsx
5c,Table 5c. Credit Card,33,27,Prinsipal,Satuan/Unit,2015,5,SPIP-Desember-2025.xlsx
5c,Table 5c. Credit Card,33,27,Prinsipal,Satuan/Unit,2016,5,SPIP-Desember-2025.xlsx
5c,Table 5c. Credit Card,33,27,Prinsipal,Satuan/Unit,2017,5,SPIP-Desember-2025.xlsx
5c,Table 5c. Credit Card,33,27,Prinsipal,Satuan/Unit,2018,4,SPIP-Desember-2025.xlsx
5c,Table 5c. Credit Card,33,27,Prinsipal,Satuan/Unit,2019,5,SPIP-Desember-2025.xlsx
5c,Table 5c. Credit Card,33,27,Prinsipal,Satuan/Unit,2020,5,SPIP-Desember-2025.xlsx
5c,Table 5c. Credit Card,33,27,Prinsipal,Satuan/Unit,2021,5,SPIP-Desember-2025.xlsx
5c,Table 5c. Credit Card,33,27,Prinsipal,Satuan/Unit,2022,5,SPIP-Desember-2025.xlsx
5c,Table 5c. Credit Card,33,27,Prinsipal,Satuan/Unit,2023,5,SPIP-Desember-2025.xlsx
5c,Table 5c. Credit Card,33,27,Prinsipal,Satuan/Unit,2024,5,SPIP-Desember-2025.xlsx
5c,Table 5c. Credit Card,34,28,Penyelenggara Kliring,Satuan/Unit,2012,3,SPIP-Desember-2025.xlsx
5c,Table 5c. Credit Card,34,28,Penyelenggara Kliring,Satuan/Unit,2013,3,SPIP-Desember-2025.xlsx
5c,Table 5c. Credit Card,34,28,Penyelenggara Kliring,Satuan/Unit,2014,3,SPIP-Desember-2025.xlsx
5c,Table 5c. Credit Card,34,28,Penyelenggara Kliring,Satuan/Unit,2015,3,SPIP-Desember-2025.xlsx
5c,Table 5c. Credit Card,34,28,Penyelenggara Kliring,Satuan/Unit,2016,3,SPIP-Desember-2025.xlsx
5c,Table 5c. Credit Card,34,28,Penyelenggara Kliring,Satuan/Unit,2017,3,SPIP-Desember-2025.xlsx
5c,Table 5c. Credit Card,34,28,Penyelenggara Kliring,Satuan/Unit,2018,4,SPIP-Desember-2025.xlsx
5c,Table 5c. Credit Card,34,28,Penyelenggara Kliring,Satuan/Unit,2019,4,SPIP-Desember-2025.xlsx
5c,Table 5c. Credit Card,34,28,Penyelenggara Kliring,Satuan/Unit,2020,4,SPIP-Desember-2025.xlsx
5c,Table 5c. Credit Card,34,28,Penyelenggara Kliring,Satuan/Unit,2021,4,SPIP-Desember-2025.xlsx
5c,Table 5c. Credit Card,34,28,Penyelenggara Kliring,Satuan/Unit,2022,4,SPIP-Desember-2025.xlsx
5c,Table 5c. Credit Card,34,28,Penyelenggara Kliring,Satuan/Unit,2023,4,SPIP-Desember-2025.xlsx
5c,Table 5c. Credit Card,34,28,Penyelenggara Kliring,Satuan/Unit,2024,4,SPIP-Desember-2025.xlsx
5c,Table 5c. Credit Card,35,29,Penyelenggara Penyelesaian Akhir,Satuan/Unit,2012,3,SPIP-Desember-2025.xlsx
5c,Table 5c. Credit Card,35,29,Penyelenggara Penyelesaian Akhir,Satuan/Unit,2013,3,SPIP-Desember-2025.xlsx
5c,Table 5c. Credit Card,35,29,Penyelenggara Penyelesaian Akhir,Satuan/Unit,2014,3,SPIP-Desember-2025.xlsx
5c,Table 5c. Credit Card,35,29,Penyelenggara Penyelesaian Akhir,Satuan/Unit,2015,3,SPIP-Desember-2025.xlsx
5c,Table 5c. Credit Card,35,29,Penyelenggara Penyelesaian Akhir,Satuan/Unit,2016,3,SPIP-Desember-2025.xlsx
5c,Table 5c. Credit Card,35,29,Penyelenggara Penyelesaian Akhir,Satuan/Unit,2017,3,SPIP-Desember-2025.xlsx
5c,Table 5c. Credit Card,35,29,Penyelenggara Penyelesaian Akhir,Satuan/Unit,2018,4,SPIP-Desember-2025.xlsx
5c,Table 5c. Credit Card,35,29,Penyelenggara Penyelesaian Akhir,Satuan/Unit,2019,4,SPIP-Desember-2025.xlsx
5c,Table 5c. Credit Card,35,29,Penyelenggara Penyelesaian Akhir,Satuan/Unit,2020,4,SPIP-Desember-2025.xlsx
5c,Table 5c. Credit Card,35,29,Penyelenggara Penyelesaian Akhir,Satuan/Unit,2021,4,SPIP-Desember-2025.xlsx
5c,Table 5c. Credit Card,35,29,Penyelenggara Penyelesaian Akhir,Satuan/Unit,2022,4,SPIP-Desember-2025.xlsx
5c,Table 5c. Credit Card,35,29,Penyelenggara Penyelesaian Akhir,Satuan/Unit,2023,4,SPIP-Desember-2025.xlsx
5c,Table 5c. Credit Card,35,29,Penyelenggara Penyelesaian Akhir,Satuan/Unit,2024,4,SPIP-Desember-2025.xlsx
5e,Table 5e. Electronic Money,7,1,Jumlah Kartu/ Instrumen,Juta Unit/ Millions of Unit,2009,3.016272,SPIP-Desember-2025.xlsx
5e,Table 5e. Electronic Money,7,1,Jumlah Kartu/ Instrumen,Juta Unit/ Millions of Unit,2010,7.914018,SPIP-Desember-2025.xlsx
5e,Table 5e. Electronic Money,7,1,Jumlah Kartu/ Instrumen,Juta Unit/ Millions of Unit,2011,14.299726,SPIP-Desember-2025.xlsx
5e,Table 5e. Electronic Money,7,1,Jumlah Kartu/ Instrumen,Juta Unit/ Millions of Unit,2012,21.869946,SPIP-Desember-2025.xlsx
5e,Table 5e. Electronic Money,7,1,Jumlah Kartu/ Instrumen,Juta Unit/ Millions of Unit,2013,36.225373,SPIP-Desember-2025.xlsx
5e,Table 5e. Electronic Money,7,1,Jumlah Kartu/ Instrumen,Juta Unit/ Millions of Unit,2014,35.738233,SPIP-Desember-2025.xlsx
5e,Table 5e. Electronic Money,7,1,Jumlah Kartu/ Instrumen,Juta Unit/ Millions of Unit,2015,34.314795,SPIP-Desember-2025.xlsx
5e,Table 5e. Electronic Money,7,1,Jumlah Kartu/ Instrumen,Juta Unit/ Millions of Unit,2016,51.20458,SPIP-Desember-2025.xlsx
5e,Table 5e. Electronic Money,7,1,Jumlah Kartu/ Instrumen,Juta Unit/ Millions of Unit,2017,90.003848,SPIP-Desember-2025.xlsx
5e,Table 5e. Electronic Money,7,1,Jumlah Kartu/ Instrumen,Juta Unit/ Millions of Unit,2018,167.205578,SPIP-Desember-2025.xlsx
5e,Table 5e. Electronic Money,7,1,Jumlah Kartu/ Instrumen,Juta Unit/ Millions of Unit,2019,292.29932,SPIP-Desember-2025.xlsx
5e,Table 5e. Electronic Money,7,1,Jumlah Kartu/ Instrumen,Juta Unit/ Millions of Unit,2020,432.28138,SPIP-Desember-2025.xlsx
5e,Table 5e. Electronic Money,7,1,Jumlah Kartu/ Instrumen,Juta Unit/ Millions of Unit,2021,575.323419,SPIP-Desember-2025.xlsx
5e,Table 5e. Electronic Money,7,1,Jumlah Kartu/ Instrumen,Juta Unit/ Millions of Unit,2022,730.7010379999999,SPIP-Desember-2025.xlsx
5e,Table 5e. Electronic Money,7,1,Jumlah Kartu/ Instrumen,Juta Unit/ Millions of Unit,2023,809.783312,SPIP-Desember-2025.xlsx
5e,Table 5e. Electronic Money,7,1,Jumlah Kartu/ Instrumen,Juta Unit/ Millions of Unit,2024,922.069268,SPIP-Desember-2025.xlsx
5e,Table 5e. Electronic Money,9,3,Chip Based,Juta Unit/ Millions of Unit,2013,14.944157806259131,SPIP-Desember-2025.xlsx
5e,Table 5e. Electronic Money,9,3,Chip Based,Juta Unit/ Millions of Unit,2014,15.798407,SPIP-Desember-2025.xlsx
5e,Table 5e. Electronic Money,9,3,Chip Based,Juta Unit/ Millions of Unit,2015,20.356878,SPIP-Desember-2025.xlsx
5e,Table 5e. Electronic Money,9,3,Chip Based,Juta Unit/ Millions of Unit,2016,26.381753753098856,SPIP-Desember-2025.xlsx
5e,Table 5e. Electronic Money,9,3,Chip Based,Juta Unit/ Millions of Unit,2017,40.909378523734645,SPIP-Desember-2025.xlsx
5e,Table 5e. Electronic Money,9,3,Chip Based,Juta Unit/ Millions of Unit,2018,55.482306877529524,SPIP-Desember-2025.xlsx
5e,Table 5e. Electronic Money,9,3,Chip Based,Juta Unit/ Millions of Unit,2019,60.343126,SPIP-Desember-2025.xlsx
5e,Table 5e. Electronic Money,9,3,Chip Based,Juta Unit/ Millions of Unit,2020,68.403814,SPIP-Desember-2025.xlsx
5e,Table 5e. Electronic Money,9,3,Chip Based,Juta Unit/ Millions of Unit,2021,79.576206,SPIP-Desember-2025.xlsx
5e,Table 5e. Electronic Money,9,3,Chip Based,Juta Unit/ Millions of Unit,2022,90.180183,SPIP-Desember-2025.xlsx
5e,Table 5e. Electronic Money,9,3,Chip Based,Juta Unit/ Millions of Unit,2023,100.89826,SPIP-Desember-2025.xlsx
5e,Table 5e. Electronic Money,9,3,Chip Based,Juta Unit/ Millions of Unit,2024,114.607537,SPIP-Desember-2025.xlsx
5e,Table 5e. Electronic Money,10,4,Server Based,Juta Unit/ Millions of Unit,2013,21.28121519374087,SPIP-Desember-2025.xlsx
5e,Table 5e. Electronic Money,10,4,Server Based,Juta Unit/ Millions of Unit,2014,19.939826,SPIP-Desember-2025.xlsx
5e,Table 5e. Electronic Money,10,4,Server Based,Juta Unit/ Millions of Unit,2015,13.957917,SPIP-Desember-2025.xlsx
5e,Table 5e. Electronic Money,10,4,Server Based,Juta Unit/ Millions of Unit,2016,24.822826246901148,SPIP-Desember-2025.xlsx
5e,Table 5e. Electronic Money,10,4,Server Based,Juta Unit/ Millions of Unit,2017,49.09446947626536,SPIP-Desember-2025.xlsx
5e,Table 5e. Electronic Money,10,4,Server Based,Juta Unit/ Millions of Unit,2018,111.72327112247049,SPIP-Desember-2025.xlsx
5e,Table 5e. Electronic Money,10,4,Server Based,Juta Unit/ Millions of Unit,2019,231.956194,SPIP-Desember-2025.xlsx
5e,Table 5e. Electronic Money,10,4,Server Based,Juta Unit/ Millions of Unit,2020,363.877566,SPIP-Desember-2025.xlsx
5e,Table 5e. Electronic Money,10,4,Server Based,Juta Unit/ Millions of Unit,2021,495.747213,SPIP-Desember-2025.xlsx
5e,Table 5e. Electronic Money,10,4,Server Based,Juta Unit/ Millions of Unit,2022,640.520855,SPIP-Desember-2025.xlsx
5e,Table 5e. Electronic Money,10,4,Server Based,Juta Unit/ Millions of Unit,2023,708.885052,SPIP-Desember-2025.xlsx
5e,Table 5e. Electronic Money,10,4,Server Based,Juta Unit/ Millions of Unit,2024,807.461731,SPIP-Desember-2025.xlsx
5e,Table 5e. Electronic Money,12,6,Registered,Juta Unit/ Millions of Unit,2013,2.74843396442454,SPIP-Desember-2025.xlsx
5e,Table 5e. Electronic Money,12,6,Registered,Juta Unit/ Millions of Unit,2014,3.509567,SPIP-Desember-2025.xlsx
5e,Table 5e. Electronic Money,12,6,Registered,Juta Unit/ Millions of Unit,2015,5.637472,SPIP-Desember-2025.xlsx
5e,Table 5e. Electronic Money,12,6,Registered,Juta Unit/ Millions of Unit,2016,10.518832798535854,SPIP-Desember-2025.xlsx
5e,Table 5e. Electronic Money,12,6,Registered,Juta Unit/ Millions of Unit,2017,25.07433807673849,SPIP-Desember-2025.xlsx
5e,Table 5e. Electronic Money,12,6,Registered,Juta Unit/ Millions of Unit,2018,23.27775650312129,SPIP-Desember-2025.xlsx
5e,Table 5e. Electronic Money,12,6,Registered,Juta Unit/ Millions of Unit,2019,34.746912,SPIP-Desember-2025.xlsx
5e,Table 5e. Electronic Money,12,6,Registered,Juta Unit/ Millions of Unit,2020,59.956158,SPIP-Desember-2025.xlsx
5e,Table 5e. Electronic Money,12,6,Registered,Juta Unit/ Millions of Unit,2021,100.236914,SPIP-Desember-2025.xlsx
5e,Table 5e. Electronic Money,12,6,Registered,Juta Unit/ Millions of Unit,2022,135.46278,SPIP-Desember-2025.xlsx
5e,Table 5e. Electronic Money,12,6,Registered,Juta Unit/ Millions of Unit,2023,156.40938,SPIP-Desember-2025.xlsx
5e,Table 5e. Electronic Money,12,6,Registered,Juta Unit/ Millions of Unit,2024,196.354765,SPIP-Desember-2025.xlsx
5e,Table 5e. Electronic Money,13,7,Unregistered,Juta Unit/ Millions of Unit,2013,33.47693903557546,SPIP-Desember-2025.xlsx
5e,Table 5e. Electronic Money,13,7,Unregistered,Juta Unit/ Millions of Unit,2014,32.228666,SPIP-Desember-2025.xlsx
5e,Table 5e. Electronic Money,13,7,Unregistered,Juta Unit/ Millions of Unit,2015,28.677323,SPIP-Desember-2025.xlsx
5e,Table 5e. Electronic Money,13,7,Unregistered,Juta Unit/ Millions of Unit,2016,40.685747201464146,SPIP-Desember-2025.xlsx
5e,Table 5e. Electronic Money,13,7,Unregistered,Juta Unit/ Millions of Unit,2017,64.9295099232615,SPIP-Desember-2025.xlsx
5e,Table 5e. Electronic Money,13,7,Unregistered,Juta Unit/ Millions of Unit,2018,143.92782149687872,SPIP-Desember-2025.xlsx
5e,Table 5e. Electronic Money,13,7,Unregistered,Juta Unit/ Millions of Unit,2019,257.552408,SPIP-Desember-2025.xlsx
5e,Table 5e. Electronic Money,13,7,Unregistered,Juta Unit/ Millions of Unit,2020,372.325222,SPIP-Desember-2025.xlsx
5e,Table 5e. Electronic Money,13,7,Unregistered,Juta Unit/ Millions of Unit,2021,475.086505,SPIP-Desember-2025.xlsx
5e,Table 5e. Electronic Money,13,7,Unregistered,Juta Unit/ Millions of Unit,2022,595.238258,SPIP-Desember-2025.xlsx
5e,Table 5e. Electronic Money,13,7,Unregistered,Juta Unit/ Millions of Unit,2023,653.373932,SPIP-Desember-2025.xlsx
5e,Table 5e. Electronic Money,13,7,Unregistered,Juta Unit/ Millions of Unit,2024,725.714503,SPIP-Desember-2025.xlsx
5e,Table 5e. Electronic Money,14,8,Jumlah Kartu dalam rangka LKD,Juta Unit/ Millions of Unit,2015,1.146832,SPIP-Desember-2025.xlsx
5e,Table 5e. Electronic Money,14,8,Jumlah Kartu dalam rangka LKD,Juta Unit/ Millions of Unit,2016,1.247336,SPIP-Desember-2025.xlsx
5e,Table 5e. Electronic Money,14,8,Jumlah Kartu dalam rangka LKD,Juta Unit/ Millions of Unit,2017,1.456653,SPIP-Desember-2025.xlsx
5e,Table 5e. Electronic Money,14,8,Jumlah Kartu dalam rangka LKD,Juta Unit/ Millions of Unit,2018,11.236768,SPIP-Desember-2025.xlsx
5e,Table 5e. Electronic Money,14,8,Jumlah Kartu dalam rangka LKD,Juta Unit/ Millions of Unit,2019,12.657643,SPIP-Desember-2025.xlsx
5e,Table 5e. Electronic Money,14,8,Jumlah Kartu dalam rangka LKD,Juta Unit/ Millions of Unit,2020,14.793964,SPIP-Desember-2025.xlsx
5e,Table 5e. Electronic Money,14,8,Jumlah Kartu dalam rangka LKD,Juta Unit/ Millions of Unit,2021,26.390752,SPIP-Desember-2025.xlsx
5e,Table 5e. Electronic Money,14,8,Jumlah Kartu dalam rangka LKD,Juta Unit/ Millions of Unit,2022,26.990621,SPIP-Desember-2025.xlsx
5e,Table 5e. Electronic Money,14,8,Jumlah Kartu dalam rangka LKD,Juta Unit/ Millions of Unit,2023,14.772023,SPIP-Desember-2025.xlsx
5e,Table 5e. Electronic Money,14,8,Jumlah Kartu dalam rangka LKD,Juta Unit/ Millions of Unit,2024,15.752973,SPIP-Desember-2025.xlsx
5e,Table 5e. Electronic Money,16,10,Volume Transaksi,Ribu Transaksi/ Thousands of Transaction,2009,17436.631999999998,SPIP-Desember-2025.xlsx
5e,Table 5e. Electronic Money,16,10,Volume Transaksi,Ribu Transaksi/ Thousands of Transaction,2010,26541.982,SPIP-Desember-2025.xlsx
5e,Table 5e. Electronic Money,16,10,Volume Transaksi,Ribu Transaksi/ Thousands of Transaction,2011,41060.149,SPIP-Desember-2025.xlsx
5e,Table 5e. Electronic Money,16,10,Volume Transaksi,Ribu Transaksi/ Thousands of Transaction,2012,100635.41424250833,SPIP-Desember-2025.xlsx
5e,Table 5e. Electronic Money,16,10,Volume Transaksi,Ribu Transaksi/ Thousands of Transaction,2013,533477.6518159469,SPIP-Desember-2025.xlsx
5e,Table 5e. Electronic Money,16,10,Volume Transaksi,Ribu Transaksi/ Thousands of Transaction,2014,239165.71099999998,SPIP-Desember-2025.xlsx
5e,Table 5e. Electronic Money,16,10,Volume Transaksi,Ribu Transaksi/ Thousands of Transaction,2015,590735.723,SPIP-Desember-2025.xlsx
5e,Table 5e. Electronic Money,16,10,Volume Transaksi,Ribu Transaksi/ Thousands of Transaction,2016,758778.3780000001,SPIP-Desember-2025.xlsx
5e,Table 5e. Electronic Money,16,10,Volume Transaksi,Ribu Transaksi/ Thousands of Transaction,2017,1162276.7781931015,SPIP-Desember-2025.xlsx
5e,Table 5e. Electronic Money,16,10,Volume Transaksi,Ribu Transaksi/ Thousands of Transaction,2018,3429014.5644999994,SPIP-Desember-2025.xlsx
5e,Table 5e. Electronic Money,16,10,Volume Transaksi,Ribu Transaksi/ Thousands of Transaction,2019,7053582.922000001,SPIP-Desember-2025.xlsx
5e,Table 5e. Electronic Money,16,10,Volume Transaksi,Ribu Transaksi/ Thousands of Transaction,2020,15043475.259000003,SPIP-Desember-2025.xlsx
5e,Table 5e. Electronic Money,16,10,Volume Transaksi,Ribu Transaksi/ Thousands of Transaction,2021,8264160.256000001,SPIP-Desember-2025.xlsx
5e,Table 5e. Electronic Money,16,10,Volume Transaksi,Ribu Transaksi/ Thousands of Transaction,2022,12330359.597000001,SPIP-Desember-2025.xlsx
5e,Table 5e. Electronic Money,16,10,Volume Transaksi,Ribu Transaksi/ Thousands of Transaction,2023,20407737.756,SPIP-Desember-2025.xlsx
5e,Table 5e. Electronic Money,16,10,Volume Transaksi,Ribu Transaksi/ Thousands of Transaction,2024,21670349.061999995,SPIP-Desember-2025.xlsx
5e,Table 5e. Electronic Money,17,11,Volume Transaksi Belanja,Ribu Transaksi/ Thousands of Transaction,2009,17436.631999999998,SPIP-Desember-2025.xlsx
5e,Table 5e. Electronic Money,17,11,Volume Transaksi Belanja,Ribu Transaksi/ Thousands of Transaction,2010,26541.982,SPIP-Desember-2025.xlsx
5e,Table 5e. Electronic Money,17,11,Volume Transaksi Belanja,Ribu Transaksi/ Thousands of Transaction,2011,41060.149,SPIP-Desember-2025.xlsx
5e,Table 5e. Electronic Money,17,11,Volume Transaksi Belanja,Ribu Transaksi/ Thousands of Transaction,2012,100635.41424250831,SPIP-Desember-2025.xlsx
5e,Table 5e. Electronic Money,17,11,Volume Transaksi Belanja,Ribu Transaksi/ Thousands of Transaction,2013,137900.77899999998,SPIP-Desember-2025.xlsx
5e,Table 5e. Electronic Money,17,11,Volume Transaksi Belanja,Ribu Transaksi/ Thousands of Transaction,2014,203369.99,SPIP-Desember-2025.xlsx
5e,Table 5e. Electronic Money,17,11,Volume Transaksi Belanja,Ribu Transaksi/ Thousands of Transaction,2015,535579.5279999999,SPIP-Desember-2025.xlsx
5e,Table 5e. Electronic Money,17,11,Volume Transaksi Belanja,Ribu Transaksi/ Thousands of Transaction,2016,683133.352,SPIP-Desember-2025.xlsx
5e,Table 5e. Electronic Money,17,11,Volume Transaksi Belanja,Ribu Transaksi/ Thousands of Transaction,2017,943319.9330000002,SPIP-Desember-2025.xlsx
5e,Table 5e. Electronic Money,17,11,Volume Transaksi Belanja,Ribu Transaksi/ Thousands of Transaction,2018,2922698.9044999997,SPIP-Desember-2025.xlsx
5e,Table 5e. Electronic Money,17,11,Volume Transaksi Belanja,Ribu Transaksi/ Thousands of Transaction,2019,5226699.919,SPIP-Desember-2025.xlsx
5e,Table 5e. Electronic Money,17,11,Volume Transaksi Belanja,Ribu Transaksi/ Thousands of Transaction,2020,4625703.561,SPIP-Desember-2025.xlsx
5e,Table 5e. Electronic Money,17,11,Volume Transaksi Belanja,Ribu Transaksi/ Thousands of Transaction,2021,5451471.374,SPIP-Desember-2025.xlsx
5e,Table 5e. Electronic Money,17,11,Volume Transaksi Belanja,Ribu Transaksi/ Thousands of Transaction,2022,6925777.552999999,SPIP-Desember-2025.xlsx
5e,Table 5e. Electronic Money,17,11,Volume Transaksi Belanja,Ribu Transaksi/ Thousands of Transaction,2023,7734227.233,SPIP-Desember-2025.xlsx
5e,Table 5e. Electronic Money,17,11,Volume Transaksi Belanja,Ribu Transaksi/ Thousands of Transaction,2024,10385213.384,SPIP-Desember-2025.xlsx
5e,Table 5e. Electronic Money,18,12,Internasional,Ribu Transaksi/ Thousands of Transaction,2013,0,SPIP-Desember-2025.xlsx
5e,Table 5e. Electronic Money,18,12,Internasional,Ribu Transaksi/ Thousands of Transaction,2014,0,SPIP-Desember-2025.xlsx
5e,Table 5e. Electronic Money,18,12,Internasional,Ribu Transaksi/ Thousands of Transaction,2015,0,SPIP-Desember-2025.xlsx
5e,Table 5e. Electronic Money,18,12,Internasional,Ribu Transaksi/ Thousands of Transaction,2016,0,SPIP-Desember-2025.xlsx
5e,Table 5e. Electronic Money,18,12,Internasional,Ribu Transaksi/ Thousands of Transaction,2017,23.448381889267772,SPIP-Desember-2025.xlsx
5e,Table 5e. Electronic Money,18,12,Internasional,Ribu Transaksi/ Thousands of Transaction,2018,38.65349930963763,SPIP-Desember-2025.xlsx
5e,Table 5e. Electronic Money,18,12,Internasional,Ribu Transaksi/ Thousands of Transaction,2019,31.98452358821011,SPIP-Desember-2025.xlsx
5e,Table 5e. Electronic Money,18,12,Internasional,Ribu Transaksi/ Thousands of Transaction,2020,25.271513747829893,SPIP-Desember-2025.xlsx
5e,Table 5e. Electronic Money,18,12,Internasional,Ribu Transaksi/ Thousands of Transaction,2021,16.485066244647918,SPIP-Desember-2025.xlsx
5e,Table 5e. Electronic Money,18,12,Internasional,Ribu Transaksi/ Thousands of Transaction,2022,0.16800000000000004,SPIP-Desember-2025.xlsx
5e,Table 5e. Electronic Money,18,12,Internasional,Ribu Transaksi/ Thousands of Transaction,2023,0.29700000000000004,SPIP-Desember-2025.xlsx
5e,Table 5e. Electronic Money,18,12,Internasional,Ribu Transaksi/ Thousands of Transaction,2024,0.46858,SPIP-Desember-2025.xlsx
5e,Table 5e. Electronic Money,19,13,Domestik,Ribu Transaksi/ Thousands of Transaction,2013,137900.779,SPIP-Desember-2025.xlsx
5e,Table 5e. Electronic Money,19,13,Domestik,Ribu Transaksi/ Thousands of Transaction,2014,203369.98999999996,SPIP-Desember-2025.xlsx
5e,Table 5e. Electronic Money,19,13,Domestik,Ribu Transaksi/ Thousands of Transaction,2015,535579.5279999999,SPIP-Desember-2025.xlsx
5e,Table 5e. Electronic Money,19,13,Domestik,Ribu Transaksi/ Thousands of Transaction,2016,683133.3520000001,SPIP-Desember-2025.xlsx
5e,Table 5e. Electronic Money,19,13,Domestik,Ribu Transaksi/ Thousands of Transaction,2017,943296.4846181106,SPIP-Desember-2025.xlsx
5e,Table 5e. Electronic Money,19,13,Domestik,Ribu Transaksi/ Thousands of Transaction,2018,2922660.2510006903,SPIP-Desember-2025.xlsx
5e,Table 5e. Electronic Money,19,13,Domestik,Ribu Transaksi/ Thousands of Transaction,2019,5226667.934476412,SPIP-Desember-2025.xlsx
5e,Table 5e. Electronic Money,19,13,Domestik,Ribu Transaksi/ Thousands of Transaction,2020,4625678.2824862525,SPIP-Desember-2025.xlsx
5e,Table 5e. Electronic Money,19,13,Domestik,Ribu Transaksi/ Thousands of Transaction,2021,5451454.888933755,SPIP-Desember-2025.xlsx
5e,Table 5e. Electronic Money,19,13,Domestik,Ribu Transaksi/ Thousands of Transaction,2022,6925777.385,SPIP-Desember-2025.xlsx
5e,Table 5e. Electronic Money,19,13,Domestik,Ribu Transaksi/ Thousands of Transaction,2023,7734226.936000002,SPIP-Desember-2025.xlsx
5e,Table 5e. Electronic Money,19,13,Domestik,Ribu Transaksi/ Thousands of Transaction,2024,10385212.91542,SPIP-Desember-2025.xlsx
5e,Table 5e. Electronic Money,20,14,Volume Transaksi Transfer Antar Uang Elektronik,Ribu Transaksi/ Thousands of Transaction,2013,27399.638,SPIP-Desember-2025.xlsx
5e,Table 5e. Electronic Money,20,14,Volume Transaksi Transfer Antar Uang Elektronik,Ribu Transaksi/ Thousands of Transaction,2014,2411.2160000000003,SPIP-Desember-2025.xlsx
5e,Table 5e. Electronic Money,20,14,Volume Transaksi Transfer Antar Uang Elektronik,Ribu Transaksi/ Thousands of Transaction,2015,5336.764999999999,SPIP-Desember-2025.xlsx
5e,Table 5e. Electronic Money,20,14,Volume Transaksi Transfer Antar Uang Elektronik,Ribu Transaksi/ Thousands of Transaction,2016,10794.155999999997,SPIP-Desember-2025.xlsx
5e,Table 5e. Electronic Money,20,14,Volume Transaksi Transfer Antar Uang Elektronik,Ribu Transaksi/ Thousands of Transaction,2017,26207.433999999997,SPIP-Desember-2025.xlsx
5e,Table 5e. Electronic Money,20,14,Volume Transaksi Transfer Antar Uang Elektronik,Ribu Transaksi/ Thousands of Transaction,2018,73265.16500000001,SPIP-Desember-2025.xlsx
5e,Table 5e. Electronic Money,20,14,Volume Transaksi Transfer Antar Uang Elektronik,Ribu Transaksi/ Thousands of Transaction,2019,295649.67100000003,SPIP-Desember-2025.xlsx
5e,Table 5e. Electronic Money,20,14,Volume Transaksi Transfer Antar Uang Elektronik,Ribu Transaksi/ Thousands of Transaction,2020,244604.00199999998,SPIP-Desember-2025.xlsx
5e,Table 5e. Electronic Money,20,14,Volume Transaksi Transfer Antar Uang Elektronik,Ribu Transaksi/ Thousands of Transaction,2021,469907.605,SPIP-Desember-2025.xlsx
5e,Table 5e. Electronic Money,20,14,Volume Transaksi Transfer Antar Uang Elektronik,Ribu Transaksi/ Thousands of Transaction,2022,1848318.215,SPIP-Desember-2025.xlsx
5e,Table 5e. Electronic Money,20,14,Volume Transaksi Transfer Antar Uang Elektronik,Ribu Transaksi/ Thousands of Transaction,2023,3970701.398,SPIP-Desember-2025.xlsx
5e,Table 5e. Electronic Money,20,14,Volume Transaksi Transfer Antar Uang Elektronik,Ribu Transaksi/ Thousands of Transaction,2024,5437977.311,SPIP-Desember-2025.xlsx
5e,Table 5e. Electronic Money,21,15,Volume Transaksi Initial (isi pertama kali),Ribu Transaksi/ Thousands of Transaction,2013,2374.0739999999996,SPIP-Desember-2025.xlsx
5e,Table 5e. Electronic Money,21,15,Volume Transaksi Initial (isi pertama kali),Ribu Transaksi/ Thousands of Transaction,2014,4079.1520000000005,SPIP-Desember-2025.xlsx
5e,Table 5e. Electronic Money,21,15,Volume Transaksi Initial (isi pertama kali),Ribu Transaksi/ Thousands of Transaction,2015,4861.7480000000005,SPIP-Desember-2025.xlsx
5e,Table 5e. Electronic Money,21,15,Volume Transaksi Initial (isi pertama kali),Ribu Transaksi/ Thousands of Transaction,2016,6549.785,SPIP-Desember-2025.xlsx
5e,Table 5e. Electronic Money,21,15,Volume Transaksi Initial (isi pertama kali),Ribu Transaksi/ Thousands of Transaction,2017,18113.697,SPIP-Desember-2025.xlsx
5e,Table 5e. Electronic Money,21,15,Volume Transaksi Initial (isi pertama kali),Ribu Transaksi/ Thousands of Transaction,2018,26006.908,SPIP-Desember-2025.xlsx
5e,Table 5e. Electronic Money,21,15,Volume Transaksi Initial (isi pertama kali),Ribu Transaksi/ Thousands of Transaction,2019,59000.35599999999,SPIP-Desember-2025.xlsx
5e,Table 5e. Electronic Money,21,15,Volume Transaksi Initial (isi pertama kali),Ribu Transaksi/ Thousands of Transaction,2020,47711.739,SPIP-Desember-2025.xlsx
5e,Table 5e. Electronic Money,21,15,Volume Transaksi Initial (isi pertama kali),Ribu Transaksi/ Thousands of Transaction,2021,78418.399,SPIP-Desember-2025.xlsx
5e,Table 5e. Electronic Money,21,15,Volume Transaksi Initial (isi pertama kali),Ribu Transaksi/ Thousands of Transaction,2022,74504.573,SPIP-Desember-2025.xlsx
5e,Table 5e. Electronic Money,21,15,Volume Transaksi Initial (isi pertama kali),Ribu Transaksi/ Thousands of Transaction,2023,50954.24599999999,SPIP-Desember-2025.xlsx
5e,Table 5e. Electronic Money,21,15,Volume Transaksi Initial (isi pertama kali),Ribu Transaksi/ Thousands of Transaction,2024,69344.362,SPIP-Desember-2025.xlsx
5e,Table 5e. Electronic Money,22,16,Volume Transaksi Reload/Top Up,Ribu Transaksi/ Thousands of Transaction,2013,261576.65581594693,SPIP-Desember-2025.xlsx
5e,Table 5e. Electronic Money,22,16,Volume Transaksi Reload/Top Up,Ribu Transaksi/ Thousands of Transaction,2014,27986.449,SPIP-Desember-2025.xlsx
5e,Table 5e. Electronic Money,22,16,Volume Transaksi Reload/Top Up,Ribu Transaksi/ Thousands of Transaction,2015,41910.76,SPIP-Desember-2025.xlsx
5e,Table 5e. Electronic Money,22,16,Volume Transaksi Reload/Top Up,Ribu Transaksi/ Thousands of Transaction,2016,54062.971999999994,SPIP-Desember-2025.xlsx
5e,Table 5e. Electronic Money,22,16,Volume Transaksi Reload/Top Up,Ribu Transaksi/ Thousands of Transaction,2017,160118.807,SPIP-Desember-2025.xlsx
5e,Table 5e. Electronic Money,22,16,Volume Transaksi Reload/Top Up,Ribu Transaksi/ Thousands of Transaction,2018,380443.367,SPIP-Desember-2025.xlsx
5e,Table 5e. Electronic Money,22,16,Volume Transaksi Reload/Top Up,Ribu Transaksi/ Thousands of Transaction,2019,1414716.318,SPIP-Desember-2025.xlsx
5e,Table 5e. Electronic Money,22,16,Volume Transaksi Reload/Top Up,Ribu Transaksi/ Thousands of Transaction,2020,10050717.631000001,SPIP-Desember-2025.xlsx
5e,Table 5e. Electronic Money,22,16,Volume Transaksi Reload/Top Up,Ribu Transaksi/ Thousands of Transaction,2021,2126372.161,SPIP-Desember-2025.xlsx
5e,Table 5e. Electronic Money,22,16,Volume Transaksi Reload/Top Up,Ribu Transaksi/ Thousands of Transaction,2022,3334632.3210000005,SPIP-Desember-2025.xlsx
5e,Table 5e. Electronic Money,22,16,Volume Transaksi Reload/Top Up,Ribu Transaksi/ Thousands of Transaction,2023,8566324.73,SPIP-Desember-2025.xlsx
5e,Table 5e. Electronic Money,22,16,Volume Transaksi Reload/Top Up,Ribu Transaksi/ Thousands of Transaction,2024,5708609.034,SPIP-Desember-2025.xlsx
5e,Table 5e. Electronic Money,23,17,Volume Transaksi Tarik Tunai Uang Elektronik,Ribu Transaksi/ Thousands of Transaction,2013,104075.985,SPIP-Desember-2025.xlsx
5e,Table 5e. Electronic Money,23,17,Volume Transaksi Tarik Tunai Uang Elektronik,Ribu Transaksi/ Thousands of Transaction,2014,1160.311,SPIP-Desember-2025.xlsx
5e,Table 5e. Electronic Money,23,17,Volume Transaksi Tarik Tunai Uang Elektronik,Ribu Transaksi/ Thousands of Transaction,2015,2894.018,SPIP-Desember-2025.xlsx
5e,Table 5e. Electronic Money,23,17,Volume Transaksi Tarik Tunai Uang Elektronik,Ribu Transaksi/ Thousands of Transaction,2016,4117.790999999999,SPIP-Desember-2025.xlsx
5e,Table 5e. Electronic Money,23,17,Volume Transaksi Tarik Tunai Uang Elektronik,Ribu Transaksi/ Thousands of Transaction,2017,10883.0061931013,SPIP-Desember-2025.xlsx
5e,Table 5e. Electronic Money,23,17,Volume Transaksi Tarik Tunai Uang Elektronik,Ribu Transaksi/ Thousands of Transaction,2018,20255.753999999997,SPIP-Desember-2025.xlsx
5e,Table 5e. Electronic Money,23,17,Volume Transaksi Tarik Tunai Uang Elektronik,Ribu Transaksi/ Thousands of Transaction,2019,31523.191,SPIP-Desember-2025.xlsx
5e,Table 5e. Electronic Money,23,17,Volume Transaksi Tarik Tunai Uang Elektronik,Ribu Transaksi/ Thousands of Transaction,2020,65900.536,SPIP-Desember-2025.xlsx
5e,Table 5e. Electronic Money,23,17,Volume Transaksi Tarik Tunai Uang Elektronik,Ribu Transaksi/ Thousands of Transaction,2021,122626.09900000002,SPIP-Desember-2025.xlsx
5e,Table 5e. Electronic Money,23,17,Volume Transaksi Tarik Tunai Uang Elektronik,Ribu Transaksi/ Thousands of Transaction,2022,124085.77699999999,SPIP-Desember-2025.xlsx
5e,Table 5e. Electronic Money,23,17,Volume Transaksi Tarik Tunai Uang Elektronik,Ribu Transaksi/ Thousands of Transaction,2023,61415.468,SPIP-Desember-2025.xlsx
5e,Table 5e. Electronic Money,23,17,Volume Transaksi Tarik Tunai Uang Elektronik,Ribu Transaksi/ Thousands of Transaction,2024,30032.591000000004,SPIP-Desember-2025.xlsx
5e,Table 5e. Electronic Money,24,18,Volume Transaksi Reedem,Ribu Transaksi/ Thousands of Transaction,2013,150.51999999999998,SPIP-Desember-2025.xlsx
5e,Table 5e. Electronic Money,24,18,Volume Transaksi Reedem,Ribu Transaksi/ Thousands of Transaction,2014,158.59300000000002,SPIP-Desember-2025.xlsx
5e,Table 5e. Electronic Money,24,18,Volume Transaksi Reedem,Ribu Transaksi/ Thousands of Transaction,2015,152.904,SPIP-Desember-2025.xlsx
5e,Table 5e. Electronic Money,24,18,Volume Transaksi Reedem,Ribu Transaksi/ Thousands of Transaction,2016,120.32199999999997,SPIP-Desember-2025.xlsx
5e,Table 5e. Electronic Money,24,18,Volume Transaksi Reedem,Ribu Transaksi/ Thousands of Transaction,2017,3633.901,SPIP-Desember-2025.xlsx
5e,Table 5e. Electronic Money,24,18,Volume Transaksi Reedem,Ribu Transaksi/ Thousands of Transaction,2018,6344.466,SPIP-Desember-2025.xlsx
5e,Table 5e. Electronic Money,24,18,Volume Transaksi Reedem,Ribu Transaksi/ Thousands of Transaction,2019,25993.466999999997,SPIP-Desember-2025.xlsx
5e,Table 5e. Electronic Money,24,18,Volume Transaksi Reedem,Ribu Transaksi/ Thousands of Transaction,2020,8837.797,SPIP-Desember-2025.xlsx
5e,Table 5e. Electronic Money,24,18,Volume Transaksi Reedem,Ribu Transaksi/ Thousands of Transaction,2021,15364.618,SPIP-Desember-2025.xlsx
5e,Table 5e. Electronic Money,24,18,Volume Transaksi Reedem,Ribu Transaksi/ Thousands of Transaction,2022,23041.158,SPIP-Desember-2025.xlsx
5e,Table 5e. Electronic Money,24,18,Volume Transaksi Reedem,Ribu Transaksi/ Thousands of Transaction,2023,24114.680999999997,SPIP-Desember-2025.xlsx
5e,Table 5e. Electronic Money,24,18,Volume Transaksi Reedem,Ribu Transaksi/ Thousands of Transaction,2024,39172.38,SPIP-Desember-2025.xlsx
5e,Table 5e. Electronic Money,26,20,Nilai Transaksi,Rp Miliar/Billions of Rp,2009,519.21265,SPIP-Desember-2025.xlsx
5e,Table 5e. Electronic Money,26,20,Nilai Transaksi,Rp Miliar/Billions of Rp,2010,693.46701,SPIP-Desember-2025.xlsx
5e,Table 5e. Electronic Money,26,20,Nilai Transaksi,Rp Miliar/Billions of Rp,2011,981.2969700000001,SPIP-Desember-2025.xlsx
5e,Table 5e. Electronic Money,26,20,Nilai Transaksi,Rp Miliar/Billions of Rp,2012,1971.5495273580354,SPIP-Desember-2025.xlsx
5e,Table 5e. Electronic Money,26,20,Nilai Transaksi,Rp Miliar/Billions of Rp,2013,6146.649238225,SPIP-Desember-2025.xlsx
5e,Table 5e. Electronic Money,26,20,Nilai Transaksi,Rp Miliar/Billions of Rp,2014,8776.742912765001,SPIP-Desember-2025.xlsx
5e,Table 5e. Electronic Money,26,20,Nilai Transaksi,Rp Miliar/Billions of Rp,2015,14755.996737180998,SPIP-Desember-2025.xlsx
5e,Table 5e. Electronic Money,26,20,Nilai Transaksi,Rp Miliar/Billions of Rp,2016,18338.277225747,SPIP-Desember-2025.xlsx
5e,Table 5e. Electronic Money,26,20,Nilai Transaksi,Rp Miliar/Billions of Rp,2017,38079.813312844,SPIP-Desember-2025.xlsx
5e,Table 5e. Electronic Money,26,20,Nilai Transaksi,Rp Miliar/Billions of Rp,2018,106779.6253604233,SPIP-Desember-2025.xlsx
5e,Table 5e. Electronic Money,26,20,Nilai Transaksi,Rp Miliar/Billions of Rp,2019,473443.0649181908,SPIP-Desember-2025.xlsx
5e,Table 5e. Electronic Money,26,20,Nilai Transaksi,Rp Miliar/Billions of Rp,2020,504956.18487454986,SPIP-Desember-2025.xlsx
5e,Table 5e. Electronic Money,26,20,Nilai Transaksi,Rp Miliar/Billions of Rp,2021,786454.348800424,SPIP-Desember-2025.xlsx
5e,Table 5e. Electronic Money,26,20,Nilai Transaksi,Rp Miliar/Billions of Rp,2022,1177797.3558978145,SPIP-Desember-2025.xlsx
5e,Table 5e. Electronic Money,26,20,Nilai Transaksi,Rp Miliar/Billions of Rp,2023,1859951.4633803072,SPIP-Desember-2025.xlsx
5e,Table 5e. Electronic Money,26,20,Nilai Transaksi,Rp Miliar/Billions of Rp,2024,2503958.868913521,SPIP-Desember-2025.xlsx
5e,Table 5e. Electronic Money,27,21,Nilai Transaksi Belanja,Rp Miliar/Billions of Rp,2009,519.21265,SPIP-Desember-2025.xlsx
5e,Table 5e. Electronic Money,27,21,Nilai Transaksi Belanja,Rp Miliar/Billions of Rp,2010,693.46701,SPIP-Desember-2025.xlsx
5e,Table 5e. Electronic Money,27,21,Nilai Transaksi Belanja,Rp Miliar/Billions of Rp,2011,981.2969700000001,SPIP-Desember-2025.xlsx
5e,Table 5e. Electronic Money,27,21,Nilai Transaksi Belanja,Rp Miliar/Billions of Rp,2012,1971.5495273580354,SPIP-Desember-2025.xlsx
5e,Table 5e. Electronic Money,27,21,Nilai Transaksi Belanja,Rp Miliar/Billions of Rp,2013,2907.4321369460004,SPIP-Desember-2025.xlsx
5e,Table 5e. Electronic Money,27,21,Nilai Transaksi Belanja,Rp Miliar/Billions of Rp,2014,3319.5560428550007,SPIP-Desember-2025.xlsx
5e,Table 5e. Electronic Money,27,21,Nilai Transaksi Belanja,Rp Miliar/Billions of Rp,2015,5283.0176517790005,SPIP-Desember-2025.xlsx
5e,Table 5e. Electronic Money,27,21,Nilai Transaksi Belanja,Rp Miliar/Billions of Rp,2016,7063.688968575,SPIP-Desember-2025.xlsx
5e,Table 5e. Electronic Money,27,21,Nilai Transaksi Belanja,Rp Miliar/Billions of Rp,2017,12375.468717372001,SPIP-Desember-2025.xlsx
5e,Table 5e. Electronic Money,27,21,Nilai Transaksi Belanja,Rp Miliar/Billions of Rp,2018,47198.61610514828,SPIP-Desember-2025.xlsx
5e,Table 5e. Electronic Money,27,21,Nilai Transaksi Belanja,Rp Miliar/Billions of Rp,2019,145165.46775259473,SPIP-Desember-2025.xlsx
5e,Table 5e. Electronic Money,27,21,Nilai Transaksi Belanja,Rp Miliar/Billions of Rp,2020,204909.16998485295,SPIP-Desember-2025.xlsx
5e,Table 5e. Electronic Money,27,21,Nilai Transaksi Belanja,Rp Miliar/Billions of Rp,2021,305435.828472424,SPIP-Desember-2025.xlsx
5e,Table 5e. Electronic Money,27,21,Nilai Transaksi Belanja,Rp Miliar/Billions of Rp,2022,407534.24147258914,SPIP-Desember-2025.xlsx
5e,Table 5e. Electronic Money,27,21,Nilai Transaksi Belanja,Rp Miliar/Billions of Rp,2023,457729.1938397822,SPIP-Desember-2025.xlsx
5e,Table 5e. Electronic Money,27,21,Nilai Transaksi Belanja,Rp Miliar/Billions of Rp,2024,597199.3267879852,SPIP-Desember-2025.xlsx
5e,Table 5e. Electronic Money,28,22,Internasional,Rp Miliar/Billions of Rp,2013,0,SPIP-Desember-2025.xlsx
5e,Table 5e. Electronic Money,28,22,Internasional,Rp Miliar/Billions of Rp,2014,0,SPIP-Desember-2025.xlsx
5e,Table 5e. Electronic Money,28,22,Internasional,Rp Miliar/Billions of Rp,2015,0,SPIP-Desember-2025.xlsx
5e,Table 5e. Electronic Money,28,22,Internasional,Rp Miliar/Billions of Rp,2016,0,SPIP-Desember-2025.xlsx
5e,Table 5e. Electronic Money,28,22,Internasional,Rp Miliar/Billions of Rp,2017,68.62604583280635,SPIP-Desember-2025.xlsx
5e,Table 5e. Electronic Money,28,22,Internasional,Rp Miliar/Billions of Rp,2018,90.06789936263257,SPIP-Desember-2025.xlsx
5e,Table 5e. Electronic Money,28,22,Internasional,Rp Miliar/Billions of Rp,2019,6.276053415195248,SPIP-Desember-2025.xlsx
5e,Table 5e. Electronic Money,28,22,Internasional,Rp Miliar/Billions of Rp,2020,3.784820587229682,SPIP-Desember-2025.xlsx
5e,Table 5e. Electronic Money,28,22,Internasional,Rp Miliar/Billions of Rp,2021,3.5803162987027455,SPIP-Desember-2025.xlsx
5e,Table 5e. Electronic Money,28,22,Internasional,Rp Miliar/Billions of Rp,2022,0.015883390031536056,SPIP-Desember-2025.xlsx
5e,Table 5e. Electronic Money,28,22,Internasional,Rp Miliar/Billions of Rp,2023,0.03738157034047961,SPIP-Desember-2025.xlsx
5e,Table 5e. Electronic Money,28,22,Internasional,Rp Miliar/Billions of Rp,2024,0.046307447205,SPIP-Desember-2025.xlsx
5e,Table 5e. Electronic Money,29,23,Domestik,Rp Miliar/Billions of Rp,2013,2907.4321369460004,SPIP-Desember-2025.xlsx
5e,Table 5e. Electronic Money,29,23,Domestik,Rp Miliar/Billions of Rp,2014,3319.5560428550007,SPIP-Desember-2025.xlsx
5e,Table 5e. Electronic Money,29,23,Domestik,Rp Miliar/Billions of Rp,2015,5283.0176517790005,SPIP-Desember-2025.xlsx
5e,Table 5e. Electronic Money,29,23,Domestik,Rp Miliar/Billions of Rp,2016,7063.688968575,SPIP-Desember-2025.xlsx
5e,Table 5e. Electronic Money,29,23,Domestik,Rp Miliar/Billions of Rp,2017,12306.842671539198,SPIP-Desember-2025.xlsx
5e,Table 5e. Electronic Money,29,23,Domestik,Rp Miliar/Billions of Rp,2018,47108.54820578564,SPIP-Desember-2025.xlsx
5e,Table 5e. Electronic Money,29,23,Domestik,Rp Miliar/Billions of Rp,2019,145159.19169917956,SPIP-Desember-2025.xlsx
5e,Table 5e. Electronic Money,29,23,Domestik,Rp Miliar/Billions of Rp,2020,204905.38516426575,SPIP-Desember-2025.xlsx
5e,Table 5e. Electronic Money,29,23,Domestik,Rp Miliar/Billions of Rp,2021,305432.2481561253,SPIP-Desember-2025.xlsx
5e,Table 5e. Electronic Money,29,23,Domestik,Rp Miliar/Billions of Rp,2022,407534.2255891991,SPIP-Desember-2025.xlsx
5e,Table 5e. Electronic Money,29,23,Domestik,Rp Miliar/Billions of Rp,2023,457729.15645821183,SPIP-Desember-2025.xlsx
5e,Table 5e. Electronic Money,29,23,Domestik,Rp Miliar/Billions of Rp,2024,597199.280480538,SPIP-Desember-2025.xlsx
5e,Table 5e. Electronic Money,30,24,Nilai Transaksi Transfer Antar Uang Elektronik,Rp Miliar/Billions of Rp,2013,137.23525071199998,SPIP-Desember-2025.xlsx
5e,Table 5e. Electronic Money,30,24,Nilai Transaksi Transfer Antar Uang Elektronik,Rp Miliar/Billions of Rp,2014,786.870538988,SPIP-Desember-2025.xlsx
5e,Table 5e. Electronic Money,30,24,Nilai Transaksi Transfer Antar Uang Elektronik,Rp Miliar/Billions of Rp,2015,1792.62199432,SPIP-Desember-2025.xlsx
5e,Table 5e. Electronic Money,30,24,Nilai Transaksi Transfer Antar Uang Elektronik,Rp Miliar/Billions of Rp,2016,2037.458929729,SPIP-Desember-2025.xlsx
5e,Table 5e. Electronic Money,30,24,Nilai Transaksi Transfer Antar Uang Elektronik,Rp Miliar/Billions of Rp,2017,3799.8003564770006,SPIP-Desember-2025.xlsx
5e,Table 5e. Electronic Money,30,24,Nilai Transaksi Transfer Antar Uang Elektronik,Rp Miliar/Billions of Rp,2018,7205.43817915792,SPIP-Desember-2025.xlsx
5e,Table 5e. Electronic Money,30,24,Nilai Transaksi Transfer Antar Uang Elektronik,Rp Miliar/Billions of Rp,2019,22418.525852269493,SPIP-Desember-2025.xlsx
5e,Table 5e. Electronic Money,30,24,Nilai Transaksi Transfer Antar Uang Elektronik,Rp Miliar/Billions of Rp,2020,18336.283787808,SPIP-Desember-2025.xlsx
5e,Table 5e. Electronic Money,30,24,Nilai Transaksi Transfer Antar Uang Elektronik,Rp Miliar/Billions of Rp,2021,38716.94816,SPIP-Desember-2025.xlsx
5e,Table 5e. Electronic Money,30,24,Nilai Transaksi Transfer Antar Uang Elektronik,Rp Miliar/Billions of Rp,2022,177055.35417771002,SPIP-Desember-2025.xlsx
5e,Table 5e. Electronic Money,30,24,Nilai Transaksi Transfer Antar Uang Elektronik,Rp Miliar/Billions of Rp,2023,366308.413597021,SPIP-Desember-2025.xlsx
5e,Table 5e. Electronic Money,30,24,Nilai Transaksi Transfer Antar Uang Elektronik,Rp Miliar/Billions of Rp,2024,539805.6148574341,SPIP-Desember-2025.xlsx
5e,Table 5e. Electronic Money,31,25,Nilai Transaksi Initial (isi pertama kali),Rp Miliar/Billions of Rp,2013,281.46658252699996,SPIP-Desember-2025.xlsx
5e,Table 5e. Electronic Money,31,25,Nilai Transaksi Initial (isi pertama kali),Rp Miliar/Billions of Rp,2014,365.65879080900004,SPIP-Desember-2025.xlsx
5e,Table 5e. Electronic Money,31,25,Nilai Transaksi Initial (isi pertama kali),Rp Miliar/Billions of Rp,2015,660.609312169,SPIP-Desember-2025.xlsx
5e,Table 5e. Electronic Money,31,25,Nilai Transaksi Initial (isi pertama kali),Rp Miliar/Billions of Rp,2016,719.7048373099999,SPIP-Desember-2025.xlsx
5e,Table 5e. Electronic Money,31,25,Nilai Transaksi Initial (isi pertama kali),Rp Miliar/Billions of Rp,2017,1657.052699479,SPIP-Desember-2025.xlsx
5e,Table 5e. Electronic Money,31,25,Nilai Transaksi Initial (isi pertama kali),Rp Miliar/Billions of Rp,2018,2605.867082612,SPIP-Desember-2025.xlsx
5e,Table 5e. Electronic Money,31,25,Nilai Transaksi Initial (isi pertama kali),Rp Miliar/Billions of Rp,2019,6861.292845081889,SPIP-Desember-2025.xlsx
5e,Table 5e. Electronic Money,31,25,Nilai Transaksi Initial (isi pertama kali),Rp Miliar/Billions of Rp,2020,7014.550443445999,SPIP-Desember-2025.xlsx
5e,Table 5e. Electronic Money,31,25,Nilai Transaksi Initial (isi pertama kali),Rp Miliar/Billions of Rp,2021,9049.122270000002,SPIP-Desember-2025.xlsx
5e,Table 5e. Electronic Money,31,25,Nilai Transaksi Initial (isi pertama kali),Rp Miliar/Billions of Rp,2022,8108.743145301999,SPIP-Desember-2025.xlsx
5e,Table 5e. Electronic Money,31,25,Nilai Transaksi Initial (isi pertama kali),Rp Miliar/Billions of Rp,2023,8392.365062320001,SPIP-Desember-2025.xlsx
5e,Table 5e. Electronic Money,31,25,Nilai Transaksi Initial (isi pertama kali),Rp Miliar/Billions of Rp,2024,19117.219742873,SPIP-Desember-2025.xlsx
5e,Table 5e. Electronic Money,32,26,Nilai Transaksi Reload/Top Up,Rp Miliar/Billions of Rp,2013,2687.155455949,SPIP-Desember-2025.xlsx
5e,Table 5e. Electronic Money,32,26,Nilai Transaksi Reload/Top Up,Rp Miliar/Billions of Rp,2014,3789.15177091,SPIP-Desember-2025.xlsx
5e,Table 5e. Electronic Money,32,26,Nilai Transaksi Reload/Top Up,Rp Miliar/Billions of Rp,2015,5815.412375383001,SPIP-Desember-2025.xlsx
5e,Table 5e. Electronic Money,32,26,Nilai Transaksi Reload/Top Up,Rp Miliar/Billions of Rp,2016,7153.212177117,SPIP-Desember-2025.xlsx
5e,Table 5e. Electronic Money,32,26,Nilai Transaksi Reload/Top Up,Rp Miliar/Billions of Rp,2017,17192.118016054,SPIP-Desember-2025.xlsx
5e,Table 5e. Electronic Money,32,26,Nilai Transaksi Reload/Top Up,Rp Miliar/Billions of Rp,2018,43730.06776546011,SPIP-Desember-2025.xlsx
5e,Table 5e. Electronic Money,32,26,Nilai Transaksi Reload/Top Up,Rp Miliar/Billions of Rp,2019,290170.10065931984,SPIP-Desember-2025.xlsx
5e,Table 5e. Electronic Money,32,26,Nilai Transaksi Reload/Top Up,Rp Miliar/Billions of Rp,2020,252579.320903986,SPIP-Desember-2025.xlsx
5e,Table 5e. Electronic Money,32,26,Nilai Transaksi Reload/Top Up,Rp Miliar/Billions of Rp,2021,386679.603958,SPIP-Desember-2025.xlsx
5e,Table 5e. Electronic Money,32,26,Nilai Transaksi Reload/Top Up,Rp Miliar/Billions of Rp,2022,532804.7333213609,SPIP-Desember-2025.xlsx
5e,Table 5e. Electronic Money,32,26,Nilai Transaksi Reload/Top Up,Rp Miliar/Billions of Rp,2023,995360.9049072401,SPIP-Desember-2025.xlsx
5e,Table 5e. Electronic Money,32,26,Nilai Transaksi Reload/Top Up,Rp Miliar/Billions of Rp,2024,1319082.4239108423,SPIP-Desember-2025.xlsx
5e,Table 5e. Electronic Money,33,27,Nilai Transaksi Tarik Tunai Uang Elektronik,Rp Miliar/Billions of Rp,2013,116.25647375999999,SPIP-Desember-2025.xlsx
5e,Table 5e. Electronic Money,33,27,Nilai Transaksi Tarik Tunai Uang Elektronik,Rp Miliar/Billions of Rp,2014,494.08392003899996,SPIP-Desember-2025.xlsx
5e,Table 5e. Electronic Money,33,27,Nilai Transaksi Tarik Tunai Uang Elektronik,Rp Miliar/Billions of Rp,2015,1182.050199608,SPIP-Desember-2025.xlsx
5e,Table 5e. Electronic Money,33,27,Nilai Transaksi Tarik Tunai Uang Elektronik,Rp Miliar/Billions of Rp,2016,1339.0308492209997,SPIP-Desember-2025.xlsx
5e,Table 5e. Electronic Money,33,27,Nilai Transaksi Tarik Tunai Uang Elektronik,Rp Miliar/Billions of Rp,2017,3020.4655620239996,SPIP-Desember-2025.xlsx
5e,Table 5e. Electronic Money,33,27,Nilai Transaksi Tarik Tunai Uang Elektronik,Rp Miliar/Billions of Rp,2018,6012.861266303,SPIP-Desember-2025.xlsx
5e,Table 5e. Electronic Money,33,27,Nilai Transaksi Tarik Tunai Uang Elektronik,Rp Miliar/Billions of Rp,2019,8802.717909659,SPIP-Desember-2025.xlsx
5e,Table 5e. Electronic Money,33,27,Nilai Transaksi Tarik Tunai Uang Elektronik,Rp Miliar/Billions of Rp,2020,20579.163994456998,SPIP-Desember-2025.xlsx
5e,Table 5e. Electronic Money,33,27,Nilai Transaksi Tarik Tunai Uang Elektronik,Rp Miliar/Billions of Rp,2021,41004.33722,SPIP-Desember-2025.xlsx
5e,Table 5e. Electronic Money,33,27,Nilai Transaksi Tarik Tunai Uang Elektronik,Rp Miliar/Billions of Rp,2022,42801.514273987996,SPIP-Desember-2025.xlsx
5e,Table 5e. Electronic Money,33,27,Nilai Transaksi Tarik Tunai Uang Elektronik,Rp Miliar/Billions of Rp,2023,20935.639014319997,SPIP-Desember-2025.xlsx
5e,Table 5e. Electronic Money,33,27,Nilai Transaksi Tarik Tunai Uang Elektronik,Rp Miliar/Billions of Rp,2024,11803.892083885998,SPIP-Desember-2025.xlsx
5e,Table 5e. Electronic Money,34,28,Nilai Transaksi Reedem,Rp Miliar/Billions of Rp,2013,17.103338331,SPIP-Desember-2025.xlsx
5e,Table 5e. Electronic Money,34,28,Nilai Transaksi Reedem,Rp Miliar/Billions of Rp,2014,21.421849164,SPIP-Desember-2025.xlsx
5e,Table 5e. Electronic Money,34,28,Nilai Transaksi Reedem,Rp Miliar/Billions of Rp,2015,22.285203922,SPIP-Desember-2025.xlsx
5e,Table 5e. Electronic Money,34,28,Nilai Transaksi Reedem,Rp Miliar/Billions of Rp,2016,25.181463794999996,SPIP-Desember-2025.xlsx
5e,Table 5e. Electronic Money,34,28,Nilai Transaksi Reedem,Rp Miliar/Billions of Rp,2017,34.907961438,SPIP-Desember-2025.xlsx
5e,Table 5e. Electronic Money,34,28,Nilai Transaksi Reedem,Rp Miliar/Billions of Rp,2018,26.774961742,SPIP-Desember-2025.xlsx
5e,Table 5e. Electronic Money,34,28,Nilai Transaksi Reedem,Rp Miliar/Billions of Rp,2019,24.959899266,SPIP-Desember-2025.xlsx
5e,Table 5e. Electronic Money,34,28,Nilai Transaksi Reedem,Rp Miliar/Billions of Rp,2020,1537.69576,SPIP-Desember-2025.xlsx
5e,Table 5e. Electronic Money,34,28,Nilai Transaksi Reedem,Rp Miliar/Billions of Rp,2021,5568.508720000001,SPIP-Desember-2025.xlsx
5e,Table 5e. Electronic Money,34,28,Nilai Transaksi Reedem,Rp Miliar/Billions of Rp,2022,9492.769506864,SPIP-Desember-2025.xlsx
5e,Table 5e. Electronic Money,34,28,Nilai Transaksi Reedem,Rp Miliar/Billions of Rp,2023,11224.946959624,SPIP-Desember-2025.xlsx
5e,Table 5e. Electronic Money,34,28,Nilai Transaksi Reedem,Rp Miliar/Billions of Rp,2024,16950.391530501,SPIP-Desember-2025.xlsx
5e,Table 5e. Electronic Money,36,30,Dana Float1),Rp Miliar/Billions of Rp,2013,345.48266733099996,SPIP-Desember-2025.xlsx
5e,Table 5e. Electronic Money,36,30,Dana Float1),Rp Miliar/Billions of Rp,2014,494.3536905300001,SPIP-Desember-2025.xlsx
5e,Table 5e. Electronic Money,36,30,Dana Float1),Rp Miliar/Billions of Rp,2015,737.786088539,SPIP-Desember-2025.xlsx
5e,Table 5e. Electronic Money,36,30,Dana Float1),Rp Miliar/Billions of Rp,2016,982.3602809419999,SPIP-Desember-2025.xlsx
5e,Table 5e. Electronic Money,36,30,Dana Float1),Rp Miliar/Billions of Rp,2017,2421.0944136289995,SPIP-Desember-2025.xlsx
5e,Table 5e. Electronic Money,36,30,Dana Float1),Rp Miliar/Billions of Rp,2018,4033.0082785489503,SPIP-Desember-2025.xlsx
5e,Table 5e. Electronic Money,36,30,Dana Float1),Rp Miliar/Billions of Rp,2019,6142.712010000001,SPIP-Desember-2025.xlsx
5e,Table 5e. Electronic Money,36,30,Dana Float1),Rp Miliar/Billions of Rp,2020,7893.32131,SPIP-Desember-2025.xlsx
5e,Table 5e. Electronic Money,36,30,Dana Float1),Rp Miliar/Billions of Rp,2021,11111.52567,SPIP-Desember-2025.xlsx
5e,Table 5e. Electronic Money,36,30,Dana Float1),Rp Miliar/Billions of Rp,2022,10606.468592904996,SPIP-Desember-2025.xlsx
5e,Table 5e. Electronic Money,36,30,Dana Float1),Rp Miliar/Billions of Rp,2023,12388.835920041996,SPIP-Desember-2025.xlsx
5e,Table 5e. Electronic Money,36,30,Dana Float1),Rp Miliar/Billions of Rp,2024,14205.365371580998,SPIP-Desember-2025.xlsx
5e,Table 5e. Electronic Money,37,31,Dana Float Penerbit Uang Elektronik Bank,Rp Miliar/Billions of Rp,2013,293.65909090699995,SPIP-Desember-2025.xlsx
5e,Table 5e. Electronic Money,37,31,Dana Float Penerbit Uang Elektronik Bank,Rp Miliar/Billions of Rp,2014,422.64317449200007,SPIP-Desember-2025.xlsx
5e,Table 5e. Electronic Money,37,31,Dana Float Penerbit Uang Elektronik Bank,Rp Miliar/Billions of Rp,2015,629.659109162,SPIP-Desember-2025.xlsx
5e,Table 5e. Electronic Money,37,31,Dana Float Penerbit Uang Elektronik Bank,Rp Miliar/Billions of Rp,2016,784.2711854049999,SPIP-Desember-2025.xlsx
5e,Table 5e. Electronic Money,37,31,Dana Float Penerbit Uang Elektronik Bank,Rp Miliar/Billions of Rp,2017,1561.0509790719998,SPIP-Desember-2025.xlsx
5e,Table 5e. Electronic Money,37,31,Dana Float Penerbit Uang Elektronik Bank,Rp Miliar/Billions of Rp,2018,2564.472608671,SPIP-Desember-2025.xlsx
5e,Table 5e. Electronic Money,37,31,Dana Float Penerbit Uang Elektronik Bank,Rp Miliar/Billions of Rp,2019,2811.720620000001,SPIP-Desember-2025.xlsx
5e,Table 5e. Electronic Money,37,31,Dana Float Penerbit Uang Elektronik Bank,Rp Miliar/Billions of Rp,2020,3016.6794599999985,SPIP-Desember-2025.xlsx
5e,Table 5e. Electronic Money,37,31,Dana Float Penerbit Uang Elektronik Bank,Rp Miliar/Billions of Rp,2021,5678.8498899999995,SPIP-Desember-2025.xlsx
5e,Table 5e. Electronic Money,37,31,Dana Float Penerbit Uang Elektronik Bank,Rp Miliar/Billions of Rp,2022,3651.0701629049972,SPIP-Desember-2025.xlsx
5e,Table 5e. Electronic Money,37,31,Dana Float Penerbit Uang Elektronik Bank,Rp Miliar/Billions of Rp,2023,4091.040210041996,SPIP-Desember-2025.xlsx
5e,Table 5e. Electronic Money,37,31,Dana Float Penerbit Uang Elektronik Bank,Rp Miliar/Billions of Rp,2024,4442.467641581003,SPIP-Desember-2025.xlsx
5e,Table 5e. Electronic Money,38,32,Dana Float seluruh Penerbit Uang Elektronik Non Bank,Rp Miliar/Billions of Rp,2013,51.823576424,SPIP-Desember-2025.xlsx
5e,Table 5e. Electronic Money,38,32,Dana Float seluruh Penerbit Uang Elektronik Non Bank,Rp Miliar/Billions of Rp,2014,71.71051603800001,SPIP-Desember-2025.xlsx
5e,Table 5e. Electronic Money,38,32,Dana Float seluruh Penerbit Uang Elektronik Non Bank,Rp Miliar/Billions of Rp,2015,108.12697937699998,SPIP-Desember-2025.xlsx
5e,Table 5e. Electronic Money,38,32,Dana Float seluruh Penerbit Uang Elektronik Non Bank,Rp Miliar/Billions of Rp,2016,198.08909553700005,SPIP-Desember-2025.xlsx
5e,Table 5e. Electronic Money,38,32,Dana Float seluruh Penerbit Uang Elektronik Non Bank,Rp Miliar/Billions of Rp,2017,860.0434345569998,SPIP-Desember-2025.xlsx
5e,Table 5e. Electronic Money,38,32,Dana Float seluruh Penerbit Uang Elektronik Non Bank,Rp Miliar/Billions of Rp,2018,1468.53566987795,SPIP-Desember-2025.xlsx
5e,Table 5e. Electronic Money,38,32,Dana Float seluruh Penerbit Uang Elektronik Non Bank,Rp Miliar/Billions of Rp,2019,3330.99139,SPIP-Desember-2025.xlsx
5e,Table 5e. Electronic Money,38,32,Dana Float seluruh Penerbit Uang Elektronik Non Bank,Rp Miliar/Billions of Rp,2020,4876.641850000002,SPIP-Desember-2025.xlsx
5e,Table 5e. Electronic Money,38,32,Dana Float seluruh Penerbit Uang Elektronik Non Bank,Rp Miliar/Billions of Rp,2021,5432.675780000001,SPIP-Desember-2025.xlsx
5e,Table 5e. Electronic Money,38,32,Dana Float seluruh Penerbit Uang Elektronik Non Bank,Rp Miliar/Billions of Rp,2022,6955.398429999998,SPIP-Desember-2025.xlsx
5e,Table 5e. Electronic Money,38,32,Dana Float seluruh Penerbit Uang Elektronik Non Bank,Rp Miliar/Billions of Rp,2023,8297.79571,SPIP-Desember-2025.xlsx
5e,Table 5e. Electronic Money,38,32,Dana Float seluruh Penerbit Uang Elektronik Non Bank,Rp Miliar/Billions of Rp,2024,9762.897729999995,SPIP-Desember-2025.xlsx
5e,Table 5e. Electronic Money,41,35,Penerbit,Satuan/Unit,2012,12,SPIP-Desember-2025.xlsx
5e,Table 5e. Electronic Money,41,35,Penerbit,Satuan/Unit,2013,17,SPIP-Desember-2025.xlsx
5e,Table 5e. Electronic Money,41,35,Penerbit,Satuan/Unit,2014,19,SPIP-Desember-2025.xlsx
5e,Table 5e. Electronic Money,41,35,Penerbit,Satuan/Unit,2015,20,SPIP-Desember-2025.xlsx
5e,Table 5e. Electronic Money,41,35,Penerbit,Satuan/Unit,2016,21,SPIP-Desember-2025.xlsx
5e,Table 5e. Electronic Money,41,35,Penerbit,Satuan/Unit,2017,27,SPIP-Desember-2025.xlsx
5e,Table 5e. Electronic Money,41,35,Penerbit,Satuan/Unit,2018,34,SPIP-Desember-2025.xlsx
5e,Table 5e. Electronic Money,41,35,Penerbit,Satuan/Unit,2019,40,SPIP-Desember-2025.xlsx
5e,Table 5e. Electronic Money,41,35,Penerbit,Satuan/Unit,2020,55,SPIP-Desember-2025.xlsx
5e,Table 5e. Electronic Money,41,35,Penerbit,Satuan/Unit,2021,63,SPIP-Desember-2025.xlsx
5e,Table 5e. Electronic Money,41,35,Penerbit,Satuan/Unit,2022,75,SPIP-Desember-2025.xlsx
5e,Table 5e. Electronic Money,41,35,Penerbit,Satuan/Unit,2023,81,SPIP-Desember-2025.xlsx
5e,Table 5e. Electronic Money,41,35,Penerbit,Satuan/Unit,2024,87,SPIP-Desember-2025.xlsx
5e,Table 5e. Electronic Money,42,36,Bank Umum,Satuan/Unit,2012,6,SPIP-Desember-2025.xlsx
5e,Table 5e. Electronic Money,42,36,Bank Umum,Satuan/Unit,2013,9,SPIP-Desember-2025.xlsx
5e,Table 5e. Electronic Money,42,36,Bank Umum,Satuan/Unit,2014,9,SPIP-Desember-2025.xlsx
5e,Table 5e. Electronic Money,42,36,Bank Umum,Satuan/Unit,2015,9,SPIP-Desember-2025.xlsx
5e,Table 5e. Electronic Money,42,36,Bank Umum,Satuan/Unit,2016,9,SPIP-Desember-2025.xlsx
5e,Table 5e. Electronic Money,42,36,Bank Umum,Satuan/Unit,2017,11,SPIP-Desember-2025.xlsx
5e,Table 5e. Electronic Money,42,36,Bank Umum,Satuan/Unit,2018,12,SPIP-Desember-2025.xlsx
5e,Table 5e. Electronic Money,42,36,Bank Umum,Satuan/Unit,2019,12,SPIP-Desember-2025.xlsx
5e,Table 5e. Electronic Money,42,36,Bank Umum,Satuan/Unit,2020,16,SPIP-Desember-2025.xlsx
5e,Table 5e. Electronic Money,42,36,Bank Umum,Satuan/Unit,2021,18,SPIP-Desember-2025.xlsx
5e,Table 5e. Electronic Money,42,36,Bank Umum,Satuan/Unit,2022,21,SPIP-Desember-2025.xlsx
5e,Table 5e. Electronic Money,42,36,Bank Umum,Satuan/Unit,2023,21,SPIP-Desember-2025.xlsx
5e,Table 5e. Electronic Money,42,36,Bank Umum,Satuan/Unit,2024,21,SPIP-Desember-2025.xlsx
5e,Table 5e. Electronic Money,43,37,Lembaga Selain Bank/LSB,Satuan/Unit,2012,6,SPIP-Desember-2025.xlsx
5e,Table 5e. Electronic Money,43,37,Lembaga Selain Bank/LSB,Satuan/Unit,2013,8,SPIP-Desember-2025.xlsx
5e,Table 5e. Electronic Money,43,37,Lembaga Selain Bank/LSB,Satuan/Unit,2014,10,SPIP-Desember-2025.xlsx
5e,Table 5e. Electronic Money,43,37,Lembaga Selain Bank/LSB,Satuan/Unit,2015,11,SPIP-Desember-2025.xlsx
5e,Table 5e. Electronic Money,43,37,Lembaga Selain Bank/LSB,Satuan/Unit,2016,12,SPIP-Desember-2025.xlsx
5e,Table 5e. Electronic Money,43,37,Lembaga Selain Bank/LSB,Satuan/Unit,2017,16,SPIP-Desember-2025.xlsx
5e,Table 5e. Electronic Money,43,37,Lembaga Selain Bank/LSB,Satuan/Unit,2018,22,SPIP-Desember-2025.xlsx
5e,Table 5e. Electronic Money,43,37,Lembaga Selain Bank/LSB,Satuan/Unit,2019,28,SPIP-Desember-2025.xlsx
5e,Table 5e. Electronic Money,43,37,Lembaga Selain Bank/LSB,Satuan/Unit,2020,39,SPIP-Desember-2025.xlsx
5e,Table 5e. Electronic Money,43,37,Lembaga Selain Bank/LSB,Satuan/Unit,2021,45,SPIP-Desember-2025.xlsx
5e,Table 5e. Electronic Money,43,37,Lembaga Selain Bank/LSB,Satuan/Unit,2022,54,SPIP-Desember-2025.xlsx
5e,Table 5e. Electronic Money,43,37,Lembaga Selain Bank/LSB,Satuan/Unit,2023,60,SPIP-Desember-2025.xlsx
5e,Table 5e. Electronic Money,43,37,Lembaga Selain Bank/LSB,Satuan/Unit,2024,66,SPIP-Desember-2025.xlsx
5g,Table 5g. Card-Based Payment Instruments (APMK) and Electronic Money (UE) Infrastructures,7,1,Jumlah Mesin EDC,Unit,2013,655938,SPIP-Desember-2025.xlsx
5g,Table 5g. Card-Based Payment Instruments (APMK) and Electronic Money (UE) Infrastructures,7,1,Jumlah Mesin EDC,Unit,2014,842651,SPIP-Desember-2025.xlsx
5g,Table 5g. Card-Based Payment Instruments (APMK) and Electronic Money (UE) Infrastructures,7,1,Jumlah Mesin EDC,Unit,2015,1005193,SPIP-Desember-2025.xlsx
5g,Table 5g. Card-Based Payment Instruments (APMK) and Electronic Money (UE) Infrastructures,7,1,Jumlah Mesin EDC,Unit,2016,1050248,SPIP-Desember-2025.xlsx
5g,Table 5g. Card-Based Payment Instruments (APMK) and Electronic Money (UE) Infrastructures,7,1,Jumlah Mesin EDC,Unit,2017,1237309,SPIP-Desember-2025.xlsx
5g,Table 5g. Card-Based Payment Instruments (APMK) and Electronic Money (UE) Infrastructures,7,1,Jumlah Mesin EDC,Unit,2018,1045903,SPIP-Desember-2025.xlsx
5g,Table 5g. Card-Based Payment Instruments (APMK) and Electronic Money (UE) Infrastructures,7,1,Jumlah Mesin EDC,Unit,2019,1070960,SPIP-Desember-2025.xlsx
5g,Table 5g. Card-Based Payment Instruments (APMK) and Electronic Money (UE) Infrastructures,7,1,Jumlah Mesin EDC,Unit,2020,1362234,SPIP-Desember-2025.xlsx
5g,Table 5g. Card-Based Payment Instruments (APMK) and Electronic Money (UE) Infrastructures,7,1,Jumlah Mesin EDC,Unit,2021,1761930,SPIP-Desember-2025.xlsx
5g,Table 5g. Card-Based Payment Instruments (APMK) and Electronic Money (UE) Infrastructures,7,1,Jumlah Mesin EDC,Unit,2022,1711413,SPIP-Desember-2025.xlsx
5g,Table 5g. Card-Based Payment Instruments (APMK) and Electronic Money (UE) Infrastructures,7,1,Jumlah Mesin EDC,Unit,2023,2015374,SPIP-Desember-2025.xlsx
5g,Table 5g. Card-Based Payment Instruments (APMK) and Electronic Money (UE) Infrastructures,7,1,Jumlah Mesin EDC,Unit,2024,2181663,SPIP-Desember-2025.xlsx
5g,Table 5g. Card-Based Payment Instruments (APMK) and Electronic Money (UE) Infrastructures,9,3,Volume Transaksi On Us,Juta Transaksi/ Millions of Transaction,2013,711.1811819999999,SPIP-Desember-2025.xlsx
5g,Table 5g. Card-Based Payment Instruments (APMK) and Electronic Money (UE) Infrastructures,9,3,Volume Transaksi On Us,Juta Transaksi/ Millions of Transaction,2014,857.0715519999999,SPIP-Desember-2025.xlsx
5g,Table 5g. Card-Based Payment Instruments (APMK) and Electronic Money (UE) Infrastructures,9,3,Volume Transaksi On Us,Juta Transaksi/ Millions of Transaction,2015,970.8560460000001,SPIP-Desember-2025.xlsx
5g,Table 5g. Card-Based Payment Instruments (APMK) and Electronic Money (UE) Infrastructures,9,3,Volume Transaksi On Us,Juta Transaksi/ Millions of Transaction,2016,1160.8443050000003,SPIP-Desember-2025.xlsx
5g,Table 5g. Card-Based Payment Instruments (APMK) and Electronic Money (UE) Infrastructures,9,3,Volume Transaksi On Us,Juta Transaksi/ Millions of Transaction,2017,1152.812491,SPIP-Desember-2025.xlsx
5g,Table 5g. Card-Based Payment Instruments (APMK) and Electronic Money (UE) Infrastructures,9,3,Volume Transaksi On Us,Juta Transaksi/ Millions of Transaction,2018,1652.497195,SPIP-Desember-2025.xlsx
5g,Table 5g. Card-Based Payment Instruments (APMK) and Electronic Money (UE) Infrastructures,9,3,Volume Transaksi On Us,Juta Transaksi/ Millions of Transaction,2019,1387.1078540000003,SPIP-Desember-2025.xlsx
5g,Table 5g. Card-Based Payment Instruments (APMK) and Electronic Money (UE) Infrastructures,9,3,Volume Transaksi On Us,Juta Transaksi/ Millions of Transaction,2020,1530.7132310000002,SPIP-Desember-2025.xlsx
5g,Table 5g. Card-Based Payment Instruments (APMK) and Electronic Money (UE) Infrastructures,9,3,Volume Transaksi On Us,Juta Transaksi/ Millions of Transaction,2021,1479.7887719999999,SPIP-Desember-2025.xlsx
5g,Table 5g. Card-Based Payment Instruments (APMK) and Electronic Money (UE) Infrastructures,9,3,Volume Transaksi On Us,Juta Transaksi/ Millions of Transaction,2022,1153.126961,SPIP-Desember-2025.xlsx
5g,Table 5g. Card-Based Payment Instruments (APMK) and Electronic Money (UE) Infrastructures,9,3,Volume Transaksi On Us,Juta Transaksi/ Millions of Transaction,2023,1247.203336,SPIP-Desember-2025.xlsx
5g,Table 5g. Card-Based Payment Instruments (APMK) and Electronic Money (UE) Infrastructures,9,3,Volume Transaksi On Us,Juta Transaksi/ Millions of Transaction,2024,1221.3954640000002,SPIP-Desember-2025.xlsx
5g,Table 5g. Card-Based Payment Instruments (APMK) and Electronic Money (UE) Infrastructures,10,4,Volume Transaksi Off Us Domestik,Juta Transaksi/ Millions of Transaction,2013,224.761005,SPIP-Desember-2025.xlsx
5g,Table 5g. Card-Based Payment Instruments (APMK) and Electronic Money (UE) Infrastructures,10,4,Volume Transaksi Off Us Domestik,Juta Transaksi/ Millions of Transaction,2014,289.7854,SPIP-Desember-2025.xlsx
5g,Table 5g. Card-Based Payment Instruments (APMK) and Electronic Money (UE) Infrastructures,10,4,Volume Transaksi Off Us Domestik,Juta Transaksi/ Millions of Transaction,2015,272.61208700000003,SPIP-Desember-2025.xlsx
5g,Table 5g. Card-Based Payment Instruments (APMK) and Electronic Money (UE) Infrastructures,10,4,Volume Transaksi Off Us Domestik,Juta Transaksi/ Millions of Transaction,2016,293.1704,SPIP-Desember-2025.xlsx
5g,Table 5g. Card-Based Payment Instruments (APMK) and Electronic Money (UE) Infrastructures,10,4,Volume Transaksi Off Us Domestik,Juta Transaksi/ Millions of Transaction,2017,306.554139,SPIP-Desember-2025.xlsx
5g,Table 5g. Card-Based Payment Instruments (APMK) and Electronic Money (UE) Infrastructures,10,4,Volume Transaksi Off Us Domestik,Juta Transaksi/ Millions of Transaction,2018,330.613896,SPIP-Desember-2025.xlsx
5g,Table 5g. Card-Based Payment Instruments (APMK) and Electronic Money (UE) Infrastructures,10,4,Volume Transaksi Off Us Domestik,Juta Transaksi/ Millions of Transaction,2019,320.478837,SPIP-Desember-2025.xlsx
5g,Table 5g. Card-Based Payment Instruments (APMK) and Electronic Money (UE) Infrastructures,10,4,Volume Transaksi Off Us Domestik,Juta Transaksi/ Millions of Transaction,2020,227.82527999999996,SPIP-Desember-2025.xlsx
5g,Table 5g. Card-Based Payment Instruments (APMK) and Electronic Money (UE) Infrastructures,10,4,Volume Transaksi Off Us Domestik,Juta Transaksi/ Millions of Transaction,2021,278.588432,SPIP-Desember-2025.xlsx
5g,Table 5g. Card-Based Payment Instruments (APMK) and Electronic Money (UE) Infrastructures,10,4,Volume Transaksi Off Us Domestik,Juta Transaksi/ Millions of Transaction,2022,390.128012,SPIP-Desember-2025.xlsx
5g,Table 5g. Card-Based Payment Instruments (APMK) and Electronic Money (UE) Infrastructures,10,4,Volume Transaksi Off Us Domestik,Juta Transaksi/ Millions of Transaction,2023,491.962591,SPIP-Desember-2025.xlsx
5g,Table 5g. Card-Based Payment Instruments (APMK) and Electronic Money (UE) Infrastructures,10,4,Volume Transaksi Off Us Domestik,Juta Transaksi/ Millions of Transaction,2024,438.484058,SPIP-Desember-2025.xlsx
5g,Table 5g. Card-Based Payment Instruments (APMK) and Electronic Money (UE) Infrastructures,11,5,Volume Transaksi Off Us Internasional,Juta Transaksi/ Millions of Transaction,2013,15.741451999999999,SPIP-Desember-2025.xlsx
5g,Table 5g. Card-Based Payment Instruments (APMK) and Electronic Money (UE) Infrastructures,11,5,Volume Transaksi Off Us Internasional,Juta Transaksi/ Millions of Transaction,2014,31.224894,SPIP-Desember-2025.xlsx
5g,Table 5g. Card-Based Payment Instruments (APMK) and Electronic Money (UE) Infrastructures,11,5,Volume Transaksi Off Us Internasional,Juta Transaksi/ Millions of Transaction,2015,20.963977999999997,SPIP-Desember-2025.xlsx
5g,Table 5g. Card-Based Payment Instruments (APMK) and Electronic Money (UE) Infrastructures,11,5,Volume Transaksi Off Us Internasional,Juta Transaksi/ Millions of Transaction,2016,25.062346999999995,SPIP-Desember-2025.xlsx
5g,Table 5g. Card-Based Payment Instruments (APMK) and Electronic Money (UE) Infrastructures,11,5,Volume Transaksi Off Us Internasional,Juta Transaksi/ Millions of Transaction,2017,29.197117000000006,SPIP-Desember-2025.xlsx
5g,Table 5g. Card-Based Payment Instruments (APMK) and Electronic Money (UE) Infrastructures,11,5,Volume Transaksi Off Us Internasional,Juta Transaksi/ Millions of Transaction,2018,35.486177,SPIP-Desember-2025.xlsx
5g,Table 5g. Card-Based Payment Instruments (APMK) and Electronic Money (UE) Infrastructures,11,5,Volume Transaksi Off Us Internasional,Juta Transaksi/ Millions of Transaction,2019,38.872277,SPIP-Desember-2025.xlsx
5g,Table 5g. Card-Based Payment Instruments (APMK) and Electronic Money (UE) Infrastructures,11,5,Volume Transaksi Off Us Internasional,Juta Transaksi/ Millions of Transaction,2020,14.51958,SPIP-Desember-2025.xlsx
5g,Table 5g. Card-Based Payment Instruments (APMK) and Electronic Money (UE) Infrastructures,11,5,Volume Transaksi Off Us Internasional,Juta Transaksi/ Millions of Transaction,2021,10.569402,SPIP-Desember-2025.xlsx
5g,Table 5g. Card-Based Payment Instruments (APMK) and Electronic Money (UE) Infrastructures,11,5,Volume Transaksi Off Us Internasional,Juta Transaksi/ Millions of Transaction,2022,39.861832,SPIP-Desember-2025.xlsx
5g,Table 5g. Card-Based Payment Instruments (APMK) and Electronic Money (UE) Infrastructures,11,5,Volume Transaksi Off Us Internasional,Juta Transaksi/ Millions of Transaction,2023,64.890932,SPIP-Desember-2025.xlsx
5g,Table 5g. Card-Based Payment Instruments (APMK) and Electronic Money (UE) Infrastructures,11,5,Volume Transaksi Off Us Internasional,Juta Transaksi/ Millions of Transaction,2024,85.80625,SPIP-Desember-2025.xlsx
5g,Table 5g. Card-Based Payment Instruments (APMK) and Electronic Money (UE) Infrastructures,12,6,Nilai Transaksi On Us,Rp Miliar/ Billions of Rp,2013,470074.25326795096,SPIP-Desember-2025.xlsx
5g,Table 5g. Card-Based Payment Instruments (APMK) and Electronic Money (UE) Infrastructures,12,6,Nilai Transaksi On Us,Rp Miliar/ Billions of Rp,2014,573223.0556003801,SPIP-Desember-2025.xlsx
5g,Table 5g. Card-Based Payment Instruments (APMK) and Electronic Money (UE) Infrastructures,12,6,Nilai Transaksi On Us,Rp Miliar/ Billions of Rp,2015,657228.650259612,SPIP-Desember-2025.xlsx
5g,Table 5g. Card-Based Payment Instruments (APMK) and Electronic Money (UE) Infrastructures,12,6,Nilai Transaksi On Us,Rp Miliar/ Billions of Rp,2016,778448.329542088,SPIP-Desember-2025.xlsx
5g,Table 5g. Card-Based Payment Instruments (APMK) and Electronic Money (UE) Infrastructures,12,6,Nilai Transaksi On Us,Rp Miliar/ Billions of Rp,2017,775366.6266056332,SPIP-Desember-2025.xlsx
5g,Table 5g. Card-Based Payment Instruments (APMK) and Electronic Money (UE) Infrastructures,12,6,Nilai Transaksi On Us,Rp Miliar/ Billions of Rp,2018,773615.6514473871,SPIP-Desember-2025.xlsx
5g,Table 5g. Card-Based Payment Instruments (APMK) and Electronic Money (UE) Infrastructures,12,6,Nilai Transaksi On Us,Rp Miliar/ Billions of Rp,2019,590819.220067713,SPIP-Desember-2025.xlsx
5g,Table 5g. Card-Based Payment Instruments (APMK) and Electronic Money (UE) Infrastructures,12,6,Nilai Transaksi On Us,Rp Miliar/ Billions of Rp,2020,349364.532242,SPIP-Desember-2025.xlsx
5g,Table 5g. Card-Based Payment Instruments (APMK) and Electronic Money (UE) Infrastructures,12,6,Nilai Transaksi On Us,Rp Miliar/ Billions of Rp,2021,409805.1416928,SPIP-Desember-2025.xlsx
5g,Table 5g. Card-Based Payment Instruments (APMK) and Electronic Money (UE) Infrastructures,12,6,Nilai Transaksi On Us,Rp Miliar/ Billions of Rp,2022,454213.06343066395,SPIP-Desember-2025.xlsx
5g,Table 5g. Card-Based Payment Instruments (APMK) and Electronic Money (UE) Infrastructures,12,6,Nilai Transaksi On Us,Rp Miliar/ Billions of Rp,2023,509807.8491045921,SPIP-Desember-2025.xlsx
5g,Table 5g. Card-Based Payment Instruments (APMK) and Electronic Money (UE) Infrastructures,12,6,Nilai Transaksi On Us,Rp Miliar/ Billions of Rp,2024,551830.700815461,SPIP-Desember-2025.xlsx
5g,Table 5g. Card-Based Payment Instruments (APMK) and Electronic Money (UE) Infrastructures,13,7,Nilai Transaksi Off Us Domestik,Rp Miliar/ Billions of Rp,2013,173776.67725524702,SPIP-Desember-2025.xlsx
5g,Table 5g. Card-Based Payment Instruments (APMK) and Electronic Money (UE) Infrastructures,13,7,Nilai Transaksi Off Us Domestik,Rp Miliar/ Billions of Rp,2014,231283.591563594,SPIP-Desember-2025.xlsx
5g,Table 5g. Card-Based Payment Instruments (APMK) and Electronic Money (UE) Infrastructures,13,7,Nilai Transaksi Off Us Domestik,Rp Miliar/ Billions of Rp,2015,237598.65538726398,SPIP-Desember-2025.xlsx
5g,Table 5g. Card-Based Payment Instruments (APMK) and Electronic Money (UE) Infrastructures,13,7,Nilai Transaksi Off Us Domestik,Rp Miliar/ Billions of Rp,2016,238302.88005429,SPIP-Desember-2025.xlsx
5g,Table 5g. Card-Based Payment Instruments (APMK) and Electronic Money (UE) Infrastructures,13,7,Nilai Transaksi Off Us Domestik,Rp Miliar/ Billions of Rp,2017,255733.65688256503,SPIP-Desember-2025.xlsx
5g,Table 5g. Card-Based Payment Instruments (APMK) and Electronic Money (UE) Infrastructures,13,7,Nilai Transaksi Off Us Domestik,Rp Miliar/ Billions of Rp,2018,265421.94469876395,SPIP-Desember-2025.xlsx
5g,Table 5g. Card-Based Payment Instruments (APMK) and Electronic Money (UE) Infrastructures,13,7,Nilai Transaksi Off Us Domestik,Rp Miliar/ Billions of Rp,2019,265422.88133833,SPIP-Desember-2025.xlsx
5g,Table 5g. Card-Based Payment Instruments (APMK) and Electronic Money (UE) Infrastructures,13,7,Nilai Transaksi Off Us Domestik,Rp Miliar/ Billions of Rp,2020,173167.2910978,SPIP-Desember-2025.xlsx
5g,Table 5g. Card-Based Payment Instruments (APMK) and Electronic Money (UE) Infrastructures,13,7,Nilai Transaksi Off Us Domestik,Rp Miliar/ Billions of Rp,2021,194610.64965210002,SPIP-Desember-2025.xlsx
5g,Table 5g. Card-Based Payment Instruments (APMK) and Electronic Money (UE) Infrastructures,13,7,Nilai Transaksi Off Us Domestik,Rp Miliar/ Billions of Rp,2022,302514.077687648,SPIP-Desember-2025.xlsx
5g,Table 5g. Card-Based Payment Instruments (APMK) and Electronic Money (UE) Infrastructures,13,7,Nilai Transaksi Off Us Domestik,Rp Miliar/ Billions of Rp,2023,387195.841446468,SPIP-Desember-2025.xlsx
5g,Table 5g. Card-Based Payment Instruments (APMK) and Electronic Money (UE) Infrastructures,13,7,Nilai Transaksi Off Us Domestik,Rp Miliar/ Billions of Rp,2024,319545.22639454197,SPIP-Desember-2025.xlsx
5g,Table 5g. Card-Based Payment Instruments (APMK) and Electronic Money (UE) Infrastructures,14,8,Nilai Transaksi Off Us Internasional,Rp Miliar/ Billions of Rp,2013,28223.924534036,SPIP-Desember-2025.xlsx
5g,Table 5g. Card-Based Payment Instruments (APMK) and Electronic Money (UE) Infrastructures,14,8,Nilai Transaksi Off Us Internasional,Rp Miliar/ Billions of Rp,2014,73929.20372991002,SPIP-Desember-2025.xlsx
5g,Table 5g. Card-Based Payment Instruments (APMK) and Electronic Money (UE) Infrastructures,14,8,Nilai Transaksi Off Us Internasional,Rp Miliar/ Billions of Rp,2015,96242.82857479801,SPIP-Desember-2025.xlsx
5g,Table 5g. Card-Based Payment Instruments (APMK) and Electronic Money (UE) Infrastructures,14,8,Nilai Transaksi Off Us Internasional,Rp Miliar/ Billions of Rp,2016,127222.937592381,SPIP-Desember-2025.xlsx
5g,Table 5g. Card-Based Payment Instruments (APMK) and Electronic Money (UE) Infrastructures,14,8,Nilai Transaksi Off Us Internasional,Rp Miliar/ Billions of Rp,2017,137550.330726064,SPIP-Desember-2025.xlsx
5g,Table 5g. Card-Based Payment Instruments (APMK) and Electronic Money (UE) Infrastructures,14,8,Nilai Transaksi Off Us Internasional,Rp Miliar/ Billions of Rp,2018,83018.22355286001,SPIP-Desember-2025.xlsx
5g,Table 5g. Card-Based Payment Instruments (APMK) and Electronic Money (UE) Infrastructures,14,8,Nilai Transaksi Off Us Internasional,Rp Miliar/ Billions of Rp,2019,62394.09558709479,SPIP-Desember-2025.xlsx
5g,Table 5g. Card-Based Payment Instruments (APMK) and Electronic Money (UE) Infrastructures,14,8,Nilai Transaksi Off Us Internasional,Rp Miliar/ Billions of Rp,2020,16556.1782018,SPIP-Desember-2025.xlsx
5g,Table 5g. Card-Based Payment Instruments (APMK) and Electronic Money (UE) Infrastructures,14,8,Nilai Transaksi Off Us Internasional,Rp Miliar/ Billions of Rp,2021,10363.9478892,SPIP-Desember-2025.xlsx
5g,Table 5g. Card-Based Payment Instruments (APMK) and Electronic Money (UE) Infrastructures,14,8,Nilai Transaksi Off Us Internasional,Rp Miliar/ Billions of Rp,2022,39978.266099844,SPIP-Desember-2025.xlsx
5g,Table 5g. Card-Based Payment Instruments (APMK) and Electronic Money (UE) Infrastructures,14,8,Nilai Transaksi Off Us Internasional,Rp Miliar/ Billions of Rp,2023,73120.233816134,SPIP-Desember-2025.xlsx
5g,Table 5g. Card-Based Payment Instruments (APMK) and Electronic Money (UE) Infrastructures,14,8,Nilai Transaksi Off Us Internasional,Rp Miliar/ Billions of Rp,2024,81835.417001284,SPIP-Desember-2025.xlsx
5g,Table 5g. Card-Based Payment Instruments (APMK) and Electronic Money (UE) Infrastructures,16,10,Jumlah Reader Uang Elektronik,Unit,2013,139157,SPIP-Desember-2025.xlsx
5g,Table 5g. Card-Based Payment Instruments (APMK) and Electronic Money (UE) Infrastructures,16,10,Jumlah Reader Uang Elektronik,Unit,2014,206826,SPIP-Desember-2025.xlsx
5g,Table 5g. Card-Based Payment Instruments (APMK) and Electronic Money (UE) Infrastructures,16,10,Jumlah Reader Uang Elektronik,Unit,2015,281988,SPIP-Desember-2025.xlsx
5g,Table 5g. Card-Based Payment Instruments (APMK) and Electronic Money (UE) Infrastructures,16,10,Jumlah Reader Uang Elektronik,Unit,2016,374861,SPIP-Desember-2025.xlsx
5g,Table 5g. Card-Based Payment Instruments (APMK) and Electronic Money (UE) Infrastructures,16,10,Jumlah Reader Uang Elektronik,Unit,2017,691331,SPIP-Desember-2025.xlsx
5g,Table 5g. Card-Based Payment Instruments (APMK) and Electronic Money (UE) Infrastructures,16,10,Jumlah Reader Uang Elektronik,Unit,2018,923624,SPIP-Desember-2025.xlsx
5g,Table 5g. Card-Based Payment Instruments (APMK) and Electronic Money (UE) Infrastructures,16,10,Jumlah Reader Uang Elektronik,Unit,2019,516642.00000000006,SPIP-Desember-2025.xlsx
5g,Table 5g. Card-Based Payment Instruments (APMK) and Electronic Money (UE) Infrastructures,16,10,Jumlah Reader Uang Elektronik,Unit,2020,608739,SPIP-Desember-2025.xlsx
5g,Table 5g. Card-Based Payment Instruments (APMK) and Electronic Money (UE) Infrastructures,16,10,Jumlah Reader Uang Elektronik,Unit,2021,688567,SPIP-Desember-2025.xlsx
5g,Table 5g. Card-Based Payment Instruments (APMK) and Electronic Money (UE) Infrastructures,16,10,Jumlah Reader Uang Elektronik,Unit,2022,1386545,SPIP-Desember-2025.xlsx
5g,Table 5g. Card-Based Payment Instruments (APMK) and Electronic Money (UE) Infrastructures,16,10,Jumlah Reader Uang Elektronik,Unit,2023,1330561,SPIP-Desember-2025.xlsx
5g,Table 5g. Card-Based Payment Instruments (APMK) and Electronic Money (UE) Infrastructures,16,10,Jumlah Reader Uang Elektronik,Unit,2024,649319,SPIP-Desember-2025.xlsx
5g,Table 5g. Card-Based Payment Instruments (APMK) and Electronic Money (UE) Infrastructures,17,11,Jumlah Merchant,Unit,2013,343215,SPIP-Desember-2025.xlsx
5g,Table 5g. Card-Based Payment Instruments (APMK) and Electronic Money (UE) Infrastructures,17,11,Jumlah Merchant,Unit,2014,462327,SPIP-Desember-2025.xlsx
5g,Table 5g. Card-Based Payment Instruments (APMK) and Electronic Money (UE) Infrastructures,17,11,Jumlah Merchant,Unit,2015,567554,SPIP-Desember-2025.xlsx
5g,Table 5g. Card-Based Payment Instruments (APMK) and Electronic Money (UE) Infrastructures,17,11,Jumlah Merchant,Unit,2016,602460,SPIP-Desember-2025.xlsx
5g,Table 5g. Card-Based Payment Instruments (APMK) and Electronic Money (UE) Infrastructures,17,11,Jumlah Merchant,Unit,2017,698482,SPIP-Desember-2025.xlsx
5g,Table 5g. Card-Based Payment Instruments (APMK) and Electronic Money (UE) Infrastructures,17,11,Jumlah Merchant,Unit,2018,584368,SPIP-Desember-2025.xlsx
5g,Table 5g. Card-Based Payment Instruments (APMK) and Electronic Money (UE) Infrastructures,17,11,Jumlah Merchant,Unit,2019,661080,SPIP-Desember-2025.xlsx
5g,Table 5g. Card-Based Payment Instruments (APMK) and Electronic Money (UE) Infrastructures,17,11,Jumlah Merchant,Unit,2020,934648,SPIP-Desember-2025.xlsx
5g,Table 5g. Card-Based Payment Instruments (APMK) and Electronic Money (UE) Infrastructures,17,11,Jumlah Merchant,Unit,2021,1008618,SPIP-Desember-2025.xlsx
5g,Table 5g. Card-Based Payment Instruments (APMK) and Electronic Money (UE) Infrastructures,17,11,Jumlah Merchant,Unit,2022,1108824,SPIP-Desember-2025.xlsx
5g,Table 5g. Card-Based Payment Instruments (APMK) and Electronic Money (UE) Infrastructures,17,11,Jumlah Merchant,Unit,2023,1315095,SPIP-Desember-2025.xlsx
5g,Table 5g. Card-Based Payment Instruments (APMK) and Electronic Money (UE) Infrastructures,17,11,Jumlah Merchant,Unit,2024,1496926,SPIP-Desember-2025.xlsx
6,Table 6. Fund Transfer by Non-Bank,7,1,Jumlah Penyelenggara,Institusi/ Institution,2012,107,SPIP-Desember-2025.xlsx
6,Table 6. Fund Transfer by Non-Bank,7,1,Jumlah Penyelenggara,Institusi/ Institution,2013,117,SPIP-Desember-2025.xlsx
6,Table 6. Fund Transfer by Non-Bank,7,1,Jumlah Penyelenggara,Institusi/ Institution,2014,118,SPIP-Desember-2025.xlsx
6,Table 6. Fund Transfer by Non-Bank,7,1,Jumlah Penyelenggara,Institusi/ Institution,2015,108,SPIP-Desember-2025.xlsx
6,Table 6. Fund Transfer by Non-Bank,7,1,Jumlah Penyelenggara,Institusi/ Institution,2016,111,SPIP-Desember-2025.xlsx
6,Table 6. Fund Transfer by Non-Bank,7,1,Jumlah Penyelenggara,Institusi/ Institution,2017,115,SPIP-Desember-2025.xlsx
6,Table 6. Fund Transfer by Non-Bank,7,1,Jumlah Penyelenggara,Institusi/ Institution,2018,138,SPIP-Desember-2025.xlsx
6,Table 6. Fund Transfer by Non-Bank,7,1,Jumlah Penyelenggara,Institusi/ Institution,2019,172,SPIP-Desember-2025.xlsx
6,Table 6. Fund Transfer by Non-Bank,7,1,Jumlah Penyelenggara,Institusi/ Institution,2020,197,SPIP-Desember-2025.xlsx
6,Table 6. Fund Transfer by Non-Bank,7,1,Jumlah Penyelenggara,Institusi/ Institution,2021,188,SPIP-Desember-2025.xlsx
6,Table 6. Fund Transfer by Non-Bank,7,1,Jumlah Penyelenggara,Institusi/ Institution,2022,193,SPIP-Desember-2025.xlsx
6,Table 6. Fund Transfer by Non-Bank,7,1,Jumlah Penyelenggara,Institusi/ Institution,2023,195,SPIP-Desember-2025.xlsx
6,Table 6. Fund Transfer by Non-Bank,7,1,Jumlah Penyelenggara,Institusi/ Institution,2024,205,SPIP-Desember-2025.xlsx
6,Table 6. Fund Transfer by Non-Bank,9,3,Pengiriman Uang ke LN,Ribu Transaksi/ Thousand of Transactions,2012,68.50899999999999,SPIP-Desember-2025.xlsx
6,Table 6. Fund Transfer by Non-Bank,9,3,Pengiriman Uang ke LN,Ribu Transaksi/ Thousand of Transactions,2013,64.219,SPIP-Desember-2025.xlsx
6,Table 6. Fund Transfer by Non-Bank,9,3,Pengiriman Uang ke LN,Ribu Transaksi/ Thousand of Transactions,2014,267.26769834469326,SPIP-Desember-2025.xlsx
6,Table 6. Fund Transfer by Non-Bank,9,3,Pengiriman Uang ke LN,Ribu Transaksi/ Thousand of Transactions,2015,322.369,SPIP-Desember-2025.xlsx
6,Table 6. Fund Transfer by Non-Bank,9,3,Pengiriman Uang ke LN,Ribu Transaksi/ Thousand of Transactions,2016,372.006,SPIP-Desember-2025.xlsx
6,Table 6. Fund Transfer by Non-Bank,9,3,Pengiriman Uang ke LN,Ribu Transaksi/ Thousand of Transactions,2017,383.93600000000004,SPIP-Desember-2025.xlsx
6,Table 6. Fund Transfer by Non-Bank,9,3,Pengiriman Uang ke LN,Ribu Transaksi/ Thousand of Transactions,2018,437.37300000000005,SPIP-Desember-2025.xlsx
6,Table 6. Fund Transfer by Non-Bank,9,3,Pengiriman Uang ke LN,Ribu Transaksi/ Thousand of Transactions,2019,633.337,SPIP-Desember-2025.xlsx
6,Table 6. Fund Transfer by Non-Bank,9,3,Pengiriman Uang ke LN,Ribu Transaksi/ Thousand of Transactions,2020,394.92,SPIP-Desember-2025.xlsx
6,Table 6. Fund Transfer by Non-Bank,9,3,Pengiriman Uang ke LN,Ribu Transaksi/ Thousand of Transactions,2021,649.5669999999999,SPIP-Desember-2025.xlsx
6,Table 6. Fund Transfer by Non-Bank,9,3,Pengiriman Uang ke LN,Ribu Transaksi/ Thousand of Transactions,2022,2523.731,SPIP-Desember-2025.xlsx
6,Table 6. Fund Transfer by Non-Bank,9,3,Pengiriman Uang ke LN,Ribu Transaksi/ Thousand of Transactions,2023,3064.4649999999997,SPIP-Desember-2025.xlsx
6,Table 6. Fund Transfer by Non-Bank,9,3,Pengiriman Uang ke LN,Ribu Transaksi/ Thousand of Transactions,2024,2324.5780000000004,SPIP-Desember-2025.xlsx
6,Table 6. Fund Transfer by Non-Bank,10,4,Pengiriman Uang dari LN,Ribu Transaksi/ Thousand of Transactions,2012,3059.0620000000004,SPIP-Desember-2025.xlsx
6,Table 6. Fund Transfer by Non-Bank,10,4,Pengiriman Uang dari LN,Ribu Transaksi/ Thousand of Transactions,2013,2771.8480000000004,SPIP-Desember-2025.xlsx
6,Table 6. Fund Transfer by Non-Bank,10,4,Pengiriman Uang dari LN,Ribu Transaksi/ Thousand of Transactions,2014,6207.499573545981,SPIP-Desember-2025.xlsx
6,Table 6. Fund Transfer by Non-Bank,10,4,Pengiriman Uang dari LN,Ribu Transaksi/ Thousand of Transactions,2015,10954.298999999999,SPIP-Desember-2025.xlsx
6,Table 6. Fund Transfer by Non-Bank,10,4,Pengiriman Uang dari LN,Ribu Transaksi/ Thousand of Transactions,2016,13316.953,SPIP-Desember-2025.xlsx
6,Table 6. Fund Transfer by Non-Bank,10,4,Pengiriman Uang dari LN,Ribu Transaksi/ Thousand of Transactions,2017,11654.016,SPIP-Desember-2025.xlsx
6,Table 6. Fund Transfer by Non-Bank,10,4,Pengiriman Uang dari LN,Ribu Transaksi/ Thousand of Transactions,2018,13946.169999999998,SPIP-Desember-2025.xlsx
6,Table 6. Fund Transfer by Non-Bank,10,4,Pengiriman Uang dari LN,Ribu Transaksi/ Thousand of Transactions,2019,37140.155,SPIP-Desember-2025.xlsx
6,Table 6. Fund Transfer by Non-Bank,10,4,Pengiriman Uang dari LN,Ribu Transaksi/ Thousand of Transactions,2020,18613.661,SPIP-Desember-2025.xlsx
6,Table 6. Fund Transfer by Non-Bank,10,4,Pengiriman Uang dari LN,Ribu Transaksi/ Thousand of Transactions,2021,15206.706999999999,SPIP-Desember-2025.xlsx
6,Table 6. Fund Transfer by Non-Bank,10,4,Pengiriman Uang dari LN,Ribu Transaksi/ Thousand of Transactions,2022,16296.891000000001,SPIP-Desember-2025.xlsx
6,Table 6. Fund Transfer by Non-Bank,10,4,Pengiriman Uang dari LN,Ribu Transaksi/ Thousand of Transactions,2023,19945.248,SPIP-Desember-2025.xlsx
6,Table 6. Fund Transfer by Non-Bank,10,4,Pengiriman Uang dari LN,Ribu Transaksi/ Thousand of Transactions,2024,18867.443,SPIP-Desember-2025.xlsx
6,Table 6. Fund Transfer by Non-Bank,11,5,Pengiriman Uang dalam Wilayah Indonesia,Ribu Transaksi/ Thousand of Transactions,2012,472.58200000000005,SPIP-Desember-2025.xlsx
6,Table 6. Fund Transfer by Non-Bank,11,5,Pengiriman Uang dalam Wilayah Indonesia,Ribu Transaksi/ Thousand of Transactions,2013,348.74299999999994,SPIP-Desember-2025.xlsx
6,Table 6. Fund Transfer by Non-Bank,11,5,Pengiriman Uang dalam Wilayah Indonesia,Ribu Transaksi/ Thousand of Transactions,2014,7679.128074810471,SPIP-Desember-2025.xlsx
6,Table 6. Fund Transfer by Non-Bank,11,5,Pengiriman Uang dalam Wilayah Indonesia,Ribu Transaksi/ Thousand of Transactions,2015,15186.650000000001,SPIP-Desember-2025.xlsx
6,Table 6. Fund Transfer by Non-Bank,11,5,Pengiriman Uang dalam Wilayah Indonesia,Ribu Transaksi/ Thousand of Transactions,2016,12401.859999999999,SPIP-Desember-2025.xlsx
6,Table 6. Fund Transfer by Non-Bank,11,5,Pengiriman Uang dalam Wilayah Indonesia,Ribu Transaksi/ Thousand of Transactions,2017,13164.029,SPIP-Desember-2025.xlsx
6,Table 6. Fund Transfer by Non-Bank,11,5,Pengiriman Uang dalam Wilayah Indonesia,Ribu Transaksi/ Thousand of Transactions,2018,32035.619000000002,SPIP-Desember-2025.xlsx
6,Table 6. Fund Transfer by Non-Bank,11,5,Pengiriman Uang dalam Wilayah Indonesia,Ribu Transaksi/ Thousand of Transactions,2019,218891.154,SPIP-Desember-2025.xlsx
6,Table 6. Fund Transfer by Non-Bank,11,5,Pengiriman Uang dalam Wilayah Indonesia,Ribu Transaksi/ Thousand of Transactions,2020,325895.993,SPIP-Desember-2025.xlsx
6,Table 6. Fund Transfer by Non-Bank,11,5,Pengiriman Uang dalam Wilayah Indonesia,Ribu Transaksi/ Thousand of Transactions,2021,698133.726,SPIP-Desember-2025.xlsx
6,Table 6. Fund Transfer by Non-Bank,11,5,Pengiriman Uang dalam Wilayah Indonesia,Ribu Transaksi/ Thousand of Transactions,2022,2073068.2832237908,SPIP-Desember-2025.xlsx
6,Table 6. Fund Transfer by Non-Bank,11,5,Pengiriman Uang dalam Wilayah Indonesia,Ribu Transaksi/ Thousand of Transactions,2023,4233928.481,SPIP-Desember-2025.xlsx
6,Table 6. Fund Transfer by Non-Bank,11,5,Pengiriman Uang dalam Wilayah Indonesia,Ribu Transaksi/ Thousand of Transactions,2024,6125591.684,SPIP-Desember-2025.xlsx
6,Table 6. Fund Transfer by Non-Bank,14,8,Pengiriman Uang ke LN,Rp Miliar/ Billions of Rp,2012,1806.8026534715727,SPIP-Desember-2025.xlsx
6,Table 6. Fund Transfer by Non-Bank,14,8,Pengiriman Uang ke LN,Rp Miliar/ Billions of Rp,2013,4485.632583360481,SPIP-Desember-2025.xlsx
6,Table 6. Fund Transfer by Non-Bank,14,8,Pengiriman Uang ke LN,Rp Miliar/ Billions of Rp,2014,6648.075826876429,SPIP-Desember-2025.xlsx
6,Table 6. Fund Transfer by Non-Bank,14,8,Pengiriman Uang ke LN,Rp Miliar/ Billions of Rp,2015,6431.6652208489995,SPIP-Desember-2025.xlsx
6,Table 6. Fund Transfer by Non-Bank,14,8,Pengiriman Uang ke LN,Rp Miliar/ Billions of Rp,2016,8558.121742815,SPIP-Desember-2025.xlsx
6,Table 6. Fund Transfer by Non-Bank,14,8,Pengiriman Uang ke LN,Rp Miliar/ Billions of Rp,2017,9101.33025,SPIP-Desember-2025.xlsx
6,Table 6. Fund Transfer by Non-Bank,14,8,Pengiriman Uang ke LN,Rp Miliar/ Billions of Rp,2018,116519.865253268,SPIP-Desember-2025.xlsx
6,Table 6. Fund Transfer by Non-Bank,14,8,Pengiriman Uang ke LN,Rp Miliar/ Billions of Rp,2019,31584.482515720007,SPIP-Desember-2025.xlsx
6,Table 6. Fund Transfer by Non-Bank,14,8,Pengiriman Uang ke LN,Rp Miliar/ Billions of Rp,2020,50601.62808823595,SPIP-Desember-2025.xlsx
6,Table 6. Fund Transfer by Non-Bank,14,8,Pengiriman Uang ke LN,Rp Miliar/ Billions of Rp,2021,82961.34337446297,SPIP-Desember-2025.xlsx
6,Table 6. Fund Transfer by Non-Bank,14,8,Pengiriman Uang ke LN,Rp Miliar/ Billions of Rp,2022,110810.61421479497,SPIP-Desember-2025.xlsx
6,Table 6. Fund Transfer by Non-Bank,14,8,Pengiriman Uang ke LN,Rp Miliar/ Billions of Rp,2023,126028.50716810698,SPIP-Desember-2025.xlsx
6,Table 6. Fund Transfer by Non-Bank,14,8,Pengiriman Uang ke LN,Rp Miliar/ Billions of Rp,2024,119667.30295585589,SPIP-Desember-2025.xlsx
6,Table 6. Fund Transfer by Non-Bank,15,9,Pengiriman Uang dari LN,Rp Miliar/ Billions of Rp,2012,9645.558234812952,SPIP-Desember-2025.xlsx
6,Table 6. Fund Transfer by Non-Bank,15,9,Pengiriman Uang dari LN,Rp Miliar/ Billions of Rp,2013,10154.157652199872,SPIP-Desember-2025.xlsx
6,Table 6. Fund Transfer by Non-Bank,15,9,Pengiriman Uang dari LN,Rp Miliar/ Billions of Rp,2014,23687.793812126565,SPIP-Desember-2025.xlsx
6,Table 6. Fund Transfer by Non-Bank,15,9,Pengiriman Uang dari LN,Rp Miliar/ Billions of Rp,2015,43764.056831204005,SPIP-Desember-2025.xlsx
6,Table 6. Fund Transfer by Non-Bank,15,9,Pengiriman Uang dari LN,Rp Miliar/ Billions of Rp,2016,54563.44712999999,SPIP-Desember-2025.xlsx
6,Table 6. Fund Transfer by Non-Bank,15,9,Pengiriman Uang dari LN,Rp Miliar/ Billions of Rp,2017,51458.495006096,SPIP-Desember-2025.xlsx
6,Table 6. Fund Transfer by Non-Bank,15,9,Pengiriman Uang dari LN,Rp Miliar/ Billions of Rp,2018,60587.22163652202,SPIP-Desember-2025.xlsx
6,Table 6. Fund Transfer by Non-Bank,15,9,Pengiriman Uang dari LN,Rp Miliar/ Billions of Rp,2019,59085.69095528101,SPIP-Desember-2025.xlsx
6,Table 6. Fund Transfer by Non-Bank,15,9,Pengiriman Uang dari LN,Rp Miliar/ Billions of Rp,2020,70877.09804114,SPIP-Desember-2025.xlsx
6,Table 6. Fund Transfer by Non-Bank,15,9,Pengiriman Uang dari LN,Rp Miliar/ Billions of Rp,2021,88842.20434859698,SPIP-Desember-2025.xlsx
6,Table 6. Fund Transfer by Non-Bank,15,9,Pengiriman Uang dari LN,Rp Miliar/ Billions of Rp,2022,90196.82773781494,SPIP-Desember-2025.xlsx
6,Table 6. Fund Transfer by Non-Bank,15,9,Pengiriman Uang dari LN,Rp Miliar/ Billions of Rp,2023,102622.98847682597,SPIP-Desember-2025.xlsx
6,Table 6. Fund Transfer by Non-Bank,15,9,Pengiriman Uang dari LN,Rp Miliar/ Billions of Rp,2024,121296.98077327691,SPIP-Desember-2025.xlsx
6,Table 6. Fund Transfer by Non-Bank,16,10,Pengiriman Uang dalam Wilayah Indonesia,Rp Miliar/ Billions of Rp,2012,6723.098098331871,SPIP-Desember-2025.xlsx
6,Table 6. Fund Transfer by Non-Bank,16,10,Pengiriman Uang dalam Wilayah Indonesia,Rp Miliar/ Billions of Rp,2013,5585.707350365689,SPIP-Desember-2025.xlsx
6,Table 6. Fund Transfer by Non-Bank,16,10,Pengiriman Uang dalam Wilayah Indonesia,Rp Miliar/ Billions of Rp,2014,16384.993848398455,SPIP-Desember-2025.xlsx
6,Table 6. Fund Transfer by Non-Bank,16,10,Pengiriman Uang dalam Wilayah Indonesia,Rp Miliar/ Billions of Rp,2015,30456.945633397005,SPIP-Desember-2025.xlsx
6,Table 6. Fund Transfer by Non-Bank,16,10,Pengiriman Uang dalam Wilayah Indonesia,Rp Miliar/ Billions of Rp,2016,22614.181955947002,SPIP-Desember-2025.xlsx
6,Table 6. Fund Transfer by Non-Bank,16,10,Pengiriman Uang dalam Wilayah Indonesia,Rp Miliar/ Billions of Rp,2017,18556.76114,SPIP-Desember-2025.xlsx
6,Table 6. Fund Transfer by Non-Bank,16,10,Pengiriman Uang dalam Wilayah Indonesia,Rp Miliar/ Billions of Rp,2018,32719.872298935996,SPIP-Desember-2025.xlsx
6,Table 6. Fund Transfer by Non-Bank,16,10,Pengiriman Uang dalam Wilayah Indonesia,Rp Miliar/ Billions of Rp,2019,80475.34745584299,SPIP-Desember-2025.xlsx
6,Table 6. Fund Transfer by Non-Bank,16,10,Pengiriman Uang dalam Wilayah Indonesia,Rp Miliar/ Billions of Rp,2020,142206.42553116678,SPIP-Desember-2025.xlsx
6,Table 6. Fund Transfer by Non-Bank,16,10,Pengiriman Uang dalam Wilayah Indonesia,Rp Miliar/ Billions of Rp,2021,331210.978985797,SPIP-Desember-2025.xlsx
6,Table 6. Fund Transfer by Non-Bank,16,10,Pengiriman Uang dalam Wilayah Indonesia,Rp Miliar/ Billions of Rp,2022,585242.1590886748,SPIP-Desember-2025.xlsx
6,Table 6. Fund Transfer by Non-Bank,16,10,Pengiriman Uang dalam Wilayah Indonesia,Rp Miliar/ Billions of Rp,2023,775163.7154498849,SPIP-Desember-2025.xlsx
6,Table 6. Fund Transfer by Non-Bank,16,10,Pengiriman Uang dalam Wilayah Indonesia,Rp Miliar/ Billions of Rp,2024,1272290.0956365862,SPIP-Desember-2025.xlsx
7,Table 7. Proprietary Channel,8,2,Volume Transaksi,Ribu Transaksi/  Thousand Transaction ,2013,1926975.3969999999,SPIP-Desember-2025.xlsx
7,Table 7. Proprietary Channel,8,2,Volume Transaksi,Ribu Transaksi/  Thousand Transaction ,2014,2780117.378,SPIP-Desember-2025.xlsx
7,Table 7. Proprietary Channel,8,2,Volume Transaksi,Ribu Transaksi/  Thousand Transaction ,2015,3431900.6100000003,SPIP-Desember-2025.xlsx
7,Table 7. Proprietary Channel,8,2,Volume Transaksi,Ribu Transaksi/  Thousand Transaction ,2016,4364750.173,SPIP-Desember-2025.xlsx
7,Table 7. Proprietary Channel,8,2,Volume Transaksi,Ribu Transaksi/  Thousand Transaction ,2017,5359092.995,SPIP-Desember-2025.xlsx
7,Table 7. Proprietary Channel,8,2,Volume Transaksi,Ribu Transaksi/  Thousand Transaction ,2018,5096488.121000001,SPIP-Desember-2025.xlsx
7,Table 7. Proprietary Channel,8,2,Volume Transaksi,Ribu Transaksi/  Thousand Transaction ,2019,3514074.8669999996,SPIP-Desember-2025.xlsx
7,Table 7. Proprietary Channel,8,2,Volume Transaksi,Ribu Transaksi/  Thousand Transaction ,2020,4960859.496,SPIP-Desember-2025.xlsx
7,Table 7. Proprietary Channel,8,2,Volume Transaksi,Ribu Transaksi/  Thousand Transaction ,2021,7772507.412,SPIP-Desember-2025.xlsx
7,Table 7. Proprietary Channel,8,2,Volume Transaksi,Ribu Transaksi/  Thousand Transaction ,2022,11765598.434,SPIP-Desember-2025.xlsx
7,Table 7. Proprietary Channel,8,2,Volume Transaksi,Ribu Transaksi/  Thousand Transaction ,2023,16044326.916999998,SPIP-Desember-2025.xlsx
7,Table 7. Proprietary Channel,8,2,Volume Transaksi,Ribu Transaksi/  Thousand Transaction ,2024,22004368.015,SPIP-Desember-2025.xlsx
7,Table 7. Proprietary Channel,9,3,Nilai Transaksi,Rp Miliar/ Billions of Rp,2013,12584415.900762098,SPIP-Desember-2025.xlsx
7,Table 7. Proprietary Channel,9,3,Nilai Transaksi,Rp Miliar/ Billions of Rp,2014,11743408.711041022,SPIP-Desember-2025.xlsx
7,Table 7. Proprietary Channel,9,3,Nilai Transaksi,Rp Miliar/ Billions of Rp,2015,12348281.91711232,SPIP-Desember-2025.xlsx
7,Table 7. Proprietary Channel,9,3,Nilai Transaksi,Rp Miliar/ Billions of Rp,2016,14387336.31425741,SPIP-Desember-2025.xlsx
7,Table 7. Proprietary Channel,9,3,Nilai Transaksi,Rp Miliar/ Billions of Rp,2017,17078107.651325952,SPIP-Desember-2025.xlsx
7,Table 7. Proprietary Channel,9,3,Nilai Transaksi,Rp Miliar/ Billions of Rp,2018,22593258.241096914,SPIP-Desember-2025.xlsx
7,Table 7. Proprietary Channel,9,3,Nilai Transaksi,Rp Miliar/ Billions of Rp,2019,27379756.313911162,SPIP-Desember-2025.xlsx
7,Table 7. Proprietary Channel,9,3,Nilai Transaksi,Rp Miliar/ Billions of Rp,2020,27547295.390899908,SPIP-Desember-2025.xlsx
7,Table 7. Proprietary Channel,9,3,Nilai Transaksi,Rp Miliar/ Billions of Rp,2021,40853117.753301986,SPIP-Desember-2025.xlsx
7,Table 7. Proprietary Channel,9,3,Nilai Transaksi,Rp Miliar/ Billions of Rp,2022,52548952.720093906,SPIP-Desember-2025.xlsx
7,Table 7. Proprietary Channel,9,3,Nilai Transaksi,Rp Miliar/ Billions of Rp,2023,58324902.72564139,SPIP-Desember-2025.xlsx
7,Table 7. Proprietary Channel,9,3,Nilai Transaksi,Rp Miliar/ Billions of Rp,2024,87867187.42528903,SPIP-Desember-2025.xlsx
7,Table 7. Proprietary Channel,12,6,Volume Transaksi Phone Banking,Ribu Transaksi/  Thousand Transaction ,2013,2572.185,SPIP-Desember-2025.xlsx
7,Table 7. Proprietary Channel,12,6,Volume Transaksi Phone Banking,Ribu Transaksi/  Thousand Transaction ,2014,2898.842,SPIP-Desember-2025.xlsx
7,Table 7. Proprietary Channel,12,6,Volume Transaksi Phone Banking,Ribu Transaksi/  Thousand Transaction ,2015,2549.5460000000003,SPIP-Desember-2025.xlsx
7,Table 7. Proprietary Channel,12,6,Volume Transaksi Phone Banking,Ribu Transaksi/  Thousand Transaction ,2016,2059.485,SPIP-Desember-2025.xlsx
7,Table 7. Proprietary Channel,12,6,Volume Transaksi Phone Banking,Ribu Transaksi/  Thousand Transaction ,2017,3229.971,SPIP-Desember-2025.xlsx
7,Table 7. Proprietary Channel,12,6,Volume Transaksi Phone Banking,Ribu Transaksi/  Thousand Transaction ,2018,2280.979,SPIP-Desember-2025.xlsx
7,Table 7. Proprietary Channel,12,6,Volume Transaksi Phone Banking,Ribu Transaksi/  Thousand Transaction ,2019,2192.571,SPIP-Desember-2025.xlsx
7,Table 7. Proprietary Channel,12,6,Volume Transaksi Phone Banking,Ribu Transaksi/  Thousand Transaction ,2020,1919.2030000000002,SPIP-Desember-2025.xlsx
7,Table 7. Proprietary Channel,12,6,Volume Transaksi Phone Banking,Ribu Transaksi/  Thousand Transaction ,2021,498.41499999999996,SPIP-Desember-2025.xlsx
7,Table 7. Proprietary Channel,12,6,Volume Transaksi Phone Banking,Ribu Transaksi/  Thousand Transaction ,2022,1158.2200000000003,SPIP-Desember-2025.xlsx
7,Table 7. Proprietary Channel,12,6,Volume Transaksi Phone Banking,Ribu Transaksi/  Thousand Transaction ,2023,94.64299999999999,SPIP-Desember-2025.xlsx
7,Table 7. Proprietary Channel,12,6,Volume Transaksi Phone Banking,Ribu Transaksi/  Thousand Transaction ,2024,47.064,SPIP-Desember-2025.xlsx
7,Table 7. Proprietary Channel,13,7,Transaksi Pembayaran/Pembelian,Ribu Transaksi/  Thousand Transaction ,2019,497.176,SPIP-Desember-2025.xlsx
7,Table 7. Proprietary Channel,13,7,Transaksi Pembayaran/Pembelian,Ribu Transaksi/  Thousand Transaction ,2020,670.177,SPIP-Desember-2025.xlsx
7,Table 7. Proprietary Channel,13,7,Transaksi Pembayaran/Pembelian,Ribu Transaksi/  Thousand Transaction ,2021,216.69100000000003,SPIP-Desember-2025.xlsx
7,Table 7. Proprietary Channel,13,7,Transaksi Pembayaran/Pembelian,Ribu Transaksi/  Thousand Transaction ,2022,221.219,SPIP-Desember-2025.xlsx
7,Table 7. Proprietary Channel,13,7,Transaksi Pembayaran/Pembelian,Ribu Transaksi/  Thousand Transaction ,2023,50.13999999999999,SPIP-Desember-2025.xlsx
7,Table 7. Proprietary Channel,13,7,Transaksi Pembayaran/Pembelian,Ribu Transaksi/  Thousand Transaction ,2024,30.096,SPIP-Desember-2025.xlsx
7,Table 7. Proprietary Channel,14,8,Transaksi Intrabank,Ribu Transaksi/  Thousand Transaction ,2019,545.523,SPIP-Desember-2025.xlsx
7,Table 7. Proprietary Channel,14,8,Transaksi Intrabank,Ribu Transaksi/  Thousand Transaction ,2020,467.313,SPIP-Desember-2025.xlsx
7,Table 7. Proprietary Channel,14,8,Transaksi Intrabank,Ribu Transaksi/  Thousand Transaction ,2021,112.87700000000002,SPIP-Desember-2025.xlsx
7,Table 7. Proprietary Channel,14,8,Transaksi Intrabank,Ribu Transaksi/  Thousand Transaction ,2022,555.1510000000001,SPIP-Desember-2025.xlsx
7,Table 7. Proprietary Channel,14,8,Transaksi Intrabank,Ribu Transaksi/  Thousand Transaction ,2023,17.199,SPIP-Desember-2025.xlsx
7,Table 7. Proprietary Channel,14,8,Transaksi Intrabank,Ribu Transaksi/  Thousand Transaction ,2024,9.118,SPIP-Desember-2025.xlsx
7,Table 7. Proprietary Channel,15,9,Transaksi Antarbank,Ribu Transaksi/  Thousand Transaction ,2019,1149.872,SPIP-Desember-2025.xlsx
7,Table 7. Proprietary Channel,15,9,Transaksi Antarbank,Ribu Transaksi/  Thousand Transaction ,2020,781.713,SPIP-Desember-2025.xlsx
7,Table 7. Proprietary Channel,15,9,Transaksi Antarbank,Ribu Transaksi/  Thousand Transaction ,2021,168.847,SPIP-Desember-2025.xlsx
7,Table 7. Proprietary Channel,15,9,Transaksi Antarbank,Ribu Transaksi/  Thousand Transaction ,2022,381.84999999999997,SPIP-Desember-2025.xlsx
7,Table 7. Proprietary Channel,15,9,Transaksi Antarbank,Ribu Transaksi/  Thousand Transaction ,2023,27.314,SPIP-Desember-2025.xlsx
7,Table 7. Proprietary Channel,15,9,Transaksi Antarbank,Ribu Transaksi/  Thousand Transaction ,2024,7.85,SPIP-Desember-2025.xlsx
7,Table 7. Proprietary Channel,16,10,Nilai Transaksi Phone Banking,Rp Miliar/ Billions of Rp,2013,4305.815371776001,SPIP-Desember-2025.xlsx
7,Table 7. Proprietary Channel,16,10,Nilai Transaksi Phone Banking,Rp Miliar/ Billions of Rp,2014,5749.454176255999,SPIP-Desember-2025.xlsx
7,Table 7. Proprietary Channel,16,10,Nilai Transaksi Phone Banking,Rp Miliar/ Billions of Rp,2015,5176.3584368639995,SPIP-Desember-2025.xlsx
7,Table 7. Proprietary Channel,16,10,Nilai Transaksi Phone Banking,Rp Miliar/ Billions of Rp,2016,4420.012507136,SPIP-Desember-2025.xlsx
7,Table 7. Proprietary Channel,16,10,Nilai Transaksi Phone Banking,Rp Miliar/ Billions of Rp,2017,4030.6924748799997,SPIP-Desember-2025.xlsx
7,Table 7. Proprietary Channel,16,10,Nilai Transaksi Phone Banking,Rp Miliar/ Billions of Rp,2018,23032.253753755,SPIP-Desember-2025.xlsx
7,Table 7. Proprietary Channel,16,10,Nilai Transaksi Phone Banking,Rp Miliar/ Billions of Rp,2019,92368.45750234899,SPIP-Desember-2025.xlsx
7,Table 7. Proprietary Channel,16,10,Nilai Transaksi Phone Banking,Rp Miliar/ Billions of Rp,2020,191599.85013,SPIP-Desember-2025.xlsx
7,Table 7. Proprietary Channel,16,10,Nilai Transaksi Phone Banking,Rp Miliar/ Billions of Rp,2021,32861.199197437,SPIP-Desember-2025.xlsx
7,Table 7. Proprietary Channel,16,10,Nilai Transaksi Phone Banking,Rp Miliar/ Billions of Rp,2022,3131.826742656,SPIP-Desember-2025.xlsx
7,Table 7. Proprietary Channel,16,10,Nilai Transaksi Phone Banking,Rp Miliar/ Billions of Rp,2023,1475.780347703,SPIP-Desember-2025.xlsx
7,Table 7. Proprietary Channel,16,10,Nilai Transaksi Phone Banking,Rp Miliar/ Billions of Rp,2024,1073.853266446,SPIP-Desember-2025.xlsx
7,Table 7. Proprietary Channel,17,11,Transaksi Pembayaran/Pembelian,Rp Miliar/ Billions of Rp,2019,3631.1746808890002,SPIP-Desember-2025.xlsx
7,Table 7. Proprietary Channel,17,11,Transaksi Pembayaran/Pembelian,Rp Miliar/ Billions of Rp,2020,6827.34355,SPIP-Desember-2025.xlsx
7,Table 7. Proprietary Channel,17,11,Transaksi Pembayaran/Pembelian,Rp Miliar/ Billions of Rp,2021,1511.0362042559998,SPIP-Desember-2025.xlsx
7,Table 7. Proprietary Channel,17,11,Transaksi Pembayaran/Pembelian,Rp Miliar/ Billions of Rp,2022,64.82792463300001,SPIP-Desember-2025.xlsx
7,Table 7. Proprietary Channel,17,11,Transaksi Pembayaran/Pembelian,Rp Miliar/ Billions of Rp,2023,38.053008305000006,SPIP-Desember-2025.xlsx
7,Table 7. Proprietary Channel,17,11,Transaksi Pembayaran/Pembelian,Rp Miliar/ Billions of Rp,2024,35.791264086,SPIP-Desember-2025.xlsx
7,Table 7. Proprietary Channel,18,12,Transaksi Intrabank,Rp Miliar/ Billions of Rp,2019,26332.218366121997,SPIP-Desember-2025.xlsx
7,Table 7. Proprietary Channel,18,12,Transaksi Intrabank,Rp Miliar/ Billions of Rp,2020,59435.57287,SPIP-Desember-2025.xlsx
7,Table 7. Proprietary Channel,18,12,Transaksi Intrabank,Rp Miliar/ Billions of Rp,2021,11523.312836829002,SPIP-Desember-2025.xlsx
7,Table 7. Proprietary Channel,18,12,Transaksi Intrabank,Rp Miliar/ Billions of Rp,2022,2027.0312804280002,SPIP-Desember-2025.xlsx
7,Table 7. Proprietary Channel,18,12,Transaksi Intrabank,Rp Miliar/ Billions of Rp,2023,798.3186601690002,SPIP-Desember-2025.xlsx
7,Table 7. Proprietary Channel,18,12,Transaksi Intrabank,Rp Miliar/ Billions of Rp,2024,788.124912696,SPIP-Desember-2025.xlsx
7,Table 7. Proprietary Channel,19,13,Transaksi Antarbank,Rp Miliar/ Billions of Rp,2019,62405.064455338,SPIP-Desember-2025.xlsx
7,Table 7. Proprietary Channel,19,13,Transaksi Antarbank,Rp Miliar/ Billions of Rp,2020,125336.93371,SPIP-Desember-2025.xlsx
7,Table 7. Proprietary Channel,19,13,Transaksi Antarbank,Rp Miliar/ Billions of Rp,2021,19826.850156351993,SPIP-Desember-2025.xlsx
7,Table 7. Proprietary Channel,19,13,Transaksi Antarbank,Rp Miliar/ Billions of Rp,2022,1039.967537595,SPIP-Desember-2025.xlsx
7,Table 7. Proprietary Channel,19,13,Transaksi Antarbank,Rp Miliar/ Billions of Rp,2023,639.478436518,SPIP-Desember-2025.xlsx
7,Table 7. Proprietary Channel,19,13,Transaksi Antarbank,Rp Miliar/ Billions of Rp,2024,249.93708966400004,SPIP-Desember-2025.xlsx
7,Table 7. Proprietary Channel,22,16,Volume Transaksi SMS/Mobile Banking,Ribu Transaksi/  Thousand Transaction ,2013,784118.3959999998,SPIP-Desember-2025.xlsx
7,Table 7. Proprietary Channel,22,16,Volume Transaksi SMS/Mobile Banking,Ribu Transaksi/  Thousand Transaction ,2014,1241096.1680000003,SPIP-Desember-2025.xlsx
7,Table 7. Proprietary Channel,22,16,Volume Transaksi SMS/Mobile Banking,Ribu Transaksi/  Thousand Transaction ,2015,1595599.1840000001,SPIP-Desember-2025.xlsx
7,Table 7. Proprietary Channel,22,16,Volume Transaksi SMS/Mobile Banking,Ribu Transaksi/  Thousand Transaction ,2016,2129316.96,SPIP-Desember-2025.xlsx
7,Table 7. Proprietary Channel,22,16,Volume Transaksi SMS/Mobile Banking,Ribu Transaksi/  Thousand Transaction ,2017,2733829.68,SPIP-Desember-2025.xlsx
7,Table 7. Proprietary Channel,22,16,Volume Transaksi SMS/Mobile Banking,Ribu Transaksi/  Thousand Transaction ,2018,2855556.6640000003,SPIP-Desember-2025.xlsx
7,Table 7. Proprietary Channel,22,16,Volume Transaksi SMS/Mobile Banking,Ribu Transaksi/  Thousand Transaction ,2019,2360094.118,SPIP-Desember-2025.xlsx
7,Table 7. Proprietary Channel,22,16,Volume Transaksi SMS/Mobile Banking,Ribu Transaksi/  Thousand Transaction ,2020,3427100.921,SPIP-Desember-2025.xlsx
7,Table 7. Proprietary Channel,22,16,Volume Transaksi SMS/Mobile Banking,Ribu Transaksi/  Thousand Transaction ,2021,5534245.009,SPIP-Desember-2025.xlsx
7,Table 7. Proprietary Channel,22,16,Volume Transaksi SMS/Mobile Banking,Ribu Transaksi/  Thousand Transaction ,2022,8354936.883000001,SPIP-Desember-2025.xlsx
7,Table 7. Proprietary Channel,22,16,Volume Transaksi SMS/Mobile Banking,Ribu Transaksi/  Thousand Transaction ,2023,12334036.311999999,SPIP-Desember-2025.xlsx
7,Table 7. Proprietary Channel,22,16,Volume Transaksi SMS/Mobile Banking,Ribu Transaksi/  Thousand Transaction ,2024,19550661.614,SPIP-Desember-2025.xlsx
7,Table 7. Proprietary Channel,23,17,Transaksi Pembayaran/Pembelian,Ribu Transaksi/  Thousand Transaction ,2019,589401.609,SPIP-Desember-2025.xlsx
7,Table 7. Proprietary Channel,23,17,Transaksi Pembayaran/Pembelian,Ribu Transaksi/  Thousand Transaction ,2020,668180.6749999999,SPIP-Desember-2025.xlsx
7,Table 7. Proprietary Channel,23,17,Transaksi Pembayaran/Pembelian,Ribu Transaksi/  Thousand Transaction ,2021,955078.9719999998,SPIP-Desember-2025.xlsx
7,Table 7. Proprietary Channel,23,17,Transaksi Pembayaran/Pembelian,Ribu Transaksi/  Thousand Transaction ,2022,1475741.695,SPIP-Desember-2025.xlsx
7,Table 7. Proprietary Channel,23,17,Transaksi Pembayaran/Pembelian,Ribu Transaksi/  Thousand Transaction ,2023,2799464.5039999997,SPIP-Desember-2025.xlsx
7,Table 7. Proprietary Channel,23,17,Transaksi Pembayaran/Pembelian,Ribu Transaksi/  Thousand Transaction ,2024,6238325.694,SPIP-Desember-2025.xlsx
7,Table 7. Proprietary Channel,24,18,Transaksi Intrabank,Ribu Transaksi/  Thousand Transaction ,2019,1357843.455,SPIP-Desember-2025.xlsx
7,Table 7. Proprietary Channel,24,18,Transaksi Intrabank,Ribu Transaksi/  Thousand Transaction ,2020,2148996.29,SPIP-Desember-2025.xlsx
7,Table 7. Proprietary Channel,24,18,Transaksi Intrabank,Ribu Transaksi/  Thousand Transaction ,2021,3700153.367,SPIP-Desember-2025.xlsx
7,Table 7. Proprietary Channel,24,18,Transaksi Intrabank,Ribu Transaksi/  Thousand Transaction ,2022,5737027.302,SPIP-Desember-2025.xlsx
7,Table 7. Proprietary Channel,24,18,Transaksi Intrabank,Ribu Transaksi/  Thousand Transaction ,2023,7851165.943000001,SPIP-Desember-2025.xlsx
7,Table 7. Proprietary Channel,24,18,Transaksi Intrabank,Ribu Transaksi/  Thousand Transaction ,2024,10205991.733,SPIP-Desember-2025.xlsx
7,Table 7. Proprietary Channel,25,19,Transaksi Antarbank,Ribu Transaksi/  Thousand Transaction ,2019,412849.05400000006,SPIP-Desember-2025.xlsx
7,Table 7. Proprietary Channel,25,19,Transaksi Antarbank,Ribu Transaksi/  Thousand Transaction ,2020,609923.956,SPIP-Desember-2025.xlsx
7,Table 7. Proprietary Channel,25,19,Transaksi Antarbank,Ribu Transaksi/  Thousand Transaction ,2021,879012.67,SPIP-Desember-2025.xlsx
7,Table 7. Proprietary Channel,25,19,Transaksi Antarbank,Ribu Transaksi/  Thousand Transaction ,2022,1142167.886,SPIP-Desember-2025.xlsx
7,Table 7. Proprietary Channel,25,19,Transaksi Antarbank,Ribu Transaksi/  Thousand Transaction ,2023,1683405.8649999998,SPIP-Desember-2025.xlsx
7,Table 7. Proprietary Channel,25,19,Transaksi Antarbank,Ribu Transaksi/  Thousand Transaction ,2024,3106344.187,SPIP-Desember-2025.xlsx
7,Table 7. Proprietary Channel,26,20,Nilai Transaksi SMS/Mobile Banking,Rp Miliar/ Billions of Rp,2013,486279.70159411203,SPIP-Desember-2025.xlsx
7,Table 7. Proprietary Channel,26,20,Nilai Transaksi SMS/Mobile Banking,Rp Miliar/ Billions of Rp,2014,663513.4333747199,SPIP-Desember-2025.xlsx
7,Table 7. Proprietary Channel,26,20,Nilai Transaksi SMS/Mobile Banking,Rp Miliar/ Billions of Rp,2015,821919.2721408,SPIP-Desember-2025.xlsx
7,Table 7. Proprietary Channel,26,20,Nilai Transaksi SMS/Mobile Banking,Rp Miliar/ Billions of Rp,2016,1159313.561223168,SPIP-Desember-2025.xlsx
7,Table 7. Proprietary Channel,26,20,Nilai Transaksi SMS/Mobile Banking,Rp Miliar/ Billions of Rp,2017,1638508.078825472,SPIP-Desember-2025.xlsx
7,Table 7. Proprietary Channel,26,20,Nilai Transaksi SMS/Mobile Banking,Rp Miliar/ Billions of Rp,2018,2328703.375565397,SPIP-Desember-2025.xlsx
7,Table 7. Proprietary Channel,26,20,Nilai Transaksi SMS/Mobile Banking,Rp Miliar/ Billions of Rp,2019,3522491.380444542,SPIP-Desember-2025.xlsx
7,Table 7. Proprietary Channel,26,20,Nilai Transaksi SMS/Mobile Banking,Rp Miliar/ Billions of Rp,2020,4770122.279449999,SPIP-Desember-2025.xlsx
7,Table 7. Proprietary Channel,26,20,Nilai Transaksi SMS/Mobile Banking,Rp Miliar/ Billions of Rp,2021,7730864.957638505,SPIP-Desember-2025.xlsx
7,Table 7. Proprietary Channel,26,20,Nilai Transaksi SMS/Mobile Banking,Rp Miliar/ Billions of Rp,2022,9995238.54688862,SPIP-Desember-2025.xlsx
7,Table 7. Proprietary Channel,26,20,Nilai Transaksi SMS/Mobile Banking,Rp Miliar/ Billions of Rp,2023,14378353.034957472,SPIP-Desember-2025.xlsx
7,Table 7. Proprietary Channel,26,20,Nilai Transaksi SMS/Mobile Banking,Rp Miliar/ Billions of Rp,2024,23077473.363156892,SPIP-Desember-2025.xlsx
7,Table 7. Proprietary Channel,27,21,Transaksi Pembayaran/Pembelian,Rp Miliar/ Billions of Rp,2019,301210.452589914,SPIP-Desember-2025.xlsx
7,Table 7. Proprietary Channel,27,21,Transaksi Pembayaran/Pembelian,Rp Miliar/ Billions of Rp,2020,278268.44886999996,SPIP-Desember-2025.xlsx
7,Table 7. Proprietary Channel,27,21,Transaksi Pembayaran/Pembelian,Rp Miliar/ Billions of Rp,2021,404167.61752595997,SPIP-Desember-2025.xlsx
7,Table 7. Proprietary Channel,27,21,Transaksi Pembayaran/Pembelian,Rp Miliar/ Billions of Rp,2022,585589.1762003299,SPIP-Desember-2025.xlsx
7,Table 7. Proprietary Channel,27,21,Transaksi Pembayaran/Pembelian,Rp Miliar/ Billions of Rp,2023,989754.2865744518,SPIP-Desember-2025.xlsx
7,Table 7. Proprietary Channel,27,21,Transaksi Pembayaran/Pembelian,Rp Miliar/ Billions of Rp,2024,1809708.500795369,SPIP-Desember-2025.xlsx
7,Table 7. Proprietary Channel,28,22,Transaksi Intrabank,Rp Miliar/ Billions of Rp,2019,2276078.071757194,SPIP-Desember-2025.xlsx
7,Table 7. Proprietary Channel,28,22,Transaksi Intrabank,Rp Miliar/ Billions of Rp,2020,3145145.3796500005,SPIP-Desember-2025.xlsx
7,Table 7. Proprietary Channel,28,22,Transaksi Intrabank,Rp Miliar/ Billions of Rp,2021,5008480.7143653855,SPIP-Desember-2025.xlsx
7,Table 7. Proprietary Channel,28,22,Transaksi Intrabank,Rp Miliar/ Billions of Rp,2022,6851425.998958334,SPIP-Desember-2025.xlsx
7,Table 7. Proprietary Channel,28,22,Transaksi Intrabank,Rp Miliar/ Billions of Rp,2023,9585422.550846895,SPIP-Desember-2025.xlsx
7,Table 7. Proprietary Channel,28,22,Transaksi Intrabank,Rp Miliar/ Billions of Rp,2024,13556470.754386723,SPIP-Desember-2025.xlsx
7,Table 7. Proprietary Channel,29,23,Transaksi Antarbank,Rp Miliar/ Billions of Rp,2019,945202.8560974341,SPIP-Desember-2025.xlsx
7,Table 7. Proprietary Channel,29,23,Transaksi Antarbank,Rp Miliar/ Billions of Rp,2020,1346708.45093,SPIP-Desember-2025.xlsx
7,Table 7. Proprietary Channel,29,23,Transaksi Antarbank,Rp Miliar/ Billions of Rp,2021,2318216.62574716,SPIP-Desember-2025.xlsx
7,Table 7. Proprietary Channel,29,23,Transaksi Antarbank,Rp Miliar/ Billions of Rp,2022,2558223.3717299537,SPIP-Desember-2025.xlsx
7,Table 7. Proprietary Channel,29,23,Transaksi Antarbank,Rp Miliar/ Billions of Rp,2023,3803176.197536123,SPIP-Desember-2025.xlsx
7,Table 7. Proprietary Channel,29,23,Transaksi Antarbank,Rp Miliar/ Billions of Rp,2024,7711294.107974797,SPIP-Desember-2025.xlsx
7,Table 7. Proprietary Channel,32,26,Volume Transaksi Internet Banking,Ribu Transaksi/  Thousand Transaction ,2013,1140284.8159999999,SPIP-Desember-2025.xlsx
7,Table 7. Proprietary Channel,32,26,Volume Transaksi Internet Banking,Ribu Transaksi/  Thousand Transaction ,2014,1536122.3679999998,SPIP-Desember-2025.xlsx
7,Table 7. Proprietary Channel,32,26,Volume Transaksi Internet Banking,Ribu Transaksi/  Thousand Transaction ,2015,1833751.88,SPIP-Desember-2025.xlsx
7,Table 7. Proprietary Channel,32,26,Volume Transaksi Internet Banking,Ribu Transaksi/  Thousand Transaction ,2016,2233373.728,SPIP-Desember-2025.xlsx
7,Table 7. Proprietary Channel,32,26,Volume Transaksi Internet Banking,Ribu Transaksi/  Thousand Transaction ,2017,2622033.344,SPIP-Desember-2025.xlsx
7,Table 7. Proprietary Channel,32,26,Volume Transaksi Internet Banking,Ribu Transaksi/  Thousand Transaction ,2018,2238650.4780000006,SPIP-Desember-2025.xlsx
7,Table 7. Proprietary Channel,32,26,Volume Transaksi Internet Banking,Ribu Transaksi/  Thousand Transaction ,2019,1151788.178,SPIP-Desember-2025.xlsx
7,Table 7. Proprietary Channel,32,26,Volume Transaksi Internet Banking,Ribu Transaksi/  Thousand Transaction ,2020,1531839.372,SPIP-Desember-2025.xlsx
7,Table 7. Proprietary Channel,32,26,Volume Transaksi Internet Banking,Ribu Transaksi/  Thousand Transaction ,2021,2237763.988,SPIP-Desember-2025.xlsx
7,Table 7. Proprietary Channel,32,26,Volume Transaksi Internet Banking,Ribu Transaksi/  Thousand Transaction ,2022,3409503.3310000002,SPIP-Desember-2025.xlsx
7,Table 7. Proprietary Channel,32,26,Volume Transaksi Internet Banking,Ribu Transaksi/  Thousand Transaction ,2023,3710195.962,SPIP-Desember-2025.xlsx
7,Table 7. Proprietary Channel,32,26,Volume Transaksi Internet Banking,Ribu Transaksi/  Thousand Transaction ,2024,2453659.337,SPIP-Desember-2025.xlsx
7,Table 7. Proprietary Channel,33,27,Transaksi Pembayaran/Pembelian,Ribu Transaksi/  Thousand Transaction ,2019,279629.504,SPIP-Desember-2025.xlsx
7,Table 7. Proprietary Channel,33,27,Transaksi Pembayaran/Pembelian,Ribu Transaksi/  Thousand Transaction ,2020,406046.917,SPIP-Desember-2025.xlsx
7,Table 7. Proprietary Channel,33,27,Transaksi Pembayaran/Pembelian,Ribu Transaksi/  Thousand Transaction ,2021,415098.48099999997,SPIP-Desember-2025.xlsx
7,Table 7. Proprietary Channel,33,27,Transaksi Pembayaran/Pembelian,Ribu Transaksi/  Thousand Transaction ,2022,630816.9709999999,SPIP-Desember-2025.xlsx
7,Table 7. Proprietary Channel,33,27,Transaksi Pembayaran/Pembelian,Ribu Transaksi/  Thousand Transaction ,2023,683083.7239999999,SPIP-Desember-2025.xlsx
7,Table 7. Proprietary Channel,33,27,Transaksi Pembayaran/Pembelian,Ribu Transaksi/  Thousand Transaction ,2024,80606.504,SPIP-Desember-2025.xlsx
7,Table 7. Proprietary Channel,34,28,Transaksi Intrabank,Ribu Transaksi/  Thousand Transaction ,2019,732344.107,SPIP-Desember-2025.xlsx
7,Table 7. Proprietary Channel,34,28,Transaksi Intrabank,Ribu Transaksi/  Thousand Transaction ,2020,950272.2760000001,SPIP-Desember-2025.xlsx
7,Table 7. Proprietary Channel,34,28,Transaksi Intrabank,Ribu Transaksi/  Thousand Transaction ,2021,1546016.4309999999,SPIP-Desember-2025.xlsx
7,Table 7. Proprietary Channel,34,28,Transaksi Intrabank,Ribu Transaksi/  Thousand Transaction ,2022,2239434.084,SPIP-Desember-2025.xlsx
7,Table 7. Proprietary Channel,34,28,Transaksi Intrabank,Ribu Transaksi/  Thousand Transaction ,2023,2457478.91,SPIP-Desember-2025.xlsx
7,Table 7. Proprietary Channel,34,28,Transaksi Intrabank,Ribu Transaksi/  Thousand Transaction ,2024,2002367.9139999999,SPIP-Desember-2025.xlsx
7,Table 7. Proprietary Channel,35,29,Transaksi Antarbank,Ribu Transaksi/  Thousand Transaction ,2019,139814.567,SPIP-Desember-2025.xlsx
7,Table 7. Proprietary Channel,35,29,Transaksi Antarbank,Ribu Transaksi/  Thousand Transaction ,2020,175520.17899999997,SPIP-Desember-2025.xlsx
7,Table 7. Proprietary Channel,35,29,Transaksi Antarbank,Ribu Transaksi/  Thousand Transaction ,2021,276649.076,SPIP-Desember-2025.xlsx
7,Table 7. Proprietary Channel,35,29,Transaksi Antarbank,Ribu Transaksi/  Thousand Transaction ,2022,539252.2760000001,SPIP-Desember-2025.xlsx
7,Table 7. Proprietary Channel,35,29,Transaksi Antarbank,Ribu Transaksi/  Thousand Transaction ,2023,569633.3280000001,SPIP-Desember-2025.xlsx
7,Table 7. Proprietary Channel,35,29,Transaksi Antarbank,Ribu Transaksi/  Thousand Transaction ,2024,370684.919,SPIP-Desember-2025.xlsx
7,Table 7. Proprietary Channel,36,30,Nilai Transaksi Internet Banking,Rp Miliar/ Billions of Rp,2013,12093830.38379621,SPIP-Desember-2025.xlsx
7,Table 7. Proprietary Channel,36,30,Nilai Transaksi Internet Banking,Rp Miliar/ Billions of Rp,2014,11074145.823490046,SPIP-Desember-2025.xlsx
7,Table 7. Proprietary Channel,36,30,Nilai Transaksi Internet Banking,Rp Miliar/ Billions of Rp,2015,11521186.286534656,SPIP-Desember-2025.xlsx
7,Table 7. Proprietary Channel,36,30,Nilai Transaksi Internet Banking,Rp Miliar/ Billions of Rp,2016,13223602.740527105,SPIP-Desember-2025.xlsx
7,Table 7. Proprietary Channel,36,30,Nilai Transaksi Internet Banking,Rp Miliar/ Billions of Rp,2017,15435568.8800256,SPIP-Desember-2025.xlsx
7,Table 7. Proprietary Channel,36,30,Nilai Transaksi Internet Banking,Rp Miliar/ Billions of Rp,2018,20241522.611777764,SPIP-Desember-2025.xlsx
7,Table 7. Proprietary Channel,36,30,Nilai Transaksi Internet Banking,Rp Miliar/ Billions of Rp,2019,23764896.47596427,SPIP-Desember-2025.xlsx
7,Table 7. Proprietary Channel,36,30,Nilai Transaksi Internet Banking,Rp Miliar/ Billions of Rp,2020,22585573.26131991,SPIP-Desember-2025.xlsx
7,Table 7. Proprietary Channel,36,30,Nilai Transaksi Internet Banking,Rp Miliar/ Billions of Rp,2021,33089391.596466046,SPIP-Desember-2025.xlsx
7,Table 7. Proprietary Channel,36,30,Nilai Transaksi Internet Banking,Rp Miliar/ Billions of Rp,2022,42550582.34646263,SPIP-Desember-2025.xlsx
7,Table 7. Proprietary Channel,36,30,Nilai Transaksi Internet Banking,Rp Miliar/ Billions of Rp,2023,43945073.91033622,SPIP-Desember-2025.xlsx
7,Table 7. Proprietary Channel,36,30,Nilai Transaksi Internet Banking,Rp Miliar/ Billions of Rp,2024,64788640.2088657,SPIP-Desember-2025.xlsx
7,Table 7. Proprietary Channel,37,31,Transaksi Pembayaran/Pembelian,Rp Miliar/ Billions of Rp,2019,643151.0816145829,SPIP-Desember-2025.xlsx
7,Table 7. Proprietary Channel,37,31,Transaksi Pembayaran/Pembelian,Rp Miliar/ Billions of Rp,2020,395442.127899527,SPIP-Desember-2025.xlsx
7,Table 7. Proprietary Channel,37,31,Transaksi Pembayaran/Pembelian,Rp Miliar/ Billions of Rp,2021,898708.911341929,SPIP-Desember-2025.xlsx
7,Table 7. Proprietary Channel,37,31,Transaksi Pembayaran/Pembelian,Rp Miliar/ Billions of Rp,2022,1785465.6459668,SPIP-Desember-2025.xlsx
7,Table 7. Proprietary Channel,37,31,Transaksi Pembayaran/Pembelian,Rp Miliar/ Billions of Rp,2023,1945319.1638207673,SPIP-Desember-2025.xlsx
7,Table 7. Proprietary Channel,37,31,Transaksi Pembayaran/Pembelian,Rp Miliar/ Billions of Rp,2024,2753192.7561281137,SPIP-Desember-2025.xlsx
7,Table 7. Proprietary Channel,38,32,Transaksi Intrabank,Rp Miliar/ Billions of Rp,2019,11701359.553350506,SPIP-Desember-2025.xlsx
7,Table 7. Proprietary Channel,38,32,Transaksi Intrabank,Rp Miliar/ Billions of Rp,2020,11756284.496516999,SPIP-Desember-2025.xlsx
7,Table 7. Proprietary Channel,38,32,Transaksi Intrabank,Rp Miliar/ Billions of Rp,2021,17026757.992120028,SPIP-Desember-2025.xlsx
7,Table 7. Proprietary Channel,38,32,Transaksi Intrabank,Rp Miliar/ Billions of Rp,2022,21172490.168213755,SPIP-Desember-2025.xlsx
7,Table 7. Proprietary Channel,38,32,Transaksi Intrabank,Rp Miliar/ Billions of Rp,2023,21790560.972051274,SPIP-Desember-2025.xlsx
7,Table 7. Proprietary Channel,38,32,Transaksi Intrabank,Rp Miliar/ Billions of Rp,2024,32490501.50085775,SPIP-Desember-2025.xlsx
7,Table 7. Proprietary Channel,39,33,Transaksi Antarbank,Rp Miliar/ Billions of Rp,2019,11420385.840999182,SPIP-Desember-2025.xlsx
7,Table 7. Proprietary Channel,39,33,Transaksi Antarbank,Rp Miliar/ Billions of Rp,2020,10433846.636903383,SPIP-Desember-2025.xlsx
7,Table 7. Proprietary Channel,39,33,Transaksi Antarbank,Rp Miliar/ Billions of Rp,2021,15163924.693004088,SPIP-Desember-2025.xlsx
7,Table 7. Proprietary Channel,39,33,Transaksi Antarbank,Rp Miliar/ Billions of Rp,2022,19592626.532282077,SPIP-Desember-2025.xlsx
7,Table 7. Proprietary Channel,39,33,Transaksi Antarbank,Rp Miliar/ Billions of Rp,2023,20209193.764464173,SPIP-Desember-2025.xlsx
7,Table 7. Proprietary Channel,39,33,Transaksi Antarbank,Rp Miliar/ Billions of Rp,2024,29544945.95187984,SPIP-Desember-2025.xlsx
