series_id,source_sheet,source_table,source_row,indicator_id,indicator_label,unit,year,month,period,value_as_published,source_file
atm_debit_shopping_volume,5a,Table 5a. ATM Card and Debit Card,13,7,Volume Transaksi Belanja,Ribu Transaksi/ Thousands of Transaction,2009,1,2009-01,7323.933,SPIP-Desember-2025.xlsx
atm_debit_shopping_volume,5a,Table 5a. ATM Card and Debit Card,13,7,Volume Transaksi Belanja,Ribu Transaksi/ Thousands of Transaction,2009,2,2009-02,6771.744,SPIP-Desember-2025.xlsx
atm_debit_shopping_volume,5a,Table 5a. ATM Card and Debit Card,13,7,Volume Transaksi Belanja,Ribu Transaksi/ Thousands of Transaction,2009,3,2009-03,7928.543,SPIP-Desember-2025.xlsx
atm_debit_shopping_volume,5a,Table 5a. ATM Card and Debit Card,13,7,Volume Transaksi Belanja,Ribu Transaksi/ Thousands of Transaction,2009,4,2009-04,7507.493,SPIP-Desember-2025.xlsx
atm_debit_shopping_volume,5a,Table 5a. ATM Card and Debit Card,13,7,Volume Transaksi Belanja,Ribu Transaksi/ Thousands of Transaction,2009,5,2009-05,7896.56,SPIP-Desember-2025.xlsx
atm_debit_shopping_volume,5a,Table 5a. ATM Card and Debit Card,13,7,Volume Transaksi Belanja,Ribu Transaksi/ Thousands of Transaction,2009,6,2009-06,8296.829,SPIP-Desember-2025.xlsx
atm_debit_shopping_volume,5a,Table 5a. ATM Card and Debit Card,13,7,Volume Transaksi Belanja,Ribu Transaksi/ Thousands of Transaction,2009,7,2009-07,8227.472,SPIP-Desember-2025.xlsx
atm_debit_shopping_volume,5a,Table 5a. ATM Card and Debit Card,13,7,Volume Transaksi Belanja,Ribu Transaksi/ Thousands of Transaction,2009,8,2009-08,8432.636,SPIP-Desember-2025.xlsx
atm_debit_shopping_volume,5a,Table 5a. ATM Card and Debit Card,13,7,Volume Transaksi Belanja,Ribu Transaksi/ Thousands of Transaction,2009,9,2009-09,9170.265,SPIP-Desember-2025.xlsx
atm_debit_shopping_volume,5a,Table 5a. ATM Card and Debit Card,13,7,Volume Transaksi Belanja,Ribu Transaksi/ Thousands of Transaction,2009,10,2009-10,8540.568,SPIP-Desember-2025.xlsx
atm_debit_shopping_volume,5a,Table 5a. ATM Card and Debit Card,13,7,Volume Transaksi Belanja,Ribu Transaksi/ Thousands of Transaction,2009,11,2009-11,8700.197,SPIP-Desember-2025.xlsx
atm_debit_shopping_volume,5a,Table 5a. ATM Card and Debit Card,13,7,Volume Transaksi Belanja,Ribu Transaksi/ Thousands of Transaction,2009,12,2009-12,9382.648,SPIP-Desember-2025.xlsx
atm_debit_shopping_volume,5a,Table 5a. ATM Card and Debit Card,13,7,Volume Transaksi Belanja,Ribu Transaksi/ Thousands of Transaction,2010,1,2010-01,8695.941,SPIP-Desember-2025.xlsx
atm_debit_shopping_volume,5a,Table 5a. ATM Card and Debit Card,13,7,Volume Transaksi Belanja,Ribu Transaksi/ Thousands of Transaction,2010,2,2010-02,7857.216,SPIP-Desember-2025.xlsx
atm_debit_shopping_volume,5a,Table 5a. ATM Card and Debit Card,13,7,Volume Transaksi Belanja,Ribu Transaksi/ Thousands of Transaction,2010,3,2010-03,8807.709,SPIP-Desember-2025.xlsx
atm_debit_shopping_volume,5a,Table 5a. ATM Card and Debit Card,13,7,Volume Transaksi Belanja,Ribu Transaksi/ Thousands of Transaction,2010,4,2010-04,8511.505,SPIP-Desember-2025.xlsx
atm_debit_shopping_volume,5a,Table 5a. ATM Card and Debit Card,13,7,Volume Transaksi Belanja,Ribu Transaksi/ Thousands of Transaction,2010,5,2010-05,9331.802,SPIP-Desember-2025.xlsx
atm_debit_shopping_volume,5a,Table 5a. ATM Card and Debit Card,13,7,Volume Transaksi Belanja,Ribu Transaksi/ Thousands of Transaction,2010,6,2010-06,8867.175,SPIP-Desember-2025.xlsx
atm_debit_shopping_volume,5a,Table 5a. ATM Card and Debit Card,13,7,Volume Transaksi Belanja,Ribu Transaksi/ Thousands of Transaction,2010,7,2010-07,9656.979,SPIP-Desember-2025.xlsx
atm_debit_shopping_volume,5a,Table 5a. ATM Card and Debit Card,13,7,Volume Transaksi Belanja,Ribu Transaksi/ Thousands of Transaction,2010,8,2010-08,10138.911,SPIP-Desember-2025.xlsx
atm_debit_shopping_volume,5a,Table 5a. ATM Card and Debit Card,13,7,Volume Transaksi Belanja,Ribu Transaksi/ Thousands of Transaction,2010,9,2010-09,9899.838,SPIP-Desember-2025.xlsx
atm_debit_shopping_volume,5a,Table 5a. ATM Card and Debit Card,13,7,Volume Transaksi Belanja,Ribu Transaksi/ Thousands of Transaction,2010,10,2010-10,9673.197,SPIP-Desember-2025.xlsx
atm_debit_shopping_volume,5a,Table 5a. ATM Card and Debit Card,13,7,Volume Transaksi Belanja,Ribu Transaksi/ Thousands of Transaction,2010,11,2010-11,9409.918,SPIP-Desember-2025.xlsx
atm_debit_shopping_volume,5a,Table 5a. ATM Card and Debit Card,13,7,Volume Transaksi Belanja,Ribu Transaksi/ Thousands of Transaction,2010,12,2010-12,10870.365,SPIP-Desember-2025.xlsx
atm_debit_shopping_volume,5a,Table 5a. ATM Card and Debit Card,13,7,Volume Transaksi Belanja,Ribu Transaksi/ Thousands of Transaction,2011,1,2011-01,10678.147,SPIP-Desember-2025.xlsx
atm_debit_shopping_volume,5a,Table 5a. ATM Card and Debit Card,13,7,Volume Transaksi Belanja,Ribu Transaksi/ Thousands of Transaction,2011,2,2011-02,9662.841,SPIP-Desember-2025.xlsx
atm_debit_shopping_volume,5a,Table 5a. ATM Card and Debit Card,13,7,Volume Transaksi Belanja,Ribu Transaksi/ Thousands of Transaction,2011,3,2011-03,10865.011,SPIP-Desember-2025.xlsx
atm_debit_shopping_volume,5a,Table 5a. ATM Card and Debit Card,13,7,Volume Transaksi Belanja,Ribu Transaksi/ Thousands of Transaction,2011,4,2011-04,10639.288,SPIP-Desember-2025.xlsx
atm_debit_shopping_volume,5a,Table 5a. ATM Card and Debit Card,13,7,Volume Transaksi Belanja,Ribu Transaksi/ Thousands of Transaction,2011,5,2011-05,11203.41,SPIP-Desember-2025.xlsx
atm_debit_shopping_volume,5a,Table 5a. ATM Card and Debit Card,13,7,Volume Transaksi Belanja,Ribu Transaksi/ Thousands of Transaction,2011,6,2011-06,11296.717,SPIP-Desember-2025.xlsx
atm_debit_shopping_volume,5a,Table 5a. ATM Card and Debit Card,13,7,Volume Transaksi Belanja,Ribu Transaksi/ Thousands of Transaction,2011,7,2011-07,12253.803,SPIP-Desember-2025.xlsx
atm_debit_shopping_volume,5a,Table 5a. ATM Card and Debit Card,13,7,Volume Transaksi Belanja,Ribu Transaksi/ Thousands of Transaction,2011,8,2011-08,13417.588,SPIP-Desember-2025.xlsx
atm_debit_shopping_volume,5a,Table 5a. ATM Card and Debit Card,13,7,Volume Transaksi Belanja,Ribu Transaksi/ Thousands of Transaction,2011,9,2011-09,10879.232,SPIP-Desember-2025.xlsx
atm_debit_shopping_volume,5a,Table 5a. ATM Card and Debit Card,13,7,Volume Transaksi Belanja,Ribu Transaksi/ Thousands of Transaction,2011,10,2011-10,12049.297,SPIP-Desember-2025.xlsx
atm_debit_shopping_volume,5a,Table 5a. ATM Card and Debit Card,13,7,Volume Transaksi Belanja,Ribu Transaksi/ Thousands of Transaction,2011,11,2011-11,11597.007,SPIP-Desember-2025.xlsx
atm_debit_shopping_volume,5a,Table 5a. ATM Card and Debit Card,13,7,Volume Transaksi Belanja,Ribu Transaksi/ Thousands of Transaction,2011,12,2011-12,13788.48,SPIP-Desember-2025.xlsx
atm_debit_shopping_volume,5a,Table 5a. ATM Card and Debit Card,13,7,Volume Transaksi Belanja,Ribu Transaksi/ Thousands of Transaction,2012,1,2012-01,13652.217,SPIP-Desember-2025.xlsx
atm_debit_shopping_volume,5a,Table 5a. ATM Card and Debit Card,13,7,Volume Transaksi Belanja,Ribu Transaksi/ Thousands of Transaction,2012,2,2012-02,12651.277,SPIP-Desember-2025.xlsx
atm_debit_shopping_volume,5a,Table 5a. ATM Card and Debit Card,13,7,Volume Transaksi Belanja,Ribu Transaksi/ Thousands of Transaction,2012,3,2012-03,13193.431,SPIP-Desember-2025.xlsx
atm_debit_shopping_volume,5a,Table 5a. ATM Card and Debit Card,13,7,Volume Transaksi Belanja,Ribu Transaksi/ Thousands of Transaction,2012,4,2012-04,13637.314,SPIP-Desember-2025.xlsx
atm_debit_shopping_volume,5a,Table 5a. ATM Card and Debit Card,13,7,Volume Transaksi Belanja,Ribu Transaksi/ Thousands of Transaction,2012,5,2012-05,15092.237000000001,SPIP-Desember-2025.xlsx
atm_debit_shopping_volume,5a,Table 5a. ATM Card and Debit Card,13,7,Volume Transaksi Belanja,Ribu Transaksi/ Thousands of Transaction,2012,6,2012-06,15940.447,SPIP-Desember-2025.xlsx
atm_debit_shopping_volume,5a,Table 5a. ATM Card and Debit Card,13,7,Volume Transaksi Belanja,Ribu Transaksi/ Thousands of Transaction,2012,7,2012-07,16513.643,SPIP-Desember-2025.xlsx
atm_debit_shopping_volume,5a,Table 5a. ATM Card and Debit Card,13,7,Volume Transaksi Belanja,Ribu Transaksi/ Thousands of Transaction,2012,8,2012-08,17683.795,SPIP-Desember-2025.xlsx
atm_debit_shopping_volume,5a,Table 5a. ATM Card and Debit Card,13,7,Volume Transaksi Belanja,Ribu Transaksi/ Thousands of Transaction,2012,9,2012-09,15390.904,SPIP-Desember-2025.xlsx
atm_debit_shopping_volume,5a,Table 5a. ATM Card and Debit Card,13,7,Volume Transaksi Belanja,Ribu Transaksi/ Thousands of Transaction,2012,10,2012-10,16587.27053102625,SPIP-Desember-2025.xlsx
atm_debit_shopping_volume,5a,Table 5a. ATM Card and Debit Card,13,7,Volume Transaksi Belanja,Ribu Transaksi/ Thousands of Transaction,2012,11,2012-11,16667.24972435738,SPIP-Desember-2025.xlsx
atm_debit_shopping_volume,5a,Table 5a. ATM Card and Debit Card,13,7,Volume Transaksi Belanja,Ribu Transaksi/ Thousands of Transaction,2012,12,2012-12,17870.612999999998,SPIP-Desember-2025.xlsx
atm_debit_shopping_volume,5a,Table 5a. ATM Card and Debit Card,13,7,Volume Transaksi Belanja,Ribu Transaksi/ Thousands of Transaction,2013,1,2013-01,17713.303,SPIP-Desember-2025.xlsx
atm_debit_shopping_volume,5a,Table 5a. ATM Card and Debit Card,13,7,Volume Transaksi Belanja,Ribu Transaksi/ Thousands of Transaction,2013,2,2013-02,15737.115,SPIP-Desember-2025.xlsx
atm_debit_shopping_volume,5a,Table 5a. ATM Card and Debit Card,13,7,Volume Transaksi Belanja,Ribu Transaksi/ Thousands of Transaction,2013,3,2013-03,19288.268,SPIP-Desember-2025.xlsx
atm_debit_shopping_volume,5a,Table 5a. ATM Card and Debit Card,13,7,Volume Transaksi Belanja,Ribu Transaksi/ Thousands of Transaction,2013,4,2013-04,18979.886000000002,SPIP-Desember-2025.xlsx
atm_debit_shopping_volume,5a,Table 5a. ATM Card and Debit Card,13,7,Volume Transaksi Belanja,Ribu Transaksi/ Thousands of Transaction,2013,5,2013-05,19803.009,SPIP-Desember-2025.xlsx
atm_debit_shopping_volume,5a,Table 5a. ATM Card and Debit Card,13,7,Volume Transaksi Belanja,Ribu Transaksi/ Thousands of Transaction,2013,6,2013-06,20437.044,SPIP-Desember-2025.xlsx
atm_debit_shopping_volume,5a,Table 5a. ATM Card and Debit Card,13,7,Volume Transaksi Belanja,Ribu Transaksi/ Thousands of Transaction,2013,7,2013-07,22723.168,SPIP-Desember-2025.xlsx
atm_debit_shopping_volume,5a,Table 5a. ATM Card and Debit Card,13,7,Volume Transaksi Belanja,Ribu Transaksi/ Thousands of Transaction,2013,8,2013-08,22057.485,SPIP-Desember-2025.xlsx
atm_debit_shopping_volume,5a,Table 5a. ATM Card and Debit Card,13,7,Volume Transaksi Belanja,Ribu Transaksi/ Thousands of Transaction,2013,9,2013-09,19698.419,SPIP-Desember-2025.xlsx
atm_debit_shopping_volume,5a,Table 5a. ATM Card and Debit Card,13,7,Volume Transaksi Belanja,Ribu Transaksi/ Thousands of Transaction,2013,10,2013-10,20917.534,SPIP-Desember-2025.xlsx
atm_debit_shopping_volume,5a,Table 5a. ATM Card and Debit Card,13,7,Volume Transaksi Belanja,Ribu Transaksi/ Thousands of Transaction,2013,11,2013-11,21393.550000000003,SPIP-Desember-2025.xlsx
atm_debit_shopping_volume,5a,Table 5a. ATM Card and Debit Card,13,7,Volume Transaksi Belanja,Ribu Transaksi/ Thousands of Transaction,2013,12,2013-12,24096.508,SPIP-Desember-2025.xlsx
atm_debit_shopping_volume,5a,Table 5a. ATM Card and Debit Card,13,7,Volume Transaksi Belanja,Ribu Transaksi/ Thousands of Transaction,2014,1,2014-01,21993.803,SPIP-Desember-2025.xlsx
atm_debit_shopping_volume,5a,Table 5a. ATM Card and Debit Card,13,7,Volume Transaksi Belanja,Ribu Transaksi/ Thousands of Transaction,2014,2,2014-02,19497.459,SPIP-Desember-2025.xlsx
atm_debit_shopping_volume,5a,Table 5a. ATM Card and Debit Card,13,7,Volume Transaksi Belanja,Ribu Transaksi/ Thousands of Transaction,2014,3,2014-03,24460.990999999998,SPIP-Desember-2025.xlsx
atm_debit_shopping_volume,5a,Table 5a. ATM Card and Debit Card,13,7,Volume Transaksi Belanja,Ribu Transaksi/ Thousands of Transaction,2014,4,2014-04,22090.609,SPIP-Desember-2025.xlsx
atm_debit_shopping_volume,5a,Table 5a. ATM Card and Debit Card,13,7,Volume Transaksi Belanja,Ribu Transaksi/ Thousands of Transaction,2014,5,2014-05,25067.896999999997,SPIP-Desember-2025.xlsx
atm_debit_shopping_volume,5a,Table 5a. ATM Card and Debit Card,13,7,Volume Transaksi Belanja,Ribu Transaksi/ Thousands of Transaction,2014,6,2014-06,24316.008,SPIP-Desember-2025.xlsx
atm_debit_shopping_volume,5a,Table 5a. ATM Card and Debit Card,13,7,Volume Transaksi Belanja,Ribu Transaksi/ Thousands of Transaction,2014,7,2014-07,28899.017,SPIP-Desember-2025.xlsx
atm_debit_shopping_volume,5a,Table 5a. ATM Card and Debit Card,13,7,Volume Transaksi Belanja,Ribu Transaksi/ Thousands of Transaction,2014,8,2014-08,24658.072,SPIP-Desember-2025.xlsx
atm_debit_shopping_volume,5a,Table 5a. ATM Card and Debit Card,13,7,Volume Transaksi Belanja,Ribu Transaksi/ Thousands of Transaction,2014,9,2014-09,23985.535,SPIP-Desember-2025.xlsx
atm_debit_shopping_volume,5a,Table 5a. ATM Card and Debit Card,13,7,Volume Transaksi Belanja,Ribu Transaksi/ Thousands of Transaction,2014,10,2014-10,24664.362,SPIP-Desember-2025.xlsx
atm_debit_shopping_volume,5a,Table 5a. ATM Card and Debit Card,13,7,Volume Transaksi Belanja,Ribu Transaksi/ Thousands of Transaction,2014,11,2014-11,23957.43,SPIP-Desember-2025.xlsx
atm_debit_shopping_volume,5a,Table 5a. ATM Card and Debit Card,13,7,Volume Transaksi Belanja,Ribu Transaksi/ Thousands of Transaction,2014,12,2014-12,28463.8,SPIP-Desember-2025.xlsx
atm_debit_shopping_volume,5a,Table 5a. ATM Card and Debit Card,13,7,Volume Transaksi Belanja,Ribu Transaksi/ Thousands of Transaction,2015,1,2015-01,25645.432,SPIP-Desember-2025.xlsx
atm_debit_shopping_volume,5a,Table 5a. ATM Card and Debit Card,13,7,Volume Transaksi Belanja,Ribu Transaksi/ Thousands of Transaction,2015,2,2015-02,23327.001,SPIP-Desember-2025.xlsx
atm_debit_shopping_volume,5a,Table 5a. ATM Card and Debit Card,13,7,Volume Transaksi Belanja,Ribu Transaksi/ Thousands of Transaction,2015,3,2015-03,26832.513,SPIP-Desember-2025.xlsx
atm_debit_shopping_volume,5a,Table 5a. ATM Card and Debit Card,13,7,Volume Transaksi Belanja,Ribu Transaksi/ Thousands of Transaction,2015,4,2015-04,26656.077,SPIP-Desember-2025.xlsx
atm_debit_shopping_volume,5a,Table 5a. ATM Card and Debit Card,13,7,Volume Transaksi Belanja,Ribu Transaksi/ Thousands of Transaction,2015,5,2015-05,29336.002,SPIP-Desember-2025.xlsx
atm_debit_shopping_volume,5a,Table 5a. ATM Card and Debit Card,13,7,Volume Transaksi Belanja,Ribu Transaksi/ Thousands of Transaction,2015,6,2015-06,28914.41,SPIP-Desember-2025.xlsx
atm_debit_shopping_volume,5a,Table 5a. ATM Card and Debit Card,13,7,Volume Transaksi Belanja,Ribu Transaksi/ Thousands of Transaction,2015,7,2015-07,33543.30499999999,SPIP-Desember-2025.xlsx
atm_debit_shopping_volume,5a,Table 5a. ATM Card and Debit Card,13,7,Volume Transaksi Belanja,Ribu Transaksi/ Thousands of Transaction,2015,8,2015-08,29778.368000000002,SPIP-Desember-2025.xlsx
atm_debit_shopping_volume,5a,Table 5a. ATM Card and Debit Card,13,7,Volume Transaksi Belanja,Ribu Transaksi/ Thousands of Transaction,2015,9,2015-09,29079.398999999998,SPIP-Desember-2025.xlsx
atm_debit_shopping_volume,5a,Table 5a. ATM Card and Debit Card,13,7,Volume Transaksi Belanja,Ribu Transaksi/ Thousands of Transaction,2015,10,2015-10,30735.464,SPIP-Desember-2025.xlsx
atm_debit_shopping_volume,5a,Table 5a. ATM Card and Debit Card,13,7,Volume Transaksi Belanja,Ribu Transaksi/ Thousands of Transaction,2015,11,2015-11,30099.453,SPIP-Desember-2025.xlsx
atm_debit_shopping_volume,5a,Table 5a. ATM Card and Debit Card,13,7,Volume Transaksi Belanja,Ribu Transaksi/ Thousands of Transaction,2015,12,2015-12,34798.805,SPIP-Desember-2025.xlsx
atm_debit_shopping_volume,5a,Table 5a. ATM Card and Debit Card,13,7,Volume Transaksi Belanja,Ribu Transaksi/ Thousands of Transaction,2016,1,2016-01,31486.270999999997,SPIP-Desember-2025.xlsx
atm_debit_shopping_volume,5a,Table 5a. ATM Card and Debit Card,13,7,Volume Transaksi Belanja,Ribu Transaksi/ Thousands of Transaction,2016,2,2016-02,27401.329,SPIP-Desember-2025.xlsx
atm_debit_shopping_volume,5a,Table 5a. ATM Card and Debit Card,13,7,Volume Transaksi Belanja,Ribu Transaksi/ Thousands of Transaction,2016,3,2016-03,32915.222,SPIP-Desember-2025.xlsx
atm_debit_shopping_volume,5a,Table 5a. ATM Card and Debit Card,13,7,Volume Transaksi Belanja,Ribu Transaksi/ Thousands of Transaction,2016,4,2016-04,32825.393,SPIP-Desember-2025.xlsx
atm_debit_shopping_volume,5a,Table 5a. ATM Card and Debit Card,13,7,Volume Transaksi Belanja,Ribu Transaksi/ Thousands of Transaction,2016,5,2016-05,35178.578,SPIP-Desember-2025.xlsx
atm_debit_shopping_volume,5a,Table 5a. ATM Card and Debit Card,13,7,Volume Transaksi Belanja,Ribu Transaksi/ Thousands of Transaction,2016,6,2016-06,39062.954,SPIP-Desember-2025.xlsx
atm_debit_shopping_volume,5a,Table 5a. ATM Card and Debit Card,13,7,Volume Transaksi Belanja,Ribu Transaksi/ Thousands of Transaction,2016,7,2016-07,39861.038,SPIP-Desember-2025.xlsx
atm_debit_shopping_volume,5a,Table 5a. ATM Card and Debit Card,13,7,Volume Transaksi Belanja,Ribu Transaksi/ Thousands of Transaction,2016,8,2016-08,37573.839,SPIP-Desember-2025.xlsx
atm_debit_shopping_volume,5a,Table 5a. ATM Card and Debit Card,13,7,Volume Transaksi Belanja,Ribu Transaksi/ Thousands of Transaction,2016,9,2016-09,35745.877,SPIP-Desember-2025.xlsx
atm_debit_shopping_volume,5a,Table 5a. ATM Card and Debit Card,13,7,Volume Transaksi Belanja,Ribu Transaksi/ Thousands of Transaction,2016,10,2016-10,35061.433000000005,SPIP-Desember-2025.xlsx
atm_debit_shopping_volume,5a,Table 5a. ATM Card and Debit Card,13,7,Volume Transaksi Belanja,Ribu Transaksi/ Thousands of Transaction,2016,11,2016-11,35668.353,SPIP-Desember-2025.xlsx
atm_debit_shopping_volume,5a,Table 5a. ATM Card and Debit Card,13,7,Volume Transaksi Belanja,Ribu Transaksi/ Thousands of Transaction,2016,12,2016-12,41508.585,SPIP-Desember-2025.xlsx
atm_debit_shopping_volume,5a,Table 5a. ATM Card and Debit Card,13,7,Volume Transaksi Belanja,Ribu Transaksi/ Thousands of Transaction,2017,1,2017-01,38142.53999999999,SPIP-Desember-2025.xlsx
atm_debit_shopping_volume,5a,Table 5a. ATM Card and Debit Card,13,7,Volume Transaksi Belanja,Ribu Transaksi/ Thousands of Transaction,2017,2,2017-02,34097.057,SPIP-Desember-2025.xlsx
atm_debit_shopping_volume,5a,Table 5a. ATM Card and Debit Card,13,7,Volume Transaksi Belanja,Ribu Transaksi/ Thousands of Transaction,2017,3,2017-03,39355.331999999995,SPIP-Desember-2025.xlsx
atm_debit_shopping_volume,5a,Table 5a. ATM Card and Debit Card,13,7,Volume Transaksi Belanja,Ribu Transaksi/ Thousands of Transaction,2017,4,2017-04,39416.060000000005,SPIP-Desember-2025.xlsx
atm_debit_shopping_volume,5a,Table 5a. ATM Card and Debit Card,13,7,Volume Transaksi Belanja,Ribu Transaksi/ Thousands of Transaction,2017,5,2017-05,40792.142,SPIP-Desember-2025.xlsx
atm_debit_shopping_volume,5a,Table 5a. ATM Card and Debit Card,13,7,Volume Transaksi Belanja,Ribu Transaksi/ Thousands of Transaction,2017,6,2017-06,46280.854,SPIP-Desember-2025.xlsx
atm_debit_shopping_volume,5a,Table 5a. ATM Card and Debit Card,13,7,Volume Transaksi Belanja,Ribu Transaksi/ Thousands of Transaction,2017,7,2017-07,42953.128,SPIP-Desember-2025.xlsx
atm_debit_shopping_volume,5a,Table 5a. ATM Card and Debit Card,13,7,Volume Transaksi Belanja,Ribu Transaksi/ Thousands of Transaction,2017,8,2017-08,42632.077000000005,SPIP-Desember-2025.xlsx
atm_debit_shopping_volume,5a,Table 5a. ATM Card and Debit Card,13,7,Volume Transaksi Belanja,Ribu Transaksi/ Thousands of Transaction,2017,9,2017-09,41394.754,SPIP-Desember-2025.xlsx
atm_debit_shopping_volume,5a,Table 5a. ATM Card and Debit Card,13,7,Volume Transaksi Belanja,Ribu Transaksi/ Thousands of Transaction,2017,10,2017-10,43496.261,SPIP-Desember-2025.xlsx
atm_debit_shopping_volume,5a,Table 5a. ATM Card and Debit Card,13,7,Volume Transaksi Belanja,Ribu Transaksi/ Thousands of Transaction,2017,11,2017-11,42381.186,SPIP-Desember-2025.xlsx
atm_debit_shopping_volume,5a,Table 5a. ATM Card and Debit Card,13,7,Volume Transaksi Belanja,Ribu Transaksi/ Thousands of Transaction,2017,12,2017-12,50274.051,SPIP-Desember-2025.xlsx
atm_debit_shopping_volume,5a,Table 5a. ATM Card and Debit Card,13,7,Volume Transaksi Belanja,Ribu Transaksi/ Thousands of Transaction,2018,1,2018-01,46596.738000000005,SPIP-Desember-2025.xlsx
atm_debit_shopping_volume,5a,Table 5a. ATM Card and Debit Card,13,7,Volume Transaksi Belanja,Ribu Transaksi/ Thousands of Transaction,2018,2,2018-02,39396.293,SPIP-Desember-2025.xlsx
atm_debit_shopping_volume,5a,Table 5a. ATM Card and Debit Card,13,7,Volume Transaksi Belanja,Ribu Transaksi/ Thousands of Transaction,2018,3,2018-03,45581.44,SPIP-Desember-2025.xlsx
atm_debit_shopping_volume,5a,Table 5a. ATM Card and Debit Card,13,7,Volume Transaksi Belanja,Ribu Transaksi/ Thousands of Transaction,2018,4,2018-04,44107.066000000006,SPIP-Desember-2025.xlsx
atm_debit_shopping_volume,5a,Table 5a. ATM Card and Debit Card,13,7,Volume Transaksi Belanja,Ribu Transaksi/ Thousands of Transaction,2018,5,2018-05,47704.492,SPIP-Desember-2025.xlsx
atm_debit_shopping_volume,5a,Table 5a. ATM Card and Debit Card,13,7,Volume Transaksi Belanja,Ribu Transaksi/ Thousands of Transaction,2018,6,2018-06,53465.975,SPIP-Desember-2025.xlsx
atm_debit_shopping_volume,5a,Table 5a. ATM Card and Debit Card,13,7,Volume Transaksi Belanja,Ribu Transaksi/ Thousands of Transaction,2018,7,2018-07,49085.428,SPIP-Desember-2025.xlsx
atm_debit_shopping_volume,5a,Table 5a. ATM Card and Debit Card,13,7,Volume Transaksi Belanja,Ribu Transaksi/ Thousands of Transaction,2018,8,2018-08,48634.927,SPIP-Desember-2025.xlsx
atm_debit_shopping_volume,5a,Table 5a. ATM Card and Debit Card,13,7,Volume Transaksi Belanja,Ribu Transaksi/ Thousands of Transaction,2018,9,2018-09,48013.594,SPIP-Desember-2025.xlsx
atm_debit_shopping_volume,5a,Table 5a. ATM Card and Debit Card,13,7,Volume Transaksi Belanja,Ribu Transaksi/ Thousands of Transaction,2018,10,2018-10,48626.8405,SPIP-Desember-2025.xlsx
atm_debit_shopping_volume,5a,Table 5a. ATM Card and Debit Card,13,7,Volume Transaksi Belanja,Ribu Transaksi/ Thousands of Transaction,2018,11,2018-11,49150.221,SPIP-Desember-2025.xlsx
atm_debit_shopping_volume,5a,Table 5a. ATM Card and Debit Card,13,7,Volume Transaksi Belanja,Ribu Transaksi/ Thousands of Transaction,2018,12,2018-12,56966.883,SPIP-Desember-2025.xlsx
atm_debit_shopping_volume,5a,Table 5a. ATM Card and Debit Card,13,7,Volume Transaksi Belanja,Ribu Transaksi/ Thousands of Transaction,2019,1,2019-01,52433.835,SPIP-Desember-2025.xlsx
atm_debit_shopping_volume,5a,Table 5a. ATM Card and Debit Card,13,7,Volume Transaksi Belanja,Ribu Transaksi/ Thousands of Transaction,2019,2,2019-02,46622.659,SPIP-Desember-2025.xlsx
atm_debit_shopping_volume,5a,Table 5a. ATM Card and Debit Card,13,7,Volume Transaksi Belanja,Ribu Transaksi/ Thousands of Transaction,2019,3,2019-03,54293.820999999996,SPIP-Desember-2025.xlsx
atm_debit_shopping_volume,5a,Table 5a. ATM Card and Debit Card,13,7,Volume Transaksi Belanja,Ribu Transaksi/ Thousands of Transaction,2019,4,2019-04,52746.448,SPIP-Desember-2025.xlsx
atm_debit_shopping_volume,5a,Table 5a. ATM Card and Debit Card,13,7,Volume Transaksi Belanja,Ribu Transaksi/ Thousands of Transaction,2019,5,2019-05,60854.893000000004,SPIP-Desember-2025.xlsx
atm_debit_shopping_volume,5a,Table 5a. ATM Card and Debit Card,13,7,Volume Transaksi Belanja,Ribu Transaksi/ Thousands of Transaction,2019,6,2019-06,56357.701,SPIP-Desember-2025.xlsx
atm_debit_shopping_volume,5a,Table 5a. ATM Card and Debit Card,13,7,Volume Transaksi Belanja,Ribu Transaksi/ Thousands of Transaction,2019,7,2019-07,58169.832,SPIP-Desember-2025.xlsx
atm_debit_shopping_volume,5a,Table 5a. ATM Card and Debit Card,13,7,Volume Transaksi Belanja,Ribu Transaksi/ Thousands of Transaction,2019,8,2019-08,55862.323,SPIP-Desember-2025.xlsx
atm_debit_shopping_volume,5a,Table 5a. ATM Card and Debit Card,13,7,Volume Transaksi Belanja,Ribu Transaksi/ Thousands of Transaction,2019,9,2019-09,55351.881,SPIP-Desember-2025.xlsx
atm_debit_shopping_volume,5a,Table 5a. ATM Card and Debit Card,13,7,Volume Transaksi Belanja,Ribu Transaksi/ Thousands of Transaction,2019,10,2019-10,58099.924000000006,SPIP-Desember-2025.xlsx
atm_debit_shopping_volume,5a,Table 5a. ATM Card and Debit Card,13,7,Volume Transaksi Belanja,Ribu Transaksi/ Thousands of Transaction,2019,11,2019-11,58391.615999999995,SPIP-Desember-2025.xlsx
atm_debit_shopping_volume,5a,Table 5a. ATM Card and Debit Card,13,7,Volume Transaksi Belanja,Ribu Transaksi/ Thousands of Transaction,2019,12,2019-12,66850.012,SPIP-Desember-2025.xlsx
atm_debit_shopping_volume,5a,Table 5a. ATM Card and Debit Card,13,7,Volume Transaksi Belanja,Ribu Transaksi/ Thousands of Transaction,2020,1,2020-01,62596.763000000006,SPIP-Desember-2025.xlsx
atm_debit_shopping_volume,5a,Table 5a. ATM Card and Debit Card,13,7,Volume Transaksi Belanja,Ribu Transaksi/ Thousands of Transaction,2020,2,2020-02,59434.512,SPIP-Desember-2025.xlsx
atm_debit_shopping_volume,5a,Table 5a. ATM Card and Debit Card,13,7,Volume Transaksi Belanja,Ribu Transaksi/ Thousands of Transaction,2020,3,2020-03,56149.468,SPIP-Desember-2025.xlsx
atm_debit_shopping_volume,5a,Table 5a. ATM Card and Debit Card,13,7,Volume Transaksi Belanja,Ribu Transaksi/ Thousands of Transaction,2020,4,2020-04,38832.644,SPIP-Desember-2025.xlsx
atm_debit_shopping_volume,5a,Table 5a. ATM Card and Debit Card,13,7,Volume Transaksi Belanja,Ribu Transaksi/ Thousands of Transaction,2020,5,2020-05,43119.454,SPIP-Desember-2025.xlsx
atm_debit_shopping_volume,5a,Table 5a. ATM Card and Debit Card,13,7,Volume Transaksi Belanja,Ribu Transaksi/ Thousands of Transaction,2020,6,2020-06,44642.249,SPIP-Desember-2025.xlsx
atm_debit_shopping_volume,5a,Table 5a. ATM Card and Debit Card,13,7,Volume Transaksi Belanja,Ribu Transaksi/ Thousands of Transaction,2020,7,2020-07,53697.028000000006,SPIP-Desember-2025.xlsx
atm_debit_shopping_volume,5a,Table 5a. ATM Card and Debit Card,13,7,Volume Transaksi Belanja,Ribu Transaksi/ Thousands of Transaction,2020,8,2020-08,55617.168999999994,SPIP-Desember-2025.xlsx
atm_debit_shopping_volume,5a,Table 5a. ATM Card and Debit Card,13,7,Volume Transaksi Belanja,Ribu Transaksi/ Thousands of Transaction,2020,9,2020-09,52303.847,SPIP-Desember-2025.xlsx
atm_debit_shopping_volume,5a,Table 5a. ATM Card and Debit Card,13,7,Volume Transaksi Belanja,Ribu Transaksi/ Thousands of Transaction,2020,10,2020-10,57235.725,SPIP-Desember-2025.xlsx
atm_debit_shopping_volume,5a,Table 5a. ATM Card and Debit Card,13,7,Volume Transaksi Belanja,Ribu Transaksi/ Thousands of Transaction,2020,11,2020-11,57875.043,SPIP-Desember-2025.xlsx
atm_debit_shopping_volume,5a,Table 5a. ATM Card and Debit Card,13,7,Volume Transaksi Belanja,Ribu Transaksi/ Thousands of Transaction,2020,12,2020-12,65787.523,SPIP-Desember-2025.xlsx
atm_debit_shopping_volume,5a,Table 5a. ATM Card and Debit Card,13,7,Volume Transaksi Belanja,Ribu Transaksi/ Thousands of Transaction,2021,1,2021-01,59102.793,SPIP-Desember-2025.xlsx
atm_debit_shopping_volume,5a,Table 5a. ATM Card and Debit Card,13,7,Volume Transaksi Belanja,Ribu Transaksi/ Thousands of Transaction,2021,2,2021-02,54928.63,SPIP-Desember-2025.xlsx
atm_debit_shopping_volume,5a,Table 5a. ATM Card and Debit Card,13,7,Volume Transaksi Belanja,Ribu Transaksi/ Thousands of Transaction,2021,3,2021-03,63356.616,SPIP-Desember-2025.xlsx
atm_debit_shopping_volume,5a,Table 5a. ATM Card and Debit Card,13,7,Volume Transaksi Belanja,Ribu Transaksi/ Thousands of Transaction,2021,4,2021-04,64554.282999999996,SPIP-Desember-2025.xlsx
atm_debit_shopping_volume,5a,Table 5a. ATM Card and Debit Card,13,7,Volume Transaksi Belanja,Ribu Transaksi/ Thousands of Transaction,2021,5,2021-05,74852.617,SPIP-Desember-2025.xlsx
atm_debit_shopping_volume,5a,Table 5a. ATM Card and Debit Card,13,7,Volume Transaksi Belanja,Ribu Transaksi/ Thousands of Transaction,2021,6,2021-06,65544.05099999999,SPIP-Desember-2025.xlsx
atm_debit_shopping_volume,5a,Table 5a. ATM Card and Debit Card,13,7,Volume Transaksi Belanja,Ribu Transaksi/ Thousands of Transaction,2021,7,2021-07,52675.474,SPIP-Desember-2025.xlsx
atm_debit_shopping_volume,5a,Table 5a. ATM Card and Debit Card,13,7,Volume Transaksi Belanja,Ribu Transaksi/ Thousands of Transaction,2021,8,2021-08,59576.926999999996,SPIP-Desember-2025.xlsx
atm_debit_shopping_volume,5a,Table 5a. ATM Card and Debit Card,13,7,Volume Transaksi Belanja,Ribu Transaksi/ Thousands of Transaction,2021,9,2021-09,66096.555,SPIP-Desember-2025.xlsx
atm_debit_shopping_volume,5a,Table 5a. ATM Card and Debit Card,13,7,Volume Transaksi Belanja,Ribu Transaksi/ Thousands of Transaction,2021,10,2021-10,73982.27900000001,SPIP-Desember-2025.xlsx
atm_debit_shopping_volume,5a,Table 5a. ATM Card and Debit Card,13,7,Volume Transaksi Belanja,Ribu Transaksi/ Thousands of Transaction,2021,11,2021-11,71727.197,SPIP-Desember-2025.xlsx
atm_debit_shopping_volume,5a,Table 5a. ATM Card and Debit Card,13,7,Volume Transaksi Belanja,Ribu Transaksi/ Thousands of Transaction,2021,12,2021-12,82538.30699999999,SPIP-Desember-2025.xlsx
atm_debit_shopping_volume,5a,Table 5a. ATM Card and Debit Card,13,7,Volume Transaksi Belanja,Ribu Transaksi/ Thousands of Transaction,2022,1,2022-01,86817.136,SPIP-Desember-2025.xlsx
atm_debit_shopping_volume,5a,Table 5a. ATM Card and Debit Card,13,7,Volume Transaksi Belanja,Ribu Transaksi/ Thousands of Transaction,2022,2,2022-02,76307.678,SPIP-Desember-2025.xlsx
atm_debit_shopping_volume,5a,Table 5a. ATM Card and Debit Card,13,7,Volume Transaksi Belanja,Ribu Transaksi/ Thousands of Transaction,2022,3,2022-03,107765.707,SPIP-Desember-2025.xlsx
atm_debit_shopping_volume,5a,Table 5a. ATM Card and Debit Card,13,7,Volume Transaksi Belanja,Ribu Transaksi/ Thousands of Transaction,2022,4,2022-04,113771.074,SPIP-Desember-2025.xlsx
atm_debit_shopping_volume,5a,Table 5a. ATM Card and Debit Card,13,7,Volume Transaksi Belanja,Ribu Transaksi/ Thousands of Transaction,2022,5,2022-05,109639.668,SPIP-Desember-2025.xlsx
atm_debit_shopping_volume,5a,Table 5a. ATM Card and Debit Card,13,7,Volume Transaksi Belanja,Ribu Transaksi/ Thousands of Transaction,2022,6,2022-06,89893.433,SPIP-Desember-2025.xlsx
atm_debit_shopping_volume,5a,Table 5a. ATM Card and Debit Card,13,7,Volume Transaksi Belanja,Ribu Transaksi/ Thousands of Transaction,2022,7,2022-07,112340.87299999999,SPIP-Desember-2025.xlsx
atm_debit_shopping_volume,5a,Table 5a. ATM Card and Debit Card,13,7,Volume Transaksi Belanja,Ribu Transaksi/ Thousands of Transaction,2022,8,2022-08,109322.883,SPIP-Desember-2025.xlsx
atm_debit_shopping_volume,5a,Table 5a. ATM Card and Debit Card,13,7,Volume Transaksi Belanja,Ribu Transaksi/ Thousands of Transaction,2022,9,2022-09,108744.85699999999,SPIP-Desember-2025.xlsx
atm_debit_shopping_volume,5a,Table 5a. ATM Card and Debit Card,13,7,Volume Transaksi Belanja,Ribu Transaksi/ Thousands of Transaction,2022,10,2022-10,113260.592,SPIP-Desember-2025.xlsx
atm_debit_shopping_volume,5a,Table 5a. ATM Card and Debit Card,13,7,Volume Transaksi Belanja,Ribu Transaksi/ Thousands of Transaction,2022,11,2022-11,108964.935,SPIP-Desember-2025.xlsx
atm_debit_shopping_volume,5a,Table 5a. ATM Card and Debit Card,13,7,Volume Transaksi Belanja,Ribu Transaksi/ Thousands of Transaction,2022,12,2022-12,124793.45000000001,SPIP-Desember-2025.xlsx
atm_debit_shopping_volume,5a,Table 5a. ATM Card and Debit Card,13,7,Volume Transaksi Belanja,Ribu Transaksi/ Thousands of Transaction,2023,1,2023-01,115962.71200000001,SPIP-Desember-2025.xlsx
atm_debit_shopping_volume,5a,Table 5a. ATM Card and Debit Card,13,7,Volume Transaksi Belanja,Ribu Transaksi/ Thousands of Transaction,2023,2,2023-02,104272.735,SPIP-Desember-2025.xlsx
atm_debit_shopping_volume,5a,Table 5a. ATM Card and Debit Card,13,7,Volume Transaksi Belanja,Ribu Transaksi/ Thousands of Transaction,2023,3,2023-03,115511.103,SPIP-Desember-2025.xlsx
atm_debit_shopping_volume,5a,Table 5a. ATM Card and Debit Card,13,7,Volume Transaksi Belanja,Ribu Transaksi/ Thousands of Transaction,2023,4,2023-04,125691.91500000001,SPIP-Desember-2025.xlsx
atm_debit_shopping_volume,5a,Table 5a. ATM Card and Debit Card,13,7,Volume Transaksi Belanja,Ribu Transaksi/ Thousands of Transaction,2023,5,2023-05,113263.977,SPIP-Desember-2025.xlsx
atm_debit_shopping_volume,5a,Table 5a. ATM Card and Debit Card,13,7,Volume Transaksi Belanja,Ribu Transaksi/ Thousands of Transaction,2023,6,2023-06,115976.95199999999,SPIP-Desember-2025.xlsx
atm_debit_shopping_volume,5a,Table 5a. ATM Card and Debit Card,13,7,Volume Transaksi Belanja,Ribu Transaksi/ Thousands of Transaction,2023,7,2023-07,116361.621,SPIP-Desember-2025.xlsx
atm_debit_shopping_volume,5a,Table 5a. ATM Card and Debit Card,13,7,Volume Transaksi Belanja,Ribu Transaksi/ Thousands of Transaction,2023,8,2023-08,113505.91,SPIP-Desember-2025.xlsx
atm_debit_shopping_volume,5a,Table 5a. ATM Card and Debit Card,13,7,Volume Transaksi Belanja,Ribu Transaksi/ Thousands of Transaction,2023,9,2023-09,111250.84700000001,SPIP-Desember-2025.xlsx
atm_debit_shopping_volume,5a,Table 5a. ATM Card and Debit Card,13,7,Volume Transaksi Belanja,Ribu Transaksi/ Thousands of Transaction,2023,10,2023-10,113842.031,SPIP-Desember-2025.xlsx
atm_debit_shopping_volume,5a,Table 5a. ATM Card and Debit Card,13,7,Volume Transaksi Belanja,Ribu Transaksi/ Thousands of Transaction,2023,11,2023-11,107629.675,SPIP-Desember-2025.xlsx
atm_debit_shopping_volume,5a,Table 5a. ATM Card and Debit Card,13,7,Volume Transaksi Belanja,Ribu Transaksi/ Thousands of Transaction,2023,12,2023-12,122455.956,SPIP-Desember-2025.xlsx
atm_debit_shopping_volume,5a,Table 5a. ATM Card and Debit Card,13,7,Volume Transaksi Belanja,Ribu Transaksi/ Thousands of Transaction,2024,1,2024-01,109235.71600000001,SPIP-Desember-2025.xlsx
atm_debit_shopping_volume,5a,Table 5a. ATM Card and Debit Card,13,7,Volume Transaksi Belanja,Ribu Transaksi/ Thousands of Transaction,2024,2,2024-02,105400.646,SPIP-Desember-2025.xlsx
atm_debit_shopping_volume,5a,Table 5a. ATM Card and Debit Card,13,7,Volume Transaksi Belanja,Ribu Transaksi/ Thousands of Transaction,2024,3,2024-03,114752.506,SPIP-Desember-2025.xlsx
atm_debit_shopping_volume,5a,Table 5a. ATM Card and Debit Card,13,7,Volume Transaksi Belanja,Ribu Transaksi/ Thousands of Transaction,2024,4,2024-04,111786.039,SPIP-Desember-2025.xlsx
atm_debit_shopping_volume,5a,Table 5a. ATM Card and Debit Card,13,7,Volume Transaksi Belanja,Ribu Transaksi/ Thousands of Transaction,2024,5,2024-05,106171.79000000001,SPIP-Desember-2025.xlsx
atm_debit_shopping_volume,5a,Table 5a. ATM Card and Debit Card,13,7,Volume Transaksi Belanja,Ribu Transaksi/ Thousands of Transaction,2024,6,2024-06,103108.154,SPIP-Desember-2025.xlsx
atm_debit_shopping_volume,5a,Table 5a. ATM Card and Debit Card,13,7,Volume Transaksi Belanja,Ribu Transaksi/ Thousands of Transaction,2024,7,2024-07,104389.972,SPIP-Desember-2025.xlsx
atm_debit_shopping_volume,5a,Table 5a. ATM Card and Debit Card,13,7,Volume Transaksi Belanja,Ribu Transaksi/ Thousands of Transaction,2024,8,2024-08,101908.07800000001,SPIP-Desember-2025.xlsx
atm_debit_shopping_volume,5a,Table 5a. ATM Card and Debit Card,13,7,Volume Transaksi Belanja,Ribu Transaksi/ Thousands of Transaction,2024,9,2024-09,105578.261,SPIP-Desember-2025.xlsx
atm_debit_shopping_volume,5a,Table 5a. ATM Card and Debit Card,13,7,Volume Transaksi Belanja,Ribu Transaksi/ Thousands of Transaction,2024,10,2024-10,100632.568,SPIP-Desember-2025.xlsx
atm_debit_shopping_volume,5a,Table 5a. ATM Card and Debit Card,13,7,Volume Transaksi Belanja,Ribu Transaksi/ Thousands of Transaction,2024,11,2024-11,95490.932,SPIP-Desember-2025.xlsx
atm_debit_shopping_volume,5a,Table 5a. ATM Card and Debit Card,13,7,Volume Transaksi Belanja,Ribu Transaksi/ Thousands of Transaction,2024,12,2024-12,108072.131,SPIP-Desember-2025.xlsx
atm_debit_shopping_volume,5a,Table 5a. ATM Card and Debit Card,13,7,Volume Transaksi Belanja,Ribu Transaksi/ Thousands of Transaction,2025,1,2025-01,101378.376,SPIP-Desember-2025.xlsx
atm_debit_shopping_volume,5a,Table 5a. ATM Card and Debit Card,13,7,Volume Transaksi Belanja,Ribu Transaksi/ Thousands of Transaction,2025,2,2025-02,88160.647,SPIP-Desember-2025.xlsx
atm_debit_shopping_volume,5a,Table 5a. ATM Card and Debit Card,13,7,Volume Transaksi Belanja,Ribu Transaksi/ Thousands of Transaction,2025,3,2025-03,104746.216,SPIP-Desember-2025.xlsx
atm_debit_shopping_volume,5a,Table 5a. ATM Card and Debit Card,13,7,Volume Transaksi Belanja,Ribu Transaksi/ Thousands of Transaction,2025,4,2025-04,90835.183,SPIP-Desember-2025.xlsx
atm_debit_shopping_volume,5a,Table 5a. ATM Card and Debit Card,13,7,Volume Transaksi Belanja,Ribu Transaksi/ Thousands of Transaction,2025,5,2025-05,93667.549,SPIP-Desember-2025.xlsx
atm_debit_shopping_volume,5a,Table 5a. ATM Card and Debit Card,13,7,Volume Transaksi Belanja,Ribu Transaksi/ Thousands of Transaction,2025,6,2025-06,91820.084,SPIP-Desember-2025.xlsx
atm_debit_shopping_volume,5a,Table 5a. ATM Card and Debit Card,13,7,Volume Transaksi Belanja,Ribu Transaksi/ Thousands of Transaction,2025,7,2025-07,94520.709,SPIP-Desember-2025.xlsx
atm_debit_shopping_volume,5a,Table 5a. ATM Card and Debit Card,13,7,Volume Transaksi Belanja,Ribu Transaksi/ Thousands of Transaction,2025,8,2025-08,89606.17499999999,SPIP-Desember-2025.xlsx
atm_debit_shopping_volume,5a,Table 5a. ATM Card and Debit Card,13,7,Volume Transaksi Belanja,Ribu Transaksi/ Thousands of Transaction,2025,9,2025-09,85584.62400000001,SPIP-Desember-2025.xlsx
atm_debit_shopping_volume,5a,Table 5a. ATM Card and Debit Card,13,7,Volume Transaksi Belanja,Ribu Transaksi/ Thousands of Transaction,2025,10,2025-10,89098.482,SPIP-Desember-2025.xlsx
atm_debit_shopping_volume,5a,Table 5a. ATM Card and Debit Card,13,7,Volume Transaksi Belanja,Ribu Transaksi/ Thousands of Transaction,2025,11,2025-11,88177.3,SPIP-Desember-2025.xlsx
atm_debit_shopping_value,5a,Table 5a. ATM Card and Debit Card,19,13,Nilai Transaksi Belanja,Rp Miliar/Billions of Rp,2009,1,2009-01,4255.087,SPIP-Desember-2025.xlsx
atm_debit_shopping_value,5a,Table 5a. ATM Card and Debit Card,19,13,Nilai Transaksi Belanja,Rp Miliar/Billions of Rp,2009,2,2009-02,3873.898,SPIP-Desember-2025.xlsx
atm_debit_shopping_value,5a,Table 5a. ATM Card and Debit Card,19,13,Nilai Transaksi Belanja,Rp Miliar/Billions of Rp,2009,3,2009-03,4403.384,SPIP-Desember-2025.xlsx
atm_debit_shopping_value,5a,Table 5a. ATM Card and Debit Card,19,13,Nilai Transaksi Belanja,Rp Miliar/Billions of Rp,2009,4,2009-04,4252.13,SPIP-Desember-2025.xlsx
atm_debit_shopping_value,5a,Table 5a. ATM Card and Debit Card,19,13,Nilai Transaksi Belanja,Rp Miliar/Billions of Rp,2009,5,2009-05,4597.351,SPIP-Desember-2025.xlsx
atm_debit_shopping_value,5a,Table 5a. ATM Card and Debit Card,19,13,Nilai Transaksi Belanja,Rp Miliar/Billions of Rp,2009,6,2009-06,4677.007,SPIP-Desember-2025.xlsx
atm_debit_shopping_value,5a,Table 5a. ATM Card and Debit Card,19,13,Nilai Transaksi Belanja,Rp Miliar/Billions of Rp,2009,7,2009-07,4812.521,SPIP-Desember-2025.xlsx
atm_debit_shopping_value,5a,Table 5a. ATM Card and Debit Card,19,13,Nilai Transaksi Belanja,Rp Miliar/Billions of Rp,2009,8,2009-08,5022.159,SPIP-Desember-2025.xlsx
atm_debit_shopping_value,5a,Table 5a. ATM Card and Debit Card,19,13,Nilai Transaksi Belanja,Rp Miliar/Billions of Rp,2009,9,2009-09,4833.837,SPIP-Desember-2025.xlsx
atm_debit_shopping_value,5a,Table 5a. ATM Card and Debit Card,19,13,Nilai Transaksi Belanja,Rp Miliar/Billions of Rp,2009,10,2009-10,5019.804,SPIP-Desember-2025.xlsx
atm_debit_shopping_value,5a,Table 5a. ATM Card and Debit Card,19,13,Nilai Transaksi Belanja,Rp Miliar/Billions of Rp,2009,11,2009-11,5004.549,SPIP-Desember-2025.xlsx
atm_debit_shopping_value,5a,Table 5a. ATM Card and Debit Card,19,13,Nilai Transaksi Belanja,Rp Miliar/Billions of Rp,2009,12,2009-12,5419.508,SPIP-Desember-2025.xlsx
atm_debit_shopping_value,5a,Table 5a. ATM Card and Debit Card,19,13,Nilai Transaksi Belanja,Rp Miliar/Billions of Rp,2010,1,2010-01,5158.269,SPIP-Desember-2025.xlsx
atm_debit_shopping_value,5a,Table 5a. ATM Card and Debit Card,19,13,Nilai Transaksi Belanja,Rp Miliar/Billions of Rp,2010,2,2010-02,4516.52,SPIP-Desember-2025.xlsx
atm_debit_shopping_value,5a,Table 5a. ATM Card and Debit Card,19,13,Nilai Transaksi Belanja,Rp Miliar/Billions of Rp,2010,3,2010-03,5270.142,SPIP-Desember-2025.xlsx
atm_debit_shopping_value,5a,Table 5a. ATM Card and Debit Card,19,13,Nilai Transaksi Belanja,Rp Miliar/Billions of Rp,2010,4,2010-04,4958.31,SPIP-Desember-2025.xlsx
atm_debit_shopping_value,5a,Table 5a. ATM Card and Debit Card,19,13,Nilai Transaksi Belanja,Rp Miliar/Billions of Rp,2010,5,2010-05,5300.468,SPIP-Desember-2025.xlsx
atm_debit_shopping_value,5a,Table 5a. ATM Card and Debit Card,19,13,Nilai Transaksi Belanja,Rp Miliar/Billions of Rp,2010,6,2010-06,5254.652,SPIP-Desember-2025.xlsx
atm_debit_shopping_value,5a,Table 5a. ATM Card and Debit Card,19,13,Nilai Transaksi Belanja,Rp Miliar/Billions of Rp,2010,7,2010-07,5805.894,SPIP-Desember-2025.xlsx
atm_debit_shopping_value,5a,Table 5a. ATM Card and Debit Card,19,13,Nilai Transaksi Belanja,Rp Miliar/Billions of Rp,2010,8,2010-08,6099.924,SPIP-Desember-2025.xlsx
atm_debit_shopping_value,5a,Table 5a. ATM Card and Debit Card,19,13,Nilai Transaksi Belanja,Rp Miliar/Billions of Rp,2010,9,2010-09,5312.649,SPIP-Desember-2025.xlsx
atm_debit_shopping_value,5a,Table 5a. ATM Card and Debit Card,19,13,Nilai Transaksi Belanja,Rp Miliar/Billions of Rp,2010,10,2010-10,5673.219,SPIP-Desember-2025.xlsx
atm_debit_shopping_value,5a,Table 5a. ATM Card and Debit Card,19,13,Nilai Transaksi Belanja,Rp Miliar/Billions of Rp,2010,11,2010-11,5561.403,SPIP-Desember-2025.xlsx
atm_debit_shopping_value,5a,Table 5a. ATM Card and Debit Card,19,13,Nilai Transaksi Belanja,Rp Miliar/Billions of Rp,2010,12,2010-12,6406.172,SPIP-Desember-2025.xlsx
atm_debit_shopping_value,5a,Table 5a. ATM Card and Debit Card,19,13,Nilai Transaksi Belanja,Rp Miliar/Billions of Rp,2011,1,2011-01,6529.668,SPIP-Desember-2025.xlsx
atm_debit_shopping_value,5a,Table 5a. ATM Card and Debit Card,19,13,Nilai Transaksi Belanja,Rp Miliar/Billions of Rp,2011,2,2011-02,5742.83,SPIP-Desember-2025.xlsx
atm_debit_shopping_value,5a,Table 5a. ATM Card and Debit Card,19,13,Nilai Transaksi Belanja,Rp Miliar/Billions of Rp,2011,3,2011-03,6641.697,SPIP-Desember-2025.xlsx
atm_debit_shopping_value,5a,Table 5a. ATM Card and Debit Card,19,13,Nilai Transaksi Belanja,Rp Miliar/Billions of Rp,2011,4,2011-04,6390.203,SPIP-Desember-2025.xlsx
atm_debit_shopping_value,5a,Table 5a. ATM Card and Debit Card,19,13,Nilai Transaksi Belanja,Rp Miliar/Billions of Rp,2011,5,2011-05,6829.922,SPIP-Desember-2025.xlsx
atm_debit_shopping_value,5a,Table 5a. ATM Card and Debit Card,19,13,Nilai Transaksi Belanja,Rp Miliar/Billions of Rp,2011,6,2011-06,6907.014,SPIP-Desember-2025.xlsx
atm_debit_shopping_value,5a,Table 5a. ATM Card and Debit Card,19,13,Nilai Transaksi Belanja,Rp Miliar/Billions of Rp,2011,7,2011-07,7662.089,SPIP-Desember-2025.xlsx
atm_debit_shopping_value,5a,Table 5a. ATM Card and Debit Card,19,13,Nilai Transaksi Belanja,Rp Miliar/Billions of Rp,2011,8,2011-08,7861.384,SPIP-Desember-2025.xlsx
atm_debit_shopping_value,5a,Table 5a. ATM Card and Debit Card,19,13,Nilai Transaksi Belanja,Rp Miliar/Billions of Rp,2011,9,2011-09,6599.221,SPIP-Desember-2025.xlsx
atm_debit_shopping_value,5a,Table 5a. ATM Card and Debit Card,19,13,Nilai Transaksi Belanja,Rp Miliar/Billions of Rp,2011,10,2011-10,7521.439,SPIP-Desember-2025.xlsx
atm_debit_shopping_value,5a,Table 5a. ATM Card and Debit Card,19,13,Nilai Transaksi Belanja,Rp Miliar/Billions of Rp,2011,11,2011-11,7278.931,SPIP-Desember-2025.xlsx
atm_debit_shopping_value,5a,Table 5a. ATM Card and Debit Card,19,13,Nilai Transaksi Belanja,Rp Miliar/Billions of Rp,2011,12,2011-12,8606.984,SPIP-Desember-2025.xlsx
atm_debit_shopping_value,5a,Table 5a. ATM Card and Debit Card,19,13,Nilai Transaksi Belanja,Rp Miliar/Billions of Rp,2012,1,2012-01,8297.121756613002,SPIP-Desember-2025.xlsx
atm_debit_shopping_value,5a,Table 5a. ATM Card and Debit Card,19,13,Nilai Transaksi Belanja,Rp Miliar/Billions of Rp,2012,2,2012-02,7922.013804296001,SPIP-Desember-2025.xlsx
atm_debit_shopping_value,5a,Table 5a. ATM Card and Debit Card,19,13,Nilai Transaksi Belanja,Rp Miliar/Billions of Rp,2012,3,2012-03,8155.695572531,SPIP-Desember-2025.xlsx
atm_debit_shopping_value,5a,Table 5a. ATM Card and Debit Card,19,13,Nilai Transaksi Belanja,Rp Miliar/Billions of Rp,2012,4,2012-04,8228.642492515999,SPIP-Desember-2025.xlsx
atm_debit_shopping_value,5a,Table 5a. ATM Card and Debit Card,19,13,Nilai Transaksi Belanja,Rp Miliar/Billions of Rp,2012,5,2012-05,9126.640903292006,SPIP-Desember-2025.xlsx
atm_debit_shopping_value,5a,Table 5a. ATM Card and Debit Card,19,13,Nilai Transaksi Belanja,Rp Miliar/Billions of Rp,2012,6,2012-06,9798.780184635,SPIP-Desember-2025.xlsx
atm_debit_shopping_value,5a,Table 5a. ATM Card and Debit Card,19,13,Nilai Transaksi Belanja,Rp Miliar/Billions of Rp,2012,7,2012-07,10299.956298091996,SPIP-Desember-2025.xlsx
atm_debit_shopping_value,5a,Table 5a. ATM Card and Debit Card,19,13,Nilai Transaksi Belanja,Rp Miliar/Billions of Rp,2012,8,2012-08,9667.446867564006,SPIP-Desember-2025.xlsx
atm_debit_shopping_value,5a,Table 5a. ATM Card and Debit Card,19,13,Nilai Transaksi Belanja,Rp Miliar/Billions of Rp,2012,9,2012-09,9150.222234419996,SPIP-Desember-2025.xlsx
atm_debit_shopping_value,5a,Table 5a. ATM Card and Debit Card,19,13,Nilai Transaksi Belanja,Rp Miliar/Billions of Rp,2012,10,2012-10,9592.64017279363,SPIP-Desember-2025.xlsx
atm_debit_shopping_value,5a,Table 5a. ATM Card and Debit Card,19,13,Nilai Transaksi Belanja,Rp Miliar/Billions of Rp,2012,11,2012-11,9852.21565189706,SPIP-Desember-2025.xlsx
atm_debit_shopping_value,5a,Table 5a. ATM Card and Debit Card,19,13,Nilai Transaksi Belanja,Rp Miliar/Billions of Rp,2012,12,2012-12,10611.644082975996,SPIP-Desember-2025.xlsx
atm_debit_shopping_value,5a,Table 5a. ATM Card and Debit Card,19,13,Nilai Transaksi Belanja,Rp Miliar/Billions of Rp,2013,1,2013-01,10502.460731725,SPIP-Desember-2025.xlsx
atm_debit_shopping_value,5a,Table 5a. ATM Card and Debit Card,19,13,Nilai Transaksi Belanja,Rp Miliar/Billions of Rp,2013,2,2013-02,9273.599766843003,SPIP-Desember-2025.xlsx
atm_debit_shopping_value,5a,Table 5a. ATM Card and Debit Card,19,13,Nilai Transaksi Belanja,Rp Miliar/Billions of Rp,2013,3,2013-03,11254.805068874004,SPIP-Desember-2025.xlsx
atm_debit_shopping_value,5a,Table 5a. ATM Card and Debit Card,19,13,Nilai Transaksi Belanja,Rp Miliar/Billions of Rp,2013,4,2013-04,11678.682005450004,SPIP-Desember-2025.xlsx
atm_debit_shopping_value,5a,Table 5a. ATM Card and Debit Card,19,13,Nilai Transaksi Belanja,Rp Miliar/Billions of Rp,2013,5,2013-05,12280.588499405003,SPIP-Desember-2025.xlsx
atm_debit_shopping_value,5a,Table 5a. ATM Card and Debit Card,19,13,Nilai Transaksi Belanja,Rp Miliar/Billions of Rp,2013,6,2013-06,12916.042536404995,SPIP-Desember-2025.xlsx
atm_debit_shopping_value,5a,Table 5a. ATM Card and Debit Card,19,13,Nilai Transaksi Belanja,Rp Miliar/Billions of Rp,2013,7,2013-07,14374.098368374007,SPIP-Desember-2025.xlsx
atm_debit_shopping_value,5a,Table 5a. ATM Card and Debit Card,19,13,Nilai Transaksi Belanja,Rp Miliar/Billions of Rp,2013,8,2013-08,12014.846505516516,SPIP-Desember-2025.xlsx
atm_debit_shopping_value,5a,Table 5a. ATM Card and Debit Card,19,13,Nilai Transaksi Belanja,Rp Miliar/Billions of Rp,2013,9,2013-09,11888.101310318993,SPIP-Desember-2025.xlsx
atm_debit_shopping_value,5a,Table 5a. ATM Card and Debit Card,19,13,Nilai Transaksi Belanja,Rp Miliar/Billions of Rp,2013,10,2013-10,12921.636576754,SPIP-Desember-2025.xlsx
atm_debit_shopping_value,5a,Table 5a. ATM Card and Debit Card,19,13,Nilai Transaksi Belanja,Rp Miliar/Billions of Rp,2013,11,2013-11,13118.890689825004,SPIP-Desember-2025.xlsx
atm_debit_shopping_value,5a,Table 5a. ATM Card and Debit Card,19,13,Nilai Transaksi Belanja,Rp Miliar/Billions of Rp,2013,12,2013-12,14889.154642103003,SPIP-Desember-2025.xlsx
atm_debit_shopping_value,5a,Table 5a. ATM Card and Debit Card,19,13,Nilai Transaksi Belanja,Rp Miliar/Billions of Rp,2014,1,2014-01,13506.550770796,SPIP-Desember-2025.xlsx
atm_debit_shopping_value,5a,Table 5a. ATM Card and Debit Card,19,13,Nilai Transaksi Belanja,Rp Miliar/Billions of Rp,2014,2,2014-02,12039.017963488008,SPIP-Desember-2025.xlsx
atm_debit_shopping_value,5a,Table 5a. ATM Card and Debit Card,19,13,Nilai Transaksi Belanja,Rp Miliar/Billions of Rp,2014,3,2014-03,14641.734413074008,SPIP-Desember-2025.xlsx
atm_debit_shopping_value,5a,Table 5a. ATM Card and Debit Card,19,13,Nilai Transaksi Belanja,Rp Miliar/Billions of Rp,2014,4,2014-04,13707.963957692,SPIP-Desember-2025.xlsx
atm_debit_shopping_value,5a,Table 5a. ATM Card and Debit Card,19,13,Nilai Transaksi Belanja,Rp Miliar/Billions of Rp,2014,5,2014-05,15553.058713656003,SPIP-Desember-2025.xlsx
atm_debit_shopping_value,5a,Table 5a. ATM Card and Debit Card,19,13,Nilai Transaksi Belanja,Rp Miliar/Billions of Rp,2014,6,2014-06,15454.752274481001,SPIP-Desember-2025.xlsx
atm_debit_shopping_value,5a,Table 5a. ATM Card and Debit Card,19,13,Nilai Transaksi Belanja,Rp Miliar/Billions of Rp,2014,7,2014-07,16541.608723619996,SPIP-Desember-2025.xlsx
atm_debit_shopping_value,5a,Table 5a. ATM Card and Debit Card,19,13,Nilai Transaksi Belanja,Rp Miliar/Billions of Rp,2014,8,2014-08,14986.157643482,SPIP-Desember-2025.xlsx
atm_debit_shopping_value,5a,Table 5a. ATM Card and Debit Card,19,13,Nilai Transaksi Belanja,Rp Miliar/Billions of Rp,2014,9,2014-09,15290.471826272,SPIP-Desember-2025.xlsx
atm_debit_shopping_value,5a,Table 5a. ATM Card and Debit Card,19,13,Nilai Transaksi Belanja,Rp Miliar/Billions of Rp,2014,10,2014-10,15290.884654342995,SPIP-Desember-2025.xlsx
atm_debit_shopping_value,5a,Table 5a. ATM Card and Debit Card,19,13,Nilai Transaksi Belanja,Rp Miliar/Billions of Rp,2014,11,2014-11,15706.952223729002,SPIP-Desember-2025.xlsx
atm_debit_shopping_value,5a,Table 5a. ATM Card and Debit Card,19,13,Nilai Transaksi Belanja,Rp Miliar/Billions of Rp,2014,12,2014-12,17921.748464785007,SPIP-Desember-2025.xlsx
atm_debit_shopping_value,5a,Table 5a. ATM Card and Debit Card,19,13,Nilai Transaksi Belanja,Rp Miliar/Billions of Rp,2015,1,2015-01,16026.341571109997,SPIP-Desember-2025.xlsx
atm_debit_shopping_value,5a,Table 5a. ATM Card and Debit Card,19,13,Nilai Transaksi Belanja,Rp Miliar/Billions of Rp,2015,2,2015-02,14400.411020937005,SPIP-Desember-2025.xlsx
atm_debit_shopping_value,5a,Table 5a. ATM Card and Debit Card,19,13,Nilai Transaksi Belanja,Rp Miliar/Billions of Rp,2015,3,2015-03,16716.759640299,SPIP-Desember-2025.xlsx
atm_debit_shopping_value,5a,Table 5a. ATM Card and Debit Card,19,13,Nilai Transaksi Belanja,Rp Miliar/Billions of Rp,2015,4,2015-04,16820.136536487003,SPIP-Desember-2025.xlsx
atm_debit_shopping_value,5a,Table 5a. ATM Card and Debit Card,19,13,Nilai Transaksi Belanja,Rp Miliar/Billions of Rp,2015,5,2015-05,17931.714909622,SPIP-Desember-2025.xlsx
atm_debit_shopping_value,5a,Table 5a. ATM Card and Debit Card,19,13,Nilai Transaksi Belanja,Rp Miliar/Billions of Rp,2015,6,2015-06,18343.716395728,SPIP-Desember-2025.xlsx
atm_debit_shopping_value,5a,Table 5a. ATM Card and Debit Card,19,13,Nilai Transaksi Belanja,Rp Miliar/Billions of Rp,2015,7,2015-07,18865.408839484004,SPIP-Desember-2025.xlsx
atm_debit_shopping_value,5a,Table 5a. ATM Card and Debit Card,19,13,Nilai Transaksi Belanja,Rp Miliar/Billions of Rp,2015,8,2015-08,17983.820104415005,SPIP-Desember-2025.xlsx
atm_debit_shopping_value,5a,Table 5a. ATM Card and Debit Card,19,13,Nilai Transaksi Belanja,Rp Miliar/Billions of Rp,2015,9,2015-09,16905.772746058996,SPIP-Desember-2025.xlsx
atm_debit_shopping_value,5a,Table 5a. ATM Card and Debit Card,19,13,Nilai Transaksi Belanja,Rp Miliar/Billions of Rp,2015,10,2015-10,18060.789623257013,SPIP-Desember-2025.xlsx
atm_debit_shopping_value,5a,Table 5a. ATM Card and Debit Card,19,13,Nilai Transaksi Belanja,Rp Miliar/Billions of Rp,2015,11,2015-11,17917.502834955,SPIP-Desember-2025.xlsx
atm_debit_shopping_value,5a,Table 5a. ATM Card and Debit Card,19,13,Nilai Transaksi Belanja,Rp Miliar/Billions of Rp,2015,12,2015-12,20414.02622747601,SPIP-Desember-2025.xlsx
atm_debit_shopping_value,5a,Table 5a. ATM Card and Debit Card,19,13,Nilai Transaksi Belanja,Rp Miliar/Billions of Rp,2016,1,2016-01,19018.446630563998,SPIP-Desember-2025.xlsx
atm_debit_shopping_value,5a,Table 5a. ATM Card and Debit Card,19,13,Nilai Transaksi Belanja,Rp Miliar/Billions of Rp,2016,2,2016-02,16302.873209410995,SPIP-Desember-2025.xlsx
atm_debit_shopping_value,5a,Table 5a. ATM Card and Debit Card,19,13,Nilai Transaksi Belanja,Rp Miliar/Billions of Rp,2016,3,2016-03,18807.45941131401,SPIP-Desember-2025.xlsx
atm_debit_shopping_value,5a,Table 5a. ATM Card and Debit Card,19,13,Nilai Transaksi Belanja,Rp Miliar/Billions of Rp,2016,4,2016-04,19171.510793405992,SPIP-Desember-2025.xlsx
atm_debit_shopping_value,5a,Table 5a. ATM Card and Debit Card,19,13,Nilai Transaksi Belanja,Rp Miliar/Billions of Rp,2016,5,2016-05,21179.616640451986,SPIP-Desember-2025.xlsx
atm_debit_shopping_value,5a,Table 5a. ATM Card and Debit Card,19,13,Nilai Transaksi Belanja,Rp Miliar/Billions of Rp,2016,6,2016-06,25357.189416156987,SPIP-Desember-2025.xlsx
atm_debit_shopping_value,5a,Table 5a. ATM Card and Debit Card,19,13,Nilai Transaksi Belanja,Rp Miliar/Billions of Rp,2016,7,2016-07,21850.71589228999,SPIP-Desember-2025.xlsx
atm_debit_shopping_value,5a,Table 5a. ATM Card and Debit Card,19,13,Nilai Transaksi Belanja,Rp Miliar/Billions of Rp,2016,8,2016-08,22396.435987035005,SPIP-Desember-2025.xlsx
atm_debit_shopping_value,5a,Table 5a. ATM Card and Debit Card,19,13,Nilai Transaksi Belanja,Rp Miliar/Billions of Rp,2016,9,2016-09,20577.49951402701,SPIP-Desember-2025.xlsx
atm_debit_shopping_value,5a,Table 5a. ATM Card and Debit Card,19,13,Nilai Transaksi Belanja,Rp Miliar/Billions of Rp,2016,10,2016-10,20982.090527882992,SPIP-Desember-2025.xlsx
atm_debit_shopping_value,5a,Table 5a. ATM Card and Debit Card,19,13,Nilai Transaksi Belanja,Rp Miliar/Billions of Rp,2016,11,2016-11,21311.901934394,SPIP-Desember-2025.xlsx
atm_debit_shopping_value,5a,Table 5a. ATM Card and Debit Card,19,13,Nilai Transaksi Belanja,Rp Miliar/Billions of Rp,2016,12,2016-12,24890.764045768996,SPIP-Desember-2025.xlsx
atm_debit_shopping_value,5a,Table 5a. ATM Card and Debit Card,19,13,Nilai Transaksi Belanja,Rp Miliar/Billions of Rp,2017,1,2017-01,22509.851945873,SPIP-Desember-2025.xlsx
atm_debit_shopping_value,5a,Table 5a. ATM Card and Debit Card,19,13,Nilai Transaksi Belanja,Rp Miliar/Billions of Rp,2017,2,2017-02,19842.30515444301,SPIP-Desember-2025.xlsx
atm_debit_shopping_value,5a,Table 5a. ATM Card and Debit Card,19,13,Nilai Transaksi Belanja,Rp Miliar/Billions of Rp,2017,3,2017-03,22641.831215752994,SPIP-Desember-2025.xlsx
atm_debit_shopping_value,5a,Table 5a. ATM Card and Debit Card,19,13,Nilai Transaksi Belanja,Rp Miliar/Billions of Rp,2017,4,2017-04,22741.272554285,SPIP-Desember-2025.xlsx
atm_debit_shopping_value,5a,Table 5a. ATM Card and Debit Card,19,13,Nilai Transaksi Belanja,Rp Miliar/Billions of Rp,2017,5,2017-05,24563.327562006994,SPIP-Desember-2025.xlsx
atm_debit_shopping_value,5a,Table 5a. ATM Card and Debit Card,19,13,Nilai Transaksi Belanja,Rp Miliar/Billions of Rp,2017,6,2017-06,25768.506643902005,SPIP-Desember-2025.xlsx
atm_debit_shopping_value,5a,Table 5a. ATM Card and Debit Card,19,13,Nilai Transaksi Belanja,Rp Miliar/Billions of Rp,2017,7,2017-07,24490.263661916993,SPIP-Desember-2025.xlsx
atm_debit_shopping_value,5a,Table 5a. ATM Card and Debit Card,19,13,Nilai Transaksi Belanja,Rp Miliar/Billions of Rp,2017,8,2017-08,24132.358198043996,SPIP-Desember-2025.xlsx
atm_debit_shopping_value,5a,Table 5a. ATM Card and Debit Card,19,13,Nilai Transaksi Belanja,Rp Miliar/Billions of Rp,2017,9,2017-09,22753.87179104901,SPIP-Desember-2025.xlsx
atm_debit_shopping_value,5a,Table 5a. ATM Card and Debit Card,19,13,Nilai Transaksi Belanja,Rp Miliar/Billions of Rp,2017,10,2017-10,24367.980250386994,SPIP-Desember-2025.xlsx
atm_debit_shopping_value,5a,Table 5a. ATM Card and Debit Card,19,13,Nilai Transaksi Belanja,Rp Miliar/Billions of Rp,2017,11,2017-11,24259.068004204993,SPIP-Desember-2025.xlsx
atm_debit_shopping_value,5a,Table 5a. ATM Card and Debit Card,19,13,Nilai Transaksi Belanja,Rp Miliar/Billions of Rp,2017,12,2017-12,28143.426170346,SPIP-Desember-2025.xlsx
atm_debit_shopping_value,5a,Table 5a. ATM Card and Debit Card,19,13,Nilai Transaksi Belanja,Rp Miliar/Billions of Rp,2018,1,2018-01,25359.247678114985,SPIP-Desember-2025.xlsx
atm_debit_shopping_value,5a,Table 5a. ATM Card and Debit Card,19,13,Nilai Transaksi Belanja,Rp Miliar/Billions of Rp,2018,2,2018-02,20260.18976401599,SPIP-Desember-2025.xlsx
atm_debit_shopping_value,5a,Table 5a. ATM Card and Debit Card,19,13,Nilai Transaksi Belanja,Rp Miliar/Billions of Rp,2018,3,2018-03,22995.77705243301,SPIP-Desember-2025.xlsx
atm_debit_shopping_value,5a,Table 5a. ATM Card and Debit Card,19,13,Nilai Transaksi Belanja,Rp Miliar/Billions of Rp,2018,4,2018-04,22948.867388254002,SPIP-Desember-2025.xlsx
atm_debit_shopping_value,5a,Table 5a. ATM Card and Debit Card,19,13,Nilai Transaksi Belanja,Rp Miliar/Billions of Rp,2018,5,2018-05,25577.630988725992,SPIP-Desember-2025.xlsx
atm_debit_shopping_value,5a,Table 5a. ATM Card and Debit Card,19,13,Nilai Transaksi Belanja,Rp Miliar/Billions of Rp,2018,6,2018-06,25883.59182988701,SPIP-Desember-2025.xlsx
atm_debit_shopping_value,5a,Table 5a. ATM Card and Debit Card,19,13,Nilai Transaksi Belanja,Rp Miliar/Billions of Rp,2018,7,2018-07,24811.227492185008,SPIP-Desember-2025.xlsx
atm_debit_shopping_value,5a,Table 5a. ATM Card and Debit Card,19,13,Nilai Transaksi Belanja,Rp Miliar/Billions of Rp,2018,8,2018-08,24153.999976129995,SPIP-Desember-2025.xlsx
atm_debit_shopping_value,5a,Table 5a. ATM Card and Debit Card,19,13,Nilai Transaksi Belanja,Rp Miliar/Billions of Rp,2018,9,2018-09,23639.583279526,SPIP-Desember-2025.xlsx
atm_debit_shopping_value,5a,Table 5a. ATM Card and Debit Card,19,13,Nilai Transaksi Belanja,Rp Miliar/Billions of Rp,2018,10,2018-10,23773.192483040493,SPIP-Desember-2025.xlsx
atm_debit_shopping_value,5a,Table 5a. ATM Card and Debit Card,19,13,Nilai Transaksi Belanja,Rp Miliar/Billions of Rp,2018,11,2018-11,25015.963630350012,SPIP-Desember-2025.xlsx
atm_debit_shopping_value,5a,Table 5a. ATM Card and Debit Card,19,13,Nilai Transaksi Belanja,Rp Miliar/Billions of Rp,2018,12,2018-12,28859.876598187002,SPIP-Desember-2025.xlsx
atm_debit_shopping_value,5a,Table 5a. ATM Card and Debit Card,19,13,Nilai Transaksi Belanja,Rp Miliar/Billions of Rp,2019,1,2019-01,26251.134946901988,SPIP-Desember-2025.xlsx
atm_debit_shopping_value,5a,Table 5a. ATM Card and Debit Card,19,13,Nilai Transaksi Belanja,Rp Miliar/Billions of Rp,2019,2,2019-02,22930.65633592,SPIP-Desember-2025.xlsx
atm_debit_shopping_value,5a,Table 5a. ATM Card and Debit Card,19,13,Nilai Transaksi Belanja,Rp Miliar/Billions of Rp,2019,3,2019-03,26723.441300967996,SPIP-Desember-2025.xlsx
atm_debit_shopping_value,5a,Table 5a. ATM Card and Debit Card,19,13,Nilai Transaksi Belanja,Rp Miliar/Billions of Rp,2019,4,2019-04,26751.105548384003,SPIP-Desember-2025.xlsx
atm_debit_shopping_value,5a,Table 5a. ATM Card and Debit Card,19,13,Nilai Transaksi Belanja,Rp Miliar/Billions of Rp,2019,5,2019-05,32306.68840177899,SPIP-Desember-2025.xlsx
atm_debit_shopping_value,5a,Table 5a. ATM Card and Debit Card,19,13,Nilai Transaksi Belanja,Rp Miliar/Billions of Rp,2019,6,2019-06,26697.082119999992,SPIP-Desember-2025.xlsx
atm_debit_shopping_value,5a,Table 5a. ATM Card and Debit Card,19,13,Nilai Transaksi Belanja,Rp Miliar/Billions of Rp,2019,7,2019-07,29000.285580000003,SPIP-Desember-2025.xlsx
atm_debit_shopping_value,5a,Table 5a. ATM Card and Debit Card,19,13,Nilai Transaksi Belanja,Rp Miliar/Billions of Rp,2019,8,2019-08,27010.906220000004,SPIP-Desember-2025.xlsx
atm_debit_shopping_value,5a,Table 5a. ATM Card and Debit Card,19,13,Nilai Transaksi Belanja,Rp Miliar/Billions of Rp,2019,9,2019-09,26527.526840000017,SPIP-Desember-2025.xlsx
atm_debit_shopping_value,5a,Table 5a. ATM Card and Debit Card,19,13,Nilai Transaksi Belanja,Rp Miliar/Billions of Rp,2019,10,2019-10,27917.830779999997,SPIP-Desember-2025.xlsx
atm_debit_shopping_value,5a,Table 5a. ATM Card and Debit Card,19,13,Nilai Transaksi Belanja,Rp Miliar/Billions of Rp,2019,11,2019-11,28180.446080000005,SPIP-Desember-2025.xlsx
atm_debit_shopping_value,5a,Table 5a. ATM Card and Debit Card,19,13,Nilai Transaksi Belanja,Rp Miliar/Billions of Rp,2019,12,2019-12,32608.448100000005,SPIP-Desember-2025.xlsx
atm_debit_shopping_value,5a,Table 5a. ATM Card and Debit Card,19,13,Nilai Transaksi Belanja,Rp Miliar/Billions of Rp,2020,1,2020-01,29413.62200999999,SPIP-Desember-2025.xlsx
atm_debit_shopping_value,5a,Table 5a. ATM Card and Debit Card,19,13,Nilai Transaksi Belanja,Rp Miliar/Billions of Rp,2020,2,2020-02,27881.07799,SPIP-Desember-2025.xlsx
atm_debit_shopping_value,5a,Table 5a. ATM Card and Debit Card,19,13,Nilai Transaksi Belanja,Rp Miliar/Billions of Rp,2020,3,2020-03,24939.923419999992,SPIP-Desember-2025.xlsx
atm_debit_shopping_value,5a,Table 5a. ATM Card and Debit Card,19,13,Nilai Transaksi Belanja,Rp Miliar/Billions of Rp,2020,4,2020-04,15144.02189909999,SPIP-Desember-2025.xlsx
atm_debit_shopping_value,5a,Table 5a. ATM Card and Debit Card,19,13,Nilai Transaksi Belanja,Rp Miliar/Billions of Rp,2020,5,2020-05,17637.50068,SPIP-Desember-2025.xlsx
atm_debit_shopping_value,5a,Table 5a. ATM Card and Debit Card,19,13,Nilai Transaksi Belanja,Rp Miliar/Billions of Rp,2020,6,2020-06,19313.750340000002,SPIP-Desember-2025.xlsx
atm_debit_shopping_value,5a,Table 5a. ATM Card and Debit Card,19,13,Nilai Transaksi Belanja,Rp Miliar/Billions of Rp,2020,7,2020-07,23519.12686,SPIP-Desember-2025.xlsx
atm_debit_shopping_value,5a,Table 5a. ATM Card and Debit Card,19,13,Nilai Transaksi Belanja,Rp Miliar/Billions of Rp,2020,8,2020-08,24117.88891,SPIP-Desember-2025.xlsx
atm_debit_shopping_value,5a,Table 5a. ATM Card and Debit Card,19,13,Nilai Transaksi Belanja,Rp Miliar/Billions of Rp,2020,9,2020-09,22593.773770000003,SPIP-Desember-2025.xlsx
atm_debit_shopping_value,5a,Table 5a. ATM Card and Debit Card,19,13,Nilai Transaksi Belanja,Rp Miliar/Billions of Rp,2020,10,2020-10,24808.71737999999,SPIP-Desember-2025.xlsx
atm_debit_shopping_value,5a,Table 5a. ATM Card and Debit Card,19,13,Nilai Transaksi Belanja,Rp Miliar/Billions of Rp,2020,11,2020-11,25432.133009999998,SPIP-Desember-2025.xlsx
atm_debit_shopping_value,5a,Table 5a. ATM Card and Debit Card,19,13,Nilai Transaksi Belanja,Rp Miliar/Billions of Rp,2020,12,2020-12,29981.971030000008,SPIP-Desember-2025.xlsx
atm_debit_shopping_value,5a,Table 5a. ATM Card and Debit Card,19,13,Nilai Transaksi Belanja,Rp Miliar/Billions of Rp,2021,1,2021-01,26135.61542999999,SPIP-Desember-2025.xlsx
atm_debit_shopping_value,5a,Table 5a. ATM Card and Debit Card,19,13,Nilai Transaksi Belanja,Rp Miliar/Billions of Rp,2021,2,2021-02,23918.29354,SPIP-Desember-2025.xlsx
atm_debit_shopping_value,5a,Table 5a. ATM Card and Debit Card,19,13,Nilai Transaksi Belanja,Rp Miliar/Billions of Rp,2021,3,2021-03,27625.677460000017,SPIP-Desember-2025.xlsx
atm_debit_shopping_value,5a,Table 5a. ATM Card and Debit Card,19,13,Nilai Transaksi Belanja,Rp Miliar/Billions of Rp,2021,4,2021-04,29100.561969999995,SPIP-Desember-2025.xlsx
atm_debit_shopping_value,5a,Table 5a. ATM Card and Debit Card,19,13,Nilai Transaksi Belanja,Rp Miliar/Billions of Rp,2021,5,2021-05,31938.89397000001,SPIP-Desember-2025.xlsx
atm_debit_shopping_value,5a,Table 5a. ATM Card and Debit Card,19,13,Nilai Transaksi Belanja,Rp Miliar/Billions of Rp,2021,6,2021-06,27274.48659000001,SPIP-Desember-2025.xlsx
atm_debit_shopping_value,5a,Table 5a. ATM Card and Debit Card,19,13,Nilai Transaksi Belanja,Rp Miliar/Billions of Rp,2021,7,2021-07,20718.172444601998,SPIP-Desember-2025.xlsx
atm_debit_shopping_value,5a,Table 5a. ATM Card and Debit Card,19,13,Nilai Transaksi Belanja,Rp Miliar/Billions of Rp,2021,8,2021-08,24018.38036999999,SPIP-Desember-2025.xlsx
atm_debit_shopping_value,5a,Table 5a. ATM Card and Debit Card,19,13,Nilai Transaksi Belanja,Rp Miliar/Billions of Rp,2021,9,2021-09,27458.368200000015,SPIP-Desember-2025.xlsx
atm_debit_shopping_value,5a,Table 5a. ATM Card and Debit Card,19,13,Nilai Transaksi Belanja,Rp Miliar/Billions of Rp,2021,10,2021-10,31000.43970000001,SPIP-Desember-2025.xlsx
atm_debit_shopping_value,5a,Table 5a. ATM Card and Debit Card,19,13,Nilai Transaksi Belanja,Rp Miliar/Billions of Rp,2021,11,2021-11,30757.07879000001,SPIP-Desember-2025.xlsx
atm_debit_shopping_value,5a,Table 5a. ATM Card and Debit Card,19,13,Nilai Transaksi Belanja,Rp Miliar/Billions of Rp,2021,12,2021-12,36163.942380000015,SPIP-Desember-2025.xlsx
atm_debit_shopping_value,5a,Table 5a. ATM Card and Debit Card,19,13,Nilai Transaksi Belanja,Rp Miliar/Billions of Rp,2022,1,2022-01,38441.88800266801,SPIP-Desember-2025.xlsx
atm_debit_shopping_value,5a,Table 5a. ATM Card and Debit Card,19,13,Nilai Transaksi Belanja,Rp Miliar/Billions of Rp,2022,2,2022-02,32385.366341254987,SPIP-Desember-2025.xlsx
atm_debit_shopping_value,5a,Table 5a. ATM Card and Debit Card,19,13,Nilai Transaksi Belanja,Rp Miliar/Billions of Rp,2022,3,2022-03,48727.54870153099,SPIP-Desember-2025.xlsx
atm_debit_shopping_value,5a,Table 5a. ATM Card and Debit Card,19,13,Nilai Transaksi Belanja,Rp Miliar/Billions of Rp,2022,4,2022-04,52985.541263884035,SPIP-Desember-2025.xlsx
atm_debit_shopping_value,5a,Table 5a. ATM Card and Debit Card,19,13,Nilai Transaksi Belanja,Rp Miliar/Billions of Rp,2022,5,2022-05,46581.762375017024,SPIP-Desember-2025.xlsx
atm_debit_shopping_value,5a,Table 5a. ATM Card and Debit Card,19,13,Nilai Transaksi Belanja,Rp Miliar/Billions of Rp,2022,6,2022-06,38598.61368918601,SPIP-Desember-2025.xlsx
atm_debit_shopping_value,5a,Table 5a. ATM Card and Debit Card,19,13,Nilai Transaksi Belanja,Rp Miliar/Billions of Rp,2022,7,2022-07,48451.437029486995,SPIP-Desember-2025.xlsx
atm_debit_shopping_value,5a,Table 5a. ATM Card and Debit Card,19,13,Nilai Transaksi Belanja,Rp Miliar/Billions of Rp,2022,8,2022-08,47366.06522252399,SPIP-Desember-2025.xlsx
atm_debit_shopping_value,5a,Table 5a. ATM Card and Debit Card,19,13,Nilai Transaksi Belanja,Rp Miliar/Billions of Rp,2022,9,2022-09,46456.27683229601,SPIP-Desember-2025.xlsx
atm_debit_shopping_value,5a,Table 5a. ATM Card and Debit Card,19,13,Nilai Transaksi Belanja,Rp Miliar/Billions of Rp,2022,10,2022-10,48091.78904567,SPIP-Desember-2025.xlsx
atm_debit_shopping_value,5a,Table 5a. ATM Card and Debit Card,19,13,Nilai Transaksi Belanja,Rp Miliar/Billions of Rp,2022,11,2022-11,46486.13649669901,SPIP-Desember-2025.xlsx
atm_debit_shopping_value,5a,Table 5a. ATM Card and Debit Card,19,13,Nilai Transaksi Belanja,Rp Miliar/Billions of Rp,2022,12,2022-12,54034.054491086,SPIP-Desember-2025.xlsx
atm_debit_shopping_value,5a,Table 5a. ATM Card and Debit Card,19,13,Nilai Transaksi Belanja,Rp Miliar/Billions of Rp,2023,1,2023-01,50375.603761302,SPIP-Desember-2025.xlsx
atm_debit_shopping_value,5a,Table 5a. ATM Card and Debit Card,19,13,Nilai Transaksi Belanja,Rp Miliar/Billions of Rp,2023,2,2023-02,43912.738833708,SPIP-Desember-2025.xlsx
atm_debit_shopping_value,5a,Table 5a. ATM Card and Debit Card,19,13,Nilai Transaksi Belanja,Rp Miliar/Billions of Rp,2023,3,2023-03,49826.703296735985,SPIP-Desember-2025.xlsx
atm_debit_shopping_value,5a,Table 5a. ATM Card and Debit Card,19,13,Nilai Transaksi Belanja,Rp Miliar/Billions of Rp,2023,4,2023-04,53384.99408063598,SPIP-Desember-2025.xlsx
atm_debit_shopping_value,5a,Table 5a. ATM Card and Debit Card,19,13,Nilai Transaksi Belanja,Rp Miliar/Billions of Rp,2023,5,2023-05,46623.88708663797,SPIP-Desember-2025.xlsx
atm_debit_shopping_value,5a,Table 5a. ATM Card and Debit Card,19,13,Nilai Transaksi Belanja,Rp Miliar/Billions of Rp,2023,6,2023-06,46653.51427994502,SPIP-Desember-2025.xlsx
atm_debit_shopping_value,5a,Table 5a. ATM Card and Debit Card,19,13,Nilai Transaksi Belanja,Rp Miliar/Billions of Rp,2023,7,2023-07,48344.65524860298,SPIP-Desember-2025.xlsx
atm_debit_shopping_value,5a,Table 5a. ATM Card and Debit Card,19,13,Nilai Transaksi Belanja,Rp Miliar/Billions of Rp,2023,8,2023-08,45737.19476842501,SPIP-Desember-2025.xlsx
atm_debit_shopping_value,5a,Table 5a. ATM Card and Debit Card,19,13,Nilai Transaksi Belanja,Rp Miliar/Billions of Rp,2023,9,2023-09,44108.050092276,SPIP-Desember-2025.xlsx
atm_debit_shopping_value,5a,Table 5a. ATM Card and Debit Card,19,13,Nilai Transaksi Belanja,Rp Miliar/Billions of Rp,2023,10,2023-10,44896.70836612496,SPIP-Desember-2025.xlsx
atm_debit_shopping_value,5a,Table 5a. ATM Card and Debit Card,19,13,Nilai Transaksi Belanja,Rp Miliar/Billions of Rp,2023,11,2023-11,43449.27015406499,SPIP-Desember-2025.xlsx
atm_debit_shopping_value,5a,Table 5a. ATM Card and Debit Card,19,13,Nilai Transaksi Belanja,Rp Miliar/Billions of Rp,2023,12,2023-12,50482.59800275903,SPIP-Desember-2025.xlsx
atm_debit_shopping_value,5a,Table 5a. ATM Card and Debit Card,19,13,Nilai Transaksi Belanja,Rp Miliar/Billions of Rp,2024,1,2024-01,44600.12300137803,SPIP-Desember-2025.xlsx
atm_debit_shopping_value,5a,Table 5a. ATM Card and Debit Card,19,13,Nilai Transaksi Belanja,Rp Miliar/Billions of Rp,2024,2,2024-02,42089.82446734897,SPIP-Desember-2025.xlsx
atm_debit_shopping_value,5a,Table 5a. ATM Card and Debit Card,19,13,Nilai Transaksi Belanja,Rp Miliar/Billions of Rp,2024,3,2024-03,48745.922118148985,SPIP-Desember-2025.xlsx
atm_debit_shopping_value,5a,Table 5a. ATM Card and Debit Card,19,13,Nilai Transaksi Belanja,Rp Miliar/Billions of Rp,2024,4,2024-04,45725.209305053024,SPIP-Desember-2025.xlsx
atm_debit_shopping_value,5a,Table 5a. ATM Card and Debit Card,19,13,Nilai Transaksi Belanja,Rp Miliar/Billions of Rp,2024,5,2024-05,43218.60597529499,SPIP-Desember-2025.xlsx
atm_debit_shopping_value,5a,Table 5a. ATM Card and Debit Card,19,13,Nilai Transaksi Belanja,Rp Miliar/Billions of Rp,2024,6,2024-06,42888.487824293996,SPIP-Desember-2025.xlsx
atm_debit_shopping_value,5a,Table 5a. ATM Card and Debit Card,19,13,Nilai Transaksi Belanja,Rp Miliar/Billions of Rp,2024,7,2024-07,45425.018817763994,SPIP-Desember-2025.xlsx
atm_debit_shopping_value,5a,Table 5a. ATM Card and Debit Card,19,13,Nilai Transaksi Belanja,Rp Miliar/Billions of Rp,2024,8,2024-08,43381.774342354984,SPIP-Desember-2025.xlsx
atm_debit_shopping_value,5a,Table 5a. ATM Card and Debit Card,19,13,Nilai Transaksi Belanja,Rp Miliar/Billions of Rp,2024,9,2024-09,42054.55644069299,SPIP-Desember-2025.xlsx
atm_debit_shopping_value,5a,Table 5a. ATM Card and Debit Card,19,13,Nilai Transaksi Belanja,Rp Miliar/Billions of Rp,2024,10,2024-10,43625.89489318701,SPIP-Desember-2025.xlsx
atm_debit_shopping_value,5a,Table 5a. ATM Card and Debit Card,19,13,Nilai Transaksi Belanja,Rp Miliar/Billions of Rp,2024,11,2024-11,41078.163530026,SPIP-Desember-2025.xlsx
atm_debit_shopping_value,5a,Table 5a. ATM Card and Debit Card,19,13,Nilai Transaksi Belanja,Rp Miliar/Billions of Rp,2024,12,2024-12,48833.17527392502,SPIP-Desember-2025.xlsx
atm_debit_shopping_value,5a,Table 5a. ATM Card and Debit Card,19,13,Nilai Transaksi Belanja,Rp Miliar/Billions of Rp,2025,1,2025-01,45692.19924357702,SPIP-Desember-2025.xlsx
atm_debit_shopping_value,5a,Table 5a. ATM Card and Debit Card,19,13,Nilai Transaksi Belanja,Rp Miliar/Billions of Rp,2025,2,2025-02,42115.32779536701,SPIP-Desember-2025.xlsx
atm_debit_shopping_value,5a,Table 5a. ATM Card and Debit Card,19,13,Nilai Transaksi Belanja,Rp Miliar/Billions of Rp,2025,3,2025-03,50761.756294592036,SPIP-Desember-2025.xlsx
atm_debit_shopping_value,5a,Table 5a. ATM Card and Debit Card,19,13,Nilai Transaksi Belanja,Rp Miliar/Billions of Rp,2025,4,2025-04,42396.72750505699,SPIP-Desember-2025.xlsx
atm_debit_shopping_value,5a,Table 5a. ATM Card and Debit Card,19,13,Nilai Transaksi Belanja,Rp Miliar/Billions of Rp,2025,5,2025-05,42682.98243990999,SPIP-Desember-2025.xlsx
atm_debit_shopping_value,5a,Table 5a. ATM Card and Debit Card,19,13,Nilai Transaksi Belanja,Rp Miliar/Billions of Rp,2025,6,2025-06,41924.19219091999,SPIP-Desember-2025.xlsx
atm_debit_shopping_value,5a,Table 5a. ATM Card and Debit Card,19,13,Nilai Transaksi Belanja,Rp Miliar/Billions of Rp,2025,7,2025-07,43952.72933797201,SPIP-Desember-2025.xlsx
atm_debit_shopping_value,5a,Table 5a. ATM Card and Debit Card,19,13,Nilai Transaksi Belanja,Rp Miliar/Billions of Rp,2025,8,2025-08,41308.39055026901,SPIP-Desember-2025.xlsx
atm_debit_shopping_value,5a,Table 5a. ATM Card and Debit Card,19,13,Nilai Transaksi Belanja,Rp Miliar/Billions of Rp,2025,9,2025-09,39787.28847,SPIP-Desember-2025.xlsx
atm_debit_shopping_value,5a,Table 5a. ATM Card and Debit Card,19,13,Nilai Transaksi Belanja,Rp Miliar/Billions of Rp,2025,10,2025-10,42612.964856678955,SPIP-Desember-2025.xlsx
atm_debit_shopping_value,5a,Table 5a. ATM Card and Debit Card,19,13,Nilai Transaksi Belanja,Rp Miliar/Billions of Rp,2025,11,2025-11,42316.003646767,SPIP-Desember-2025.xlsx
credit_card_shopping_volume,5c,Table 5c. Credit Card,13,7,Volume Transaksi Belanja,Ribu Transaksi/ Thousands of Transaction,2009,1,2009-01,13955.089,SPIP-Desember-2025.xlsx
credit_card_shopping_volume,5c,Table 5c. Credit Card,13,7,Volume Transaksi Belanja,Ribu Transaksi/ Thousands of Transaction,2009,2,2009-02,12714.656,SPIP-Desember-2025.xlsx
credit_card_shopping_volume,5c,Table 5c. Credit Card,13,7,Volume Transaksi Belanja,Ribu Transaksi/ Thousands of Transaction,2009,3,2009-03,14664.18,SPIP-Desember-2025.xlsx
credit_card_shopping_volume,5c,Table 5c. Credit Card,13,7,Volume Transaksi Belanja,Ribu Transaksi/ Thousands of Transaction,2009,4,2009-04,14126.764,SPIP-Desember-2025.xlsx
credit_card_shopping_volume,5c,Table 5c. Credit Card,13,7,Volume Transaksi Belanja,Ribu Transaksi/ Thousands of Transaction,2009,5,2009-05,14242.369,SPIP-Desember-2025.xlsx
credit_card_shopping_volume,5c,Table 5c. Credit Card,13,7,Volume Transaksi Belanja,Ribu Transaksi/ Thousands of Transaction,2009,6,2009-06,15628.948,SPIP-Desember-2025.xlsx
credit_card_shopping_volume,5c,Table 5c. Credit Card,13,7,Volume Transaksi Belanja,Ribu Transaksi/ Thousands of Transaction,2009,7,2009-07,15617.622,SPIP-Desember-2025.xlsx
credit_card_shopping_volume,5c,Table 5c. Credit Card,13,7,Volume Transaksi Belanja,Ribu Transaksi/ Thousands of Transaction,2009,8,2009-08,14890.571,SPIP-Desember-2025.xlsx
credit_card_shopping_volume,5c,Table 5c. Credit Card,13,7,Volume Transaksi Belanja,Ribu Transaksi/ Thousands of Transaction,2009,9,2009-09,15612.675,SPIP-Desember-2025.xlsx
credit_card_shopping_volume,5c,Table 5c. Credit Card,13,7,Volume Transaksi Belanja,Ribu Transaksi/ Thousands of Transaction,2009,10,2009-10,14613.707,SPIP-Desember-2025.xlsx
credit_card_shopping_volume,5c,Table 5c. Credit Card,13,7,Volume Transaksi Belanja,Ribu Transaksi/ Thousands of Transaction,2009,11,2009-11,14628.001,SPIP-Desember-2025.xlsx
credit_card_shopping_volume,5c,Table 5c. Credit Card,13,7,Volume Transaksi Belanja,Ribu Transaksi/ Thousands of Transaction,2009,12,2009-12,17122.96,SPIP-Desember-2025.xlsx
credit_card_shopping_volume,5c,Table 5c. Credit Card,13,7,Volume Transaksi Belanja,Ribu Transaksi/ Thousands of Transaction,2010,1,2010-01,14804.985,SPIP-Desember-2025.xlsx
credit_card_shopping_volume,5c,Table 5c. Credit Card,13,7,Volume Transaksi Belanja,Ribu Transaksi/ Thousands of Transaction,2010,2,2010-02,14347.366,SPIP-Desember-2025.xlsx
credit_card_shopping_volume,5c,Table 5c. Credit Card,13,7,Volume Transaksi Belanja,Ribu Transaksi/ Thousands of Transaction,2010,3,2010-03,16888.136,SPIP-Desember-2025.xlsx
credit_card_shopping_volume,5c,Table 5c. Credit Card,13,7,Volume Transaksi Belanja,Ribu Transaksi/ Thousands of Transaction,2010,4,2010-04,15637.928,SPIP-Desember-2025.xlsx
credit_card_shopping_volume,5c,Table 5c. Credit Card,13,7,Volume Transaksi Belanja,Ribu Transaksi/ Thousands of Transaction,2010,5,2010-05,15958.048,SPIP-Desember-2025.xlsx
credit_card_shopping_volume,5c,Table 5c. Credit Card,13,7,Volume Transaksi Belanja,Ribu Transaksi/ Thousands of Transaction,2010,6,2010-06,16245.371,SPIP-Desember-2025.xlsx
credit_card_shopping_volume,5c,Table 5c. Credit Card,13,7,Volume Transaksi Belanja,Ribu Transaksi/ Thousands of Transaction,2010,7,2010-07,16686.458,SPIP-Desember-2025.xlsx
credit_card_shopping_volume,5c,Table 5c. Credit Card,13,7,Volume Transaksi Belanja,Ribu Transaksi/ Thousands of Transaction,2010,8,2010-08,17081.713,SPIP-Desember-2025.xlsx
credit_card_shopping_volume,5c,Table 5c. Credit Card,13,7,Volume Transaksi Belanja,Ribu Transaksi/ Thousands of Transaction,2010,9,2010-09,16439.595,SPIP-Desember-2025.xlsx
credit_card_shopping_volume,5c,Table 5c. Credit Card,13,7,Volume Transaksi Belanja,Ribu Transaksi/ Thousands of Transaction,2010,10,2010-10,15844.504,SPIP-Desember-2025.xlsx
credit_card_shopping_volume,5c,Table 5c. Credit Card,13,7,Volume Transaksi Belanja,Ribu Transaksi/ Thousands of Transaction,2010,11,2010-11,16616.438,SPIP-Desember-2025.xlsx
credit_card_shopping_volume,5c,Table 5c. Credit Card,13,7,Volume Transaksi Belanja,Ribu Transaksi/ Thousands of Transaction,2010,12,2010-12,18124.691,SPIP-Desember-2025.xlsx
credit_card_shopping_volume,5c,Table 5c. Credit Card,13,7,Volume Transaksi Belanja,Ribu Transaksi/ Thousands of Transaction,2011,1,2011-01,16418.975,SPIP-Desember-2025.xlsx
credit_card_shopping_volume,5c,Table 5c. Credit Card,13,7,Volume Transaksi Belanja,Ribu Transaksi/ Thousands of Transaction,2011,2,2011-02,15858.687,SPIP-Desember-2025.xlsx
credit_card_shopping_volume,5c,Table 5c. Credit Card,13,7,Volume Transaksi Belanja,Ribu Transaksi/ Thousands of Transaction,2011,3,2011-03,17473.117,SPIP-Desember-2025.xlsx
credit_card_shopping_volume,5c,Table 5c. Credit Card,13,7,Volume Transaksi Belanja,Ribu Transaksi/ Thousands of Transaction,2011,4,2011-04,16346.401,SPIP-Desember-2025.xlsx
credit_card_shopping_volume,5c,Table 5c. Credit Card,13,7,Volume Transaksi Belanja,Ribu Transaksi/ Thousands of Transaction,2011,5,2011-05,17402.96,SPIP-Desember-2025.xlsx
credit_card_shopping_volume,5c,Table 5c. Credit Card,13,7,Volume Transaksi Belanja,Ribu Transaksi/ Thousands of Transaction,2011,6,2011-06,16946.815,SPIP-Desember-2025.xlsx
credit_card_shopping_volume,5c,Table 5c. Credit Card,13,7,Volume Transaksi Belanja,Ribu Transaksi/ Thousands of Transaction,2011,7,2011-07,17166.853,SPIP-Desember-2025.xlsx
credit_card_shopping_volume,5c,Table 5c. Credit Card,13,7,Volume Transaksi Belanja,Ribu Transaksi/ Thousands of Transaction,2011,8,2011-08,17443.667,SPIP-Desember-2025.xlsx
credit_card_shopping_volume,5c,Table 5c. Credit Card,13,7,Volume Transaksi Belanja,Ribu Transaksi/ Thousands of Transaction,2011,9,2011-09,17260.96,SPIP-Desember-2025.xlsx
credit_card_shopping_volume,5c,Table 5c. Credit Card,13,7,Volume Transaksi Belanja,Ribu Transaksi/ Thousands of Transaction,2011,10,2011-10,17111.32,SPIP-Desember-2025.xlsx
credit_card_shopping_volume,5c,Table 5c. Credit Card,13,7,Volume Transaksi Belanja,Ribu Transaksi/ Thousands of Transaction,2011,11,2011-11,17465.072,SPIP-Desember-2025.xlsx
credit_card_shopping_volume,5c,Table 5c. Credit Card,13,7,Volume Transaksi Belanja,Ribu Transaksi/ Thousands of Transaction,2011,12,2011-12,18408.733,SPIP-Desember-2025.xlsx
credit_card_shopping_volume,5c,Table 5c. Credit Card,13,7,Volume Transaksi Belanja,Ribu Transaksi/ Thousands of Transaction,2012,1,2012-01,18138.001,SPIP-Desember-2025.xlsx
credit_card_shopping_volume,5c,Table 5c. Credit Card,13,7,Volume Transaksi Belanja,Ribu Transaksi/ Thousands of Transaction,2012,2,2012-02,16765.522,SPIP-Desember-2025.xlsx
credit_card_shopping_volume,5c,Table 5c. Credit Card,13,7,Volume Transaksi Belanja,Ribu Transaksi/ Thousands of Transaction,2012,3,2012-03,17841.238,SPIP-Desember-2025.xlsx
credit_card_shopping_volume,5c,Table 5c. Credit Card,13,7,Volume Transaksi Belanja,Ribu Transaksi/ Thousands of Transaction,2012,4,2012-04,17479.136000000002,SPIP-Desember-2025.xlsx
credit_card_shopping_volume,5c,Table 5c. Credit Card,13,7,Volume Transaksi Belanja,Ribu Transaksi/ Thousands of Transaction,2012,5,2012-05,18774.658,SPIP-Desember-2025.xlsx
credit_card_shopping_volume,5c,Table 5c. Credit Card,13,7,Volume Transaksi Belanja,Ribu Transaksi/ Thousands of Transaction,2012,6,2012-06,17937.615999999998,SPIP-Desember-2025.xlsx
credit_card_shopping_volume,5c,Table 5c. Credit Card,13,7,Volume Transaksi Belanja,Ribu Transaksi/ Thousands of Transaction,2012,7,2012-07,19296.032,SPIP-Desember-2025.xlsx
credit_card_shopping_volume,5c,Table 5c. Credit Card,13,7,Volume Transaksi Belanja,Ribu Transaksi/ Thousands of Transaction,2012,8,2012-08,18812.621,SPIP-Desember-2025.xlsx
credit_card_shopping_volume,5c,Table 5c. Credit Card,13,7,Volume Transaksi Belanja,Ribu Transaksi/ Thousands of Transaction,2012,9,2012-09,17016.670000000002,SPIP-Desember-2025.xlsx
credit_card_shopping_volume,5c,Table 5c. Credit Card,13,7,Volume Transaksi Belanja,Ribu Transaksi/ Thousands of Transaction,2012,10,2012-10,17681.67867341152,SPIP-Desember-2025.xlsx
credit_card_shopping_volume,5c,Table 5c. Credit Card,13,7,Volume Transaksi Belanja,Ribu Transaksi/ Thousands of Transaction,2012,11,2012-11,18427.52685710022,SPIP-Desember-2025.xlsx
credit_card_shopping_volume,5c,Table 5c. Credit Card,13,7,Volume Transaksi Belanja,Ribu Transaksi/ Thousands of Transaction,2012,12,2012-12,19794.483,SPIP-Desember-2025.xlsx
credit_card_shopping_volume,5c,Table 5c. Credit Card,13,7,Volume Transaksi Belanja,Ribu Transaksi/ Thousands of Transaction,2013,1,2013-01,19709.288999999997,SPIP-Desember-2025.xlsx
credit_card_shopping_volume,5c,Table 5c. Credit Card,13,7,Volume Transaksi Belanja,Ribu Transaksi/ Thousands of Transaction,2013,2,2013-02,17507.239999999998,SPIP-Desember-2025.xlsx
credit_card_shopping_volume,5c,Table 5c. Credit Card,13,7,Volume Transaksi Belanja,Ribu Transaksi/ Thousands of Transaction,2013,3,2013-03,18566.058999999997,SPIP-Desember-2025.xlsx
credit_card_shopping_volume,5c,Table 5c. Credit Card,13,7,Volume Transaksi Belanja,Ribu Transaksi/ Thousands of Transaction,2013,4,2013-04,19875.413,SPIP-Desember-2025.xlsx
credit_card_shopping_volume,5c,Table 5c. Credit Card,13,7,Volume Transaksi Belanja,Ribu Transaksi/ Thousands of Transaction,2013,5,2013-05,19505.911,SPIP-Desember-2025.xlsx
credit_card_shopping_volume,5c,Table 5c. Credit Card,13,7,Volume Transaksi Belanja,Ribu Transaksi/ Thousands of Transaction,2013,6,2013-06,19313.994000000002,SPIP-Desember-2025.xlsx
credit_card_shopping_volume,5c,Table 5c. Credit Card,13,7,Volume Transaksi Belanja,Ribu Transaksi/ Thousands of Transaction,2013,7,2013-07,21866.59,SPIP-Desember-2025.xlsx
credit_card_shopping_volume,5c,Table 5c. Credit Card,13,7,Volume Transaksi Belanja,Ribu Transaksi/ Thousands of Transaction,2013,8,2013-08,19887.23,SPIP-Desember-2025.xlsx
credit_card_shopping_volume,5c,Table 5c. Credit Card,13,7,Volume Transaksi Belanja,Ribu Transaksi/ Thousands of Transaction,2013,9,2013-09,18747.945,SPIP-Desember-2025.xlsx
credit_card_shopping_volume,5c,Table 5c. Credit Card,13,7,Volume Transaksi Belanja,Ribu Transaksi/ Thousands of Transaction,2013,10,2013-10,20074.621,SPIP-Desember-2025.xlsx
credit_card_shopping_volume,5c,Table 5c. Credit Card,13,7,Volume Transaksi Belanja,Ribu Transaksi/ Thousands of Transaction,2013,11,2013-11,19084.337000000003,SPIP-Desember-2025.xlsx
credit_card_shopping_volume,5c,Table 5c. Credit Card,13,7,Volume Transaksi Belanja,Ribu Transaksi/ Thousands of Transaction,2013,12,2013-12,21557.34,SPIP-Desember-2025.xlsx
credit_card_shopping_volume,5c,Table 5c. Credit Card,13,7,Volume Transaksi Belanja,Ribu Transaksi/ Thousands of Transaction,2014,1,2014-01,20433.456,SPIP-Desember-2025.xlsx
credit_card_shopping_volume,5c,Table 5c. Credit Card,13,7,Volume Transaksi Belanja,Ribu Transaksi/ Thousands of Transaction,2014,2,2014-02,18353.796,SPIP-Desember-2025.xlsx
credit_card_shopping_volume,5c,Table 5c. Credit Card,13,7,Volume Transaksi Belanja,Ribu Transaksi/ Thousands of Transaction,2014,3,2014-03,19611.56,SPIP-Desember-2025.xlsx
credit_card_shopping_volume,5c,Table 5c. Credit Card,13,7,Volume Transaksi Belanja,Ribu Transaksi/ Thousands of Transaction,2014,4,2014-04,21145.483,SPIP-Desember-2025.xlsx
credit_card_shopping_volume,5c,Table 5c. Credit Card,13,7,Volume Transaksi Belanja,Ribu Transaksi/ Thousands of Transaction,2014,5,2014-05,20821.522999999997,SPIP-Desember-2025.xlsx
credit_card_shopping_volume,5c,Table 5c. Credit Card,13,7,Volume Transaksi Belanja,Ribu Transaksi/ Thousands of Transaction,2014,6,2014-06,21389.161,SPIP-Desember-2025.xlsx
credit_card_shopping_volume,5c,Table 5c. Credit Card,13,7,Volume Transaksi Belanja,Ribu Transaksi/ Thousands of Transaction,2014,7,2014-07,21334.768,SPIP-Desember-2025.xlsx
credit_card_shopping_volume,5c,Table 5c. Credit Card,13,7,Volume Transaksi Belanja,Ribu Transaksi/ Thousands of Transaction,2014,8,2014-08,21060.445,SPIP-Desember-2025.xlsx
credit_card_shopping_volume,5c,Table 5c. Credit Card,13,7,Volume Transaksi Belanja,Ribu Transaksi/ Thousands of Transaction,2014,9,2014-09,21017.551,SPIP-Desember-2025.xlsx
credit_card_shopping_volume,5c,Table 5c. Credit Card,13,7,Volume Transaksi Belanja,Ribu Transaksi/ Thousands of Transaction,2014,10,2014-10,21305.053,SPIP-Desember-2025.xlsx
credit_card_shopping_volume,5c,Table 5c. Credit Card,13,7,Volume Transaksi Belanja,Ribu Transaksi/ Thousands of Transaction,2014,11,2014-11,20098.825999999997,SPIP-Desember-2025.xlsx
credit_card_shopping_volume,5c,Table 5c. Credit Card,13,7,Volume Transaksi Belanja,Ribu Transaksi/ Thousands of Transaction,2014,12,2014-12,23971.596,SPIP-Desember-2025.xlsx
credit_card_shopping_volume,5c,Table 5c. Credit Card,13,7,Volume Transaksi Belanja,Ribu Transaksi/ Thousands of Transaction,2015,1,2015-01,20951.073,SPIP-Desember-2025.xlsx
credit_card_shopping_volume,5c,Table 5c. Credit Card,13,7,Volume Transaksi Belanja,Ribu Transaksi/ Thousands of Transaction,2015,2,2015-02,20339.113,SPIP-Desember-2025.xlsx
credit_card_shopping_volume,5c,Table 5c. Credit Card,13,7,Volume Transaksi Belanja,Ribu Transaksi/ Thousands of Transaction,2015,3,2015-03,22728.807,SPIP-Desember-2025.xlsx
credit_card_shopping_volume,5c,Table 5c. Credit Card,13,7,Volume Transaksi Belanja,Ribu Transaksi/ Thousands of Transaction,2015,4,2015-04,22215.873,SPIP-Desember-2025.xlsx
credit_card_shopping_volume,5c,Table 5c. Credit Card,13,7,Volume Transaksi Belanja,Ribu Transaksi/ Thousands of Transaction,2015,5,2015-05,22534.995,SPIP-Desember-2025.xlsx
credit_card_shopping_volume,5c,Table 5c. Credit Card,13,7,Volume Transaksi Belanja,Ribu Transaksi/ Thousands of Transaction,2015,6,2015-06,23882.905000000002,SPIP-Desember-2025.xlsx
credit_card_shopping_volume,5c,Table 5c. Credit Card,13,7,Volume Transaksi Belanja,Ribu Transaksi/ Thousands of Transaction,2015,7,2015-07,24393.146999999997,SPIP-Desember-2025.xlsx
credit_card_shopping_volume,5c,Table 5c. Credit Card,13,7,Volume Transaksi Belanja,Ribu Transaksi/ Thousands of Transaction,2015,8,2015-08,22596.506,SPIP-Desember-2025.xlsx
credit_card_shopping_volume,5c,Table 5c. Credit Card,13,7,Volume Transaksi Belanja,Ribu Transaksi/ Thousands of Transaction,2015,9,2015-09,22621.954999999998,SPIP-Desember-2025.xlsx
credit_card_shopping_volume,5c,Table 5c. Credit Card,13,7,Volume Transaksi Belanja,Ribu Transaksi/ Thousands of Transaction,2015,10,2015-10,23029.338,SPIP-Desember-2025.xlsx
credit_card_shopping_volume,5c,Table 5c. Credit Card,13,7,Volume Transaksi Belanja,Ribu Transaksi/ Thousands of Transaction,2015,11,2015-11,23193.886,SPIP-Desember-2025.xlsx
credit_card_shopping_volume,5c,Table 5c. Credit Card,13,7,Volume Transaksi Belanja,Ribu Transaksi/ Thousands of Transaction,2015,12,2015-12,26231.669,SPIP-Desember-2025.xlsx
credit_card_shopping_volume,5c,Table 5c. Credit Card,13,7,Volume Transaksi Belanja,Ribu Transaksi/ Thousands of Transaction,2016,1,2016-01,23402.737999999998,SPIP-Desember-2025.xlsx
credit_card_shopping_volume,5c,Table 5c. Credit Card,13,7,Volume Transaksi Belanja,Ribu Transaksi/ Thousands of Transaction,2016,2,2016-02,23569.935999999998,SPIP-Desember-2025.xlsx
credit_card_shopping_volume,5c,Table 5c. Credit Card,13,7,Volume Transaksi Belanja,Ribu Transaksi/ Thousands of Transaction,2016,3,2016-03,25206.37,SPIP-Desember-2025.xlsx
credit_card_shopping_volume,5c,Table 5c. Credit Card,13,7,Volume Transaksi Belanja,Ribu Transaksi/ Thousands of Transaction,2016,4,2016-04,23071.795000000002,SPIP-Desember-2025.xlsx
credit_card_shopping_volume,5c,Table 5c. Credit Card,13,7,Volume Transaksi Belanja,Ribu Transaksi/ Thousands of Transaction,2016,5,2016-05,25146.444,SPIP-Desember-2025.xlsx
credit_card_shopping_volume,5c,Table 5c. Credit Card,13,7,Volume Transaksi Belanja,Ribu Transaksi/ Thousands of Transaction,2016,6,2016-06,25182.161,SPIP-Desember-2025.xlsx
credit_card_shopping_volume,5c,Table 5c. Credit Card,13,7,Volume Transaksi Belanja,Ribu Transaksi/ Thousands of Transaction,2016,7,2016-07,23925.63,SPIP-Desember-2025.xlsx
credit_card_shopping_volume,5c,Table 5c. Credit Card,13,7,Volume Transaksi Belanja,Ribu Transaksi/ Thousands of Transaction,2016,8,2016-08,25522.057,SPIP-Desember-2025.xlsx
credit_card_shopping_volume,5c,Table 5c. Credit Card,13,7,Volume Transaksi Belanja,Ribu Transaksi/ Thousands of Transaction,2016,9,2016-09,24115.549000000003,SPIP-Desember-2025.xlsx
credit_card_shopping_volume,5c,Table 5c. Credit Card,13,7,Volume Transaksi Belanja,Ribu Transaksi/ Thousands of Transaction,2016,10,2016-10,25139.111,SPIP-Desember-2025.xlsx
credit_card_shopping_volume,5c,Table 5c. Credit Card,13,7,Volume Transaksi Belanja,Ribu Transaksi/ Thousands of Transaction,2016,11,2016-11,25679.147,SPIP-Desember-2025.xlsx
credit_card_shopping_volume,5c,Table 5c. Credit Card,13,7,Volume Transaksi Belanja,Ribu Transaksi/ Thousands of Transaction,2016,12,2016-12,27701.036,SPIP-Desember-2025.xlsx
credit_card_shopping_volume,5c,Table 5c. Credit Card,13,7,Volume Transaksi Belanja,Ribu Transaksi/ Thousands of Transaction,2017,1,2017-01,26750.413,SPIP-Desember-2025.xlsx
credit_card_shopping_volume,5c,Table 5c. Credit Card,13,7,Volume Transaksi Belanja,Ribu Transaksi/ Thousands of Transaction,2017,2,2017-02,24773.610999999997,SPIP-Desember-2025.xlsx
credit_card_shopping_volume,5c,Table 5c. Credit Card,13,7,Volume Transaksi Belanja,Ribu Transaksi/ Thousands of Transaction,2017,3,2017-03,27139.14,SPIP-Desember-2025.xlsx
credit_card_shopping_volume,5c,Table 5c. Credit Card,13,7,Volume Transaksi Belanja,Ribu Transaksi/ Thousands of Transaction,2017,4,2017-04,26029.721999999998,SPIP-Desember-2025.xlsx
credit_card_shopping_volume,5c,Table 5c. Credit Card,13,7,Volume Transaksi Belanja,Ribu Transaksi/ Thousands of Transaction,2017,5,2017-05,27714.52,SPIP-Desember-2025.xlsx
credit_card_shopping_volume,5c,Table 5c. Credit Card,13,7,Volume Transaksi Belanja,Ribu Transaksi/ Thousands of Transaction,2017,6,2017-06,25956.285,SPIP-Desember-2025.xlsx
credit_card_shopping_volume,5c,Table 5c. Credit Card,13,7,Volume Transaksi Belanja,Ribu Transaksi/ Thousands of Transaction,2017,7,2017-07,26278.362999999998,SPIP-Desember-2025.xlsx
credit_card_shopping_volume,5c,Table 5c. Credit Card,13,7,Volume Transaksi Belanja,Ribu Transaksi/ Thousands of Transaction,2017,8,2017-08,26314.811999999998,SPIP-Desember-2025.xlsx
credit_card_shopping_volume,5c,Table 5c. Credit Card,13,7,Volume Transaksi Belanja,Ribu Transaksi/ Thousands of Transaction,2017,9,2017-09,25265.25,SPIP-Desember-2025.xlsx
credit_card_shopping_volume,5c,Table 5c. Credit Card,13,7,Volume Transaksi Belanja,Ribu Transaksi/ Thousands of Transaction,2017,10,2017-10,27496.487999999998,SPIP-Desember-2025.xlsx
credit_card_shopping_volume,5c,Table 5c. Credit Card,13,7,Volume Transaksi Belanja,Ribu Transaksi/ Thousands of Transaction,2017,11,2017-11,26983.117,SPIP-Desember-2025.xlsx
credit_card_shopping_volume,5c,Table 5c. Credit Card,13,7,Volume Transaksi Belanja,Ribu Transaksi/ Thousands of Transaction,2017,12,2017-12,28590.026,SPIP-Desember-2025.xlsx
credit_card_shopping_volume,5c,Table 5c. Credit Card,13,7,Volume Transaksi Belanja,Ribu Transaksi/ Thousands of Transaction,2018,1,2018-01,28251.742,SPIP-Desember-2025.xlsx
credit_card_shopping_volume,5c,Table 5c. Credit Card,13,7,Volume Transaksi Belanja,Ribu Transaksi/ Thousands of Transaction,2018,2,2018-02,24484.745,SPIP-Desember-2025.xlsx
credit_card_shopping_volume,5c,Table 5c. Credit Card,13,7,Volume Transaksi Belanja,Ribu Transaksi/ Thousands of Transaction,2018,3,2018-03,27289.443,SPIP-Desember-2025.xlsx
credit_card_shopping_volume,5c,Table 5c. Credit Card,13,7,Volume Transaksi Belanja,Ribu Transaksi/ Thousands of Transaction,2018,4,2018-04,27633.702,SPIP-Desember-2025.xlsx
credit_card_shopping_volume,5c,Table 5c. Credit Card,13,7,Volume Transaksi Belanja,Ribu Transaksi/ Thousands of Transaction,2018,5,2018-05,28614.387000000002,SPIP-Desember-2025.xlsx
credit_card_shopping_volume,5c,Table 5c. Credit Card,13,7,Volume Transaksi Belanja,Ribu Transaksi/ Thousands of Transaction,2018,6,2018-06,27141.547,SPIP-Desember-2025.xlsx
credit_card_shopping_volume,5c,Table 5c. Credit Card,13,7,Volume Transaksi Belanja,Ribu Transaksi/ Thousands of Transaction,2018,7,2018-07,27639.953999999998,SPIP-Desember-2025.xlsx
credit_card_shopping_volume,5c,Table 5c. Credit Card,13,7,Volume Transaksi Belanja,Ribu Transaksi/ Thousands of Transaction,2018,8,2018-08,26890.389,SPIP-Desember-2025.xlsx
credit_card_shopping_volume,5c,Table 5c. Credit Card,13,7,Volume Transaksi Belanja,Ribu Transaksi/ Thousands of Transaction,2018,9,2018-09,25612.393999999997,SPIP-Desember-2025.xlsx
credit_card_shopping_volume,5c,Table 5c. Credit Card,13,7,Volume Transaksi Belanja,Ribu Transaksi/ Thousands of Transaction,2018,10,2018-10,28901.715,SPIP-Desember-2025.xlsx
credit_card_shopping_volume,5c,Table 5c. Credit Card,13,7,Volume Transaksi Belanja,Ribu Transaksi/ Thousands of Transaction,2018,11,2018-11,27745.632,SPIP-Desember-2025.xlsx
credit_card_shopping_volume,5c,Table 5c. Credit Card,13,7,Volume Transaksi Belanja,Ribu Transaksi/ Thousands of Transaction,2018,12,2018-12,29940.024999999998,SPIP-Desember-2025.xlsx
credit_card_shopping_volume,5c,Table 5c. Credit Card,13,7,Volume Transaksi Belanja,Ribu Transaksi/ Thousands of Transaction,2019,1,2019-01,28262.728,SPIP-Desember-2025.xlsx
credit_card_shopping_volume,5c,Table 5c. Credit Card,13,7,Volume Transaksi Belanja,Ribu Transaksi/ Thousands of Transaction,2019,2,2019-02,25751.338,SPIP-Desember-2025.xlsx
credit_card_shopping_volume,5c,Table 5c. Credit Card,13,7,Volume Transaksi Belanja,Ribu Transaksi/ Thousands of Transaction,2019,3,2019-03,27511.572999999997,SPIP-Desember-2025.xlsx
credit_card_shopping_volume,5c,Table 5c. Credit Card,13,7,Volume Transaksi Belanja,Ribu Transaksi/ Thousands of Transaction,2019,4,2019-04,28370.863,SPIP-Desember-2025.xlsx
credit_card_shopping_volume,5c,Table 5c. Credit Card,13,7,Volume Transaksi Belanja,Ribu Transaksi/ Thousands of Transaction,2019,5,2019-05,28692.191000000003,SPIP-Desember-2025.xlsx
credit_card_shopping_volume,5c,Table 5c. Credit Card,13,7,Volume Transaksi Belanja,Ribu Transaksi/ Thousands of Transaction,2019,6,2019-06,26495.911,SPIP-Desember-2025.xlsx
credit_card_shopping_volume,5c,Table 5c. Credit Card,13,7,Volume Transaksi Belanja,Ribu Transaksi/ Thousands of Transaction,2019,7,2019-07,29583.676,SPIP-Desember-2025.xlsx
credit_card_shopping_volume,5c,Table 5c. Credit Card,13,7,Volume Transaksi Belanja,Ribu Transaksi/ Thousands of Transaction,2019,8,2019-08,27709.999999999996,SPIP-Desember-2025.xlsx
credit_card_shopping_volume,5c,Table 5c. Credit Card,13,7,Volume Transaksi Belanja,Ribu Transaksi/ Thousands of Transaction,2019,9,2019-09,27753.747,SPIP-Desember-2025.xlsx
credit_card_shopping_volume,5c,Table 5c. Credit Card,13,7,Volume Transaksi Belanja,Ribu Transaksi/ Thousands of Transaction,2019,10,2019-10,29323.217999999997,SPIP-Desember-2025.xlsx
credit_card_shopping_volume,5c,Table 5c. Credit Card,13,7,Volume Transaksi Belanja,Ribu Transaksi/ Thousands of Transaction,2019,11,2019-11,28868.750000000004,SPIP-Desember-2025.xlsx
credit_card_shopping_volume,5c,Table 5c. Credit Card,13,7,Volume Transaksi Belanja,Ribu Transaksi/ Thousands of Transaction,2019,12,2019-12,31924.609,SPIP-Desember-2025.xlsx
credit_card_shopping_volume,5c,Table 5c. Credit Card,13,7,Volume Transaksi Belanja,Ribu Transaksi/ Thousands of Transaction,2020,1,2020-01,29149.284,SPIP-Desember-2025.xlsx
credit_card_shopping_volume,5c,Table 5c. Credit Card,13,7,Volume Transaksi Belanja,Ribu Transaksi/ Thousands of Transaction,2020,2,2020-02,26592.304,SPIP-Desember-2025.xlsx
credit_card_shopping_volume,5c,Table 5c. Credit Card,13,7,Volume Transaksi Belanja,Ribu Transaksi/ Thousands of Transaction,2020,3,2020-03,26376.14,SPIP-Desember-2025.xlsx
credit_card_shopping_volume,5c,Table 5c. Credit Card,13,7,Volume Transaksi Belanja,Ribu Transaksi/ Thousands of Transaction,2020,4,2020-04,18759.278,SPIP-Desember-2025.xlsx
credit_card_shopping_volume,5c,Table 5c. Credit Card,13,7,Volume Transaksi Belanja,Ribu Transaksi/ Thousands of Transaction,2020,5,2020-05,18215.328,SPIP-Desember-2025.xlsx
credit_card_shopping_volume,5c,Table 5c. Credit Card,13,7,Volume Transaksi Belanja,Ribu Transaksi/ Thousands of Transaction,2020,6,2020-06,20448.369,SPIP-Desember-2025.xlsx
credit_card_shopping_volume,5c,Table 5c. Credit Card,13,7,Volume Transaksi Belanja,Ribu Transaksi/ Thousands of Transaction,2020,7,2020-07,21090.412999999997,SPIP-Desember-2025.xlsx
credit_card_shopping_volume,5c,Table 5c. Credit Card,13,7,Volume Transaksi Belanja,Ribu Transaksi/ Thousands of Transaction,2020,8,2020-08,22010.067,SPIP-Desember-2025.xlsx
credit_card_shopping_volume,5c,Table 5c. Credit Card,13,7,Volume Transaksi Belanja,Ribu Transaksi/ Thousands of Transaction,2020,9,2020-09,19918.548,SPIP-Desember-2025.xlsx
credit_card_shopping_volume,5c,Table 5c. Credit Card,13,7,Volume Transaksi Belanja,Ribu Transaksi/ Thousands of Transaction,2020,10,2020-10,19854.612000000005,SPIP-Desember-2025.xlsx
credit_card_shopping_volume,5c,Table 5c. Credit Card,13,7,Volume Transaksi Belanja,Ribu Transaksi/ Thousands of Transaction,2020,11,2020-11,22587.108999999997,SPIP-Desember-2025.xlsx
credit_card_shopping_volume,5c,Table 5c. Credit Card,13,7,Volume Transaksi Belanja,Ribu Transaksi/ Thousands of Transaction,2020,12,2020-12,23208.273,SPIP-Desember-2025.xlsx
credit_card_shopping_volume,5c,Table 5c. Credit Card,13,7,Volume Transaksi Belanja,Ribu Transaksi/ Thousands of Transaction,2021,1,2021-01,20964.718999999997,SPIP-Desember-2025.xlsx
credit_card_shopping_volume,5c,Table 5c. Credit Card,13,7,Volume Transaksi Belanja,Ribu Transaksi/ Thousands of Transaction,2021,2,2021-02,20156.074,SPIP-Desember-2025.xlsx
credit_card_shopping_volume,5c,Table 5c. Credit Card,13,7,Volume Transaksi Belanja,Ribu Transaksi/ Thousands of Transaction,2021,3,2021-03,23859.304,SPIP-Desember-2025.xlsx
credit_card_shopping_volume,5c,Table 5c. Credit Card,13,7,Volume Transaksi Belanja,Ribu Transaksi/ Thousands of Transaction,2021,4,2021-04,22844.714,SPIP-Desember-2025.xlsx
credit_card_shopping_volume,5c,Table 5c. Credit Card,13,7,Volume Transaksi Belanja,Ribu Transaksi/ Thousands of Transaction,2021,5,2021-05,23110.137,SPIP-Desember-2025.xlsx
credit_card_shopping_volume,5c,Table 5c. Credit Card,13,7,Volume Transaksi Belanja,Ribu Transaksi/ Thousands of Transaction,2021,6,2021-06,22827.537999999997,SPIP-Desember-2025.xlsx
credit_card_shopping_volume,5c,Table 5c. Credit Card,13,7,Volume Transaksi Belanja,Ribu Transaksi/ Thousands of Transaction,2021,7,2021-07,20486.484,SPIP-Desember-2025.xlsx
credit_card_shopping_volume,5c,Table 5c. Credit Card,13,7,Volume Transaksi Belanja,Ribu Transaksi/ Thousands of Transaction,2021,8,2021-08,22314.589,SPIP-Desember-2025.xlsx
credit_card_shopping_volume,5c,Table 5c. Credit Card,13,7,Volume Transaksi Belanja,Ribu Transaksi/ Thousands of Transaction,2021,9,2021-09,22720.796,SPIP-Desember-2025.xlsx
credit_card_shopping_volume,5c,Table 5c. Credit Card,13,7,Volume Transaksi Belanja,Ribu Transaksi/ Thousands of Transaction,2021,10,2021-10,24344.801,SPIP-Desember-2025.xlsx
credit_card_shopping_volume,5c,Table 5c. Credit Card,13,7,Volume Transaksi Belanja,Ribu Transaksi/ Thousands of Transaction,2021,11,2021-11,25968.946,SPIP-Desember-2025.xlsx
credit_card_shopping_volume,5c,Table 5c. Credit Card,13,7,Volume Transaksi Belanja,Ribu Transaksi/ Thousands of Transaction,2021,12,2021-12,27453.13,SPIP-Desember-2025.xlsx
credit_card_shopping_volume,5c,Table 5c. Credit Card,13,7,Volume Transaksi Belanja,Ribu Transaksi/ Thousands of Transaction,2022,1,2022-01,27163.948,SPIP-Desember-2025.xlsx
credit_card_shopping_volume,5c,Table 5c. Credit Card,13,7,Volume Transaksi Belanja,Ribu Transaksi/ Thousands of Transaction,2022,2,2022-02,23779.563999999995,SPIP-Desember-2025.xlsx
credit_card_shopping_volume,5c,Table 5c. Credit Card,13,7,Volume Transaksi Belanja,Ribu Transaksi/ Thousands of Transaction,2022,3,2022-03,28572.505,SPIP-Desember-2025.xlsx
credit_card_shopping_volume,5c,Table 5c. Credit Card,13,7,Volume Transaksi Belanja,Ribu Transaksi/ Thousands of Transaction,2022,4,2022-04,26326.229,SPIP-Desember-2025.xlsx
credit_card_shopping_volume,5c,Table 5c. Credit Card,13,7,Volume Transaksi Belanja,Ribu Transaksi/ Thousands of Transaction,2022,5,2022-05,27959.546,SPIP-Desember-2025.xlsx
credit_card_shopping_volume,5c,Table 5c. Credit Card,13,7,Volume Transaksi Belanja,Ribu Transaksi/ Thousands of Transaction,2022,6,2022-06,27501.421,SPIP-Desember-2025.xlsx
credit_card_shopping_volume,5c,Table 5c. Credit Card,13,7,Volume Transaksi Belanja,Ribu Transaksi/ Thousands of Transaction,2022,7,2022-07,27695.44,SPIP-Desember-2025.xlsx
credit_card_shopping_volume,5c,Table 5c. Credit Card,13,7,Volume Transaksi Belanja,Ribu Transaksi/ Thousands of Transaction,2022,8,2022-08,29481.459,SPIP-Desember-2025.xlsx
credit_card_shopping_volume,5c,Table 5c. Credit Card,13,7,Volume Transaksi Belanja,Ribu Transaksi/ Thousands of Transaction,2022,9,2022-09,28159.632999999998,SPIP-Desember-2025.xlsx
credit_card_shopping_volume,5c,Table 5c. Credit Card,13,7,Volume Transaksi Belanja,Ribu Transaksi/ Thousands of Transaction,2022,10,2022-10,29398.802999999996,SPIP-Desember-2025.xlsx
credit_card_shopping_volume,5c,Table 5c. Credit Card,13,7,Volume Transaksi Belanja,Ribu Transaksi/ Thousands of Transaction,2022,11,2022-11,29720.617,SPIP-Desember-2025.xlsx
credit_card_shopping_volume,5c,Table 5c. Credit Card,13,7,Volume Transaksi Belanja,Ribu Transaksi/ Thousands of Transaction,2022,12,2022-12,31727.094000000005,SPIP-Desember-2025.xlsx
credit_card_shopping_volume,5c,Table 5c. Credit Card,13,7,Volume Transaksi Belanja,Ribu Transaksi/ Thousands of Transaction,2023,1,2023-01,31644.839,SPIP-Desember-2025.xlsx
credit_card_shopping_volume,5c,Table 5c. Credit Card,13,7,Volume Transaksi Belanja,Ribu Transaksi/ Thousands of Transaction,2023,2,2023-02,28740.361,SPIP-Desember-2025.xlsx
credit_card_shopping_volume,5c,Table 5c. Credit Card,13,7,Volume Transaksi Belanja,Ribu Transaksi/ Thousands of Transaction,2023,3,2023-03,31718.62,SPIP-Desember-2025.xlsx
credit_card_shopping_volume,5c,Table 5c. Credit Card,13,7,Volume Transaksi Belanja,Ribu Transaksi/ Thousands of Transaction,2023,4,2023-04,30126.294,SPIP-Desember-2025.xlsx
credit_card_shopping_volume,5c,Table 5c. Credit Card,13,7,Volume Transaksi Belanja,Ribu Transaksi/ Thousands of Transaction,2023,5,2023-05,31751.251,SPIP-Desember-2025.xlsx
credit_card_shopping_volume,5c,Table 5c. Credit Card,13,7,Volume Transaksi Belanja,Ribu Transaksi/ Thousands of Transaction,2023,6,2023-06,31454.000999999997,SPIP-Desember-2025.xlsx
credit_card_shopping_volume,5c,Table 5c. Credit Card,13,7,Volume Transaksi Belanja,Ribu Transaksi/ Thousands of Transaction,2023,7,2023-07,34067.63,SPIP-Desember-2025.xlsx
credit_card_shopping_volume,5c,Table 5c. Credit Card,13,7,Volume Transaksi Belanja,Ribu Transaksi/ Thousands of Transaction,2023,8,2023-08,33415.109,SPIP-Desember-2025.xlsx
credit_card_shopping_volume,5c,Table 5c. Credit Card,13,7,Volume Transaksi Belanja,Ribu Transaksi/ Thousands of Transaction,2023,9,2023-09,32918.579000000005,SPIP-Desember-2025.xlsx
credit_card_shopping_volume,5c,Table 5c. Credit Card,13,7,Volume Transaksi Belanja,Ribu Transaksi/ Thousands of Transaction,2023,10,2023-10,32729.735000000004,SPIP-Desember-2025.xlsx
credit_card_shopping_volume,5c,Table 5c. Credit Card,13,7,Volume Transaksi Belanja,Ribu Transaksi/ Thousands of Transaction,2023,11,2023-11,33534.29699999999,SPIP-Desember-2025.xlsx
credit_card_shopping_volume,5c,Table 5c. Credit Card,13,7,Volume Transaksi Belanja,Ribu Transaksi/ Thousands of Transaction,2023,12,2023-12,36160.632,SPIP-Desember-2025.xlsx
credit_card_shopping_volume,5c,Table 5c. Credit Card,13,7,Volume Transaksi Belanja,Ribu Transaksi/ Thousands of Transaction,2024,1,2024-01,35626.952,SPIP-Desember-2025.xlsx
credit_card_shopping_volume,5c,Table 5c. Credit Card,13,7,Volume Transaksi Belanja,Ribu Transaksi/ Thousands of Transaction,2024,2,2024-02,33640.13999999999,SPIP-Desember-2025.xlsx
credit_card_shopping_volume,5c,Table 5c. Credit Card,13,7,Volume Transaksi Belanja,Ribu Transaksi/ Thousands of Transaction,2024,3,2024-03,36302.69700000001,SPIP-Desember-2025.xlsx
credit_card_shopping_volume,5c,Table 5c. Credit Card,13,7,Volume Transaksi Belanja,Ribu Transaksi/ Thousands of Transaction,2024,4,2024-04,35975.905,SPIP-Desember-2025.xlsx
credit_card_shopping_volume,5c,Table 5c. Credit Card,13,7,Volume Transaksi Belanja,Ribu Transaksi/ Thousands of Transaction,2024,5,2024-05,37242.069,SPIP-Desember-2025.xlsx
credit_card_shopping_volume,5c,Table 5c. Credit Card,13,7,Volume Transaksi Belanja,Ribu Transaksi/ Thousands of Transaction,2024,6,2024-06,36660,SPIP-Desember-2025.xlsx
credit_card_shopping_volume,5c,Table 5c. Credit Card,13,7,Volume Transaksi Belanja,Ribu Transaksi/ Thousands of Transaction,2024,7,2024-07,39392.477,SPIP-Desember-2025.xlsx
credit_card_shopping_volume,5c,Table 5c. Credit Card,13,7,Volume Transaksi Belanja,Ribu Transaksi/ Thousands of Transaction,2024,8,2024-08,38415.344,SPIP-Desember-2025.xlsx
credit_card_shopping_volume,5c,Table 5c. Credit Card,13,7,Volume Transaksi Belanja,Ribu Transaksi/ Thousands of Transaction,2024,9,2024-09,38802.556,SPIP-Desember-2025.xlsx
credit_card_shopping_volume,5c,Table 5c. Credit Card,13,7,Volume Transaksi Belanja,Ribu Transaksi/ Thousands of Transaction,2024,10,2024-10,40028.526,SPIP-Desember-2025.xlsx
credit_card_shopping_volume,5c,Table 5c. Credit Card,13,7,Volume Transaksi Belanja,Ribu Transaksi/ Thousands of Transaction,2024,11,2024-11,39422.818,SPIP-Desember-2025.xlsx
credit_card_shopping_volume,5c,Table 5c. Credit Card,13,7,Volume Transaksi Belanja,Ribu Transaksi/ Thousands of Transaction,2024,12,2024-12,43310.685,SPIP-Desember-2025.xlsx
credit_card_shopping_volume,5c,Table 5c. Credit Card,13,7,Volume Transaksi Belanja,Ribu Transaksi/ Thousands of Transaction,2025,1,2025-01,41402.862,SPIP-Desember-2025.xlsx
credit_card_shopping_volume,5c,Table 5c. Credit Card,13,7,Volume Transaksi Belanja,Ribu Transaksi/ Thousands of Transaction,2025,2,2025-02,37225.566,SPIP-Desember-2025.xlsx
credit_card_shopping_volume,5c,Table 5c. Credit Card,13,7,Volume Transaksi Belanja,Ribu Transaksi/ Thousands of Transaction,2025,3,2025-03,40918.306000000004,SPIP-Desember-2025.xlsx
credit_card_shopping_volume,5c,Table 5c. Credit Card,13,7,Volume Transaksi Belanja,Ribu Transaksi/ Thousands of Transaction,2025,4,2025-04,40313.292999999976,SPIP-Desember-2025.xlsx
credit_card_shopping_volume,5c,Table 5c. Credit Card,13,7,Volume Transaksi Belanja,Ribu Transaksi/ Thousands of Transaction,2025,5,2025-05,41458.435,SPIP-Desember-2025.xlsx
credit_card_shopping_volume,5c,Table 5c. Credit Card,13,7,Volume Transaksi Belanja,Ribu Transaksi/ Thousands of Transaction,2025,6,2025-06,42261.468,SPIP-Desember-2025.xlsx
credit_card_shopping_volume,5c,Table 5c. Credit Card,13,7,Volume Transaksi Belanja,Ribu Transaksi/ Thousands of Transaction,2025,7,2025-07,44735.79299999999,SPIP-Desember-2025.xlsx
credit_card_shopping_volume,5c,Table 5c. Credit Card,13,7,Volume Transaksi Belanja,Ribu Transaksi/ Thousands of Transaction,2025,8,2025-08,42568.403999999995,SPIP-Desember-2025.xlsx
credit_card_shopping_volume,5c,Table 5c. Credit Card,13,7,Volume Transaksi Belanja,Ribu Transaksi/ Thousands of Transaction,2025,9,2025-09,42271.54299999999,SPIP-Desember-2025.xlsx
credit_card_shopping_volume,5c,Table 5c. Credit Card,13,7,Volume Transaksi Belanja,Ribu Transaksi/ Thousands of Transaction,2025,10,2025-10,44808.967000000004,SPIP-Desember-2025.xlsx
credit_card_shopping_volume,5c,Table 5c. Credit Card,13,7,Volume Transaksi Belanja,Ribu Transaksi/ Thousands of Transaction,2025,11,2025-11,44364.162999999986,SPIP-Desember-2025.xlsx
credit_card_shopping_value,5c,Table 5c. Credit Card,21,15,Nilai Transaksi Belanja,Rp Miliar/Billions of Rp,2009,1,2009-01,9396.010364120999,SPIP-Desember-2025.xlsx
credit_card_shopping_value,5c,Table 5c. Credit Card,21,15,Nilai Transaksi Belanja,Rp Miliar/Billions of Rp,2009,2,2009-02,8784.323538471002,SPIP-Desember-2025.xlsx
credit_card_shopping_value,5c,Table 5c. Credit Card,21,15,Nilai Transaksi Belanja,Rp Miliar/Billions of Rp,2009,3,2009-03,10495.644274266999,SPIP-Desember-2025.xlsx
credit_card_shopping_value,5c,Table 5c. Credit Card,21,15,Nilai Transaksi Belanja,Rp Miliar/Billions of Rp,2009,4,2009-04,10237.554773787002,SPIP-Desember-2025.xlsx
credit_card_shopping_value,5c,Table 5c. Credit Card,21,15,Nilai Transaksi Belanja,Rp Miliar/Billions of Rp,2009,5,2009-05,10524.76051576,SPIP-Desember-2025.xlsx
credit_card_shopping_value,5c,Table 5c. Credit Card,21,15,Nilai Transaksi Belanja,Rp Miliar/Billions of Rp,2009,6,2009-06,11775.586942846,SPIP-Desember-2025.xlsx
credit_card_shopping_value,5c,Table 5c. Credit Card,21,15,Nilai Transaksi Belanja,Rp Miliar/Billions of Rp,2009,7,2009-07,11861.049517832998,SPIP-Desember-2025.xlsx
credit_card_shopping_value,5c,Table 5c. Credit Card,21,15,Nilai Transaksi Belanja,Rp Miliar/Billions of Rp,2009,8,2009-08,11234.686979271,SPIP-Desember-2025.xlsx
credit_card_shopping_value,5c,Table 5c. Credit Card,21,15,Nilai Transaksi Belanja,Rp Miliar/Billions of Rp,2009,9,2009-09,11652.326225047998,SPIP-Desember-2025.xlsx
credit_card_shopping_value,5c,Table 5c. Credit Card,21,15,Nilai Transaksi Belanja,Rp Miliar/Billions of Rp,2009,10,2009-10,11667.349432436999,SPIP-Desember-2025.xlsx
credit_card_shopping_value,5c,Table 5c. Credit Card,21,15,Nilai Transaksi Belanja,Rp Miliar/Billions of Rp,2009,11,2009-11,11317.494256710002,SPIP-Desember-2025.xlsx
credit_card_shopping_value,5c,Table 5c. Credit Card,21,15,Nilai Transaksi Belanja,Rp Miliar/Billions of Rp,2009,12,2009-12,13704.780021974997,SPIP-Desember-2025.xlsx
credit_card_shopping_value,5c,Table 5c. Credit Card,21,15,Nilai Transaksi Belanja,Rp Miliar/Billions of Rp,2010,1,2010-01,11616.582227875002,SPIP-Desember-2025.xlsx
credit_card_shopping_value,5c,Table 5c. Credit Card,21,15,Nilai Transaksi Belanja,Rp Miliar/Billions of Rp,2010,2,2010-02,10929.760587849001,SPIP-Desember-2025.xlsx
credit_card_shopping_value,5c,Table 5c. Credit Card,21,15,Nilai Transaksi Belanja,Rp Miliar/Billions of Rp,2010,3,2010-03,13654.674145746001,SPIP-Desember-2025.xlsx
credit_card_shopping_value,5c,Table 5c. Credit Card,21,15,Nilai Transaksi Belanja,Rp Miliar/Billions of Rp,2010,4,2010-04,12468.748014709001,SPIP-Desember-2025.xlsx
credit_card_shopping_value,5c,Table 5c. Credit Card,21,15,Nilai Transaksi Belanja,Rp Miliar/Billions of Rp,2010,5,2010-05,12736.185668974002,SPIP-Desember-2025.xlsx
credit_card_shopping_value,5c,Table 5c. Credit Card,21,15,Nilai Transaksi Belanja,Rp Miliar/Billions of Rp,2010,6,2010-06,13238.529469998999,SPIP-Desember-2025.xlsx
credit_card_shopping_value,5c,Table 5c. Credit Card,21,15,Nilai Transaksi Belanja,Rp Miliar/Billions of Rp,2010,7,2010-07,13530.175878524,SPIP-Desember-2025.xlsx
credit_card_shopping_value,5c,Table 5c. Credit Card,21,15,Nilai Transaksi Belanja,Rp Miliar/Billions of Rp,2010,8,2010-08,13795.643017588996,SPIP-Desember-2025.xlsx
credit_card_shopping_value,5c,Table 5c. Credit Card,21,15,Nilai Transaksi Belanja,Rp Miliar/Billions of Rp,2010,9,2010-09,13557.824298295001,SPIP-Desember-2025.xlsx
credit_card_shopping_value,5c,Table 5c. Credit Card,21,15,Nilai Transaksi Belanja,Rp Miliar/Billions of Rp,2010,10,2010-10,13504.012500907998,SPIP-Desember-2025.xlsx
credit_card_shopping_value,5c,Table 5c. Credit Card,21,15,Nilai Transaksi Belanja,Rp Miliar/Billions of Rp,2010,11,2010-11,14041.060417289998,SPIP-Desember-2025.xlsx
credit_card_shopping_value,5c,Table 5c. Credit Card,21,15,Nilai Transaksi Belanja,Rp Miliar/Billions of Rp,2010,12,2010-12,15613.860783774999,SPIP-Desember-2025.xlsx
credit_card_shopping_value,5c,Table 5c. Credit Card,21,15,Nilai Transaksi Belanja,Rp Miliar/Billions of Rp,2011,1,2011-01,13641.474891520002,SPIP-Desember-2025.xlsx
credit_card_shopping_value,5c,Table 5c. Credit Card,21,15,Nilai Transaksi Belanja,Rp Miliar/Billions of Rp,2011,2,2011-02,12929.557048243001,SPIP-Desember-2025.xlsx
credit_card_shopping_value,5c,Table 5c. Credit Card,21,15,Nilai Transaksi Belanja,Rp Miliar/Billions of Rp,2011,3,2011-03,15258.712046039998,SPIP-Desember-2025.xlsx
credit_card_shopping_value,5c,Table 5c. Credit Card,21,15,Nilai Transaksi Belanja,Rp Miliar/Billions of Rp,2011,4,2011-04,13798.124118003001,SPIP-Desember-2025.xlsx
credit_card_shopping_value,5c,Table 5c. Credit Card,21,15,Nilai Transaksi Belanja,Rp Miliar/Billions of Rp,2011,5,2011-05,15193.659046697,SPIP-Desember-2025.xlsx
credit_card_shopping_value,5c,Table 5c. Credit Card,21,15,Nilai Transaksi Belanja,Rp Miliar/Billions of Rp,2011,6,2011-06,14930.368632819998,SPIP-Desember-2025.xlsx
credit_card_shopping_value,5c,Table 5c. Credit Card,21,15,Nilai Transaksi Belanja,Rp Miliar/Billions of Rp,2011,7,2011-07,15884.744277495,SPIP-Desember-2025.xlsx
credit_card_shopping_value,5c,Table 5c. Credit Card,21,15,Nilai Transaksi Belanja,Rp Miliar/Billions of Rp,2011,8,2011-08,15015.159468532,SPIP-Desember-2025.xlsx
credit_card_shopping_value,5c,Table 5c. Credit Card,21,15,Nilai Transaksi Belanja,Rp Miliar/Billions of Rp,2011,9,2011-09,14842.834002879,SPIP-Desember-2025.xlsx
credit_card_shopping_value,5c,Table 5c. Credit Card,21,15,Nilai Transaksi Belanja,Rp Miliar/Billions of Rp,2011,10,2011-10,14671.726894306,SPIP-Desember-2025.xlsx
credit_card_shopping_value,5c,Table 5c. Credit Card,21,15,Nilai Transaksi Belanja,Rp Miliar/Billions of Rp,2011,11,2011-11,15350.608927018999,SPIP-Desember-2025.xlsx
credit_card_shopping_value,5c,Table 5c. Credit Card,21,15,Nilai Transaksi Belanja,Rp Miliar/Billions of Rp,2011,12,2011-12,16643.793543002,SPIP-Desember-2025.xlsx
credit_card_shopping_value,5c,Table 5c. Credit Card,21,15,Nilai Transaksi Belanja,Rp Miliar/Billions of Rp,2012,1,2012-01,15494.078290599002,SPIP-Desember-2025.xlsx
credit_card_shopping_value,5c,Table 5c. Credit Card,21,15,Nilai Transaksi Belanja,Rp Miliar/Billions of Rp,2012,2,2012-02,14797.144938463001,SPIP-Desember-2025.xlsx
credit_card_shopping_value,5c,Table 5c. Credit Card,21,15,Nilai Transaksi Belanja,Rp Miliar/Billions of Rp,2012,3,2012-03,16042.043551271998,SPIP-Desember-2025.xlsx
credit_card_shopping_value,5c,Table 5c. Credit Card,21,15,Nilai Transaksi Belanja,Rp Miliar/Billions of Rp,2012,4,2012-04,15479.942594205,SPIP-Desember-2025.xlsx
credit_card_shopping_value,5c,Table 5c. Credit Card,21,15,Nilai Transaksi Belanja,Rp Miliar/Billions of Rp,2012,5,2012-05,17137.125539854,SPIP-Desember-2025.xlsx
credit_card_shopping_value,5c,Table 5c. Credit Card,21,15,Nilai Transaksi Belanja,Rp Miliar/Billions of Rp,2012,6,2012-06,16530.112931228,SPIP-Desember-2025.xlsx
credit_card_shopping_value,5c,Table 5c. Credit Card,21,15,Nilai Transaksi Belanja,Rp Miliar/Billions of Rp,2012,7,2012-07,17999.847018287004,SPIP-Desember-2025.xlsx
credit_card_shopping_value,5c,Table 5c. Credit Card,21,15,Nilai Transaksi Belanja,Rp Miliar/Billions of Rp,2012,8,2012-08,16850.690865315,SPIP-Desember-2025.xlsx
credit_card_shopping_value,5c,Table 5c. Credit Card,21,15,Nilai Transaksi Belanja,Rp Miliar/Billions of Rp,2012,9,2012-09,15816.650393045,SPIP-Desember-2025.xlsx
credit_card_shopping_value,5c,Table 5c. Credit Card,21,15,Nilai Transaksi Belanja,Rp Miliar/Billions of Rp,2012,10,2012-10,16847.71028976465,SPIP-Desember-2025.xlsx
credit_card_shopping_value,5c,Table 5c. Credit Card,21,15,Nilai Transaksi Belanja,Rp Miliar/Billions of Rp,2012,11,2012-11,16358.704452770837,SPIP-Desember-2025.xlsx
credit_card_shopping_value,5c,Table 5c. Credit Card,21,15,Nilai Transaksi Belanja,Rp Miliar/Billions of Rp,2012,12,2012-12,18204.934224443998,SPIP-Desember-2025.xlsx
credit_card_shopping_value,5c,Table 5c. Credit Card,21,15,Nilai Transaksi Belanja,Rp Miliar/Billions of Rp,2013,1,2013-01,17584.014763661,SPIP-Desember-2025.xlsx
credit_card_shopping_value,5c,Table 5c. Credit Card,21,15,Nilai Transaksi Belanja,Rp Miliar/Billions of Rp,2013,2,2013-02,15558.100447173001,SPIP-Desember-2025.xlsx
credit_card_shopping_value,5c,Table 5c. Credit Card,21,15,Nilai Transaksi Belanja,Rp Miliar/Billions of Rp,2013,3,2013-03,17212.353036545996,SPIP-Desember-2025.xlsx
credit_card_shopping_value,5c,Table 5c. Credit Card,21,15,Nilai Transaksi Belanja,Rp Miliar/Billions of Rp,2013,4,2013-04,18021.521513199,SPIP-Desember-2025.xlsx
credit_card_shopping_value,5c,Table 5c. Credit Card,21,15,Nilai Transaksi Belanja,Rp Miliar/Billions of Rp,2013,5,2013-05,18273.818823254995,SPIP-Desember-2025.xlsx
credit_card_shopping_value,5c,Table 5c. Credit Card,21,15,Nilai Transaksi Belanja,Rp Miliar/Billions of Rp,2013,6,2013-06,17832.499124941,SPIP-Desember-2025.xlsx
credit_card_shopping_value,5c,Table 5c. Credit Card,21,15,Nilai Transaksi Belanja,Rp Miliar/Billions of Rp,2013,7,2013-07,20618.324667451998,SPIP-Desember-2025.xlsx
credit_card_shopping_value,5c,Table 5c. Credit Card,21,15,Nilai Transaksi Belanja,Rp Miliar/Billions of Rp,2013,8,2013-08,17841.950556423,SPIP-Desember-2025.xlsx
credit_card_shopping_value,5c,Table 5c. Credit Card,21,15,Nilai Transaksi Belanja,Rp Miliar/Billions of Rp,2013,9,2013-09,17551.801719977,SPIP-Desember-2025.xlsx
credit_card_shopping_value,5c,Table 5c. Credit Card,21,15,Nilai Transaksi Belanja,Rp Miliar/Billions of Rp,2013,10,2013-10,19100.420565910004,SPIP-Desember-2025.xlsx
credit_card_shopping_value,5c,Table 5c. Credit Card,21,15,Nilai Transaksi Belanja,Rp Miliar/Billions of Rp,2013,11,2013-11,18535.314480627,SPIP-Desember-2025.xlsx
credit_card_shopping_value,5c,Table 5c. Credit Card,21,15,Nilai Transaksi Belanja,Rp Miliar/Billions of Rp,2013,12,2013-12,20896.864446124997,SPIP-Desember-2025.xlsx
credit_card_shopping_value,5c,Table 5c. Credit Card,21,15,Nilai Transaksi Belanja,Rp Miliar/Billions of Rp,2014,1,2014-01,19298.966124806993,SPIP-Desember-2025.xlsx
credit_card_shopping_value,5c,Table 5c. Credit Card,21,15,Nilai Transaksi Belanja,Rp Miliar/Billions of Rp,2014,2,2014-02,17284.804562295998,SPIP-Desember-2025.xlsx
credit_card_shopping_value,5c,Table 5c. Credit Card,21,15,Nilai Transaksi Belanja,Rp Miliar/Billions of Rp,2014,3,2014-03,19244.327869024,SPIP-Desember-2025.xlsx
credit_card_shopping_value,5c,Table 5c. Credit Card,21,15,Nilai Transaksi Belanja,Rp Miliar/Billions of Rp,2014,4,2014-04,20340.011758635002,SPIP-Desember-2025.xlsx
credit_card_shopping_value,5c,Table 5c. Credit Card,21,15,Nilai Transaksi Belanja,Rp Miliar/Billions of Rp,2014,5,2014-05,20807.25117264501,SPIP-Desember-2025.xlsx
credit_card_shopping_value,5c,Table 5c. Credit Card,21,15,Nilai Transaksi Belanja,Rp Miliar/Billions of Rp,2014,6,2014-06,21339.300204545,SPIP-Desember-2025.xlsx
credit_card_shopping_value,5c,Table 5c. Credit Card,21,15,Nilai Transaksi Belanja,Rp Miliar/Billions of Rp,2014,7,2014-07,21305.848602987997,SPIP-Desember-2025.xlsx
credit_card_shopping_value,5c,Table 5c. Credit Card,21,15,Nilai Transaksi Belanja,Rp Miliar/Billions of Rp,2014,8,2014-08,21159.910880378,SPIP-Desember-2025.xlsx
credit_card_shopping_value,5c,Table 5c. Credit Card,21,15,Nilai Transaksi Belanja,Rp Miliar/Billions of Rp,2014,9,2014-09,21519.946539599998,SPIP-Desember-2025.xlsx
credit_card_shopping_value,5c,Table 5c. Credit Card,21,15,Nilai Transaksi Belanja,Rp Miliar/Billions of Rp,2014,10,2014-10,22106.577952788997,SPIP-Desember-2025.xlsx
credit_card_shopping_value,5c,Table 5c. Credit Card,21,15,Nilai Transaksi Belanja,Rp Miliar/Billions of Rp,2014,11,2014-11,20867.358574214,SPIP-Desember-2025.xlsx
credit_card_shopping_value,5c,Table 5c. Credit Card,21,15,Nilai Transaksi Belanja,Rp Miliar/Billions of Rp,2014,12,2014-12,24903.211084279003,SPIP-Desember-2025.xlsx
credit_card_shopping_value,5c,Table 5c. Credit Card,21,15,Nilai Transaksi Belanja,Rp Miliar/Billions of Rp,2015,1,2015-01,20973.888459976,SPIP-Desember-2025.xlsx
credit_card_shopping_value,5c,Table 5c. Credit Card,21,15,Nilai Transaksi Belanja,Rp Miliar/Billions of Rp,2015,2,2015-02,19829.911320192,SPIP-Desember-2025.xlsx
credit_card_shopping_value,5c,Table 5c. Credit Card,21,15,Nilai Transaksi Belanja,Rp Miliar/Billions of Rp,2015,3,2015-03,23376.336754717,SPIP-Desember-2025.xlsx
credit_card_shopping_value,5c,Table 5c. Credit Card,21,15,Nilai Transaksi Belanja,Rp Miliar/Billions of Rp,2015,4,2015-04,22351.578455729,SPIP-Desember-2025.xlsx
credit_card_shopping_value,5c,Table 5c. Credit Card,21,15,Nilai Transaksi Belanja,Rp Miliar/Billions of Rp,2015,5,2015-05,22949.941593662003,SPIP-Desember-2025.xlsx
credit_card_shopping_value,5c,Table 5c. Credit Card,21,15,Nilai Transaksi Belanja,Rp Miliar/Billions of Rp,2015,6,2015-06,23994.101813505,SPIP-Desember-2025.xlsx
credit_card_shopping_value,5c,Table 5c. Credit Card,21,15,Nilai Transaksi Belanja,Rp Miliar/Billions of Rp,2015,7,2015-07,24124.480421942008,SPIP-Desember-2025.xlsx
credit_card_shopping_value,5c,Table 5c. Credit Card,21,15,Nilai Transaksi Belanja,Rp Miliar/Billions of Rp,2015,8,2015-08,22383.961324564993,SPIP-Desember-2025.xlsx
credit_card_shopping_value,5c,Table 5c. Credit Card,21,15,Nilai Transaksi Belanja,Rp Miliar/Billions of Rp,2015,9,2015-09,22253.16639463699,SPIP-Desember-2025.xlsx
credit_card_shopping_value,5c,Table 5c. Credit Card,21,15,Nilai Transaksi Belanja,Rp Miliar/Billions of Rp,2015,10,2015-10,22549.455378885996,SPIP-Desember-2025.xlsx
credit_card_shopping_value,5c,Table 5c. Credit Card,21,15,Nilai Transaksi Belanja,Rp Miliar/Billions of Rp,2015,11,2015-11,22426.740395821,SPIP-Desember-2025.xlsx
credit_card_shopping_value,5c,Table 5c. Credit Card,21,15,Nilai Transaksi Belanja,Rp Miliar/Billions of Rp,2015,12,2015-12,25928.40424005,SPIP-Desember-2025.xlsx
credit_card_shopping_value,5c,Table 5c. Credit Card,21,15,Nilai Transaksi Belanja,Rp Miliar/Billions of Rp,2016,1,2016-01,22281.522813559004,SPIP-Desember-2025.xlsx
credit_card_shopping_value,5c,Table 5c. Credit Card,21,15,Nilai Transaksi Belanja,Rp Miliar/Billions of Rp,2016,2,2016-02,21495.653186203992,SPIP-Desember-2025.xlsx
credit_card_shopping_value,5c,Table 5c. Credit Card,21,15,Nilai Transaksi Belanja,Rp Miliar/Billions of Rp,2016,3,2016-03,24083.757148040004,SPIP-Desember-2025.xlsx
credit_card_shopping_value,5c,Table 5c. Credit Card,21,15,Nilai Transaksi Belanja,Rp Miliar/Billions of Rp,2016,4,2016-04,21498.399398470003,SPIP-Desember-2025.xlsx
credit_card_shopping_value,5c,Table 5c. Credit Card,21,15,Nilai Transaksi Belanja,Rp Miliar/Billions of Rp,2016,5,2016-05,23055.212543531998,SPIP-Desember-2025.xlsx
credit_card_shopping_value,5c,Table 5c. Credit Card,21,15,Nilai Transaksi Belanja,Rp Miliar/Billions of Rp,2016,6,2016-06,23298.055529856003,SPIP-Desember-2025.xlsx
credit_card_shopping_value,5c,Table 5c. Credit Card,21,15,Nilai Transaksi Belanja,Rp Miliar/Billions of Rp,2016,7,2016-07,20981.055086185002,SPIP-Desember-2025.xlsx
credit_card_shopping_value,5c,Table 5c. Credit Card,21,15,Nilai Transaksi Belanja,Rp Miliar/Billions of Rp,2016,8,2016-08,23055.732711840996,SPIP-Desember-2025.xlsx
credit_card_shopping_value,5c,Table 5c. Credit Card,21,15,Nilai Transaksi Belanja,Rp Miliar/Billions of Rp,2016,9,2016-09,21701.959451298004,SPIP-Desember-2025.xlsx
credit_card_shopping_value,5c,Table 5c. Credit Card,21,15,Nilai Transaksi Belanja,Rp Miliar/Billions of Rp,2016,10,2016-10,22794.924017379006,SPIP-Desember-2025.xlsx
credit_card_shopping_value,5c,Table 5c. Credit Card,21,15,Nilai Transaksi Belanja,Rp Miliar/Billions of Rp,2016,11,2016-11,23041.490491244,SPIP-Desember-2025.xlsx
credit_card_shopping_value,5c,Table 5c. Credit Card,21,15,Nilai Transaksi Belanja,Rp Miliar/Billions of Rp,2016,12,2016-12,25662.289356368,SPIP-Desember-2025.xlsx
credit_card_shopping_value,5c,Table 5c. Credit Card,21,15,Nilai Transaksi Belanja,Rp Miliar/Billions of Rp,2017,1,2017-01,23420.339005007994,SPIP-Desember-2025.xlsx
credit_card_shopping_value,5c,Table 5c. Credit Card,21,15,Nilai Transaksi Belanja,Rp Miliar/Billions of Rp,2017,2,2017-02,21489.943825103004,SPIP-Desember-2025.xlsx
credit_card_shopping_value,5c,Table 5c. Credit Card,21,15,Nilai Transaksi Belanja,Rp Miliar/Billions of Rp,2017,3,2017-03,24871.713347143996,SPIP-Desember-2025.xlsx
credit_card_shopping_value,5c,Table 5c. Credit Card,21,15,Nilai Transaksi Belanja,Rp Miliar/Billions of Rp,2017,4,2017-04,22684.842592128,SPIP-Desember-2025.xlsx
credit_card_shopping_value,5c,Table 5c. Credit Card,21,15,Nilai Transaksi Belanja,Rp Miliar/Billions of Rp,2017,5,2017-05,25041.077035243,SPIP-Desember-2025.xlsx
credit_card_shopping_value,5c,Table 5c. Credit Card,21,15,Nilai Transaksi Belanja,Rp Miliar/Billions of Rp,2017,6,2017-06,23880.246460338,SPIP-Desember-2025.xlsx
credit_card_shopping_value,5c,Table 5c. Credit Card,21,15,Nilai Transaksi Belanja,Rp Miliar/Billions of Rp,2017,7,2017-07,24420.916084883003,SPIP-Desember-2025.xlsx
credit_card_shopping_value,5c,Table 5c. Credit Card,21,15,Nilai Transaksi Belanja,Rp Miliar/Billions of Rp,2017,8,2017-08,24330.508965603003,SPIP-Desember-2025.xlsx
credit_card_shopping_value,5c,Table 5c. Credit Card,21,15,Nilai Transaksi Belanja,Rp Miliar/Billions of Rp,2017,9,2017-09,22958.950948304,SPIP-Desember-2025.xlsx
credit_card_shopping_value,5c,Table 5c. Credit Card,21,15,Nilai Transaksi Belanja,Rp Miliar/Billions of Rp,2017,10,2017-10,24767.084083450998,SPIP-Desember-2025.xlsx
credit_card_shopping_value,5c,Table 5c. Credit Card,21,15,Nilai Transaksi Belanja,Rp Miliar/Billions of Rp,2017,11,2017-11,24511.453348585004,SPIP-Desember-2025.xlsx
credit_card_shopping_value,5c,Table 5c. Credit Card,21,15,Nilai Transaksi Belanja,Rp Miliar/Billions of Rp,2017,12,2017-12,26535.800357719996,SPIP-Desember-2025.xlsx
credit_card_shopping_value,5c,Table 5c. Credit Card,21,15,Nilai Transaksi Belanja,Rp Miliar/Billions of Rp,2018,1,2018-01,25358.875245821004,SPIP-Desember-2025.xlsx
credit_card_shopping_value,5c,Table 5c. Credit Card,21,15,Nilai Transaksi Belanja,Rp Miliar/Billions of Rp,2018,2,2018-02,20976.292189653006,SPIP-Desember-2025.xlsx
credit_card_shopping_value,5c,Table 5c. Credit Card,21,15,Nilai Transaksi Belanja,Rp Miliar/Billions of Rp,2018,3,2018-03,24795.500449554005,SPIP-Desember-2025.xlsx
credit_card_shopping_value,5c,Table 5c. Credit Card,21,15,Nilai Transaksi Belanja,Rp Miliar/Billions of Rp,2018,4,2018-04,24911.443809643006,SPIP-Desember-2025.xlsx
credit_card_shopping_value,5c,Table 5c. Credit Card,21,15,Nilai Transaksi Belanja,Rp Miliar/Billions of Rp,2018,5,2018-05,26274.812919015003,SPIP-Desember-2025.xlsx
credit_card_shopping_value,5c,Table 5c. Credit Card,21,15,Nilai Transaksi Belanja,Rp Miliar/Billions of Rp,2018,6,2018-06,24780.132019452,SPIP-Desember-2025.xlsx
credit_card_shopping_value,5c,Table 5c. Credit Card,21,15,Nilai Transaksi Belanja,Rp Miliar/Billions of Rp,2018,7,2018-07,25981.546940902997,SPIP-Desember-2025.xlsx
credit_card_shopping_value,5c,Table 5c. Credit Card,21,15,Nilai Transaksi Belanja,Rp Miliar/Billions of Rp,2018,8,2018-08,25405.872020410996,SPIP-Desember-2025.xlsx
credit_card_shopping_value,5c,Table 5c. Credit Card,21,15,Nilai Transaksi Belanja,Rp Miliar/Billions of Rp,2018,9,2018-09,23657.611884194,SPIP-Desember-2025.xlsx
credit_card_shopping_value,5c,Table 5c. Credit Card,21,15,Nilai Transaksi Belanja,Rp Miliar/Billions of Rp,2018,10,2018-10,27184.073837701995,SPIP-Desember-2025.xlsx
credit_card_shopping_value,5c,Table 5c. Credit Card,21,15,Nilai Transaksi Belanja,Rp Miliar/Billions of Rp,2018,11,2018-11,26439.404385289,SPIP-Desember-2025.xlsx
credit_card_shopping_value,5c,Table 5c. Credit Card,21,15,Nilai Transaksi Belanja,Rp Miliar/Billions of Rp,2018,12,2018-12,29435.754473885012,SPIP-Desember-2025.xlsx
credit_card_shopping_value,5c,Table 5c. Credit Card,21,15,Nilai Transaksi Belanja,Rp Miliar/Billions of Rp,2019,1,2019-01,27195.617314560004,SPIP-Desember-2025.xlsx
credit_card_shopping_value,5c,Table 5c. Credit Card,21,15,Nilai Transaksi Belanja,Rp Miliar/Billions of Rp,2019,2,2019-02,25053.938363829002,SPIP-Desember-2025.xlsx
credit_card_shopping_value,5c,Table 5c. Credit Card,21,15,Nilai Transaksi Belanja,Rp Miliar/Billions of Rp,2019,3,2019-03,27283.352244933998,SPIP-Desember-2025.xlsx
credit_card_shopping_value,5c,Table 5c. Credit Card,21,15,Nilai Transaksi Belanja,Rp Miliar/Billions of Rp,2019,4,2019-04,26955.812536929003,SPIP-Desember-2025.xlsx
credit_card_shopping_value,5c,Table 5c. Credit Card,21,15,Nilai Transaksi Belanja,Rp Miliar/Billions of Rp,2019,5,2019-05,29665.571587208,SPIP-Desember-2025.xlsx
credit_card_shopping_value,5c,Table 5c. Credit Card,21,15,Nilai Transaksi Belanja,Rp Miliar/Billions of Rp,2019,6,2019-06,25192.735930202,SPIP-Desember-2025.xlsx
credit_card_shopping_value,5c,Table 5c. Credit Card,21,15,Nilai Transaksi Belanja,Rp Miliar/Billions of Rp,2019,7,2019-07,28999.850495897,SPIP-Desember-2025.xlsx
credit_card_shopping_value,5c,Table 5c. Credit Card,21,15,Nilai Transaksi Belanja,Rp Miliar/Billions of Rp,2019,8,2019-08,27387.989999999998,SPIP-Desember-2025.xlsx
credit_card_shopping_value,5c,Table 5c. Credit Card,21,15,Nilai Transaksi Belanja,Rp Miliar/Billions of Rp,2019,9,2019-09,26805.092213269,SPIP-Desember-2025.xlsx
credit_card_shopping_value,5c,Table 5c. Credit Card,21,15,Nilai Transaksi Belanja,Rp Miliar/Billions of Rp,2019,10,2019-10,28386.291595,SPIP-Desember-2025.xlsx
credit_card_shopping_value,5c,Table 5c. Credit Card,21,15,Nilai Transaksi Belanja,Rp Miliar/Billions of Rp,2019,11,2019-11,27811.203026499996,SPIP-Desember-2025.xlsx
credit_card_shopping_value,5c,Table 5c. Credit Card,21,15,Nilai Transaksi Belanja,Rp Miliar/Billions of Rp,2019,12,2019-12,31907.298679100004,SPIP-Desember-2025.xlsx
credit_card_shopping_value,5c,Table 5c. Credit Card,21,15,Nilai Transaksi Belanja,Rp Miliar/Billions of Rp,2020,1,2020-01,27656.001066232,SPIP-Desember-2025.xlsx
credit_card_shopping_value,5c,Table 5c. Credit Card,21,15,Nilai Transaksi Belanja,Rp Miliar/Billions of Rp,2020,2,2020-02,25004.517309199997,SPIP-Desember-2025.xlsx
credit_card_shopping_value,5c,Table 5c. Credit Card,21,15,Nilai Transaksi Belanja,Rp Miliar/Billions of Rp,2020,3,2020-03,23265.3065302,SPIP-Desember-2025.xlsx
credit_card_shopping_value,5c,Table 5c. Credit Card,21,15,Nilai Transaksi Belanja,Rp Miliar/Billions of Rp,2020,4,2020-04,15264.928690700002,SPIP-Desember-2025.xlsx
credit_card_shopping_value,5c,Table 5c. Credit Card,21,15,Nilai Transaksi Belanja,Rp Miliar/Billions of Rp,2020,5,2020-05,14596.843209,SPIP-Desember-2025.xlsx
credit_card_shopping_value,5c,Table 5c. Credit Card,21,15,Nilai Transaksi Belanja,Rp Miliar/Billions of Rp,2020,6,2020-06,16586.776821863,SPIP-Desember-2025.xlsx
credit_card_shopping_value,5c,Table 5c. Credit Card,21,15,Nilai Transaksi Belanja,Rp Miliar/Billions of Rp,2020,7,2020-07,17538.064051299996,SPIP-Desember-2025.xlsx
credit_card_shopping_value,5c,Table 5c. Credit Card,21,15,Nilai Transaksi Belanja,Rp Miliar/Billions of Rp,2020,8,2020-08,17702.162480257,SPIP-Desember-2025.xlsx
credit_card_shopping_value,5c,Table 5c. Credit Card,21,15,Nilai Transaksi Belanja,Rp Miliar/Billions of Rp,2020,9,2020-09,17053.400351093,SPIP-Desember-2025.xlsx
credit_card_shopping_value,5c,Table 5c. Credit Card,21,15,Nilai Transaksi Belanja,Rp Miliar/Billions of Rp,2020,10,2020-10,16751.664872699996,SPIP-Desember-2025.xlsx
credit_card_shopping_value,5c,Table 5c. Credit Card,21,15,Nilai Transaksi Belanja,Rp Miliar/Billions of Rp,2020,11,2020-11,19393.076204855,SPIP-Desember-2025.xlsx
credit_card_shopping_value,5c,Table 5c. Credit Card,21,15,Nilai Transaksi Belanja,Rp Miliar/Billions of Rp,2020,12,2020-12,20740.369310641,SPIP-Desember-2025.xlsx
credit_card_shopping_value,5c,Table 5c. Credit Card,21,15,Nilai Transaksi Belanja,Rp Miliar/Billions of Rp,2021,1,2021-01,17757.187417604,SPIP-Desember-2025.xlsx
credit_card_shopping_value,5c,Table 5c. Credit Card,21,15,Nilai Transaksi Belanja,Rp Miliar/Billions of Rp,2021,2,2021-02,16754.408328,SPIP-Desember-2025.xlsx
credit_card_shopping_value,5c,Table 5c. Credit Card,21,15,Nilai Transaksi Belanja,Rp Miliar/Billions of Rp,2021,3,2021-03,20780.924570332,SPIP-Desember-2025.xlsx
credit_card_shopping_value,5c,Table 5c. Credit Card,21,15,Nilai Transaksi Belanja,Rp Miliar/Billions of Rp,2021,4,2021-04,19434.713670859997,SPIP-Desember-2025.xlsx
credit_card_shopping_value,5c,Table 5c. Credit Card,21,15,Nilai Transaksi Belanja,Rp Miliar/Billions of Rp,2021,5,2021-05,19210.811626235998,SPIP-Desember-2025.xlsx
credit_card_shopping_value,5c,Table 5c. Credit Card,21,15,Nilai Transaksi Belanja,Rp Miliar/Billions of Rp,2021,6,2021-06,19235.850260348,SPIP-Desember-2025.xlsx
credit_card_shopping_value,5c,Table 5c. Credit Card,21,15,Nilai Transaksi Belanja,Rp Miliar/Billions of Rp,2021,7,2021-07,16591.04810991484,SPIP-Desember-2025.xlsx
credit_card_shopping_value,5c,Table 5c. Credit Card,21,15,Nilai Transaksi Belanja,Rp Miliar/Billions of Rp,2021,8,2021-08,19106.8062275,SPIP-Desember-2025.xlsx
credit_card_shopping_value,5c,Table 5c. Credit Card,21,15,Nilai Transaksi Belanja,Rp Miliar/Billions of Rp,2021,9,2021-09,19856.500000109,SPIP-Desember-2025.xlsx
credit_card_shopping_value,5c,Table 5c. Credit Card,21,15,Nilai Transaksi Belanja,Rp Miliar/Billions of Rp,2021,10,2021-10,20823.73349,SPIP-Desember-2025.xlsx
credit_card_shopping_value,5c,Table 5c. Credit Card,21,15,Nilai Transaksi Belanja,Rp Miliar/Billions of Rp,2021,11,2021-11,22867.397731236,SPIP-Desember-2025.xlsx
credit_card_shopping_value,5c,Table 5c. Credit Card,21,15,Nilai Transaksi Belanja,Rp Miliar/Billions of Rp,2021,12,2021-12,25329.128099500005,SPIP-Desember-2025.xlsx
credit_card_shopping_value,5c,Table 5c. Credit Card,21,15,Nilai Transaksi Belanja,Rp Miliar/Billions of Rp,2022,1,2022-01,24140.147562431022,SPIP-Desember-2025.xlsx
credit_card_shopping_value,5c,Table 5c. Credit Card,21,15,Nilai Transaksi Belanja,Rp Miliar/Billions of Rp,2022,2,2022-02,19701.47410026201,SPIP-Desember-2025.xlsx
credit_card_shopping_value,5c,Table 5c. Credit Card,21,15,Nilai Transaksi Belanja,Rp Miliar/Billions of Rp,2022,3,2022-03,25653.037998368996,SPIP-Desember-2025.xlsx
credit_card_shopping_value,5c,Table 5c. Credit Card,21,15,Nilai Transaksi Belanja,Rp Miliar/Billions of Rp,2022,4,2022-04,24987.021291727004,SPIP-Desember-2025.xlsx
credit_card_shopping_value,5c,Table 5c. Credit Card,21,15,Nilai Transaksi Belanja,Rp Miliar/Billions of Rp,2022,5,2022-05,25036.317916108997,SPIP-Desember-2025.xlsx
credit_card_shopping_value,5c,Table 5c. Credit Card,21,15,Nilai Transaksi Belanja,Rp Miliar/Billions of Rp,2022,6,2022-06,25961.030409999967,SPIP-Desember-2025.xlsx
credit_card_shopping_value,5c,Table 5c. Credit Card,21,15,Nilai Transaksi Belanja,Rp Miliar/Billions of Rp,2022,7,2022-07,25774.096737855984,SPIP-Desember-2025.xlsx
credit_card_shopping_value,5c,Table 5c. Credit Card,21,15,Nilai Transaksi Belanja,Rp Miliar/Billions of Rp,2022,8,2022-08,27666.02602,SPIP-Desember-2025.xlsx
credit_card_shopping_value,5c,Table 5c. Credit Card,21,15,Nilai Transaksi Belanja,Rp Miliar/Billions of Rp,2022,9,2022-09,27127.13158,SPIP-Desember-2025.xlsx
credit_card_shopping_value,5c,Table 5c. Credit Card,21,15,Nilai Transaksi Belanja,Rp Miliar/Billions of Rp,2022,10,2022-10,27615.186999999998,SPIP-Desember-2025.xlsx
credit_card_shopping_value,5c,Table 5c. Credit Card,21,15,Nilai Transaksi Belanja,Rp Miliar/Billions of Rp,2022,11,2022-11,29062.8466,SPIP-Desember-2025.xlsx
credit_card_shopping_value,5c,Table 5c. Credit Card,21,15,Nilai Transaksi Belanja,Rp Miliar/Billions of Rp,2022,12,2022-12,32971.32447,SPIP-Desember-2025.xlsx
credit_card_shopping_value,5c,Table 5c. Credit Card,21,15,Nilai Transaksi Belanja,Rp Miliar/Billions of Rp,2023,1,2023-01,31286.537359999995,SPIP-Desember-2025.xlsx
credit_card_shopping_value,5c,Table 5c. Credit Card,21,15,Nilai Transaksi Belanja,Rp Miliar/Billions of Rp,2023,2,2023-02,30508.29587,SPIP-Desember-2025.xlsx
credit_card_shopping_value,5c,Table 5c. Credit Card,21,15,Nilai Transaksi Belanja,Rp Miliar/Billions of Rp,2023,3,2023-03,33638.46057,SPIP-Desember-2025.xlsx
credit_card_shopping_value,5c,Table 5c. Credit Card,21,15,Nilai Transaksi Belanja,Rp Miliar/Billions of Rp,2023,4,2023-04,30213.81397,SPIP-Desember-2025.xlsx
credit_card_shopping_value,5c,Table 5c. Credit Card,21,15,Nilai Transaksi Belanja,Rp Miliar/Billions of Rp,2023,5,2023-05,32263.55405000003,SPIP-Desember-2025.xlsx
credit_card_shopping_value,5c,Table 5c. Credit Card,21,15,Nilai Transaksi Belanja,Rp Miliar/Billions of Rp,2023,6,2023-06,33016.263537998035,SPIP-Desember-2025.xlsx
credit_card_shopping_value,5c,Table 5c. Credit Card,21,15,Nilai Transaksi Belanja,Rp Miliar/Billions of Rp,2023,7,2023-07,35407.33255000005,SPIP-Desember-2025.xlsx
credit_card_shopping_value,5c,Table 5c. Credit Card,21,15,Nilai Transaksi Belanja,Rp Miliar/Billions of Rp,2023,8,2023-08,33667.127161341996,SPIP-Desember-2025.xlsx
credit_card_shopping_value,5c,Table 5c. Credit Card,21,15,Nilai Transaksi Belanja,Rp Miliar/Billions of Rp,2023,9,2023-09,32659.842698659006,SPIP-Desember-2025.xlsx
credit_card_shopping_value,5c,Table 5c. Credit Card,21,15,Nilai Transaksi Belanja,Rp Miliar/Billions of Rp,2023,10,2023-10,33343.04235454,SPIP-Desember-2025.xlsx
credit_card_shopping_value,5c,Table 5c. Credit Card,21,15,Nilai Transaksi Belanja,Rp Miliar/Billions of Rp,2023,11,2023-11,33798.41246137198,SPIP-Desember-2025.xlsx
credit_card_shopping_value,5c,Table 5c. Credit Card,21,15,Nilai Transaksi Belanja,Rp Miliar/Billions of Rp,2023,12,2023-12,37208.85986810395,SPIP-Desember-2025.xlsx
credit_card_shopping_value,5c,Table 5c. Credit Card,21,15,Nilai Transaksi Belanja,Rp Miliar/Billions of Rp,2024,1,2024-01,35151.09059067604,SPIP-Desember-2025.xlsx
credit_card_shopping_value,5c,Table 5c. Credit Card,21,15,Nilai Transaksi Belanja,Rp Miliar/Billions of Rp,2024,2,2024-02,32422.08383303797,SPIP-Desember-2025.xlsx
credit_card_shopping_value,5c,Table 5c. Credit Card,21,15,Nilai Transaksi Belanja,Rp Miliar/Billions of Rp,2024,3,2024-03,35432.256420366,SPIP-Desember-2025.xlsx
credit_card_shopping_value,5c,Table 5c. Credit Card,21,15,Nilai Transaksi Belanja,Rp Miliar/Billions of Rp,2024,4,2024-04,33742.861850385045,SPIP-Desember-2025.xlsx
credit_card_shopping_value,5c,Table 5c. Credit Card,21,15,Nilai Transaksi Belanja,Rp Miliar/Billions of Rp,2024,5,2024-05,34937.69232531994,SPIP-Desember-2025.xlsx
credit_card_shopping_value,5c,Table 5c. Credit Card,21,15,Nilai Transaksi Belanja,Rp Miliar/Billions of Rp,2024,6,2024-06,34402.689999999995,SPIP-Desember-2025.xlsx
credit_card_shopping_value,5c,Table 5c. Credit Card,21,15,Nilai Transaksi Belanja,Rp Miliar/Billions of Rp,2024,7,2024-07,36473.17230123794,SPIP-Desember-2025.xlsx
credit_card_shopping_value,5c,Table 5c. Credit Card,21,15,Nilai Transaksi Belanja,Rp Miliar/Billions of Rp,2024,8,2024-08,36481.686549746024,SPIP-Desember-2025.xlsx
credit_card_shopping_value,5c,Table 5c. Credit Card,21,15,Nilai Transaksi Belanja,Rp Miliar/Billions of Rp,2024,9,2024-09,36478.73654975597,SPIP-Desember-2025.xlsx
credit_card_shopping_value,5c,Table 5c. Credit Card,21,15,Nilai Transaksi Belanja,Rp Miliar/Billions of Rp,2024,10,2024-10,36480.90004615498,SPIP-Desember-2025.xlsx
credit_card_shopping_value,5c,Table 5c. Credit Card,21,15,Nilai Transaksi Belanja,Rp Miliar/Billions of Rp,2024,11,2024-11,35877.12119091004,SPIP-Desember-2025.xlsx
credit_card_shopping_value,5c,Table 5c. Credit Card,21,15,Nilai Transaksi Belanja,Rp Miliar/Billions of Rp,2024,12,2024-12,40101.46723,SPIP-Desember-2025.xlsx
credit_card_shopping_value,5c,Table 5c. Credit Card,21,15,Nilai Transaksi Belanja,Rp Miliar/Billions of Rp,2025,1,2025-01,36121.95079266797,SPIP-Desember-2025.xlsx
credit_card_shopping_value,5c,Table 5c. Credit Card,21,15,Nilai Transaksi Belanja,Rp Miliar/Billions of Rp,2025,2,2025-02,34119.15355924201,SPIP-Desember-2025.xlsx
credit_card_shopping_value,5c,Table 5c. Credit Card,21,15,Nilai Transaksi Belanja,Rp Miliar/Billions of Rp,2025,3,2025-03,37206.93151888212,SPIP-Desember-2025.xlsx
credit_card_shopping_value,5c,Table 5c. Credit Card,21,15,Nilai Transaksi Belanja,Rp Miliar/Billions of Rp,2025,4,2025-04,36070.64391765883,SPIP-Desember-2025.xlsx
credit_card_shopping_value,5c,Table 5c. Credit Card,21,15,Nilai Transaksi Belanja,Rp Miliar/Billions of Rp,2025,5,2025-05,37240.03437724597,SPIP-Desember-2025.xlsx
credit_card_shopping_value,5c,Table 5c. Credit Card,21,15,Nilai Transaksi Belanja,Rp Miliar/Billions of Rp,2025,6,2025-06,37958.42473437702,SPIP-Desember-2025.xlsx
credit_card_shopping_value,5c,Table 5c. Credit Card,21,15,Nilai Transaksi Belanja,Rp Miliar/Billions of Rp,2025,7,2025-07,40516.29386583292,SPIP-Desember-2025.xlsx
credit_card_shopping_value,5c,Table 5c. Credit Card,21,15,Nilai Transaksi Belanja,Rp Miliar/Billions of Rp,2025,8,2025-08,37739.002958524004,SPIP-Desember-2025.xlsx
credit_card_shopping_value,5c,Table 5c. Credit Card,21,15,Nilai Transaksi Belanja,Rp Miliar/Billions of Rp,2025,9,2025-09,37390.435485256006,SPIP-Desember-2025.xlsx
credit_card_shopping_value,5c,Table 5c. Credit Card,21,15,Nilai Transaksi Belanja,Rp Miliar/Billions of Rp,2025,10,2025-10,40521.21515026289,SPIP-Desember-2025.xlsx
credit_card_shopping_value,5c,Table 5c. Credit Card,21,15,Nilai Transaksi Belanja,Rp Miliar/Billions of Rp,2025,11,2025-11,40834.86205674603,SPIP-Desember-2025.xlsx
electronic_money_instruments,5e,Table 5e. Electronic Money,7,1,Jumlah Kartu/ Instrumen,Juta Unit/ Millions of Unit,2009,1,2009-01,0.576264,SPIP-Desember-2025.xlsx
electronic_money_instruments,5e,Table 5e. Electronic Money,7,1,Jumlah Kartu/ Instrumen,Juta Unit/ Millions of Unit,2009,2,2009-02,1.151832,SPIP-Desember-2025.xlsx
electronic_money_instruments,5e,Table 5e. Electronic Money,7,1,Jumlah Kartu/ Instrumen,Juta Unit/ Millions of Unit,2009,3,2009-03,1.423515,SPIP-Desember-2025.xlsx
electronic_money_instruments,5e,Table 5e. Electronic Money,7,1,Jumlah Kartu/ Instrumen,Juta Unit/ Millions of Unit,2009,4,2009-04,1.532272,SPIP-Desember-2025.xlsx
electronic_money_instruments,5e,Table 5e. Electronic Money,7,1,Jumlah Kartu/ Instrumen,Juta Unit/ Millions of Unit,2009,5,2009-05,1.75395,SPIP-Desember-2025.xlsx
electronic_money_instruments,5e,Table 5e. Electronic Money,7,1,Jumlah Kartu/ Instrumen,Juta Unit/ Millions of Unit,2009,6,2009-06,1.861955,SPIP-Desember-2025.xlsx
electronic_money_instruments,5e,Table 5e. Electronic Money,7,1,Jumlah Kartu/ Instrumen,Juta Unit/ Millions of Unit,2009,7,2009-07,1.857743,SPIP-Desember-2025.xlsx
electronic_money_instruments,5e,Table 5e. Electronic Money,7,1,Jumlah Kartu/ Instrumen,Juta Unit/ Millions of Unit,2009,8,2009-08,2.032859,SPIP-Desember-2025.xlsx
electronic_money_instruments,5e,Table 5e. Electronic Money,7,1,Jumlah Kartu/ Instrumen,Juta Unit/ Millions of Unit,2009,9,2009-09,2.313068,SPIP-Desember-2025.xlsx
electronic_money_instruments,5e,Table 5e. Electronic Money,7,1,Jumlah Kartu/ Instrumen,Juta Unit/ Millions of Unit,2009,10,2009-10,2.558329,SPIP-Desember-2025.xlsx
electronic_money_instruments,5e,Table 5e. Electronic Money,7,1,Jumlah Kartu/ Instrumen,Juta Unit/ Millions of Unit,2009,11,2009-11,2.878604,SPIP-Desember-2025.xlsx
electronic_money_instruments,5e,Table 5e. Electronic Money,7,1,Jumlah Kartu/ Instrumen,Juta Unit/ Millions of Unit,2009,12,2009-12,3.016272,SPIP-Desember-2025.xlsx
electronic_money_instruments,5e,Table 5e. Electronic Money,7,1,Jumlah Kartu/ Instrumen,Juta Unit/ Millions of Unit,2010,1,2010-01,3.207828,SPIP-Desember-2025.xlsx
electronic_money_instruments,5e,Table 5e. Electronic Money,7,1,Jumlah Kartu/ Instrumen,Juta Unit/ Millions of Unit,2010,2,2010-02,3.335234,SPIP-Desember-2025.xlsx
electronic_money_instruments,5e,Table 5e. Electronic Money,7,1,Jumlah Kartu/ Instrumen,Juta Unit/ Millions of Unit,2010,3,2010-03,3.503356,SPIP-Desember-2025.xlsx
electronic_money_instruments,5e,Table 5e. Electronic Money,7,1,Jumlah Kartu/ Instrumen,Juta Unit/ Millions of Unit,2010,4,2010-04,3.757335,SPIP-Desember-2025.xlsx
electronic_money_instruments,5e,Table 5e. Electronic Money,7,1,Jumlah Kartu/ Instrumen,Juta Unit/ Millions of Unit,2010,5,2010-05,4.024801,SPIP-Desember-2025.xlsx
electronic_money_instruments,5e,Table 5e. Electronic Money,7,1,Jumlah Kartu/ Instrumen,Juta Unit/ Millions of Unit,2010,6,2010-06,4.860142,SPIP-Desember-2025.xlsx
electronic_money_instruments,5e,Table 5e. Electronic Money,7,1,Jumlah Kartu/ Instrumen,Juta Unit/ Millions of Unit,2010,7,2010-07,5.365412,SPIP-Desember-2025.xlsx
electronic_money_instruments,5e,Table 5e. Electronic Money,7,1,Jumlah Kartu/ Instrumen,Juta Unit/ Millions of Unit,2010,8,2010-08,6.049007,SPIP-Desember-2025.xlsx
electronic_money_instruments,5e,Table 5e. Electronic Money,7,1,Jumlah Kartu/ Instrumen,Juta Unit/ Millions of Unit,2010,9,2010-09,6.444619,SPIP-Desember-2025.xlsx
electronic_money_instruments,5e,Table 5e. Electronic Money,7,1,Jumlah Kartu/ Instrumen,Juta Unit/ Millions of Unit,2010,10,2010-10,6.727843,SPIP-Desember-2025.xlsx
electronic_money_instruments,5e,Table 5e. Electronic Money,7,1,Jumlah Kartu/ Instrumen,Juta Unit/ Millions of Unit,2010,11,2010-11,7.314991,SPIP-Desember-2025.xlsx
electronic_money_instruments,5e,Table 5e. Electronic Money,7,1,Jumlah Kartu/ Instrumen,Juta Unit/ Millions of Unit,2010,12,2010-12,7.914018,SPIP-Desember-2025.xlsx
electronic_money_instruments,5e,Table 5e. Electronic Money,7,1,Jumlah Kartu/ Instrumen,Juta Unit/ Millions of Unit,2011,1,2011-01,8.428687,SPIP-Desember-2025.xlsx
electronic_money_instruments,5e,Table 5e. Electronic Money,7,1,Jumlah Kartu/ Instrumen,Juta Unit/ Millions of Unit,2011,2,2011-02,8.767341,SPIP-Desember-2025.xlsx
electronic_money_instruments,5e,Table 5e. Electronic Money,7,1,Jumlah Kartu/ Instrumen,Juta Unit/ Millions of Unit,2011,3,2011-03,9.400205,SPIP-Desember-2025.xlsx
electronic_money_instruments,5e,Table 5e. Electronic Money,7,1,Jumlah Kartu/ Instrumen,Juta Unit/ Millions of Unit,2011,4,2011-04,9.809494,SPIP-Desember-2025.xlsx
electronic_money_instruments,5e,Table 5e. Electronic Money,7,1,Jumlah Kartu/ Instrumen,Juta Unit/ Millions of Unit,2011,5,2011-05,10.196197,SPIP-Desember-2025.xlsx
electronic_money_instruments,5e,Table 5e. Electronic Money,7,1,Jumlah Kartu/ Instrumen,Juta Unit/ Millions of Unit,2011,6,2011-06,10.715036,SPIP-Desember-2025.xlsx
electronic_money_instruments,5e,Table 5e. Electronic Money,7,1,Jumlah Kartu/ Instrumen,Juta Unit/ Millions of Unit,2011,7,2011-07,10.853193,SPIP-Desember-2025.xlsx
electronic_money_instruments,5e,Table 5e. Electronic Money,7,1,Jumlah Kartu/ Instrumen,Juta Unit/ Millions of Unit,2011,8,2011-08,11.295213,SPIP-Desember-2025.xlsx
electronic_money_instruments,5e,Table 5e. Electronic Money,7,1,Jumlah Kartu/ Instrumen,Juta Unit/ Millions of Unit,2011,9,2011-09,11.708064,SPIP-Desember-2025.xlsx
electronic_money_instruments,5e,Table 5e. Electronic Money,7,1,Jumlah Kartu/ Instrumen,Juta Unit/ Millions of Unit,2011,10,2011-10,12.130185,SPIP-Desember-2025.xlsx
electronic_money_instruments,5e,Table 5e. Electronic Money,7,1,Jumlah Kartu/ Instrumen,Juta Unit/ Millions of Unit,2011,11,2011-11,12.831293,SPIP-Desember-2025.xlsx
electronic_money_instruments,5e,Table 5e. Electronic Money,7,1,Jumlah Kartu/ Instrumen,Juta Unit/ Millions of Unit,2011,12,2011-12,14.299726,SPIP-Desember-2025.xlsx
electronic_money_instruments,5e,Table 5e. Electronic Money,7,1,Jumlah Kartu/ Instrumen,Juta Unit/ Millions of Unit,2012,1,2012-01,14.550985,SPIP-Desember-2025.xlsx
electronic_money_instruments,5e,Table 5e. Electronic Money,7,1,Jumlah Kartu/ Instrumen,Juta Unit/ Millions of Unit,2012,2,2012-02,15.210901,SPIP-Desember-2025.xlsx
electronic_money_instruments,5e,Table 5e. Electronic Money,7,1,Jumlah Kartu/ Instrumen,Juta Unit/ Millions of Unit,2012,3,2012-03,15.6453,SPIP-Desember-2025.xlsx
electronic_money_instruments,5e,Table 5e. Electronic Money,7,1,Jumlah Kartu/ Instrumen,Juta Unit/ Millions of Unit,2012,4,2012-04,15.986978,SPIP-Desember-2025.xlsx
electronic_money_instruments,5e,Table 5e. Electronic Money,7,1,Jumlah Kartu/ Instrumen,Juta Unit/ Millions of Unit,2012,5,2012-05,16.24009,SPIP-Desember-2025.xlsx
electronic_money_instruments,5e,Table 5e. Electronic Money,7,1,Jumlah Kartu/ Instrumen,Juta Unit/ Millions of Unit,2012,6,2012-06,16.960775,SPIP-Desember-2025.xlsx
electronic_money_instruments,5e,Table 5e. Electronic Money,7,1,Jumlah Kartu/ Instrumen,Juta Unit/ Millions of Unit,2012,7,2012-07,17.927915,SPIP-Desember-2025.xlsx
electronic_money_instruments,5e,Table 5e. Electronic Money,7,1,Jumlah Kartu/ Instrumen,Juta Unit/ Millions of Unit,2012,8,2012-08,18.908615,SPIP-Desember-2025.xlsx
electronic_money_instruments,5e,Table 5e. Electronic Money,7,1,Jumlah Kartu/ Instrumen,Juta Unit/ Millions of Unit,2012,9,2012-09,19.561502,SPIP-Desember-2025.xlsx
electronic_money_instruments,5e,Table 5e. Electronic Money,7,1,Jumlah Kartu/ Instrumen,Juta Unit/ Millions of Unit,2012,10,2012-10,20.4645680828041,SPIP-Desember-2025.xlsx
electronic_money_instruments,5e,Table 5e. Electronic Money,7,1,Jumlah Kartu/ Instrumen,Juta Unit/ Millions of Unit,2012,11,2012-11,21.205926,SPIP-Desember-2025.xlsx
electronic_money_instruments,5e,Table 5e. Electronic Money,7,1,Jumlah Kartu/ Instrumen,Juta Unit/ Millions of Unit,2012,12,2012-12,21.869946,SPIP-Desember-2025.xlsx
electronic_money_instruments,5e,Table 5e. Electronic Money,7,1,Jumlah Kartu/ Instrumen,Juta Unit/ Millions of Unit,2013,1,2013-01,22.418799,SPIP-Desember-2025.xlsx
electronic_money_instruments,5e,Table 5e. Electronic Money,7,1,Jumlah Kartu/ Instrumen,Juta Unit/ Millions of Unit,2013,2,2013-02,23.058594,SPIP-Desember-2025.xlsx
electronic_money_instruments,5e,Table 5e. Electronic Money,7,1,Jumlah Kartu/ Instrumen,Juta Unit/ Millions of Unit,2013,3,2013-03,24.069229,SPIP-Desember-2025.xlsx
electronic_money_instruments,5e,Table 5e. Electronic Money,7,1,Jumlah Kartu/ Instrumen,Juta Unit/ Millions of Unit,2013,4,2013-04,24.921761,SPIP-Desember-2025.xlsx
electronic_money_instruments,5e,Table 5e. Electronic Money,7,1,Jumlah Kartu/ Instrumen,Juta Unit/ Millions of Unit,2013,5,2013-05,25.651434,SPIP-Desember-2025.xlsx
electronic_money_instruments,5e,Table 5e. Electronic Money,7,1,Jumlah Kartu/ Instrumen,Juta Unit/ Millions of Unit,2013,6,2013-06,26.283201,SPIP-Desember-2025.xlsx
electronic_money_instruments,5e,Table 5e. Electronic Money,7,1,Jumlah Kartu/ Instrumen,Juta Unit/ Millions of Unit,2013,7,2013-07,27.113304,SPIP-Desember-2025.xlsx
electronic_money_instruments,5e,Table 5e. Electronic Money,7,1,Jumlah Kartu/ Instrumen,Juta Unit/ Millions of Unit,2013,8,2013-08,27.125391,SPIP-Desember-2025.xlsx
electronic_money_instruments,5e,Table 5e. Electronic Money,7,1,Jumlah Kartu/ Instrumen,Juta Unit/ Millions of Unit,2013,9,2013-09,27.998312,SPIP-Desember-2025.xlsx
electronic_money_instruments,5e,Table 5e. Electronic Money,7,1,Jumlah Kartu/ Instrumen,Juta Unit/ Millions of Unit,2013,10,2013-10,28.483099,SPIP-Desember-2025.xlsx
electronic_money_instruments,5e,Table 5e. Electronic Money,7,1,Jumlah Kartu/ Instrumen,Juta Unit/ Millions of Unit,2013,11,2013-11,28.756751,SPIP-Desember-2025.xlsx
electronic_money_instruments,5e,Table 5e. Electronic Money,7,1,Jumlah Kartu/ Instrumen,Juta Unit/ Millions of Unit,2013,12,2013-12,36.225373,SPIP-Desember-2025.xlsx
electronic_money_instruments,5e,Table 5e. Electronic Money,7,1,Jumlah Kartu/ Instrumen,Juta Unit/ Millions of Unit,2014,1,2014-01,36.483012,SPIP-Desember-2025.xlsx
electronic_money_instruments,5e,Table 5e. Electronic Money,7,1,Jumlah Kartu/ Instrumen,Juta Unit/ Millions of Unit,2014,2,2014-02,36.816353,SPIP-Desember-2025.xlsx
electronic_money_instruments,5e,Table 5e. Electronic Money,7,1,Jumlah Kartu/ Instrumen,Juta Unit/ Millions of Unit,2014,3,2014-03,29.88451,SPIP-Desember-2025.xlsx
electronic_money_instruments,5e,Table 5e. Electronic Money,7,1,Jumlah Kartu/ Instrumen,Juta Unit/ Millions of Unit,2014,4,2014-04,30.485077,SPIP-Desember-2025.xlsx
electronic_money_instruments,5e,Table 5e. Electronic Money,7,1,Jumlah Kartu/ Instrumen,Juta Unit/ Millions of Unit,2014,5,2014-05,30.928088,SPIP-Desember-2025.xlsx
electronic_money_instruments,5e,Table 5e. Electronic Money,7,1,Jumlah Kartu/ Instrumen,Juta Unit/ Millions of Unit,2014,6,2014-06,31.598904,SPIP-Desember-2025.xlsx
electronic_money_instruments,5e,Table 5e. Electronic Money,7,1,Jumlah Kartu/ Instrumen,Juta Unit/ Millions of Unit,2014,7,2014-07,32.389604,SPIP-Desember-2025.xlsx
electronic_money_instruments,5e,Table 5e. Electronic Money,7,1,Jumlah Kartu/ Instrumen,Juta Unit/ Millions of Unit,2014,8,2014-08,33.325231,SPIP-Desember-2025.xlsx
electronic_money_instruments,5e,Table 5e. Electronic Money,7,1,Jumlah Kartu/ Instrumen,Juta Unit/ Millions of Unit,2014,9,2014-09,33.686956,SPIP-Desember-2025.xlsx
electronic_money_instruments,5e,Table 5e. Electronic Money,7,1,Jumlah Kartu/ Instrumen,Juta Unit/ Millions of Unit,2014,10,2014-10,34.271403,SPIP-Desember-2025.xlsx
electronic_money_instruments,5e,Table 5e. Electronic Money,7,1,Jumlah Kartu/ Instrumen,Juta Unit/ Millions of Unit,2014,11,2014-11,34.831783,SPIP-Desember-2025.xlsx
electronic_money_instruments,5e,Table 5e. Electronic Money,7,1,Jumlah Kartu/ Instrumen,Juta Unit/ Millions of Unit,2014,12,2014-12,35.738233,SPIP-Desember-2025.xlsx
electronic_money_instruments,5e,Table 5e. Electronic Money,7,1,Jumlah Kartu/ Instrumen,Juta Unit/ Millions of Unit,2015,1,2015-01,35.901312,SPIP-Desember-2025.xlsx
electronic_money_instruments,5e,Table 5e. Electronic Money,7,1,Jumlah Kartu/ Instrumen,Juta Unit/ Millions of Unit,2015,2,2015-02,36.5962,SPIP-Desember-2025.xlsx
electronic_money_instruments,5e,Table 5e. Electronic Money,7,1,Jumlah Kartu/ Instrumen,Juta Unit/ Millions of Unit,2015,3,2015-03,37.995797,SPIP-Desember-2025.xlsx
electronic_money_instruments,5e,Table 5e. Electronic Money,7,1,Jumlah Kartu/ Instrumen,Juta Unit/ Millions of Unit,2015,4,2015-04,38.847376,SPIP-Desember-2025.xlsx
electronic_money_instruments,5e,Table 5e. Electronic Money,7,1,Jumlah Kartu/ Instrumen,Juta Unit/ Millions of Unit,2015,5,2015-05,39.541902,SPIP-Desember-2025.xlsx
electronic_money_instruments,5e,Table 5e. Electronic Money,7,1,Jumlah Kartu/ Instrumen,Juta Unit/ Millions of Unit,2015,6,2015-06,40.301411,SPIP-Desember-2025.xlsx
electronic_money_instruments,5e,Table 5e. Electronic Money,7,1,Jumlah Kartu/ Instrumen,Juta Unit/ Millions of Unit,2015,7,2015-07,41.154921,SPIP-Desember-2025.xlsx
electronic_money_instruments,5e,Table 5e. Electronic Money,7,1,Jumlah Kartu/ Instrumen,Juta Unit/ Millions of Unit,2015,8,2015-08,41.917154,SPIP-Desember-2025.xlsx
electronic_money_instruments,5e,Table 5e. Electronic Money,7,1,Jumlah Kartu/ Instrumen,Juta Unit/ Millions of Unit,2015,9,2015-09,42.714621,SPIP-Desember-2025.xlsx
electronic_money_instruments,5e,Table 5e. Electronic Money,7,1,Jumlah Kartu/ Instrumen,Juta Unit/ Millions of Unit,2015,10,2015-10,43.496256,SPIP-Desember-2025.xlsx
electronic_money_instruments,5e,Table 5e. Electronic Money,7,1,Jumlah Kartu/ Instrumen,Juta Unit/ Millions of Unit,2015,11,2015-11,44.540498,SPIP-Desember-2025.xlsx
electronic_money_instruments,5e,Table 5e. Electronic Money,7,1,Jumlah Kartu/ Instrumen,Juta Unit/ Millions of Unit,2015,12,2015-12,34.314795,SPIP-Desember-2025.xlsx
electronic_money_instruments,5e,Table 5e. Electronic Money,7,1,Jumlah Kartu/ Instrumen,Juta Unit/ Millions of Unit,2016,1,2016-01,35.084652,SPIP-Desember-2025.xlsx
electronic_money_instruments,5e,Table 5e. Electronic Money,7,1,Jumlah Kartu/ Instrumen,Juta Unit/ Millions of Unit,2016,2,2016-02,35.876523,SPIP-Desember-2025.xlsx
electronic_money_instruments,5e,Table 5e. Electronic Money,7,1,Jumlah Kartu/ Instrumen,Juta Unit/ Millions of Unit,2016,3,2016-03,36.813643,SPIP-Desember-2025.xlsx
electronic_money_instruments,5e,Table 5e. Electronic Money,7,1,Jumlah Kartu/ Instrumen,Juta Unit/ Millions of Unit,2016,4,2016-04,37.372532,SPIP-Desember-2025.xlsx
electronic_money_instruments,5e,Table 5e. Electronic Money,7,1,Jumlah Kartu/ Instrumen,Juta Unit/ Millions of Unit,2016,5,2016-05,38.350023,SPIP-Desember-2025.xlsx
electronic_money_instruments,5e,Table 5e. Electronic Money,7,1,Jumlah Kartu/ Instrumen,Juta Unit/ Millions of Unit,2016,6,2016-06,39.575555,SPIP-Desember-2025.xlsx
electronic_money_instruments,5e,Table 5e. Electronic Money,7,1,Jumlah Kartu/ Instrumen,Juta Unit/ Millions of Unit,2016,7,2016-07,40.875095,SPIP-Desember-2025.xlsx
electronic_money_instruments,5e,Table 5e. Electronic Money,7,1,Jumlah Kartu/ Instrumen,Juta Unit/ Millions of Unit,2016,8,2016-08,43.087252,SPIP-Desember-2025.xlsx
electronic_money_instruments,5e,Table 5e. Electronic Money,7,1,Jumlah Kartu/ Instrumen,Juta Unit/ Millions of Unit,2016,9,2016-09,45.045204,SPIP-Desember-2025.xlsx
electronic_money_instruments,5e,Table 5e. Electronic Money,7,1,Jumlah Kartu/ Instrumen,Juta Unit/ Millions of Unit,2016,10,2016-10,46.587285,SPIP-Desember-2025.xlsx
electronic_money_instruments,5e,Table 5e. Electronic Money,7,1,Jumlah Kartu/ Instrumen,Juta Unit/ Millions of Unit,2016,11,2016-11,49.410753,SPIP-Desember-2025.xlsx
electronic_money_instruments,5e,Table 5e. Electronic Money,7,1,Jumlah Kartu/ Instrumen,Juta Unit/ Millions of Unit,2016,12,2016-12,51.20458,SPIP-Desember-2025.xlsx
electronic_money_instruments,5e,Table 5e. Electronic Money,7,1,Jumlah Kartu/ Instrumen,Juta Unit/ Millions of Unit,2017,1,2017-01,52.70335,SPIP-Desember-2025.xlsx
electronic_money_instruments,5e,Table 5e. Electronic Money,7,1,Jumlah Kartu/ Instrumen,Juta Unit/ Millions of Unit,2017,2,2017-02,53.953303,SPIP-Desember-2025.xlsx
electronic_money_instruments,5e,Table 5e. Electronic Money,7,1,Jumlah Kartu/ Instrumen,Juta Unit/ Millions of Unit,2017,3,2017-03,56.056861,SPIP-Desember-2025.xlsx
electronic_money_instruments,5e,Table 5e. Electronic Money,7,1,Jumlah Kartu/ Instrumen,Juta Unit/ Millions of Unit,2017,4,2017-04,57.768225,SPIP-Desember-2025.xlsx
electronic_money_instruments,5e,Table 5e. Electronic Money,7,1,Jumlah Kartu/ Instrumen,Juta Unit/ Millions of Unit,2017,5,2017-05,60.130482,SPIP-Desember-2025.xlsx
electronic_money_instruments,5e,Table 5e. Electronic Money,7,1,Jumlah Kartu/ Instrumen,Juta Unit/ Millions of Unit,2017,6,2017-06,63.707377,SPIP-Desember-2025.xlsx
electronic_money_instruments,5e,Table 5e. Electronic Money,7,1,Jumlah Kartu/ Instrumen,Juta Unit/ Millions of Unit,2017,7,2017-07,69.457592,SPIP-Desember-2025.xlsx
electronic_money_instruments,5e,Table 5e. Electronic Money,7,1,Jumlah Kartu/ Instrumen,Juta Unit/ Millions of Unit,2017,8,2017-08,68.841316,SPIP-Desember-2025.xlsx
electronic_money_instruments,5e,Table 5e. Electronic Money,7,1,Jumlah Kartu/ Instrumen,Juta Unit/ Millions of Unit,2017,9,2017-09,71.783618,SPIP-Desember-2025.xlsx
electronic_money_instruments,5e,Table 5e. Electronic Money,7,1,Jumlah Kartu/ Instrumen,Juta Unit/ Millions of Unit,2017,10,2017-10,75.846689,SPIP-Desember-2025.xlsx
electronic_money_instruments,5e,Table 5e. Electronic Money,7,1,Jumlah Kartu/ Instrumen,Juta Unit/ Millions of Unit,2017,11,2017-11,113.722577,SPIP-Desember-2025.xlsx
electronic_money_instruments,5e,Table 5e. Electronic Money,7,1,Jumlah Kartu/ Instrumen,Juta Unit/ Millions of Unit,2017,12,2017-12,90.003848,SPIP-Desember-2025.xlsx
electronic_money_instruments,5e,Table 5e. Electronic Money,7,1,Jumlah Kartu/ Instrumen,Juta Unit/ Millions of Unit,2018,1,2018-01,97.163539,SPIP-Desember-2025.xlsx
electronic_money_instruments,5e,Table 5e. Electronic Money,7,1,Jumlah Kartu/ Instrumen,Juta Unit/ Millions of Unit,2018,2,2018-02,103.707405,SPIP-Desember-2025.xlsx
electronic_money_instruments,5e,Table 5e. Electronic Money,7,1,Jumlah Kartu/ Instrumen,Juta Unit/ Millions of Unit,2018,3,2018-03,109.775772,SPIP-Desember-2025.xlsx
electronic_money_instruments,5e,Table 5e. Electronic Money,7,1,Jumlah Kartu/ Instrumen,Juta Unit/ Millions of Unit,2018,4,2018-04,113.837552,SPIP-Desember-2025.xlsx
electronic_money_instruments,5e,Table 5e. Electronic Money,7,1,Jumlah Kartu/ Instrumen,Juta Unit/ Millions of Unit,2018,5,2018-05,118.65097,SPIP-Desember-2025.xlsx
electronic_money_instruments,5e,Table 5e. Electronic Money,7,1,Jumlah Kartu/ Instrumen,Juta Unit/ Millions of Unit,2018,6,2018-06,125.182806,SPIP-Desember-2025.xlsx
electronic_money_instruments,5e,Table 5e. Electronic Money,7,1,Jumlah Kartu/ Instrumen,Juta Unit/ Millions of Unit,2018,7,2018-07,131.806962,SPIP-Desember-2025.xlsx
electronic_money_instruments,5e,Table 5e. Electronic Money,7,1,Jumlah Kartu/ Instrumen,Juta Unit/ Millions of Unit,2018,8,2018-08,135.812593,SPIP-Desember-2025.xlsx
electronic_money_instruments,5e,Table 5e. Electronic Money,7,1,Jumlah Kartu/ Instrumen,Juta Unit/ Millions of Unit,2018,9,2018-09,142.477296,SPIP-Desember-2025.xlsx
electronic_money_instruments,5e,Table 5e. Electronic Money,7,1,Jumlah Kartu/ Instrumen,Juta Unit/ Millions of Unit,2018,10,2018-10,144.361292,SPIP-Desember-2025.xlsx
electronic_money_instruments,5e,Table 5e. Electronic Money,7,1,Jumlah Kartu/ Instrumen,Juta Unit/ Millions of Unit,2018,11,2018-11,152.073288,SPIP-Desember-2025.xlsx
electronic_money_instruments,5e,Table 5e. Electronic Money,7,1,Jumlah Kartu/ Instrumen,Juta Unit/ Millions of Unit,2018,12,2018-12,167.205578,SPIP-Desember-2025.xlsx
electronic_money_instruments,5e,Table 5e. Electronic Money,7,1,Jumlah Kartu/ Instrumen,Juta Unit/ Millions of Unit,2019,1,2019-01,173.825919,SPIP-Desember-2025.xlsx
electronic_money_instruments,5e,Table 5e. Electronic Money,7,1,Jumlah Kartu/ Instrumen,Juta Unit/ Millions of Unit,2019,2,2019-02,189.222546,SPIP-Desember-2025.xlsx
electronic_money_instruments,5e,Table 5e. Electronic Money,7,1,Jumlah Kartu/ Instrumen,Juta Unit/ Millions of Unit,2019,3,2019-03,199.174153,SPIP-Desember-2025.xlsx
electronic_money_instruments,5e,Table 5e. Electronic Money,7,1,Jumlah Kartu/ Instrumen,Juta Unit/ Millions of Unit,2019,4,2019-04,197.413945,SPIP-Desember-2025.xlsx
electronic_money_instruments,5e,Table 5e. Electronic Money,7,1,Jumlah Kartu/ Instrumen,Juta Unit/ Millions of Unit,2019,5,2019-05,198.79078600000003,SPIP-Desember-2025.xlsx
electronic_money_instruments,5e,Table 5e. Electronic Money,7,1,Jumlah Kartu/ Instrumen,Juta Unit/ Millions of Unit,2019,6,2019-06,209.891847,SPIP-Desember-2025.xlsx
electronic_money_instruments,5e,Table 5e. Electronic Money,7,1,Jumlah Kartu/ Instrumen,Juta Unit/ Millions of Unit,2019,7,2019-07,232.348971,SPIP-Desember-2025.xlsx
electronic_money_instruments,5e,Table 5e. Electronic Money,7,1,Jumlah Kartu/ Instrumen,Juta Unit/ Millions of Unit,2019,8,2019-08,250.477938,SPIP-Desember-2025.xlsx
electronic_money_instruments,5e,Table 5e. Electronic Money,7,1,Jumlah Kartu/ Instrumen,Juta Unit/ Millions of Unit,2019,9,2019-09,257.078749,SPIP-Desember-2025.xlsx
electronic_money_instruments,5e,Table 5e. Electronic Money,7,1,Jumlah Kartu/ Instrumen,Juta Unit/ Millions of Unit,2019,10,2019-10,269.340218,SPIP-Desember-2025.xlsx
electronic_money_instruments,5e,Table 5e. Electronic Money,7,1,Jumlah Kartu/ Instrumen,Juta Unit/ Millions of Unit,2019,11,2019-11,277.925012,SPIP-Desember-2025.xlsx
electronic_money_instruments,5e,Table 5e. Electronic Money,7,1,Jumlah Kartu/ Instrumen,Juta Unit/ Millions of Unit,2019,12,2019-12,292.29932,SPIP-Desember-2025.xlsx
electronic_money_instruments,5e,Table 5e. Electronic Money,7,1,Jumlah Kartu/ Instrumen,Juta Unit/ Millions of Unit,2020,1,2020-01,313.785298,SPIP-Desember-2025.xlsx
electronic_money_instruments,5e,Table 5e. Electronic Money,7,1,Jumlah Kartu/ Instrumen,Juta Unit/ Millions of Unit,2020,2,2020-02,319.294014,SPIP-Desember-2025.xlsx
electronic_money_instruments,5e,Table 5e. Electronic Money,7,1,Jumlah Kartu/ Instrumen,Juta Unit/ Millions of Unit,2020,3,2020-03,330.391364,SPIP-Desember-2025.xlsx
electronic_money_instruments,5e,Table 5e. Electronic Money,7,1,Jumlah Kartu/ Instrumen,Juta Unit/ Millions of Unit,2020,4,2020-04,412.05586999999997,SPIP-Desember-2025.xlsx
electronic_money_instruments,5e,Table 5e. Electronic Money,7,1,Jumlah Kartu/ Instrumen,Juta Unit/ Millions of Unit,2020,5,2020-05,346.881617,SPIP-Desember-2025.xlsx
electronic_money_instruments,5e,Table 5e. Electronic Money,7,1,Jumlah Kartu/ Instrumen,Juta Unit/ Millions of Unit,2020,6,2020-06,353.58767,SPIP-Desember-2025.xlsx
electronic_money_instruments,5e,Table 5e. Electronic Money,7,1,Jumlah Kartu/ Instrumen,Juta Unit/ Millions of Unit,2020,7,2020-07,359.670019,SPIP-Desember-2025.xlsx
electronic_money_instruments,5e,Table 5e. Electronic Money,7,1,Jumlah Kartu/ Instrumen,Juta Unit/ Millions of Unit,2020,8,2020-08,376.142547,SPIP-Desember-2025.xlsx
electronic_money_instruments,5e,Table 5e. Electronic Money,7,1,Jumlah Kartu/ Instrumen,Juta Unit/ Millions of Unit,2020,9,2020-09,393.904001,SPIP-Desember-2025.xlsx
electronic_money_instruments,5e,Table 5e. Electronic Money,7,1,Jumlah Kartu/ Instrumen,Juta Unit/ Millions of Unit,2020,10,2020-10,410.656671,SPIP-Desember-2025.xlsx
electronic_money_instruments,5e,Table 5e. Electronic Money,7,1,Jumlah Kartu/ Instrumen,Juta Unit/ Millions of Unit,2020,11,2020-11,420.412942,SPIP-Desember-2025.xlsx
electronic_money_instruments,5e,Table 5e. Electronic Money,7,1,Jumlah Kartu/ Instrumen,Juta Unit/ Millions of Unit,2020,12,2020-12,432.28138,SPIP-Desember-2025.xlsx
electronic_money_instruments,5e,Table 5e. Electronic Money,7,1,Jumlah Kartu/ Instrumen,Juta Unit/ Millions of Unit,2021,1,2021-01,442.612567,SPIP-Desember-2025.xlsx
electronic_money_instruments,5e,Table 5e. Electronic Money,7,1,Jumlah Kartu/ Instrumen,Juta Unit/ Millions of Unit,2021,2,2021-02,456.736475,SPIP-Desember-2025.xlsx
electronic_money_instruments,5e,Table 5e. Electronic Money,7,1,Jumlah Kartu/ Instrumen,Juta Unit/ Millions of Unit,2021,3,2021-03,470.811351,SPIP-Desember-2025.xlsx
electronic_money_instruments,5e,Table 5e. Electronic Money,7,1,Jumlah Kartu/ Instrumen,Juta Unit/ Millions of Unit,2021,4,2021-04,483.354024,SPIP-Desember-2025.xlsx
electronic_money_instruments,5e,Table 5e. Electronic Money,7,1,Jumlah Kartu/ Instrumen,Juta Unit/ Millions of Unit,2021,5,2021-05,498.202416,SPIP-Desember-2025.xlsx
electronic_money_instruments,5e,Table 5e. Electronic Money,7,1,Jumlah Kartu/ Instrumen,Juta Unit/ Millions of Unit,2021,6,2021-06,511.254525,SPIP-Desember-2025.xlsx
electronic_money_instruments,5e,Table 5e. Electronic Money,7,1,Jumlah Kartu/ Instrumen,Juta Unit/ Millions of Unit,2021,7,2021-07,495.280424,SPIP-Desember-2025.xlsx
electronic_money_instruments,5e,Table 5e. Electronic Money,7,1,Jumlah Kartu/ Instrumen,Juta Unit/ Millions of Unit,2021,8,2021-08,513.968693,SPIP-Desember-2025.xlsx
electronic_money_instruments,5e,Table 5e. Electronic Money,7,1,Jumlah Kartu/ Instrumen,Juta Unit/ Millions of Unit,2021,9,2021-09,530.66451,SPIP-Desember-2025.xlsx
electronic_money_instruments,5e,Table 5e. Electronic Money,7,1,Jumlah Kartu/ Instrumen,Juta Unit/ Millions of Unit,2021,10,2021-10,544.192781,SPIP-Desember-2025.xlsx
electronic_money_instruments,5e,Table 5e. Electronic Money,7,1,Jumlah Kartu/ Instrumen,Juta Unit/ Millions of Unit,2021,11,2021-11,558.959664,SPIP-Desember-2025.xlsx
electronic_money_instruments,5e,Table 5e. Electronic Money,7,1,Jumlah Kartu/ Instrumen,Juta Unit/ Millions of Unit,2021,12,2021-12,575.323419,SPIP-Desember-2025.xlsx
electronic_money_instruments,5e,Table 5e. Electronic Money,7,1,Jumlah Kartu/ Instrumen,Juta Unit/ Millions of Unit,2022,1,2022-01,583.3416119999999,SPIP-Desember-2025.xlsx
electronic_money_instruments,5e,Table 5e. Electronic Money,7,1,Jumlah Kartu/ Instrumen,Juta Unit/ Millions of Unit,2022,2,2022-02,594.170222,SPIP-Desember-2025.xlsx
electronic_money_instruments,5e,Table 5e. Electronic Money,7,1,Jumlah Kartu/ Instrumen,Juta Unit/ Millions of Unit,2022,3,2022-03,604.413623,SPIP-Desember-2025.xlsx
electronic_money_instruments,5e,Table 5e. Electronic Money,7,1,Jumlah Kartu/ Instrumen,Juta Unit/ Millions of Unit,2022,4,2022-04,620.7820750000001,SPIP-Desember-2025.xlsx
electronic_money_instruments,5e,Table 5e. Electronic Money,7,1,Jumlah Kartu/ Instrumen,Juta Unit/ Millions of Unit,2022,5,2022-05,632.9555869999999,SPIP-Desember-2025.xlsx
electronic_money_instruments,5e,Table 5e. Electronic Money,7,1,Jumlah Kartu/ Instrumen,Juta Unit/ Millions of Unit,2022,6,2022-06,728.3726260000001,SPIP-Desember-2025.xlsx
electronic_money_instruments,5e,Table 5e. Electronic Money,7,1,Jumlah Kartu/ Instrumen,Juta Unit/ Millions of Unit,2022,7,2022-07,803.990597,SPIP-Desember-2025.xlsx
electronic_money_instruments,5e,Table 5e. Electronic Money,7,1,Jumlah Kartu/ Instrumen,Juta Unit/ Millions of Unit,2022,8,2022-08,892.547152,SPIP-Desember-2025.xlsx
electronic_money_instruments,5e,Table 5e. Electronic Money,7,1,Jumlah Kartu/ Instrumen,Juta Unit/ Millions of Unit,2022,9,2022-09,985.642548,SPIP-Desember-2025.xlsx
electronic_money_instruments,5e,Table 5e. Electronic Money,7,1,Jumlah Kartu/ Instrumen,Juta Unit/ Millions of Unit,2022,10,2022-10,1028.643594,SPIP-Desember-2025.xlsx
electronic_money_instruments,5e,Table 5e. Electronic Money,7,1,Jumlah Kartu/ Instrumen,Juta Unit/ Millions of Unit,2022,11,2022-11,772.5656660000001,SPIP-Desember-2025.xlsx
electronic_money_instruments,5e,Table 5e. Electronic Money,7,1,Jumlah Kartu/ Instrumen,Juta Unit/ Millions of Unit,2022,12,2022-12,730.7010379999999,SPIP-Desember-2025.xlsx
electronic_money_instruments,5e,Table 5e. Electronic Money,7,1,Jumlah Kartu/ Instrumen,Juta Unit/ Millions of Unit,2023,1,2023-01,709.074721,SPIP-Desember-2025.xlsx
electronic_money_instruments,5e,Table 5e. Electronic Money,7,1,Jumlah Kartu/ Instrumen,Juta Unit/ Millions of Unit,2023,2,2023-02,742.926784,SPIP-Desember-2025.xlsx
electronic_money_instruments,5e,Table 5e. Electronic Money,7,1,Jumlah Kartu/ Instrumen,Juta Unit/ Millions of Unit,2023,3,2023-03,745.813419,SPIP-Desember-2025.xlsx
electronic_money_instruments,5e,Table 5e. Electronic Money,7,1,Jumlah Kartu/ Instrumen,Juta Unit/ Millions of Unit,2023,4,2023-04,744.589565,SPIP-Desember-2025.xlsx
electronic_money_instruments,5e,Table 5e. Electronic Money,7,1,Jumlah Kartu/ Instrumen,Juta Unit/ Millions of Unit,2023,5,2023-05,754.634318,SPIP-Desember-2025.xlsx
electronic_money_instruments,5e,Table 5e. Electronic Money,7,1,Jumlah Kartu/ Instrumen,Juta Unit/ Millions of Unit,2023,6,2023-06,756.193282,SPIP-Desember-2025.xlsx
electronic_money_instruments,5e,Table 5e. Electronic Money,7,1,Jumlah Kartu/ Instrumen,Juta Unit/ Millions of Unit,2023,7,2023-07,769.128341,SPIP-Desember-2025.xlsx
electronic_money_instruments,5e,Table 5e. Electronic Money,7,1,Jumlah Kartu/ Instrumen,Juta Unit/ Millions of Unit,2023,8,2023-08,777.358573,SPIP-Desember-2025.xlsx
electronic_money_instruments,5e,Table 5e. Electronic Money,7,1,Jumlah Kartu/ Instrumen,Juta Unit/ Millions of Unit,2023,9,2023-09,782.859101,SPIP-Desember-2025.xlsx
electronic_money_instruments,5e,Table 5e. Electronic Money,7,1,Jumlah Kartu/ Instrumen,Juta Unit/ Millions of Unit,2023,10,2023-10,794.643692,SPIP-Desember-2025.xlsx
electronic_money_instruments,5e,Table 5e. Electronic Money,7,1,Jumlah Kartu/ Instrumen,Juta Unit/ Millions of Unit,2023,11,2023-11,801.003871,SPIP-Desember-2025.xlsx
electronic_money_instruments,5e,Table 5e. Electronic Money,7,1,Jumlah Kartu/ Instrumen,Juta Unit/ Millions of Unit,2023,12,2023-12,809.783312,SPIP-Desember-2025.xlsx
electronic_money_instruments,5e,Table 5e. Electronic Money,7,1,Jumlah Kartu/ Instrumen,Juta Unit/ Millions of Unit,2024,1,2024-01,820.20368,SPIP-Desember-2025.xlsx
electronic_money_instruments,5e,Table 5e. Electronic Money,7,1,Jumlah Kartu/ Instrumen,Juta Unit/ Millions of Unit,2024,2,2024-02,828.402568,SPIP-Desember-2025.xlsx
electronic_money_instruments,5e,Table 5e. Electronic Money,7,1,Jumlah Kartu/ Instrumen,Juta Unit/ Millions of Unit,2024,3,2024-03,843.360894,SPIP-Desember-2025.xlsx
electronic_money_instruments,5e,Table 5e. Electronic Money,7,1,Jumlah Kartu/ Instrumen,Juta Unit/ Millions of Unit,2024,4,2024-04,852.061343,SPIP-Desember-2025.xlsx
electronic_money_instruments,5e,Table 5e. Electronic Money,7,1,Jumlah Kartu/ Instrumen,Juta Unit/ Millions of Unit,2024,5,2024-05,861.4334299999999,SPIP-Desember-2025.xlsx
electronic_money_instruments,5e,Table 5e. Electronic Money,7,1,Jumlah Kartu/ Instrumen,Juta Unit/ Millions of Unit,2024,6,2024-06,869.556027,SPIP-Desember-2025.xlsx
electronic_money_instruments,5e,Table 5e. Electronic Money,7,1,Jumlah Kartu/ Instrumen,Juta Unit/ Millions of Unit,2024,7,2024-07,878.4493329999999,SPIP-Desember-2025.xlsx
electronic_money_instruments,5e,Table 5e. Electronic Money,7,1,Jumlah Kartu/ Instrumen,Juta Unit/ Millions of Unit,2024,8,2024-08,887.797058,SPIP-Desember-2025.xlsx
electronic_money_instruments,5e,Table 5e. Electronic Money,7,1,Jumlah Kartu/ Instrumen,Juta Unit/ Millions of Unit,2024,9,2024-09,893.6154750000001,SPIP-Desember-2025.xlsx
electronic_money_instruments,5e,Table 5e. Electronic Money,7,1,Jumlah Kartu/ Instrumen,Juta Unit/ Millions of Unit,2024,10,2024-10,906.494941,SPIP-Desember-2025.xlsx
electronic_money_instruments,5e,Table 5e. Electronic Money,7,1,Jumlah Kartu/ Instrumen,Juta Unit/ Millions of Unit,2024,11,2024-11,911.8834009999999,SPIP-Desember-2025.xlsx
electronic_money_instruments,5e,Table 5e. Electronic Money,7,1,Jumlah Kartu/ Instrumen,Juta Unit/ Millions of Unit,2024,12,2024-12,922.069268,SPIP-Desember-2025.xlsx
electronic_money_instruments,5e,Table 5e. Electronic Money,7,1,Jumlah Kartu/ Instrumen,Juta Unit/ Millions of Unit,2025,1,2025-01,931.485096,SPIP-Desember-2025.xlsx
electronic_money_instruments,5e,Table 5e. Electronic Money,7,1,Jumlah Kartu/ Instrumen,Juta Unit/ Millions of Unit,2025,2,2025-02,941.433801,SPIP-Desember-2025.xlsx
electronic_money_instruments,5e,Table 5e. Electronic Money,7,1,Jumlah Kartu/ Instrumen,Juta Unit/ Millions of Unit,2025,3,2025-03,953.362896,SPIP-Desember-2025.xlsx
electronic_money_instruments,5e,Table 5e. Electronic Money,7,1,Jumlah Kartu/ Instrumen,Juta Unit/ Millions of Unit,2025,4,2025-04,964.5791509999999,SPIP-Desember-2025.xlsx
electronic_money_instruments,5e,Table 5e. Electronic Money,7,1,Jumlah Kartu/ Instrumen,Juta Unit/ Millions of Unit,2025,5,2025-05,975.045409,SPIP-Desember-2025.xlsx
electronic_money_instruments,5e,Table 5e. Electronic Money,7,1,Jumlah Kartu/ Instrumen,Juta Unit/ Millions of Unit,2025,6,2025-06,985.284153,SPIP-Desember-2025.xlsx
electronic_money_instruments,5e,Table 5e. Electronic Money,7,1,Jumlah Kartu/ Instrumen,Juta Unit/ Millions of Unit,2025,7,2025-07,1004.02394,SPIP-Desember-2025.xlsx
electronic_money_instruments,5e,Table 5e. Electronic Money,7,1,Jumlah Kartu/ Instrumen,Juta Unit/ Millions of Unit,2025,8,2025-08,1020.0148239999993,SPIP-Desember-2025.xlsx
electronic_money_instruments,5e,Table 5e. Electronic Money,7,1,Jumlah Kartu/ Instrumen,Juta Unit/ Millions of Unit,2025,9,2025-09,1031.750997,SPIP-Desember-2025.xlsx
electronic_money_instruments,5e,Table 5e. Electronic Money,7,1,Jumlah Kartu/ Instrumen,Juta Unit/ Millions of Unit,2025,10,2025-10,1043.275558,SPIP-Desember-2025.xlsx
electronic_money_instruments,5e,Table 5e. Electronic Money,7,1,Jumlah Kartu/ Instrumen,Juta Unit/ Millions of Unit,2025,11,2025-11,1058.2401350000018,SPIP-Desember-2025.xlsx
electronic_money_total_volume,5e,Table 5e. Electronic Money,16,10,Volume Transaksi,Ribu Transaksi/ Thousands of Transaction,2009,1,2009-01,492.818,SPIP-Desember-2025.xlsx
electronic_money_total_volume,5e,Table 5e. Electronic Money,16,10,Volume Transaksi,Ribu Transaksi/ Thousands of Transaction,2009,2,2009-02,760.746,SPIP-Desember-2025.xlsx
electronic_money_total_volume,5e,Table 5e. Electronic Money,16,10,Volume Transaksi,Ribu Transaksi/ Thousands of Transaction,2009,3,2009-03,1235.384,SPIP-Desember-2025.xlsx
electronic_money_total_volume,5e,Table 5e. Electronic Money,16,10,Volume Transaksi,Ribu Transaksi/ Thousands of Transaction,2009,4,2009-04,1431.314,SPIP-Desember-2025.xlsx
electronic_money_total_volume,5e,Table 5e. Electronic Money,16,10,Volume Transaksi,Ribu Transaksi/ Thousands of Transaction,2009,5,2009-05,1664.352,SPIP-Desember-2025.xlsx
electronic_money_total_volume,5e,Table 5e. Electronic Money,16,10,Volume Transaksi,Ribu Transaksi/ Thousands of Transaction,2009,6,2009-06,1427.7,SPIP-Desember-2025.xlsx
electronic_money_total_volume,5e,Table 5e. Electronic Money,16,10,Volume Transaksi,Ribu Transaksi/ Thousands of Transaction,2009,7,2009-07,1449.281,SPIP-Desember-2025.xlsx
electronic_money_total_volume,5e,Table 5e. Electronic Money,16,10,Volume Transaksi,Ribu Transaksi/ Thousands of Transaction,2009,8,2009-08,1366.804,SPIP-Desember-2025.xlsx
electronic_money_total_volume,5e,Table 5e. Electronic Money,16,10,Volume Transaksi,Ribu Transaksi/ Thousands of Transaction,2009,9,2009-09,2047.47,SPIP-Desember-2025.xlsx
electronic_money_total_volume,5e,Table 5e. Electronic Money,16,10,Volume Transaksi,Ribu Transaksi/ Thousands of Transaction,2009,10,2009-10,1785.942,SPIP-Desember-2025.xlsx
electronic_money_total_volume,5e,Table 5e. Electronic Money,16,10,Volume Transaksi,Ribu Transaksi/ Thousands of Transaction,2009,11,2009-11,1737.553,SPIP-Desember-2025.xlsx
electronic_money_total_volume,5e,Table 5e. Electronic Money,16,10,Volume Transaksi,Ribu Transaksi/ Thousands of Transaction,2009,12,2009-12,2037.268,SPIP-Desember-2025.xlsx
electronic_money_total_volume,5e,Table 5e. Electronic Money,16,10,Volume Transaksi,Ribu Transaksi/ Thousands of Transaction,2010,1,2010-01,2019.147,SPIP-Desember-2025.xlsx
electronic_money_total_volume,5e,Table 5e. Electronic Money,16,10,Volume Transaksi,Ribu Transaksi/ Thousands of Transaction,2010,2,2010-02,1914.662,SPIP-Desember-2025.xlsx
electronic_money_total_volume,5e,Table 5e. Electronic Money,16,10,Volume Transaksi,Ribu Transaksi/ Thousands of Transaction,2010,3,2010-03,1993.607,SPIP-Desember-2025.xlsx
electronic_money_total_volume,5e,Table 5e. Electronic Money,16,10,Volume Transaksi,Ribu Transaksi/ Thousands of Transaction,2010,4,2010-04,2065.037,SPIP-Desember-2025.xlsx
electronic_money_total_volume,5e,Table 5e. Electronic Money,16,10,Volume Transaksi,Ribu Transaksi/ Thousands of Transaction,2010,5,2010-05,2126.067,SPIP-Desember-2025.xlsx
electronic_money_total_volume,5e,Table 5e. Electronic Money,16,10,Volume Transaksi,Ribu Transaksi/ Thousands of Transaction,2010,6,2010-06,2230.367,SPIP-Desember-2025.xlsx
electronic_money_total_volume,5e,Table 5e. Electronic Money,16,10,Volume Transaksi,Ribu Transaksi/ Thousands of Transaction,2010,7,2010-07,2279.353,SPIP-Desember-2025.xlsx
electronic_money_total_volume,5e,Table 5e. Electronic Money,16,10,Volume Transaksi,Ribu Transaksi/ Thousands of Transaction,2010,8,2010-08,2243.698,SPIP-Desember-2025.xlsx
electronic_money_total_volume,5e,Table 5e. Electronic Money,16,10,Volume Transaksi,Ribu Transaksi/ Thousands of Transaction,2010,9,2010-09,1999.368,SPIP-Desember-2025.xlsx
electronic_money_total_volume,5e,Table 5e. Electronic Money,16,10,Volume Transaksi,Ribu Transaksi/ Thousands of Transaction,2010,10,2010-10,2446.354,SPIP-Desember-2025.xlsx
electronic_money_total_volume,5e,Table 5e. Electronic Money,16,10,Volume Transaksi,Ribu Transaksi/ Thousands of Transaction,2010,11,2010-11,2326.155,SPIP-Desember-2025.xlsx
electronic_money_total_volume,5e,Table 5e. Electronic Money,16,10,Volume Transaksi,Ribu Transaksi/ Thousands of Transaction,2010,12,2010-12,2898.167,SPIP-Desember-2025.xlsx
electronic_money_total_volume,5e,Table 5e. Electronic Money,16,10,Volume Transaksi,Ribu Transaksi/ Thousands of Transaction,2011,1,2011-01,2844.018,SPIP-Desember-2025.xlsx
electronic_money_total_volume,5e,Table 5e. Electronic Money,16,10,Volume Transaksi,Ribu Transaksi/ Thousands of Transaction,2011,2,2011-02,2339.473,SPIP-Desember-2025.xlsx
electronic_money_total_volume,5e,Table 5e. Electronic Money,16,10,Volume Transaksi,Ribu Transaksi/ Thousands of Transaction,2011,3,2011-03,3216.17,SPIP-Desember-2025.xlsx
electronic_money_total_volume,5e,Table 5e. Electronic Money,16,10,Volume Transaksi,Ribu Transaksi/ Thousands of Transaction,2011,4,2011-04,3108.815,SPIP-Desember-2025.xlsx
electronic_money_total_volume,5e,Table 5e. Electronic Money,16,10,Volume Transaksi,Ribu Transaksi/ Thousands of Transaction,2011,5,2011-05,3162.917,SPIP-Desember-2025.xlsx
electronic_money_total_volume,5e,Table 5e. Electronic Money,16,10,Volume Transaksi,Ribu Transaksi/ Thousands of Transaction,2011,6,2011-06,3085.833,SPIP-Desember-2025.xlsx
electronic_money_total_volume,5e,Table 5e. Electronic Money,16,10,Volume Transaksi,Ribu Transaksi/ Thousands of Transaction,2011,7,2011-07,3703.291,SPIP-Desember-2025.xlsx
electronic_money_total_volume,5e,Table 5e. Electronic Money,16,10,Volume Transaksi,Ribu Transaksi/ Thousands of Transaction,2011,8,2011-08,3399.868,SPIP-Desember-2025.xlsx
electronic_money_total_volume,5e,Table 5e. Electronic Money,16,10,Volume Transaksi,Ribu Transaksi/ Thousands of Transaction,2011,9,2011-09,3472.472,SPIP-Desember-2025.xlsx
electronic_money_total_volume,5e,Table 5e. Electronic Money,16,10,Volume Transaksi,Ribu Transaksi/ Thousands of Transaction,2011,10,2011-10,3937.939,SPIP-Desember-2025.xlsx
electronic_money_total_volume,5e,Table 5e. Electronic Money,16,10,Volume Transaksi,Ribu Transaksi/ Thousands of Transaction,2011,11,2011-11,4120.12,SPIP-Desember-2025.xlsx
electronic_money_total_volume,5e,Table 5e. Electronic Money,16,10,Volume Transaksi,Ribu Transaksi/ Thousands of Transaction,2011,12,2011-12,4669.233,SPIP-Desember-2025.xlsx
electronic_money_total_volume,5e,Table 5e. Electronic Money,16,10,Volume Transaksi,Ribu Transaksi/ Thousands of Transaction,2012,1,2012-01,4548.593000000001,SPIP-Desember-2025.xlsx
electronic_money_total_volume,5e,Table 5e. Electronic Money,16,10,Volume Transaksi,Ribu Transaksi/ Thousands of Transaction,2012,2,2012-02,5733.102,SPIP-Desember-2025.xlsx
electronic_money_total_volume,5e,Table 5e. Electronic Money,16,10,Volume Transaksi,Ribu Transaksi/ Thousands of Transaction,2012,3,2012-03,6990.612999999999,SPIP-Desember-2025.xlsx
electronic_money_total_volume,5e,Table 5e. Electronic Money,16,10,Volume Transaksi,Ribu Transaksi/ Thousands of Transaction,2012,4,2012-04,7483.775,SPIP-Desember-2025.xlsx
electronic_money_total_volume,5e,Table 5e. Electronic Money,16,10,Volume Transaksi,Ribu Transaksi/ Thousands of Transaction,2012,5,2012-05,8587.215,SPIP-Desember-2025.xlsx
electronic_money_total_volume,5e,Table 5e. Electronic Money,16,10,Volume Transaksi,Ribu Transaksi/ Thousands of Transaction,2012,6,2012-06,8632.104,SPIP-Desember-2025.xlsx
electronic_money_total_volume,5e,Table 5e. Electronic Money,16,10,Volume Transaksi,Ribu Transaksi/ Thousands of Transaction,2012,7,2012-07,9821.733,SPIP-Desember-2025.xlsx
electronic_money_total_volume,5e,Table 5e. Electronic Money,16,10,Volume Transaksi,Ribu Transaksi/ Thousands of Transaction,2012,8,2012-08,8491.618,SPIP-Desember-2025.xlsx
electronic_money_total_volume,5e,Table 5e. Electronic Money,16,10,Volume Transaksi,Ribu Transaksi/ Thousands of Transaction,2012,9,2012-09,9471.354,SPIP-Desember-2025.xlsx
electronic_money_total_volume,5e,Table 5e. Electronic Money,16,10,Volume Transaksi,Ribu Transaksi/ Thousands of Transaction,2012,10,2012-10,9977.618242508328,SPIP-Desember-2025.xlsx
electronic_money_total_volume,5e,Table 5e. Electronic Money,16,10,Volume Transaksi,Ribu Transaksi/ Thousands of Transaction,2012,11,2012-11,10636.699999999999,SPIP-Desember-2025.xlsx
electronic_money_total_volume,5e,Table 5e. Electronic Money,16,10,Volume Transaksi,Ribu Transaksi/ Thousands of Transaction,2012,12,2012-12,10260.989,SPIP-Desember-2025.xlsx
electronic_money_total_volume,5e,Table 5e. Electronic Money,16,10,Volume Transaksi,Ribu Transaksi/ Thousands of Transaction,2013,1,2013-01,10602.080000000002,SPIP-Desember-2025.xlsx
electronic_money_total_volume,5e,Table 5e. Electronic Money,16,10,Volume Transaksi,Ribu Transaksi/ Thousands of Transaction,2013,2,2013-02,10740.966999999999,SPIP-Desember-2025.xlsx
electronic_money_total_volume,5e,Table 5e. Electronic Money,16,10,Volume Transaksi,Ribu Transaksi/ Thousands of Transaction,2013,3,2013-03,13209.211000000001,SPIP-Desember-2025.xlsx
electronic_money_total_volume,5e,Table 5e. Electronic Money,16,10,Volume Transaksi,Ribu Transaksi/ Thousands of Transaction,2013,4,2013-04,12779.639000000001,SPIP-Desember-2025.xlsx
electronic_money_total_volume,5e,Table 5e. Electronic Money,16,10,Volume Transaksi,Ribu Transaksi/ Thousands of Transaction,2013,5,2013-05,12966.324999999999,SPIP-Desember-2025.xlsx
electronic_money_total_volume,5e,Table 5e. Electronic Money,16,10,Volume Transaksi,Ribu Transaksi/ Thousands of Transaction,2013,6,2013-06,12519.242999999999,SPIP-Desember-2025.xlsx
electronic_money_total_volume,5e,Table 5e. Electronic Money,16,10,Volume Transaksi,Ribu Transaksi/ Thousands of Transaction,2013,7,2013-07,14119.296,SPIP-Desember-2025.xlsx
electronic_money_total_volume,5e,Table 5e. Electronic Money,16,10,Volume Transaksi,Ribu Transaksi/ Thousands of Transaction,2013,8,2013-08,12222.28381594696,SPIP-Desember-2025.xlsx
electronic_money_total_volume,5e,Table 5e. Electronic Money,16,10,Volume Transaksi,Ribu Transaksi/ Thousands of Transaction,2013,9,2013-09,391680.789,SPIP-Desember-2025.xlsx
electronic_money_total_volume,5e,Table 5e. Electronic Money,16,10,Volume Transaksi,Ribu Transaksi/ Thousands of Transaction,2013,10,2013-10,13757.887,SPIP-Desember-2025.xlsx
electronic_money_total_volume,5e,Table 5e. Electronic Money,16,10,Volume Transaksi,Ribu Transaksi/ Thousands of Transaction,2013,11,2013-11,14038.027,SPIP-Desember-2025.xlsx
electronic_money_total_volume,5e,Table 5e. Electronic Money,16,10,Volume Transaksi,Ribu Transaksi/ Thousands of Transaction,2013,12,2013-12,14841.903999999999,SPIP-Desember-2025.xlsx
electronic_money_total_volume,5e,Table 5e. Electronic Money,16,10,Volume Transaksi,Ribu Transaksi/ Thousands of Transaction,2014,1,2014-01,14177.623000000001,SPIP-Desember-2025.xlsx
electronic_money_total_volume,5e,Table 5e. Electronic Money,16,10,Volume Transaksi,Ribu Transaksi/ Thousands of Transaction,2014,2,2014-02,14414.167,SPIP-Desember-2025.xlsx
electronic_money_total_volume,5e,Table 5e. Electronic Money,16,10,Volume Transaksi,Ribu Transaksi/ Thousands of Transaction,2014,3,2014-03,16996.067,SPIP-Desember-2025.xlsx
electronic_money_total_volume,5e,Table 5e. Electronic Money,16,10,Volume Transaksi,Ribu Transaksi/ Thousands of Transaction,2014,4,2014-04,16296.43,SPIP-Desember-2025.xlsx
electronic_money_total_volume,5e,Table 5e. Electronic Money,16,10,Volume Transaksi,Ribu Transaksi/ Thousands of Transaction,2014,5,2014-05,17366.055,SPIP-Desember-2025.xlsx
electronic_money_total_volume,5e,Table 5e. Electronic Money,16,10,Volume Transaksi,Ribu Transaksi/ Thousands of Transaction,2014,6,2014-06,17683.478,SPIP-Desember-2025.xlsx
electronic_money_total_volume,5e,Table 5e. Electronic Money,16,10,Volume Transaksi,Ribu Transaksi/ Thousands of Transaction,2014,7,2014-07,16495.227999999996,SPIP-Desember-2025.xlsx
electronic_money_total_volume,5e,Table 5e. Electronic Money,16,10,Volume Transaksi,Ribu Transaksi/ Thousands of Transaction,2014,8,2014-08,19766.837,SPIP-Desember-2025.xlsx
electronic_money_total_volume,5e,Table 5e. Electronic Money,16,10,Volume Transaksi,Ribu Transaksi/ Thousands of Transaction,2014,9,2014-09,23326.631,SPIP-Desember-2025.xlsx
electronic_money_total_volume,5e,Table 5e. Electronic Money,16,10,Volume Transaksi,Ribu Transaksi/ Thousands of Transaction,2014,10,2014-10,26591.929,SPIP-Desember-2025.xlsx
electronic_money_total_volume,5e,Table 5e. Electronic Money,16,10,Volume Transaksi,Ribu Transaksi/ Thousands of Transaction,2014,11,2014-11,26203.474000000002,SPIP-Desember-2025.xlsx
electronic_money_total_volume,5e,Table 5e. Electronic Money,16,10,Volume Transaksi,Ribu Transaksi/ Thousands of Transaction,2014,12,2014-12,29847.791999999998,SPIP-Desember-2025.xlsx
electronic_money_total_volume,5e,Table 5e. Electronic Money,16,10,Volume Transaksi,Ribu Transaksi/ Thousands of Transaction,2015,1,2015-01,28686.816,SPIP-Desember-2025.xlsx
electronic_money_total_volume,5e,Table 5e. Electronic Money,16,10,Volume Transaksi,Ribu Transaksi/ Thousands of Transaction,2015,2,2015-02,27055.922999999995,SPIP-Desember-2025.xlsx
electronic_money_total_volume,5e,Table 5e. Electronic Money,16,10,Volume Transaksi,Ribu Transaksi/ Thousands of Transaction,2015,3,2015-03,34342.547,SPIP-Desember-2025.xlsx
electronic_money_total_volume,5e,Table 5e. Electronic Money,16,10,Volume Transaksi,Ribu Transaksi/ Thousands of Transaction,2015,4,2015-04,33265.541,SPIP-Desember-2025.xlsx
electronic_money_total_volume,5e,Table 5e. Electronic Money,16,10,Volume Transaksi,Ribu Transaksi/ Thousands of Transaction,2015,5,2015-05,57966.419,SPIP-Desember-2025.xlsx
electronic_money_total_volume,5e,Table 5e. Electronic Money,16,10,Volume Transaksi,Ribu Transaksi/ Thousands of Transaction,2015,6,2015-06,64693.03100000002,SPIP-Desember-2025.xlsx
electronic_money_total_volume,5e,Table 5e. Electronic Money,16,10,Volume Transaksi,Ribu Transaksi/ Thousands of Transaction,2015,7,2015-07,63571.098999999995,SPIP-Desember-2025.xlsx
electronic_money_total_volume,5e,Table 5e. Electronic Money,16,10,Volume Transaksi,Ribu Transaksi/ Thousands of Transaction,2015,8,2015-08,64734.725,SPIP-Desember-2025.xlsx
electronic_money_total_volume,5e,Table 5e. Electronic Money,16,10,Volume Transaksi,Ribu Transaksi/ Thousands of Transaction,2015,9,2015-09,59428.206,SPIP-Desember-2025.xlsx
electronic_money_total_volume,5e,Table 5e. Electronic Money,16,10,Volume Transaksi,Ribu Transaksi/ Thousands of Transaction,2015,10,2015-10,56914.75,SPIP-Desember-2025.xlsx
electronic_money_total_volume,5e,Table 5e. Electronic Money,16,10,Volume Transaksi,Ribu Transaksi/ Thousands of Transaction,2015,11,2015-11,52483.195,SPIP-Desember-2025.xlsx
electronic_money_total_volume,5e,Table 5e. Electronic Money,16,10,Volume Transaksi,Ribu Transaksi/ Thousands of Transaction,2015,12,2015-12,47593.471,SPIP-Desember-2025.xlsx
electronic_money_total_volume,5e,Table 5e. Electronic Money,16,10,Volume Transaksi,Ribu Transaksi/ Thousands of Transaction,2016,1,2016-01,46710.988,SPIP-Desember-2025.xlsx
electronic_money_total_volume,5e,Table 5e. Electronic Money,16,10,Volume Transaksi,Ribu Transaksi/ Thousands of Transaction,2016,2,2016-02,52313.609,SPIP-Desember-2025.xlsx
electronic_money_total_volume,5e,Table 5e. Electronic Money,16,10,Volume Transaksi,Ribu Transaksi/ Thousands of Transaction,2016,3,2016-03,56754.46,SPIP-Desember-2025.xlsx
electronic_money_total_volume,5e,Table 5e. Electronic Money,16,10,Volume Transaksi,Ribu Transaksi/ Thousands of Transaction,2016,4,2016-04,56717.924000000006,SPIP-Desember-2025.xlsx
electronic_money_total_volume,5e,Table 5e. Electronic Money,16,10,Volume Transaksi,Ribu Transaksi/ Thousands of Transaction,2016,5,2016-05,70390.37299999999,SPIP-Desember-2025.xlsx
electronic_money_total_volume,5e,Table 5e. Electronic Money,16,10,Volume Transaksi,Ribu Transaksi/ Thousands of Transaction,2016,6,2016-06,61231.21800000001,SPIP-Desember-2025.xlsx
electronic_money_total_volume,5e,Table 5e. Electronic Money,16,10,Volume Transaksi,Ribu Transaksi/ Thousands of Transaction,2016,7,2016-07,55690.91900000001,SPIP-Desember-2025.xlsx
electronic_money_total_volume,5e,Table 5e. Electronic Money,16,10,Volume Transaksi,Ribu Transaksi/ Thousands of Transaction,2016,8,2016-08,67016.414,SPIP-Desember-2025.xlsx
electronic_money_total_volume,5e,Table 5e. Electronic Money,16,10,Volume Transaksi,Ribu Transaksi/ Thousands of Transaction,2016,9,2016-09,64248.28699999999,SPIP-Desember-2025.xlsx
electronic_money_total_volume,5e,Table 5e. Electronic Money,16,10,Volume Transaksi,Ribu Transaksi/ Thousands of Transaction,2016,10,2016-10,67695.99300000002,SPIP-Desember-2025.xlsx
electronic_money_total_volume,5e,Table 5e. Electronic Money,16,10,Volume Transaksi,Ribu Transaksi/ Thousands of Transaction,2016,11,2016-11,73339.72300000001,SPIP-Desember-2025.xlsx
electronic_money_total_volume,5e,Table 5e. Electronic Money,16,10,Volume Transaksi,Ribu Transaksi/ Thousands of Transaction,2016,12,2016-12,86668.46999999999,SPIP-Desember-2025.xlsx
electronic_money_total_volume,5e,Table 5e. Electronic Money,16,10,Volume Transaksi,Ribu Transaksi/ Thousands of Transaction,2017,1,2017-01,65043.407999999996,SPIP-Desember-2025.xlsx
electronic_money_total_volume,5e,Table 5e. Electronic Money,16,10,Volume Transaksi,Ribu Transaksi/ Thousands of Transaction,2017,2,2017-02,65260.142,SPIP-Desember-2025.xlsx
electronic_money_total_volume,5e,Table 5e. Electronic Money,16,10,Volume Transaksi,Ribu Transaksi/ Thousands of Transaction,2017,3,2017-03,75164.03199999999,SPIP-Desember-2025.xlsx
electronic_money_total_volume,5e,Table 5e. Electronic Money,16,10,Volume Transaksi,Ribu Transaksi/ Thousands of Transaction,2017,4,2017-04,67336.518,SPIP-Desember-2025.xlsx
electronic_money_total_volume,5e,Table 5e. Electronic Money,16,10,Volume Transaksi,Ribu Transaksi/ Thousands of Transaction,2017,5,2017-05,77384.661,SPIP-Desember-2025.xlsx
electronic_money_total_volume,5e,Table 5e. Electronic Money,16,10,Volume Transaksi,Ribu Transaksi/ Thousands of Transaction,2017,6,2017-06,67459.27200000001,SPIP-Desember-2025.xlsx
electronic_money_total_volume,5e,Table 5e. Electronic Money,16,10,Volume Transaksi,Ribu Transaksi/ Thousands of Transaction,2017,7,2017-07,83532.58799999999,SPIP-Desember-2025.xlsx
electronic_money_total_volume,5e,Table 5e. Electronic Money,16,10,Volume Transaksi,Ribu Transaksi/ Thousands of Transaction,2017,8,2017-08,82230.47819310131,SPIP-Desember-2025.xlsx
electronic_money_total_volume,5e,Table 5e. Electronic Money,16,10,Volume Transaksi,Ribu Transaksi/ Thousands of Transaction,2017,9,2017-09,87324.91500000001,SPIP-Desember-2025.xlsx
electronic_money_total_volume,5e,Table 5e. Electronic Money,16,10,Volume Transaksi,Ribu Transaksi/ Thousands of Transaction,2017,10,2017-10,133619.53500000003,SPIP-Desember-2025.xlsx
electronic_money_total_volume,5e,Table 5e. Electronic Money,16,10,Volume Transaksi,Ribu Transaksi/ Thousands of Transaction,2017,11,2017-11,159389.668,SPIP-Desember-2025.xlsx
electronic_money_total_volume,5e,Table 5e. Electronic Money,16,10,Volume Transaksi,Ribu Transaksi/ Thousands of Transaction,2017,12,2017-12,198531.56100000002,SPIP-Desember-2025.xlsx
electronic_money_total_volume,5e,Table 5e. Electronic Money,16,10,Volume Transaksi,Ribu Transaksi/ Thousands of Transaction,2018,1,2018-01,248886.83899999998,SPIP-Desember-2025.xlsx
electronic_money_total_volume,5e,Table 5e. Electronic Money,16,10,Volume Transaksi,Ribu Transaksi/ Thousands of Transaction,2018,2,2018-02,218594.27799999996,SPIP-Desember-2025.xlsx
electronic_money_total_volume,5e,Table 5e. Electronic Money,16,10,Volume Transaksi,Ribu Transaksi/ Thousands of Transaction,2018,3,2018-03,241166.79400000002,SPIP-Desember-2025.xlsx
electronic_money_total_volume,5e,Table 5e. Electronic Money,16,10,Volume Transaksi,Ribu Transaksi/ Thousands of Transaction,2018,4,2018-04,237031.06099999996,SPIP-Desember-2025.xlsx
electronic_money_total_volume,5e,Table 5e. Electronic Money,16,10,Volume Transaksi,Ribu Transaksi/ Thousands of Transaction,2018,5,2018-05,256676.23700000008,SPIP-Desember-2025.xlsx
electronic_money_total_volume,5e,Table 5e. Electronic Money,16,10,Volume Transaksi,Ribu Transaksi/ Thousands of Transaction,2018,6,2018-06,243924.054,SPIP-Desember-2025.xlsx
electronic_money_total_volume,5e,Table 5e. Electronic Money,16,10,Volume Transaksi,Ribu Transaksi/ Thousands of Transaction,2018,7,2018-07,273656.997,SPIP-Desember-2025.xlsx
electronic_money_total_volume,5e,Table 5e. Electronic Money,16,10,Volume Transaksi,Ribu Transaksi/ Thousands of Transaction,2018,8,2018-08,342227.022,SPIP-Desember-2025.xlsx
electronic_money_total_volume,5e,Table 5e. Electronic Money,16,10,Volume Transaksi,Ribu Transaksi/ Thousands of Transaction,2018,9,2018-09,262275.757,SPIP-Desember-2025.xlsx
electronic_money_total_volume,5e,Table 5e. Electronic Money,16,10,Volume Transaksi,Ribu Transaksi/ Thousands of Transaction,2018,10,2018-10,350496.6925,SPIP-Desember-2025.xlsx
electronic_money_total_volume,5e,Table 5e. Electronic Money,16,10,Volume Transaksi,Ribu Transaksi/ Thousands of Transaction,2018,11,2018-11,394826.175,SPIP-Desember-2025.xlsx
electronic_money_total_volume,5e,Table 5e. Electronic Money,16,10,Volume Transaksi,Ribu Transaksi/ Thousands of Transaction,2018,12,2018-12,359252.65799999994,SPIP-Desember-2025.xlsx
electronic_money_total_volume,5e,Table 5e. Electronic Money,16,10,Volume Transaksi,Ribu Transaksi/ Thousands of Transaction,2019,1,2019-01,367938.992,SPIP-Desember-2025.xlsx
electronic_money_total_volume,5e,Table 5e. Electronic Money,16,10,Volume Transaksi,Ribu Transaksi/ Thousands of Transaction,2019,2,2019-02,415380.56700000004,SPIP-Desember-2025.xlsx
electronic_money_total_volume,5e,Table 5e. Electronic Money,16,10,Volume Transaksi,Ribu Transaksi/ Thousands of Transaction,2019,3,2019-03,548738.6209999999,SPIP-Desember-2025.xlsx
electronic_money_total_volume,5e,Table 5e. Electronic Money,16,10,Volume Transaksi,Ribu Transaksi/ Thousands of Transaction,2019,4,2019-04,582538.067,SPIP-Desember-2025.xlsx
electronic_money_total_volume,5e,Table 5e. Electronic Money,16,10,Volume Transaksi,Ribu Transaksi/ Thousands of Transaction,2019,5,2019-05,567671.5179999999,SPIP-Desember-2025.xlsx
electronic_money_total_volume,5e,Table 5e. Electronic Money,16,10,Volume Transaksi,Ribu Transaksi/ Thousands of Transaction,2019,6,2019-06,526610.134,SPIP-Desember-2025.xlsx
electronic_money_total_volume,5e,Table 5e. Electronic Money,16,10,Volume Transaksi,Ribu Transaksi/ Thousands of Transaction,2019,7,2019-07,615267.041,SPIP-Desember-2025.xlsx
electronic_money_total_volume,5e,Table 5e. Electronic Money,16,10,Volume Transaksi,Ribu Transaksi/ Thousands of Transaction,2019,8,2019-08,658897.5989999999,SPIP-Desember-2025.xlsx
electronic_money_total_volume,5e,Table 5e. Electronic Money,16,10,Volume Transaksi,Ribu Transaksi/ Thousands of Transaction,2019,9,2019-09,680678.613,SPIP-Desember-2025.xlsx
electronic_money_total_volume,5e,Table 5e. Electronic Money,16,10,Volume Transaksi,Ribu Transaksi/ Thousands of Transaction,2019,10,2019-10,710725.182,SPIP-Desember-2025.xlsx
electronic_money_total_volume,5e,Table 5e. Electronic Money,16,10,Volume Transaksi,Ribu Transaksi/ Thousands of Transaction,2019,11,2019-11,674149.246,SPIP-Desember-2025.xlsx
electronic_money_total_volume,5e,Table 5e. Electronic Money,16,10,Volume Transaksi,Ribu Transaksi/ Thousands of Transaction,2019,12,2019-12,704987.342,SPIP-Desember-2025.xlsx
electronic_money_total_volume,5e,Table 5e. Electronic Money,16,10,Volume Transaksi,Ribu Transaksi/ Thousands of Transaction,2020,1,2020-01,2370356.4729999998,SPIP-Desember-2025.xlsx
electronic_money_total_volume,5e,Table 5e. Electronic Money,16,10,Volume Transaksi,Ribu Transaksi/ Thousands of Transaction,2020,2,2020-02,2372349.4299999997,SPIP-Desember-2025.xlsx
electronic_money_total_volume,5e,Table 5e. Electronic Money,16,10,Volume Transaksi,Ribu Transaksi/ Thousands of Transaction,2020,3,2020-03,1615530.4629999998,SPIP-Desember-2025.xlsx
electronic_money_total_volume,5e,Table 5e. Electronic Money,16,10,Volume Transaksi,Ribu Transaksi/ Thousands of Transaction,2020,4,2020-04,607753.338,SPIP-Desember-2025.xlsx
electronic_money_total_volume,5e,Table 5e. Electronic Money,16,10,Volume Transaksi,Ribu Transaksi/ Thousands of Transaction,2020,5,2020-05,505373.27600000007,SPIP-Desember-2025.xlsx
electronic_money_total_volume,5e,Table 5e. Electronic Money,16,10,Volume Transaksi,Ribu Transaksi/ Thousands of Transaction,2020,6,2020-06,918234.217,SPIP-Desember-2025.xlsx
electronic_money_total_volume,5e,Table 5e. Electronic Money,16,10,Volume Transaksi,Ribu Transaksi/ Thousands of Transaction,2020,7,2020-07,1246898.296,SPIP-Desember-2025.xlsx
electronic_money_total_volume,5e,Table 5e. Electronic Money,16,10,Volume Transaksi,Ribu Transaksi/ Thousands of Transaction,2020,8,2020-08,1222130.293,SPIP-Desember-2025.xlsx
electronic_money_total_volume,5e,Table 5e. Electronic Money,16,10,Volume Transaksi,Ribu Transaksi/ Thousands of Transaction,2020,9,2020-09,1053764.041,SPIP-Desember-2025.xlsx
electronic_money_total_volume,5e,Table 5e. Electronic Money,16,10,Volume Transaksi,Ribu Transaksi/ Thousands of Transaction,2020,10,2020-10,1022954.793,SPIP-Desember-2025.xlsx
electronic_money_total_volume,5e,Table 5e. Electronic Money,16,10,Volume Transaksi,Ribu Transaksi/ Thousands of Transaction,2020,11,2020-11,840144.152,SPIP-Desember-2025.xlsx
electronic_money_total_volume,5e,Table 5e. Electronic Money,16,10,Volume Transaksi,Ribu Transaksi/ Thousands of Transaction,2020,12,2020-12,1267986.4870000002,SPIP-Desember-2025.xlsx
electronic_money_total_volume,5e,Table 5e. Electronic Money,16,10,Volume Transaksi,Ribu Transaksi/ Thousands of Transaction,2021,1,2021-01,565861.1190000001,SPIP-Desember-2025.xlsx
electronic_money_total_volume,5e,Table 5e. Electronic Money,16,10,Volume Transaksi,Ribu Transaksi/ Thousands of Transaction,2021,2,2021-02,542092.909,SPIP-Desember-2025.xlsx
electronic_money_total_volume,5e,Table 5e. Electronic Money,16,10,Volume Transaksi,Ribu Transaksi/ Thousands of Transaction,2021,3,2021-03,632263.1710000001,SPIP-Desember-2025.xlsx
electronic_money_total_volume,5e,Table 5e. Electronic Money,16,10,Volume Transaksi,Ribu Transaksi/ Thousands of Transaction,2021,4,2021-04,628781.506,SPIP-Desember-2025.xlsx
electronic_money_total_volume,5e,Table 5e. Electronic Money,16,10,Volume Transaksi,Ribu Transaksi/ Thousands of Transaction,2021,5,2021-05,715266.377,SPIP-Desember-2025.xlsx
electronic_money_total_volume,5e,Table 5e. Electronic Money,16,10,Volume Transaksi,Ribu Transaksi/ Thousands of Transaction,2021,6,2021-06,685803.4629999999,SPIP-Desember-2025.xlsx
electronic_money_total_volume,5e,Table 5e. Electronic Money,16,10,Volume Transaksi,Ribu Transaksi/ Thousands of Transaction,2021,7,2021-07,655241.843,SPIP-Desember-2025.xlsx
electronic_money_total_volume,5e,Table 5e. Electronic Money,16,10,Volume Transaksi,Ribu Transaksi/ Thousands of Transaction,2021,8,2021-08,683135.19,SPIP-Desember-2025.xlsx
electronic_money_total_volume,5e,Table 5e. Electronic Money,16,10,Volume Transaksi,Ribu Transaksi/ Thousands of Transaction,2021,9,2021-09,731037.329,SPIP-Desember-2025.xlsx
electronic_money_total_volume,5e,Table 5e. Electronic Money,16,10,Volume Transaksi,Ribu Transaksi/ Thousands of Transaction,2021,10,2021-10,753096.9069999999,SPIP-Desember-2025.xlsx
electronic_money_total_volume,5e,Table 5e. Electronic Money,16,10,Volume Transaksi,Ribu Transaksi/ Thousands of Transaction,2021,11,2021-11,783654.0380000001,SPIP-Desember-2025.xlsx
electronic_money_total_volume,5e,Table 5e. Electronic Money,16,10,Volume Transaksi,Ribu Transaksi/ Thousands of Transaction,2021,12,2021-12,887926.404,SPIP-Desember-2025.xlsx
electronic_money_total_volume,5e,Table 5e. Electronic Money,16,10,Volume Transaksi,Ribu Transaksi/ Thousands of Transaction,2022,1,2022-01,827200.1629999998,SPIP-Desember-2025.xlsx
electronic_money_total_volume,5e,Table 5e. Electronic Money,16,10,Volume Transaksi,Ribu Transaksi/ Thousands of Transaction,2022,2,2022-02,753842.7530000001,SPIP-Desember-2025.xlsx
electronic_money_total_volume,5e,Table 5e. Electronic Money,16,10,Volume Transaksi,Ribu Transaksi/ Thousands of Transaction,2022,3,2022-03,851986.9879999999,SPIP-Desember-2025.xlsx
electronic_money_total_volume,5e,Table 5e. Electronic Money,16,10,Volume Transaksi,Ribu Transaksi/ Thousands of Transaction,2022,4,2022-04,923432.0560000001,SPIP-Desember-2025.xlsx
electronic_money_total_volume,5e,Table 5e. Electronic Money,16,10,Volume Transaksi,Ribu Transaksi/ Thousands of Transaction,2022,5,2022-05,895471.368,SPIP-Desember-2025.xlsx
electronic_money_total_volume,5e,Table 5e. Electronic Money,16,10,Volume Transaksi,Ribu Transaksi/ Thousands of Transaction,2022,6,2022-06,933551.7640000001,SPIP-Desember-2025.xlsx
electronic_money_total_volume,5e,Table 5e. Electronic Money,16,10,Volume Transaksi,Ribu Transaksi/ Thousands of Transaction,2022,7,2022-07,1025669.6649999999,SPIP-Desember-2025.xlsx
electronic_money_total_volume,5e,Table 5e. Electronic Money,16,10,Volume Transaksi,Ribu Transaksi/ Thousands of Transaction,2022,8,2022-08,1078168.3310000002,SPIP-Desember-2025.xlsx
electronic_money_total_volume,5e,Table 5e. Electronic Money,16,10,Volume Transaksi,Ribu Transaksi/ Thousands of Transaction,2022,9,2022-09,1076616.632,SPIP-Desember-2025.xlsx
electronic_money_total_volume,5e,Table 5e. Electronic Money,16,10,Volume Transaksi,Ribu Transaksi/ Thousands of Transaction,2022,10,2022-10,1222590.2599999998,SPIP-Desember-2025.xlsx
electronic_money_total_volume,5e,Table 5e. Electronic Money,16,10,Volume Transaksi,Ribu Transaksi/ Thousands of Transaction,2022,11,2022-11,1346008.43,SPIP-Desember-2025.xlsx
electronic_money_total_volume,5e,Table 5e. Electronic Money,16,10,Volume Transaksi,Ribu Transaksi/ Thousands of Transaction,2022,12,2022-12,1395821.187,SPIP-Desember-2025.xlsx
electronic_money_total_volume,5e,Table 5e. Electronic Money,16,10,Volume Transaksi,Ribu Transaksi/ Thousands of Transaction,2023,1,2023-01,1244955.403,SPIP-Desember-2025.xlsx
electronic_money_total_volume,5e,Table 5e. Electronic Money,16,10,Volume Transaksi,Ribu Transaksi/ Thousands of Transaction,2023,2,2023-02,1330212.584,SPIP-Desember-2025.xlsx
electronic_money_total_volume,5e,Table 5e. Electronic Money,16,10,Volume Transaksi,Ribu Transaksi/ Thousands of Transaction,2023,3,2023-03,1650356.2860000003,SPIP-Desember-2025.xlsx
electronic_money_total_volume,5e,Table 5e. Electronic Money,16,10,Volume Transaksi,Ribu Transaksi/ Thousands of Transaction,2023,4,2023-04,1710094.588,SPIP-Desember-2025.xlsx
electronic_money_total_volume,5e,Table 5e. Electronic Money,16,10,Volume Transaksi,Ribu Transaksi/ Thousands of Transaction,2023,5,2023-05,1764491.568,SPIP-Desember-2025.xlsx
electronic_money_total_volume,5e,Table 5e. Electronic Money,16,10,Volume Transaksi,Ribu Transaksi/ Thousands of Transaction,2023,6,2023-06,2348698.614,SPIP-Desember-2025.xlsx
electronic_money_total_volume,5e,Table 5e. Electronic Money,16,10,Volume Transaksi,Ribu Transaksi/ Thousands of Transaction,2023,7,2023-07,1759257.104,SPIP-Desember-2025.xlsx
electronic_money_total_volume,5e,Table 5e. Electronic Money,16,10,Volume Transaksi,Ribu Transaksi/ Thousands of Transaction,2023,8,2023-08,1994571.547,SPIP-Desember-2025.xlsx
electronic_money_total_volume,5e,Table 5e. Electronic Money,16,10,Volume Transaksi,Ribu Transaksi/ Thousands of Transaction,2023,9,2023-09,1676226.816,SPIP-Desember-2025.xlsx
electronic_money_total_volume,5e,Table 5e. Electronic Money,16,10,Volume Transaksi,Ribu Transaksi/ Thousands of Transaction,2023,10,2023-10,1699332.8719999997,SPIP-Desember-2025.xlsx
electronic_money_total_volume,5e,Table 5e. Electronic Money,16,10,Volume Transaksi,Ribu Transaksi/ Thousands of Transaction,2023,11,2023-11,1619596.362,SPIP-Desember-2025.xlsx
electronic_money_total_volume,5e,Table 5e. Electronic Money,16,10,Volume Transaksi,Ribu Transaksi/ Thousands of Transaction,2023,12,2023-12,1609944.012,SPIP-Desember-2025.xlsx
electronic_money_total_volume,5e,Table 5e. Electronic Money,16,10,Volume Transaksi,Ribu Transaksi/ Thousands of Transaction,2024,1,2024-01,1571948.8470000003,SPIP-Desember-2025.xlsx
electronic_money_total_volume,5e,Table 5e. Electronic Money,16,10,Volume Transaksi,Ribu Transaksi/ Thousands of Transaction,2024,2,2024-02,1553092.4909999997,SPIP-Desember-2025.xlsx
electronic_money_total_volume,5e,Table 5e. Electronic Money,16,10,Volume Transaksi,Ribu Transaksi/ Thousands of Transaction,2024,3,2024-03,1718158.5690000001,SPIP-Desember-2025.xlsx
electronic_money_total_volume,5e,Table 5e. Electronic Money,16,10,Volume Transaksi,Ribu Transaksi/ Thousands of Transaction,2024,4,2024-04,1742257.814,SPIP-Desember-2025.xlsx
electronic_money_total_volume,5e,Table 5e. Electronic Money,16,10,Volume Transaksi,Ribu Transaksi/ Thousands of Transaction,2024,5,2024-05,1823135.426,SPIP-Desember-2025.xlsx
electronic_money_total_volume,5e,Table 5e. Electronic Money,16,10,Volume Transaksi,Ribu Transaksi/ Thousands of Transaction,2024,6,2024-06,1764059.0799999998,SPIP-Desember-2025.xlsx
electronic_money_total_volume,5e,Table 5e. Electronic Money,16,10,Volume Transaksi,Ribu Transaksi/ Thousands of Transaction,2024,7,2024-07,1755017.8839999998,SPIP-Desember-2025.xlsx
electronic_money_total_volume,5e,Table 5e. Electronic Money,16,10,Volume Transaksi,Ribu Transaksi/ Thousands of Transaction,2024,8,2024-08,1835100.558,SPIP-Desember-2025.xlsx
electronic_money_total_volume,5e,Table 5e. Electronic Money,16,10,Volume Transaksi,Ribu Transaksi/ Thousands of Transaction,2024,9,2024-09,1832831.5529999998,SPIP-Desember-2025.xlsx
electronic_money_total_volume,5e,Table 5e. Electronic Money,16,10,Volume Transaksi,Ribu Transaksi/ Thousands of Transaction,2024,10,2024-10,1936171.3,SPIP-Desember-2025.xlsx
electronic_money_total_volume,5e,Table 5e. Electronic Money,16,10,Volume Transaksi,Ribu Transaksi/ Thousands of Transaction,2024,11,2024-11,1845092.6410000003,SPIP-Desember-2025.xlsx
electronic_money_total_volume,5e,Table 5e. Electronic Money,16,10,Volume Transaksi,Ribu Transaksi/ Thousands of Transaction,2024,12,2024-12,2293482.8989999997,SPIP-Desember-2025.xlsx
electronic_money_total_volume,5e,Table 5e. Electronic Money,16,10,Volume Transaksi,Ribu Transaksi/ Thousands of Transaction,2025,1,2025-01,2220216.578,SPIP-Desember-2025.xlsx
electronic_money_total_volume,5e,Table 5e. Electronic Money,16,10,Volume Transaksi,Ribu Transaksi/ Thousands of Transaction,2025,2,2025-02,2145506.3140119994,SPIP-Desember-2025.xlsx
electronic_money_total_volume,5e,Table 5e. Electronic Money,16,10,Volume Transaksi,Ribu Transaksi/ Thousands of Transaction,2025,3,2025-03,2525374.4450000003,SPIP-Desember-2025.xlsx
electronic_money_total_volume,5e,Table 5e. Electronic Money,16,10,Volume Transaksi,Ribu Transaksi/ Thousands of Transaction,2025,4,2025-04,2376979.808,SPIP-Desember-2025.xlsx
electronic_money_total_volume,5e,Table 5e. Electronic Money,16,10,Volume Transaksi,Ribu Transaksi/ Thousands of Transaction,2025,5,2025-05,2624455.3249999997,SPIP-Desember-2025.xlsx
electronic_money_total_volume,5e,Table 5e. Electronic Money,16,10,Volume Transaksi,Ribu Transaksi/ Thousands of Transaction,2025,6,2025-06,2695009.644,SPIP-Desember-2025.xlsx
electronic_money_total_volume,5e,Table 5e. Electronic Money,16,10,Volume Transaksi,Ribu Transaksi/ Thousands of Transaction,2025,7,2025-07,2719802.7150000003,SPIP-Desember-2025.xlsx
electronic_money_total_volume,5e,Table 5e. Electronic Money,16,10,Volume Transaksi,Ribu Transaksi/ Thousands of Transaction,2025,8,2025-08,2790485.5430000043,SPIP-Desember-2025.xlsx
electronic_money_total_volume,5e,Table 5e. Electronic Money,16,10,Volume Transaksi,Ribu Transaksi/ Thousands of Transaction,2025,9,2025-09,2790981.7189999996,SPIP-Desember-2025.xlsx
electronic_money_total_volume,5e,Table 5e. Electronic Money,16,10,Volume Transaksi,Ribu Transaksi/ Thousands of Transaction,2025,10,2025-10,3002075.6880000033,SPIP-Desember-2025.xlsx
electronic_money_total_volume,5e,Table 5e. Electronic Money,16,10,Volume Transaksi,Ribu Transaksi/ Thousands of Transaction,2025,11,2025-11,2994746.756000003,SPIP-Desember-2025.xlsx
electronic_money_shopping_volume,5e,Table 5e. Electronic Money,17,11,Volume Transaksi Belanja,Ribu Transaksi/ Thousands of Transaction,2009,1,2009-01,492.818,SPIP-Desember-2025.xlsx
electronic_money_shopping_volume,5e,Table 5e. Electronic Money,17,11,Volume Transaksi Belanja,Ribu Transaksi/ Thousands of Transaction,2009,2,2009-02,760.746,SPIP-Desember-2025.xlsx
electronic_money_shopping_volume,5e,Table 5e. Electronic Money,17,11,Volume Transaksi Belanja,Ribu Transaksi/ Thousands of Transaction,2009,3,2009-03,1235.384,SPIP-Desember-2025.xlsx
electronic_money_shopping_volume,5e,Table 5e. Electronic Money,17,11,Volume Transaksi Belanja,Ribu Transaksi/ Thousands of Transaction,2009,4,2009-04,1431.314,SPIP-Desember-2025.xlsx
electronic_money_shopping_volume,5e,Table 5e. Electronic Money,17,11,Volume Transaksi Belanja,Ribu Transaksi/ Thousands of Transaction,2009,5,2009-05,1664.352,SPIP-Desember-2025.xlsx
electronic_money_shopping_volume,5e,Table 5e. Electronic Money,17,11,Volume Transaksi Belanja,Ribu Transaksi/ Thousands of Transaction,2009,6,2009-06,1427.7,SPIP-Desember-2025.xlsx
electronic_money_shopping_volume,5e,Table 5e. Electronic Money,17,11,Volume Transaksi Belanja,Ribu Transaksi/ Thousands of Transaction,2009,7,2009-07,1449.281,SPIP-Desember-2025.xlsx
electronic_money_shopping_volume,5e,Table 5e. Electronic Money,17,11,Volume Transaksi Belanja,Ribu Transaksi/ Thousands of Transaction,2009,8,2009-08,1366.804,SPIP-Desember-2025.xlsx
electronic_money_shopping_volume,5e,Table 5e. Electronic Money,17,11,Volume Transaksi Belanja,Ribu Transaksi/ Thousands of Transaction,2009,9,2009-09,2047.47,SPIP-Desember-2025.xlsx
electronic_money_shopping_volume,5e,Table 5e. Electronic Money,17,11,Volume Transaksi Belanja,Ribu Transaksi/ Thousands of Transaction,2009,10,2009-10,1785.942,SPIP-Desember-2025.xlsx
electronic_money_shopping_volume,5e,Table 5e. Electronic Money,17,11,Volume Transaksi Belanja,Ribu Transaksi/ Thousands of Transaction,2009,11,2009-11,1737.553,SPIP-Desember-2025.xlsx
electronic_money_shopping_volume,5e,Table 5e. Electronic Money,17,11,Volume Transaksi Belanja,Ribu Transaksi/ Thousands of Transaction,2009,12,2009-12,2037.268,SPIP-Desember-2025.xlsx
electronic_money_shopping_volume,5e,Table 5e. Electronic Money,17,11,Volume Transaksi Belanja,Ribu Transaksi/ Thousands of Transaction,2010,1,2010-01,2019.147,SPIP-Desember-2025.xlsx
electronic_money_shopping_volume,5e,Table 5e. Electronic Money,17,11,Volume Transaksi Belanja,Ribu Transaksi/ Thousands of Transaction,2010,2,2010-02,1914.662,SPIP-Desember-2025.xlsx
electronic_money_shopping_volume,5e,Table 5e. Electronic Money,17,11,Volume Transaksi Belanja,Ribu Transaksi/ Thousands of Transaction,2010,3,2010-03,1993.607,SPIP-Desember-2025.xlsx
electronic_money_shopping_volume,5e,Table 5e. Electronic Money,17,11,Volume Transaksi Belanja,Ribu Transaksi/ Thousands of Transaction,2010,4,2010-04,2065.037,SPIP-Desember-2025.xlsx
electronic_money_shopping_volume,5e,Table 5e. Electronic Money,17,11,Volume Transaksi Belanja,Ribu Transaksi/ Thousands of Transaction,2010,5,2010-05,2126.067,SPIP-Desember-2025.xlsx
electronic_money_shopping_volume,5e,Table 5e. Electronic Money,17,11,Volume Transaksi Belanja,Ribu Transaksi/ Thousands of Transaction,2010,6,2010-06,2230.367,SPIP-Desember-2025.xlsx
electronic_money_shopping_volume,5e,Table 5e. Electronic Money,17,11,Volume Transaksi Belanja,Ribu Transaksi/ Thousands of Transaction,2010,7,2010-07,2279.353,SPIP-Desember-2025.xlsx
electronic_money_shopping_volume,5e,Table 5e. Electronic Money,17,11,Volume Transaksi Belanja,Ribu Transaksi/ Thousands of Transaction,2010,8,2010-08,2243.698,SPIP-Desember-2025.xlsx
electronic_money_shopping_volume,5e,Table 5e. Electronic Money,17,11,Volume Transaksi Belanja,Ribu Transaksi/ Thousands of Transaction,2010,9,2010-09,1999.368,SPIP-Desember-2025.xlsx
electronic_money_shopping_volume,5e,Table 5e. Electronic Money,17,11,Volume Transaksi Belanja,Ribu Transaksi/ Thousands of Transaction,2010,10,2010-10,2446.354,SPIP-Desember-2025.xlsx
electronic_money_shopping_volume,5e,Table 5e. Electronic Money,17,11,Volume Transaksi Belanja,Ribu Transaksi/ Thousands of Transaction,2010,11,2010-11,2326.155,SPIP-Desember-2025.xlsx
electronic_money_shopping_volume,5e,Table 5e. Electronic Money,17,11,Volume Transaksi Belanja,Ribu Transaksi/ Thousands of Transaction,2010,12,2010-12,2898.167,SPIP-Desember-2025.xlsx
electronic_money_shopping_volume,5e,Table 5e. Electronic Money,17,11,Volume Transaksi Belanja,Ribu Transaksi/ Thousands of Transaction,2011,1,2011-01,2844.018,SPIP-Desember-2025.xlsx
electronic_money_shopping_volume,5e,Table 5e. Electronic Money,17,11,Volume Transaksi Belanja,Ribu Transaksi/ Thousands of Transaction,2011,2,2011-02,2339.473,SPIP-Desember-2025.xlsx
electronic_money_shopping_volume,5e,Table 5e. Electronic Money,17,11,Volume Transaksi Belanja,Ribu Transaksi/ Thousands of Transaction,2011,3,2011-03,3216.17,SPIP-Desember-2025.xlsx
electronic_money_shopping_volume,5e,Table 5e. Electronic Money,17,11,Volume Transaksi Belanja,Ribu Transaksi/ Thousands of Transaction,2011,4,2011-04,3108.815,SPIP-Desember-2025.xlsx
electronic_money_shopping_volume,5e,Table 5e. Electronic Money,17,11,Volume Transaksi Belanja,Ribu Transaksi/ Thousands of Transaction,2011,5,2011-05,3162.917,SPIP-Desember-2025.xlsx
electronic_money_shopping_volume,5e,Table 5e. Electronic Money,17,11,Volume Transaksi Belanja,Ribu Transaksi/ Thousands of Transaction,2011,6,2011-06,3085.833,SPIP-Desember-2025.xlsx
electronic_money_shopping_volume,5e,Table 5e. Electronic Money,17,11,Volume Transaksi Belanja,Ribu Transaksi/ Thousands of Transaction,2011,7,2011-07,3703.291,SPIP-Desember-2025.xlsx
electronic_money_shopping_volume,5e,Table 5e. Electronic Money,17,11,Volume Transaksi Belanja,Ribu Transaksi/ Thousands of Transaction,2011,8,2011-08,3399.868,SPIP-Desember-2025.xlsx
electronic_money_shopping_volume,5e,Table 5e. Electronic Money,17,11,Volume Transaksi Belanja,Ribu Transaksi/ Thousands of Transaction,2011,9,2011-09,3472.472,SPIP-Desember-2025.xlsx
electronic_money_shopping_volume,5e,Table 5e. Electronic Money,17,11,Volume Transaksi Belanja,Ribu Transaksi/ Thousands of Transaction,2011,10,2011-10,3937.939,SPIP-Desember-2025.xlsx
electronic_money_shopping_volume,5e,Table 5e. Electronic Money,17,11,Volume Transaksi Belanja,Ribu Transaksi/ Thousands of Transaction,2011,11,2011-11,4120.12,SPIP-Desember-2025.xlsx
electronic_money_shopping_volume,5e,Table 5e. Electronic Money,17,11,Volume Transaksi Belanja,Ribu Transaksi/ Thousands of Transaction,2011,12,2011-12,4669.233,SPIP-Desember-2025.xlsx
electronic_money_shopping_volume,5e,Table 5e. Electronic Money,17,11,Volume Transaksi Belanja,Ribu Transaksi/ Thousands of Transaction,2012,1,2012-01,4548.593000000001,SPIP-Desember-2025.xlsx
electronic_money_shopping_volume,5e,Table 5e. Electronic Money,17,11,Volume Transaksi Belanja,Ribu Transaksi/ Thousands of Transaction,2012,2,2012-02,5733.102,SPIP-Desember-2025.xlsx
electronic_money_shopping_volume,5e,Table 5e. Electronic Money,17,11,Volume Transaksi Belanja,Ribu Transaksi/ Thousands of Transaction,2012,3,2012-03,6990.612999999999,SPIP-Desember-2025.xlsx
electronic_money_shopping_volume,5e,Table 5e. Electronic Money,17,11,Volume Transaksi Belanja,Ribu Transaksi/ Thousands of Transaction,2012,4,2012-04,7483.775,SPIP-Desember-2025.xlsx
electronic_money_shopping_volume,5e,Table 5e. Electronic Money,17,11,Volume Transaksi Belanja,Ribu Transaksi/ Thousands of Transaction,2012,5,2012-05,8587.215,SPIP-Desember-2025.xlsx
electronic_money_shopping_volume,5e,Table 5e. Electronic Money,17,11,Volume Transaksi Belanja,Ribu Transaksi/ Thousands of Transaction,2012,6,2012-06,8632.104,SPIP-Desember-2025.xlsx
electronic_money_shopping_volume,5e,Table 5e. Electronic Money,17,11,Volume Transaksi Belanja,Ribu Transaksi/ Thousands of Transaction,2012,7,2012-07,9821.733,SPIP-Desember-2025.xlsx
electronic_money_shopping_volume,5e,Table 5e. Electronic Money,17,11,Volume Transaksi Belanja,Ribu Transaksi/ Thousands of Transaction,2012,8,2012-08,8491.618,SPIP-Desember-2025.xlsx
electronic_money_shopping_volume,5e,Table 5e. Electronic Money,17,11,Volume Transaksi Belanja,Ribu Transaksi/ Thousands of Transaction,2012,9,2012-09,9471.354,SPIP-Desember-2025.xlsx
electronic_money_shopping_volume,5e,Table 5e. Electronic Money,17,11,Volume Transaksi Belanja,Ribu Transaksi/ Thousands of Transaction,2012,10,2012-10,9977.618242508328,SPIP-Desember-2025.xlsx
electronic_money_shopping_volume,5e,Table 5e. Electronic Money,17,11,Volume Transaksi Belanja,Ribu Transaksi/ Thousands of Transaction,2012,11,2012-11,10636.699999999999,SPIP-Desember-2025.xlsx
electronic_money_shopping_volume,5e,Table 5e. Electronic Money,17,11,Volume Transaksi Belanja,Ribu Transaksi/ Thousands of Transaction,2012,12,2012-12,10260.989,SPIP-Desember-2025.xlsx
electronic_money_shopping_volume,5e,Table 5e. Electronic Money,17,11,Volume Transaksi Belanja,Ribu Transaksi/ Thousands of Transaction,2013,1,2013-01,9597.739000000001,SPIP-Desember-2025.xlsx
electronic_money_shopping_volume,5e,Table 5e. Electronic Money,17,11,Volume Transaksi Belanja,Ribu Transaksi/ Thousands of Transaction,2013,2,2013-02,9626.118999999999,SPIP-Desember-2025.xlsx
electronic_money_shopping_volume,5e,Table 5e. Electronic Money,17,11,Volume Transaksi Belanja,Ribu Transaksi/ Thousands of Transaction,2013,3,2013-03,11504.179,SPIP-Desember-2025.xlsx
electronic_money_shopping_volume,5e,Table 5e. Electronic Money,17,11,Volume Transaksi Belanja,Ribu Transaksi/ Thousands of Transaction,2013,4,2013-04,11383.13,SPIP-Desember-2025.xlsx
electronic_money_shopping_volume,5e,Table 5e. Electronic Money,17,11,Volume Transaksi Belanja,Ribu Transaksi/ Thousands of Transaction,2013,5,2013-05,11583.012,SPIP-Desember-2025.xlsx
electronic_money_shopping_volume,5e,Table 5e. Electronic Money,17,11,Volume Transaksi Belanja,Ribu Transaksi/ Thousands of Transaction,2013,6,2013-06,11293.467,SPIP-Desember-2025.xlsx
electronic_money_shopping_volume,5e,Table 5e. Electronic Money,17,11,Volume Transaksi Belanja,Ribu Transaksi/ Thousands of Transaction,2013,7,2013-07,12893.52,SPIP-Desember-2025.xlsx
electronic_money_shopping_volume,5e,Table 5e. Electronic Money,17,11,Volume Transaksi Belanja,Ribu Transaksi/ Thousands of Transaction,2013,8,2013-08,11074.802,SPIP-Desember-2025.xlsx
electronic_money_shopping_volume,5e,Table 5e. Electronic Money,17,11,Volume Transaksi Belanja,Ribu Transaksi/ Thousands of Transaction,2013,9,2013-09,11881.737,SPIP-Desember-2025.xlsx
electronic_money_shopping_volume,5e,Table 5e. Electronic Money,17,11,Volume Transaksi Belanja,Ribu Transaksi/ Thousands of Transaction,2013,10,2013-10,12293.987,SPIP-Desember-2025.xlsx
electronic_money_shopping_volume,5e,Table 5e. Electronic Money,17,11,Volume Transaksi Belanja,Ribu Transaksi/ Thousands of Transaction,2013,11,2013-11,12326.415,SPIP-Desember-2025.xlsx
electronic_money_shopping_volume,5e,Table 5e. Electronic Money,17,11,Volume Transaksi Belanja,Ribu Transaksi/ Thousands of Transaction,2013,12,2013-12,12442.672,SPIP-Desember-2025.xlsx
electronic_money_shopping_volume,5e,Table 5e. Electronic Money,17,11,Volume Transaksi Belanja,Ribu Transaksi/ Thousands of Transaction,2014,1,2014-01,12058.775000000001,SPIP-Desember-2025.xlsx
electronic_money_shopping_volume,5e,Table 5e. Electronic Money,17,11,Volume Transaksi Belanja,Ribu Transaksi/ Thousands of Transaction,2014,2,2014-02,11784.179999999998,SPIP-Desember-2025.xlsx
electronic_money_shopping_volume,5e,Table 5e. Electronic Money,17,11,Volume Transaksi Belanja,Ribu Transaksi/ Thousands of Transaction,2014,3,2014-03,14081.329,SPIP-Desember-2025.xlsx
electronic_money_shopping_volume,5e,Table 5e. Electronic Money,17,11,Volume Transaksi Belanja,Ribu Transaksi/ Thousands of Transaction,2014,4,2014-04,13479.27,SPIP-Desember-2025.xlsx
electronic_money_shopping_volume,5e,Table 5e. Electronic Money,17,11,Volume Transaksi Belanja,Ribu Transaksi/ Thousands of Transaction,2014,5,2014-05,15154.984,SPIP-Desember-2025.xlsx
electronic_money_shopping_volume,5e,Table 5e. Electronic Money,17,11,Volume Transaksi Belanja,Ribu Transaksi/ Thousands of Transaction,2014,6,2014-06,15611.532000000001,SPIP-Desember-2025.xlsx
electronic_money_shopping_volume,5e,Table 5e. Electronic Money,17,11,Volume Transaksi Belanja,Ribu Transaksi/ Thousands of Transaction,2014,7,2014-07,14042.034,SPIP-Desember-2025.xlsx
electronic_money_shopping_volume,5e,Table 5e. Electronic Money,17,11,Volume Transaksi Belanja,Ribu Transaksi/ Thousands of Transaction,2014,8,2014-08,17045.282,SPIP-Desember-2025.xlsx
electronic_money_shopping_volume,5e,Table 5e. Electronic Money,17,11,Volume Transaksi Belanja,Ribu Transaksi/ Thousands of Transaction,2014,9,2014-09,20554.999,SPIP-Desember-2025.xlsx
electronic_money_shopping_volume,5e,Table 5e. Electronic Money,17,11,Volume Transaksi Belanja,Ribu Transaksi/ Thousands of Transaction,2014,10,2014-10,20810.457,SPIP-Desember-2025.xlsx
electronic_money_shopping_volume,5e,Table 5e. Electronic Money,17,11,Volume Transaksi Belanja,Ribu Transaksi/ Thousands of Transaction,2014,11,2014-11,22593.077,SPIP-Desember-2025.xlsx
electronic_money_shopping_volume,5e,Table 5e. Electronic Money,17,11,Volume Transaksi Belanja,Ribu Transaksi/ Thousands of Transaction,2014,12,2014-12,26154.071,SPIP-Desember-2025.xlsx
electronic_money_shopping_volume,5e,Table 5e. Electronic Money,17,11,Volume Transaksi Belanja,Ribu Transaksi/ Thousands of Transaction,2015,1,2015-01,25563.528000000002,SPIP-Desember-2025.xlsx
electronic_money_shopping_volume,5e,Table 5e. Electronic Money,17,11,Volume Transaksi Belanja,Ribu Transaksi/ Thousands of Transaction,2015,2,2015-02,24186.946,SPIP-Desember-2025.xlsx
electronic_money_shopping_volume,5e,Table 5e. Electronic Money,17,11,Volume Transaksi Belanja,Ribu Transaksi/ Thousands of Transaction,2015,3,2015-03,30515.495000000003,SPIP-Desember-2025.xlsx
electronic_money_shopping_volume,5e,Table 5e. Electronic Money,17,11,Volume Transaksi Belanja,Ribu Transaksi/ Thousands of Transaction,2015,4,2015-04,29665.396999999997,SPIP-Desember-2025.xlsx
electronic_money_shopping_volume,5e,Table 5e. Electronic Money,17,11,Volume Transaksi Belanja,Ribu Transaksi/ Thousands of Transaction,2015,5,2015-05,53703.513,SPIP-Desember-2025.xlsx
electronic_money_shopping_volume,5e,Table 5e. Electronic Money,17,11,Volume Transaksi Belanja,Ribu Transaksi/ Thousands of Transaction,2015,6,2015-06,59724.049999999996,SPIP-Desember-2025.xlsx
electronic_money_shopping_volume,5e,Table 5e. Electronic Money,17,11,Volume Transaksi Belanja,Ribu Transaksi/ Thousands of Transaction,2015,7,2015-07,58746.812,SPIP-Desember-2025.xlsx
electronic_money_shopping_volume,5e,Table 5e. Electronic Money,17,11,Volume Transaksi Belanja,Ribu Transaksi/ Thousands of Transaction,2015,8,2015-08,59853.437,SPIP-Desember-2025.xlsx
electronic_money_shopping_volume,5e,Table 5e. Electronic Money,17,11,Volume Transaksi Belanja,Ribu Transaksi/ Thousands of Transaction,2015,9,2015-09,54125.251,SPIP-Desember-2025.xlsx
electronic_money_shopping_volume,5e,Table 5e. Electronic Money,17,11,Volume Transaksi Belanja,Ribu Transaksi/ Thousands of Transaction,2015,10,2015-10,51133.278,SPIP-Desember-2025.xlsx
electronic_money_shopping_volume,5e,Table 5e. Electronic Money,17,11,Volume Transaksi Belanja,Ribu Transaksi/ Thousands of Transaction,2015,11,2015-11,46755.243,SPIP-Desember-2025.xlsx
electronic_money_shopping_volume,5e,Table 5e. Electronic Money,17,11,Volume Transaksi Belanja,Ribu Transaksi/ Thousands of Transaction,2015,12,2015-12,41606.578,SPIP-Desember-2025.xlsx
electronic_money_shopping_volume,5e,Table 5e. Electronic Money,17,11,Volume Transaksi Belanja,Ribu Transaksi/ Thousands of Transaction,2016,1,2016-01,41300.86,SPIP-Desember-2025.xlsx
electronic_money_shopping_volume,5e,Table 5e. Electronic Money,17,11,Volume Transaksi Belanja,Ribu Transaksi/ Thousands of Transaction,2016,2,2016-02,46579.695999999996,SPIP-Desember-2025.xlsx
electronic_money_shopping_volume,5e,Table 5e. Electronic Money,17,11,Volume Transaksi Belanja,Ribu Transaksi/ Thousands of Transaction,2016,3,2016-03,50700.307,SPIP-Desember-2025.xlsx
electronic_money_shopping_volume,5e,Table 5e. Electronic Money,17,11,Volume Transaksi Belanja,Ribu Transaksi/ Thousands of Transaction,2016,4,2016-04,51016.407,SPIP-Desember-2025.xlsx
electronic_money_shopping_volume,5e,Table 5e. Electronic Money,17,11,Volume Transaksi Belanja,Ribu Transaksi/ Thousands of Transaction,2016,5,2016-05,63883.592,SPIP-Desember-2025.xlsx
electronic_money_shopping_volume,5e,Table 5e. Electronic Money,17,11,Volume Transaksi Belanja,Ribu Transaksi/ Thousands of Transaction,2016,6,2016-06,54614.849,SPIP-Desember-2025.xlsx
electronic_money_shopping_volume,5e,Table 5e. Electronic Money,17,11,Volume Transaksi Belanja,Ribu Transaksi/ Thousands of Transaction,2016,7,2016-07,49653.42600000001,SPIP-Desember-2025.xlsx
electronic_money_shopping_volume,5e,Table 5e. Electronic Money,17,11,Volume Transaksi Belanja,Ribu Transaksi/ Thousands of Transaction,2016,8,2016-08,60520.93,SPIP-Desember-2025.xlsx
electronic_money_shopping_volume,5e,Table 5e. Electronic Money,17,11,Volume Transaksi Belanja,Ribu Transaksi/ Thousands of Transaction,2016,9,2016-09,58023.844,SPIP-Desember-2025.xlsx
electronic_money_shopping_volume,5e,Table 5e. Electronic Money,17,11,Volume Transaksi Belanja,Ribu Transaksi/ Thousands of Transaction,2016,10,2016-10,61294.423,SPIP-Desember-2025.xlsx
electronic_money_shopping_volume,5e,Table 5e. Electronic Money,17,11,Volume Transaksi Belanja,Ribu Transaksi/ Thousands of Transaction,2016,11,2016-11,66316.596,SPIP-Desember-2025.xlsx
electronic_money_shopping_volume,5e,Table 5e. Electronic Money,17,11,Volume Transaksi Belanja,Ribu Transaksi/ Thousands of Transaction,2016,12,2016-12,79228.42199999999,SPIP-Desember-2025.xlsx
electronic_money_shopping_volume,5e,Table 5e. Electronic Money,17,11,Volume Transaksi Belanja,Ribu Transaksi/ Thousands of Transaction,2017,1,2017-01,58435.893000000004,SPIP-Desember-2025.xlsx
electronic_money_shopping_volume,5e,Table 5e. Electronic Money,17,11,Volume Transaksi Belanja,Ribu Transaksi/ Thousands of Transaction,2017,2,2017-02,58573.28,SPIP-Desember-2025.xlsx
electronic_money_shopping_volume,5e,Table 5e. Electronic Money,17,11,Volume Transaksi Belanja,Ribu Transaksi/ Thousands of Transaction,2017,3,2017-03,62985.770000000004,SPIP-Desember-2025.xlsx
electronic_money_shopping_volume,5e,Table 5e. Electronic Money,17,11,Volume Transaksi Belanja,Ribu Transaksi/ Thousands of Transaction,2017,4,2017-04,55631.892,SPIP-Desember-2025.xlsx
electronic_money_shopping_volume,5e,Table 5e. Electronic Money,17,11,Volume Transaksi Belanja,Ribu Transaksi/ Thousands of Transaction,2017,5,2017-05,60620.306,SPIP-Desember-2025.xlsx
electronic_money_shopping_volume,5e,Table 5e. Electronic Money,17,11,Volume Transaksi Belanja,Ribu Transaksi/ Thousands of Transaction,2017,6,2017-06,51969.836,SPIP-Desember-2025.xlsx
electronic_money_shopping_volume,5e,Table 5e. Electronic Money,17,11,Volume Transaksi Belanja,Ribu Transaksi/ Thousands of Transaction,2017,7,2017-07,68685.872,SPIP-Desember-2025.xlsx
electronic_money_shopping_volume,5e,Table 5e. Electronic Money,17,11,Volume Transaksi Belanja,Ribu Transaksi/ Thousands of Transaction,2017,8,2017-08,62565.183,SPIP-Desember-2025.xlsx
electronic_money_shopping_volume,5e,Table 5e. Electronic Money,17,11,Volume Transaksi Belanja,Ribu Transaksi/ Thousands of Transaction,2017,9,2017-09,67553.27200000001,SPIP-Desember-2025.xlsx
electronic_money_shopping_volume,5e,Table 5e. Electronic Money,17,11,Volume Transaksi Belanja,Ribu Transaksi/ Thousands of Transaction,2017,10,2017-10,104478.74500000001,SPIP-Desember-2025.xlsx
electronic_money_shopping_volume,5e,Table 5e. Electronic Money,17,11,Volume Transaksi Belanja,Ribu Transaksi/ Thousands of Transaction,2017,11,2017-11,128518.604,SPIP-Desember-2025.xlsx
electronic_money_shopping_volume,5e,Table 5e. Electronic Money,17,11,Volume Transaksi Belanja,Ribu Transaksi/ Thousands of Transaction,2017,12,2017-12,163301.28,SPIP-Desember-2025.xlsx
electronic_money_shopping_volume,5e,Table 5e. Electronic Money,17,11,Volume Transaksi Belanja,Ribu Transaksi/ Thousands of Transaction,2018,1,2018-01,215446.513,SPIP-Desember-2025.xlsx
electronic_money_shopping_volume,5e,Table 5e. Electronic Money,17,11,Volume Transaksi Belanja,Ribu Transaksi/ Thousands of Transaction,2018,2,2018-02,187132.48200000002,SPIP-Desember-2025.xlsx
electronic_money_shopping_volume,5e,Table 5e. Electronic Money,17,11,Volume Transaksi Belanja,Ribu Transaksi/ Thousands of Transaction,2018,3,2018-03,209336.882,SPIP-Desember-2025.xlsx
electronic_money_shopping_volume,5e,Table 5e. Electronic Money,17,11,Volume Transaksi Belanja,Ribu Transaksi/ Thousands of Transaction,2018,4,2018-04,204108.89,SPIP-Desember-2025.xlsx
electronic_money_shopping_volume,5e,Table 5e. Electronic Money,17,11,Volume Transaksi Belanja,Ribu Transaksi/ Thousands of Transaction,2018,5,2018-05,222927.509,SPIP-Desember-2025.xlsx
electronic_money_shopping_volume,5e,Table 5e. Electronic Money,17,11,Volume Transaksi Belanja,Ribu Transaksi/ Thousands of Transaction,2018,6,2018-06,206888.77,SPIP-Desember-2025.xlsx
electronic_money_shopping_volume,5e,Table 5e. Electronic Money,17,11,Volume Transaksi Belanja,Ribu Transaksi/ Thousands of Transaction,2018,7,2018-07,241397.786,SPIP-Desember-2025.xlsx
electronic_money_shopping_volume,5e,Table 5e. Electronic Money,17,11,Volume Transaksi Belanja,Ribu Transaksi/ Thousands of Transaction,2018,8,2018-08,297466.773,SPIP-Desember-2025.xlsx
electronic_money_shopping_volume,5e,Table 5e. Electronic Money,17,11,Volume Transaksi Belanja,Ribu Transaksi/ Thousands of Transaction,2018,9,2018-09,206809.928,SPIP-Desember-2025.xlsx
electronic_money_shopping_volume,5e,Table 5e. Electronic Money,17,11,Volume Transaksi Belanja,Ribu Transaksi/ Thousands of Transaction,2018,10,2018-10,289792.27650000004,SPIP-Desember-2025.xlsx
electronic_money_shopping_volume,5e,Table 5e. Electronic Money,17,11,Volume Transaksi Belanja,Ribu Transaksi/ Thousands of Transaction,2018,11,2018-11,330671.49,SPIP-Desember-2025.xlsx
electronic_money_shopping_volume,5e,Table 5e. Electronic Money,17,11,Volume Transaksi Belanja,Ribu Transaksi/ Thousands of Transaction,2018,12,2018-12,310719.605,SPIP-Desember-2025.xlsx
electronic_money_shopping_volume,5e,Table 5e. Electronic Money,17,11,Volume Transaksi Belanja,Ribu Transaksi/ Thousands of Transaction,2019,1,2019-01,274687.548,SPIP-Desember-2025.xlsx
electronic_money_shopping_volume,5e,Table 5e. Electronic Money,17,11,Volume Transaksi Belanja,Ribu Transaksi/ Thousands of Transaction,2019,2,2019-02,294101.832,SPIP-Desember-2025.xlsx
electronic_money_shopping_volume,5e,Table 5e. Electronic Money,17,11,Volume Transaksi Belanja,Ribu Transaksi/ Thousands of Transaction,2019,3,2019-03,423743.628,SPIP-Desember-2025.xlsx
electronic_money_shopping_volume,5e,Table 5e. Electronic Money,17,11,Volume Transaksi Belanja,Ribu Transaksi/ Thousands of Transaction,2019,4,2019-04,451650.065,SPIP-Desember-2025.xlsx
electronic_money_shopping_volume,5e,Table 5e. Electronic Money,17,11,Volume Transaksi Belanja,Ribu Transaksi/ Thousands of Transaction,2019,5,2019-05,422602.216,SPIP-Desember-2025.xlsx
electronic_money_shopping_volume,5e,Table 5e. Electronic Money,17,11,Volume Transaksi Belanja,Ribu Transaksi/ Thousands of Transaction,2019,6,2019-06,393695.97,SPIP-Desember-2025.xlsx
electronic_money_shopping_volume,5e,Table 5e. Electronic Money,17,11,Volume Transaksi Belanja,Ribu Transaksi/ Thousands of Transaction,2019,7,2019-07,476037.115,SPIP-Desember-2025.xlsx
electronic_money_shopping_volume,5e,Table 5e. Electronic Money,17,11,Volume Transaksi Belanja,Ribu Transaksi/ Thousands of Transaction,2019,8,2019-08,492317.01599999995,SPIP-Desember-2025.xlsx
electronic_money_shopping_volume,5e,Table 5e. Electronic Money,17,11,Volume Transaksi Belanja,Ribu Transaksi/ Thousands of Transaction,2019,9,2019-09,490218.726,SPIP-Desember-2025.xlsx
electronic_money_shopping_volume,5e,Table 5e. Electronic Money,17,11,Volume Transaksi Belanja,Ribu Transaksi/ Thousands of Transaction,2019,10,2019-10,509716.339,SPIP-Desember-2025.xlsx
electronic_money_shopping_volume,5e,Table 5e. Electronic Money,17,11,Volume Transaksi Belanja,Ribu Transaksi/ Thousands of Transaction,2019,11,2019-11,482734.395,SPIP-Desember-2025.xlsx
electronic_money_shopping_volume,5e,Table 5e. Electronic Money,17,11,Volume Transaksi Belanja,Ribu Transaksi/ Thousands of Transaction,2019,12,2019-12,515195.069,SPIP-Desember-2025.xlsx
electronic_money_shopping_volume,5e,Table 5e. Electronic Money,17,11,Volume Transaksi Belanja,Ribu Transaksi/ Thousands of Transaction,2020,1,2020-01,457944.91900000005,SPIP-Desember-2025.xlsx
electronic_money_shopping_volume,5e,Table 5e. Electronic Money,17,11,Volume Transaksi Belanja,Ribu Transaksi/ Thousands of Transaction,2020,2,2020-02,431467.69,SPIP-Desember-2025.xlsx
electronic_money_shopping_volume,5e,Table 5e. Electronic Money,17,11,Volume Transaksi Belanja,Ribu Transaksi/ Thousands of Transaction,2020,3,2020-03,401008.518,SPIP-Desember-2025.xlsx
electronic_money_shopping_volume,5e,Table 5e. Electronic Money,17,11,Volume Transaksi Belanja,Ribu Transaksi/ Thousands of Transaction,2020,4,2020-04,324878.56799999997,SPIP-Desember-2025.xlsx
electronic_money_shopping_volume,5e,Table 5e. Electronic Money,17,11,Volume Transaksi Belanja,Ribu Transaksi/ Thousands of Transaction,2020,5,2020-05,298187.348,SPIP-Desember-2025.xlsx
electronic_money_shopping_volume,5e,Table 5e. Electronic Money,17,11,Volume Transaksi Belanja,Ribu Transaksi/ Thousands of Transaction,2020,6,2020-06,339894.945,SPIP-Desember-2025.xlsx
electronic_money_shopping_volume,5e,Table 5e. Electronic Money,17,11,Volume Transaksi Belanja,Ribu Transaksi/ Thousands of Transaction,2020,7,2020-07,381575.295,SPIP-Desember-2025.xlsx
electronic_money_shopping_volume,5e,Table 5e. Electronic Money,17,11,Volume Transaksi Belanja,Ribu Transaksi/ Thousands of Transaction,2020,8,2020-08,386709.28199999995,SPIP-Desember-2025.xlsx
electronic_money_shopping_volume,5e,Table 5e. Electronic Money,17,11,Volume Transaksi Belanja,Ribu Transaksi/ Thousands of Transaction,2020,9,2020-09,366785.803,SPIP-Desember-2025.xlsx
electronic_money_shopping_volume,5e,Table 5e. Electronic Money,17,11,Volume Transaksi Belanja,Ribu Transaksi/ Thousands of Transaction,2020,10,2020-10,392881.322,SPIP-Desember-2025.xlsx
electronic_money_shopping_volume,5e,Table 5e. Electronic Money,17,11,Volume Transaksi Belanja,Ribu Transaksi/ Thousands of Transaction,2020,11,2020-11,406322.079,SPIP-Desember-2025.xlsx
electronic_money_shopping_volume,5e,Table 5e. Electronic Money,17,11,Volume Transaksi Belanja,Ribu Transaksi/ Thousands of Transaction,2020,12,2020-12,438047.792,SPIP-Desember-2025.xlsx
electronic_money_shopping_volume,5e,Table 5e. Electronic Money,17,11,Volume Transaksi Belanja,Ribu Transaksi/ Thousands of Transaction,2021,1,2021-01,381789.32200000004,SPIP-Desember-2025.xlsx
electronic_money_shopping_volume,5e,Table 5e. Electronic Money,17,11,Volume Transaksi Belanja,Ribu Transaksi/ Thousands of Transaction,2021,2,2021-02,360155.793,SPIP-Desember-2025.xlsx
electronic_money_shopping_volume,5e,Table 5e. Electronic Money,17,11,Volume Transaksi Belanja,Ribu Transaksi/ Thousands of Transaction,2021,3,2021-03,420637.38200000004,SPIP-Desember-2025.xlsx
electronic_money_shopping_volume,5e,Table 5e. Electronic Money,17,11,Volume Transaksi Belanja,Ribu Transaksi/ Thousands of Transaction,2021,4,2021-04,421733.404,SPIP-Desember-2025.xlsx
electronic_money_shopping_volume,5e,Table 5e. Electronic Money,17,11,Volume Transaksi Belanja,Ribu Transaksi/ Thousands of Transaction,2021,5,2021-05,450557.24700000003,SPIP-Desember-2025.xlsx
electronic_money_shopping_volume,5e,Table 5e. Electronic Money,17,11,Volume Transaksi Belanja,Ribu Transaksi/ Thousands of Transaction,2021,6,2021-06,444462.80700000003,SPIP-Desember-2025.xlsx
electronic_money_shopping_volume,5e,Table 5e. Electronic Money,17,11,Volume Transaksi Belanja,Ribu Transaksi/ Thousands of Transaction,2021,7,2021-07,415283.446,SPIP-Desember-2025.xlsx
electronic_money_shopping_volume,5e,Table 5e. Electronic Money,17,11,Volume Transaksi Belanja,Ribu Transaksi/ Thousands of Transaction,2021,8,2021-08,439045.285,SPIP-Desember-2025.xlsx
electronic_money_shopping_volume,5e,Table 5e. Electronic Money,17,11,Volume Transaksi Belanja,Ribu Transaksi/ Thousands of Transaction,2021,9,2021-09,470977.314,SPIP-Desember-2025.xlsx
electronic_money_shopping_volume,5e,Table 5e. Electronic Money,17,11,Volume Transaksi Belanja,Ribu Transaksi/ Thousands of Transaction,2021,10,2021-10,514377.854,SPIP-Desember-2025.xlsx
electronic_money_shopping_volume,5e,Table 5e. Electronic Money,17,11,Volume Transaksi Belanja,Ribu Transaksi/ Thousands of Transaction,2021,11,2021-11,530158.481,SPIP-Desember-2025.xlsx
electronic_money_shopping_volume,5e,Table 5e. Electronic Money,17,11,Volume Transaksi Belanja,Ribu Transaksi/ Thousands of Transaction,2021,12,2021-12,602293.039,SPIP-Desember-2025.xlsx
electronic_money_shopping_volume,5e,Table 5e. Electronic Money,17,11,Volume Transaksi Belanja,Ribu Transaksi/ Thousands of Transaction,2022,1,2022-01,538106.7779999999,SPIP-Desember-2025.xlsx
electronic_money_shopping_volume,5e,Table 5e. Electronic Money,17,11,Volume Transaksi Belanja,Ribu Transaksi/ Thousands of Transaction,2022,2,2022-02,477718.103,SPIP-Desember-2025.xlsx
electronic_money_shopping_volume,5e,Table 5e. Electronic Money,17,11,Volume Transaksi Belanja,Ribu Transaksi/ Thousands of Transaction,2022,3,2022-03,534338.872,SPIP-Desember-2025.xlsx
electronic_money_shopping_volume,5e,Table 5e. Electronic Money,17,11,Volume Transaksi Belanja,Ribu Transaksi/ Thousands of Transaction,2022,4,2022-04,587339.689,SPIP-Desember-2025.xlsx
electronic_money_shopping_volume,5e,Table 5e. Electronic Money,17,11,Volume Transaksi Belanja,Ribu Transaksi/ Thousands of Transaction,2022,5,2022-05,553587.658,SPIP-Desember-2025.xlsx
electronic_money_shopping_volume,5e,Table 5e. Electronic Money,17,11,Volume Transaksi Belanja,Ribu Transaksi/ Thousands of Transaction,2022,6,2022-06,568257.5650000001,SPIP-Desember-2025.xlsx
electronic_money_shopping_volume,5e,Table 5e. Electronic Money,17,11,Volume Transaksi Belanja,Ribu Transaksi/ Thousands of Transaction,2022,7,2022-07,606961.08,SPIP-Desember-2025.xlsx
electronic_money_shopping_volume,5e,Table 5e. Electronic Money,17,11,Volume Transaksi Belanja,Ribu Transaksi/ Thousands of Transaction,2022,8,2022-08,603692.665,SPIP-Desember-2025.xlsx
electronic_money_shopping_volume,5e,Table 5e. Electronic Money,17,11,Volume Transaksi Belanja,Ribu Transaksi/ Thousands of Transaction,2022,9,2022-09,592742.6519999999,SPIP-Desember-2025.xlsx
electronic_money_shopping_volume,5e,Table 5e. Electronic Money,17,11,Volume Transaksi Belanja,Ribu Transaksi/ Thousands of Transaction,2022,10,2022-10,613963.762,SPIP-Desember-2025.xlsx
electronic_money_shopping_volume,5e,Table 5e. Electronic Money,17,11,Volume Transaksi Belanja,Ribu Transaksi/ Thousands of Transaction,2022,11,2022-11,606300.345,SPIP-Desember-2025.xlsx
electronic_money_shopping_volume,5e,Table 5e. Electronic Money,17,11,Volume Transaksi Belanja,Ribu Transaksi/ Thousands of Transaction,2022,12,2022-12,642768.384,SPIP-Desember-2025.xlsx
electronic_money_shopping_volume,5e,Table 5e. Electronic Money,17,11,Volume Transaksi Belanja,Ribu Transaksi/ Thousands of Transaction,2023,1,2023-01,540877.465,SPIP-Desember-2025.xlsx
electronic_money_shopping_volume,5e,Table 5e. Electronic Money,17,11,Volume Transaksi Belanja,Ribu Transaksi/ Thousands of Transaction,2023,2,2023-02,555163.583,SPIP-Desember-2025.xlsx
electronic_money_shopping_volume,5e,Table 5e. Electronic Money,17,11,Volume Transaksi Belanja,Ribu Transaksi/ Thousands of Transaction,2023,3,2023-03,623388.9160000001,SPIP-Desember-2025.xlsx
electronic_money_shopping_volume,5e,Table 5e. Electronic Money,17,11,Volume Transaksi Belanja,Ribu Transaksi/ Thousands of Transaction,2023,4,2023-04,609057.7949999999,SPIP-Desember-2025.xlsx
electronic_money_shopping_volume,5e,Table 5e. Electronic Money,17,11,Volume Transaksi Belanja,Ribu Transaksi/ Thousands of Transaction,2023,5,2023-05,637371.854,SPIP-Desember-2025.xlsx
electronic_money_shopping_volume,5e,Table 5e. Electronic Money,17,11,Volume Transaksi Belanja,Ribu Transaksi/ Thousands of Transaction,2023,6,2023-06,613144.371,SPIP-Desember-2025.xlsx
electronic_money_shopping_volume,5e,Table 5e. Electronic Money,17,11,Volume Transaksi Belanja,Ribu Transaksi/ Thousands of Transaction,2023,7,2023-07,671628.181,SPIP-Desember-2025.xlsx
electronic_money_shopping_volume,5e,Table 5e. Electronic Money,17,11,Volume Transaksi Belanja,Ribu Transaksi/ Thousands of Transaction,2023,8,2023-08,669776.191,SPIP-Desember-2025.xlsx
electronic_money_shopping_volume,5e,Table 5e. Electronic Money,17,11,Volume Transaksi Belanja,Ribu Transaksi/ Thousands of Transaction,2023,9,2023-09,679611.755,SPIP-Desember-2025.xlsx
electronic_money_shopping_volume,5e,Table 5e. Electronic Money,17,11,Volume Transaksi Belanja,Ribu Transaksi/ Thousands of Transaction,2023,10,2023-10,705515.6809999999,SPIP-Desember-2025.xlsx
electronic_money_shopping_volume,5e,Table 5e. Electronic Money,17,11,Volume Transaksi Belanja,Ribu Transaksi/ Thousands of Transaction,2023,11,2023-11,697565.2350000001,SPIP-Desember-2025.xlsx
electronic_money_shopping_volume,5e,Table 5e. Electronic Money,17,11,Volume Transaksi Belanja,Ribu Transaksi/ Thousands of Transaction,2023,12,2023-12,731126.206,SPIP-Desember-2025.xlsx
electronic_money_shopping_volume,5e,Table 5e. Electronic Money,17,11,Volume Transaksi Belanja,Ribu Transaksi/ Thousands of Transaction,2024,1,2024-01,717924.751,SPIP-Desember-2025.xlsx
electronic_money_shopping_volume,5e,Table 5e. Electronic Money,17,11,Volume Transaksi Belanja,Ribu Transaksi/ Thousands of Transaction,2024,2,2024-02,692841.225,SPIP-Desember-2025.xlsx
electronic_money_shopping_volume,5e,Table 5e. Electronic Money,17,11,Volume Transaksi Belanja,Ribu Transaksi/ Thousands of Transaction,2024,3,2024-03,765338.422,SPIP-Desember-2025.xlsx
electronic_money_shopping_volume,5e,Table 5e. Electronic Money,17,11,Volume Transaksi Belanja,Ribu Transaksi/ Thousands of Transaction,2024,4,2024-04,742344.096,SPIP-Desember-2025.xlsx
electronic_money_shopping_volume,5e,Table 5e. Electronic Money,17,11,Volume Transaksi Belanja,Ribu Transaksi/ Thousands of Transaction,2024,5,2024-05,802116.704,SPIP-Desember-2025.xlsx
electronic_money_shopping_volume,5e,Table 5e. Electronic Money,17,11,Volume Transaksi Belanja,Ribu Transaksi/ Thousands of Transaction,2024,6,2024-06,804872.4509999999,SPIP-Desember-2025.xlsx
electronic_money_shopping_volume,5e,Table 5e. Electronic Money,17,11,Volume Transaksi Belanja,Ribu Transaksi/ Thousands of Transaction,2024,7,2024-07,844574.065,SPIP-Desember-2025.xlsx
electronic_money_shopping_volume,5e,Table 5e. Electronic Money,17,11,Volume Transaksi Belanja,Ribu Transaksi/ Thousands of Transaction,2024,8,2024-08,922440.744,SPIP-Desember-2025.xlsx
electronic_money_shopping_volume,5e,Table 5e. Electronic Money,17,11,Volume Transaksi Belanja,Ribu Transaksi/ Thousands of Transaction,2024,9,2024-09,922699.1009999999,SPIP-Desember-2025.xlsx
electronic_money_shopping_volume,5e,Table 5e. Electronic Money,17,11,Volume Transaksi Belanja,Ribu Transaksi/ Thousands of Transaction,2024,10,2024-10,981576.634,SPIP-Desember-2025.xlsx
electronic_money_shopping_volume,5e,Table 5e. Electronic Money,17,11,Volume Transaksi Belanja,Ribu Transaksi/ Thousands of Transaction,2024,11,2024-11,899334.8620000001,SPIP-Desember-2025.xlsx
electronic_money_shopping_volume,5e,Table 5e. Electronic Money,17,11,Volume Transaksi Belanja,Ribu Transaksi/ Thousands of Transaction,2024,12,2024-12,1289150.329,SPIP-Desember-2025.xlsx
electronic_money_shopping_volume,5e,Table 5e. Electronic Money,17,11,Volume Transaksi Belanja,Ribu Transaksi/ Thousands of Transaction,2025,1,2025-01,1257736.5250000001,SPIP-Desember-2025.xlsx
electronic_money_shopping_volume,5e,Table 5e. Electronic Money,17,11,Volume Transaksi Belanja,Ribu Transaksi/ Thousands of Transaction,2025,2,2025-02,1247226.477012,SPIP-Desember-2025.xlsx
electronic_money_shopping_volume,5e,Table 5e. Electronic Money,17,11,Volume Transaksi Belanja,Ribu Transaksi/ Thousands of Transaction,2025,3,2025-03,1471882.415,SPIP-Desember-2025.xlsx
electronic_money_shopping_volume,5e,Table 5e. Electronic Money,17,11,Volume Transaksi Belanja,Ribu Transaksi/ Thousands of Transaction,2025,4,2025-04,1409272.5699999998,SPIP-Desember-2025.xlsx
electronic_money_shopping_volume,5e,Table 5e. Electronic Money,17,11,Volume Transaksi Belanja,Ribu Transaksi/ Thousands of Transaction,2025,5,2025-05,1582602.283,SPIP-Desember-2025.xlsx
electronic_money_shopping_volume,5e,Table 5e. Electronic Money,17,11,Volume Transaksi Belanja,Ribu Transaksi/ Thousands of Transaction,2025,6,2025-06,1600595.8790000002,SPIP-Desember-2025.xlsx
electronic_money_shopping_volume,5e,Table 5e. Electronic Money,17,11,Volume Transaksi Belanja,Ribu Transaksi/ Thousands of Transaction,2025,7,2025-07,1692165.767,SPIP-Desember-2025.xlsx
electronic_money_shopping_volume,5e,Table 5e. Electronic Money,17,11,Volume Transaksi Belanja,Ribu Transaksi/ Thousands of Transaction,2025,8,2025-08,1751876.2650000027,SPIP-Desember-2025.xlsx
electronic_money_shopping_volume,5e,Table 5e. Electronic Money,17,11,Volume Transaksi Belanja,Ribu Transaksi/ Thousands of Transaction,2025,9,2025-09,1771781.5459999999,SPIP-Desember-2025.xlsx
electronic_money_shopping_volume,5e,Table 5e. Electronic Money,17,11,Volume Transaksi Belanja,Ribu Transaksi/ Thousands of Transaction,2025,10,2025-10,1928426.701000003,SPIP-Desember-2025.xlsx
electronic_money_shopping_volume,5e,Table 5e. Electronic Money,17,11,Volume Transaksi Belanja,Ribu Transaksi/ Thousands of Transaction,2025,11,2025-11,1932280.239000002,SPIP-Desember-2025.xlsx
electronic_money_total_value,5e,Table 5e. Electronic Money,26,20,Nilai Transaksi,Rp Miliar/Billions of Rp,2009,1,2009-01,21.65838,SPIP-Desember-2025.xlsx
electronic_money_total_value,5e,Table 5e. Electronic Money,26,20,Nilai Transaksi,Rp Miliar/Billions of Rp,2009,2,2009-02,23.38916,SPIP-Desember-2025.xlsx
electronic_money_total_value,5e,Table 5e. Electronic Money,26,20,Nilai Transaksi,Rp Miliar/Billions of Rp,2009,3,2009-03,29.776229999999998,SPIP-Desember-2025.xlsx
electronic_money_total_value,5e,Table 5e. Electronic Money,26,20,Nilai Transaksi,Rp Miliar/Billions of Rp,2009,4,2009-04,32.52626,SPIP-Desember-2025.xlsx
electronic_money_total_value,5e,Table 5e. Electronic Money,26,20,Nilai Transaksi,Rp Miliar/Billions of Rp,2009,5,2009-05,39.4925,SPIP-Desember-2025.xlsx
electronic_money_total_value,5e,Table 5e. Electronic Money,26,20,Nilai Transaksi,Rp Miliar/Billions of Rp,2009,6,2009-06,41.018620000000006,SPIP-Desember-2025.xlsx
electronic_money_total_value,5e,Table 5e. Electronic Money,26,20,Nilai Transaksi,Rp Miliar/Billions of Rp,2009,7,2009-07,42.19283,SPIP-Desember-2025.xlsx
electronic_money_total_value,5e,Table 5e. Electronic Money,26,20,Nilai Transaksi,Rp Miliar/Billions of Rp,2009,8,2009-08,42.865199999999994,SPIP-Desember-2025.xlsx
electronic_money_total_value,5e,Table 5e. Electronic Money,26,20,Nilai Transaksi,Rp Miliar/Billions of Rp,2009,9,2009-09,68.42403999999999,SPIP-Desember-2025.xlsx
electronic_money_total_value,5e,Table 5e. Electronic Money,26,20,Nilai Transaksi,Rp Miliar/Billions of Rp,2009,10,2009-10,55.25707,SPIP-Desember-2025.xlsx
electronic_money_total_value,5e,Table 5e. Electronic Money,26,20,Nilai Transaksi,Rp Miliar/Billions of Rp,2009,11,2009-11,57.641839999999995,SPIP-Desember-2025.xlsx
electronic_money_total_value,5e,Table 5e. Electronic Money,26,20,Nilai Transaksi,Rp Miliar/Billions of Rp,2009,12,2009-12,64.97052,SPIP-Desember-2025.xlsx
electronic_money_total_value,5e,Table 5e. Electronic Money,26,20,Nilai Transaksi,Rp Miliar/Billions of Rp,2010,1,2010-01,57.412870000000005,SPIP-Desember-2025.xlsx
electronic_money_total_value,5e,Table 5e. Electronic Money,26,20,Nilai Transaksi,Rp Miliar/Billions of Rp,2010,2,2010-02,55.14791,SPIP-Desember-2025.xlsx
electronic_money_total_value,5e,Table 5e. Electronic Money,26,20,Nilai Transaksi,Rp Miliar/Billions of Rp,2010,3,2010-03,64.63968,SPIP-Desember-2025.xlsx
electronic_money_total_value,5e,Table 5e. Electronic Money,26,20,Nilai Transaksi,Rp Miliar/Billions of Rp,2010,4,2010-04,48.98527,SPIP-Desember-2025.xlsx
electronic_money_total_value,5e,Table 5e. Electronic Money,26,20,Nilai Transaksi,Rp Miliar/Billions of Rp,2010,5,2010-05,51.38578,SPIP-Desember-2025.xlsx
electronic_money_total_value,5e,Table 5e. Electronic Money,26,20,Nilai Transaksi,Rp Miliar/Billions of Rp,2010,6,2010-06,60.7249,SPIP-Desember-2025.xlsx
electronic_money_total_value,5e,Table 5e. Electronic Money,26,20,Nilai Transaksi,Rp Miliar/Billions of Rp,2010,7,2010-07,58.54222,SPIP-Desember-2025.xlsx
electronic_money_total_value,5e,Table 5e. Electronic Money,26,20,Nilai Transaksi,Rp Miliar/Billions of Rp,2010,8,2010-08,56.91728,SPIP-Desember-2025.xlsx
electronic_money_total_value,5e,Table 5e. Electronic Money,26,20,Nilai Transaksi,Rp Miliar/Billions of Rp,2010,9,2010-09,57.275800000000004,SPIP-Desember-2025.xlsx
electronic_money_total_value,5e,Table 5e. Electronic Money,26,20,Nilai Transaksi,Rp Miliar/Billions of Rp,2010,10,2010-10,64.23406,SPIP-Desember-2025.xlsx
electronic_money_total_value,5e,Table 5e. Electronic Money,26,20,Nilai Transaksi,Rp Miliar/Billions of Rp,2010,11,2010-11,54.300760000000004,SPIP-Desember-2025.xlsx
electronic_money_total_value,5e,Table 5e. Electronic Money,26,20,Nilai Transaksi,Rp Miliar/Billions of Rp,2010,12,2010-12,63.90048,SPIP-Desember-2025.xlsx
electronic_money_total_value,5e,Table 5e. Electronic Money,26,20,Nilai Transaksi,Rp Miliar/Billions of Rp,2011,1,2011-01,64.16481,SPIP-Desember-2025.xlsx
electronic_money_total_value,5e,Table 5e. Electronic Money,26,20,Nilai Transaksi,Rp Miliar/Billions of Rp,2011,2,2011-02,51.67005,SPIP-Desember-2025.xlsx
electronic_money_total_value,5e,Table 5e. Electronic Money,26,20,Nilai Transaksi,Rp Miliar/Billions of Rp,2011,3,2011-03,60.7617,SPIP-Desember-2025.xlsx
electronic_money_total_value,5e,Table 5e. Electronic Money,26,20,Nilai Transaksi,Rp Miliar/Billions of Rp,2011,4,2011-04,59.2428,SPIP-Desember-2025.xlsx
electronic_money_total_value,5e,Table 5e. Electronic Money,26,20,Nilai Transaksi,Rp Miliar/Billions of Rp,2011,5,2011-05,67.07629,SPIP-Desember-2025.xlsx
electronic_money_total_value,5e,Table 5e. Electronic Money,26,20,Nilai Transaksi,Rp Miliar/Billions of Rp,2011,6,2011-06,95.0561,SPIP-Desember-2025.xlsx
electronic_money_total_value,5e,Table 5e. Electronic Money,26,20,Nilai Transaksi,Rp Miliar/Billions of Rp,2011,7,2011-07,116.73474,SPIP-Desember-2025.xlsx
electronic_money_total_value,5e,Table 5e. Electronic Money,26,20,Nilai Transaksi,Rp Miliar/Billions of Rp,2011,8,2011-08,102.30765,SPIP-Desember-2025.xlsx
electronic_money_total_value,5e,Table 5e. Electronic Money,26,20,Nilai Transaksi,Rp Miliar/Billions of Rp,2011,9,2011-09,84.094,SPIP-Desember-2025.xlsx
electronic_money_total_value,5e,Table 5e. Electronic Money,26,20,Nilai Transaksi,Rp Miliar/Billions of Rp,2011,10,2011-10,78.31064,SPIP-Desember-2025.xlsx
electronic_money_total_value,5e,Table 5e. Electronic Money,26,20,Nilai Transaksi,Rp Miliar/Billions of Rp,2011,11,2011-11,77.2385,SPIP-Desember-2025.xlsx
electronic_money_total_value,5e,Table 5e. Electronic Money,26,20,Nilai Transaksi,Rp Miliar/Billions of Rp,2011,12,2011-12,124.63969,SPIP-Desember-2025.xlsx
electronic_money_total_value,5e,Table 5e. Electronic Money,26,20,Nilai Transaksi,Rp Miliar/Billions of Rp,2012,1,2012-01,111.26976624199999,SPIP-Desember-2025.xlsx
electronic_money_total_value,5e,Table 5e. Electronic Money,26,20,Nilai Transaksi,Rp Miliar/Billions of Rp,2012,2,2012-02,85.378561818,SPIP-Desember-2025.xlsx
electronic_money_total_value,5e,Table 5e. Electronic Money,26,20,Nilai Transaksi,Rp Miliar/Billions of Rp,2012,3,2012-03,128.140671215,SPIP-Desember-2025.xlsx
electronic_money_total_value,5e,Table 5e. Electronic Money,26,20,Nilai Transaksi,Rp Miliar/Billions of Rp,2012,4,2012-04,138.79403239799998,SPIP-Desember-2025.xlsx
electronic_money_total_value,5e,Table 5e. Electronic Money,26,20,Nilai Transaksi,Rp Miliar/Billions of Rp,2012,5,2012-05,131.13214531200003,SPIP-Desember-2025.xlsx
electronic_money_total_value,5e,Table 5e. Electronic Money,26,20,Nilai Transaksi,Rp Miliar/Billions of Rp,2012,6,2012-06,168.11029905900003,SPIP-Desember-2025.xlsx
electronic_money_total_value,5e,Table 5e. Electronic Money,26,20,Nilai Transaksi,Rp Miliar/Billions of Rp,2012,7,2012-07,238.09977860500004,SPIP-Desember-2025.xlsx
electronic_money_total_value,5e,Table 5e. Electronic Money,26,20,Nilai Transaksi,Rp Miliar/Billions of Rp,2012,8,2012-08,167.96725997699997,SPIP-Desember-2025.xlsx
electronic_money_total_value,5e,Table 5e. Electronic Money,26,20,Nilai Transaksi,Rp Miliar/Billions of Rp,2012,9,2012-09,157.435159107,SPIP-Desember-2025.xlsx
electronic_money_total_value,5e,Table 5e. Electronic Money,26,20,Nilai Transaksi,Rp Miliar/Billions of Rp,2012,10,2012-10,155.31025999503544,SPIP-Desember-2025.xlsx
electronic_money_total_value,5e,Table 5e. Electronic Money,26,20,Nilai Transaksi,Rp Miliar/Billions of Rp,2012,11,2012-11,243.795815779,SPIP-Desember-2025.xlsx
electronic_money_total_value,5e,Table 5e. Electronic Money,26,20,Nilai Transaksi,Rp Miliar/Billions of Rp,2012,12,2012-12,246.115777851,SPIP-Desember-2025.xlsx
electronic_money_total_value,5e,Table 5e. Electronic Money,26,20,Nilai Transaksi,Rp Miliar/Billions of Rp,2013,1,2013-01,369.73385735600004,SPIP-Desember-2025.xlsx
electronic_money_total_value,5e,Table 5e. Electronic Money,26,20,Nilai Transaksi,Rp Miliar/Billions of Rp,2013,2,2013-02,367.31222818799995,SPIP-Desember-2025.xlsx
electronic_money_total_value,5e,Table 5e. Electronic Money,26,20,Nilai Transaksi,Rp Miliar/Billions of Rp,2013,3,2013-03,559.2247380200001,SPIP-Desember-2025.xlsx
electronic_money_total_value,5e,Table 5e. Electronic Money,26,20,Nilai Transaksi,Rp Miliar/Billions of Rp,2013,4,2013-04,497.9219288600001,SPIP-Desember-2025.xlsx
electronic_money_total_value,5e,Table 5e. Electronic Money,26,20,Nilai Transaksi,Rp Miliar/Billions of Rp,2013,5,2013-05,480.47605021100003,SPIP-Desember-2025.xlsx
electronic_money_total_value,5e,Table 5e. Electronic Money,26,20,Nilai Transaksi,Rp Miliar/Billions of Rp,2013,6,2013-06,530.168719136,SPIP-Desember-2025.xlsx
electronic_money_total_value,5e,Table 5e. Electronic Money,26,20,Nilai Transaksi,Rp Miliar/Billions of Rp,2013,7,2013-07,667.3331845580001,SPIP-Desember-2025.xlsx
electronic_money_total_value,5e,Table 5e. Electronic Money,26,20,Nilai Transaksi,Rp Miliar/Billions of Rp,2013,8,2013-08,551.751700467,SPIP-Desember-2025.xlsx
electronic_money_total_value,5e,Table 5e. Electronic Money,26,20,Nilai Transaksi,Rp Miliar/Billions of Rp,2013,9,2013-09,486.93498886200007,SPIP-Desember-2025.xlsx
electronic_money_total_value,5e,Table 5e. Electronic Money,26,20,Nilai Transaksi,Rp Miliar/Billions of Rp,2013,10,2013-10,514.8301437590001,SPIP-Desember-2025.xlsx
electronic_money_total_value,5e,Table 5e. Electronic Money,26,20,Nilai Transaksi,Rp Miliar/Billions of Rp,2013,11,2013-11,553.153732089,SPIP-Desember-2025.xlsx
electronic_money_total_value,5e,Table 5e. Electronic Money,26,20,Nilai Transaksi,Rp Miliar/Billions of Rp,2013,12,2013-12,567.807966719,SPIP-Desember-2025.xlsx
electronic_money_total_value,5e,Table 5e. Electronic Money,26,20,Nilai Transaksi,Rp Miliar/Billions of Rp,2014,1,2014-01,538.261088578,SPIP-Desember-2025.xlsx
electronic_money_total_value,5e,Table 5e. Electronic Money,26,20,Nilai Transaksi,Rp Miliar/Billions of Rp,2014,2,2014-02,531.340454998,SPIP-Desember-2025.xlsx
electronic_money_total_value,5e,Table 5e. Electronic Money,26,20,Nilai Transaksi,Rp Miliar/Billions of Rp,2014,3,2014-03,704.4333963080002,SPIP-Desember-2025.xlsx
electronic_money_total_value,5e,Table 5e. Electronic Money,26,20,Nilai Transaksi,Rp Miliar/Billions of Rp,2014,4,2014-04,588.405946241,SPIP-Desember-2025.xlsx
electronic_money_total_value,5e,Table 5e. Electronic Money,26,20,Nilai Transaksi,Rp Miliar/Billions of Rp,2014,5,2014-05,644.2527772430001,SPIP-Desember-2025.xlsx
electronic_money_total_value,5e,Table 5e. Electronic Money,26,20,Nilai Transaksi,Rp Miliar/Billions of Rp,2014,6,2014-06,774.4701188670001,SPIP-Desember-2025.xlsx
electronic_money_total_value,5e,Table 5e. Electronic Money,26,20,Nilai Transaksi,Rp Miliar/Billions of Rp,2014,7,2014-07,854.9593789080001,SPIP-Desember-2025.xlsx
electronic_money_total_value,5e,Table 5e. Electronic Money,26,20,Nilai Transaksi,Rp Miliar/Billions of Rp,2014,8,2014-08,646.475255894,SPIP-Desember-2025.xlsx
electronic_money_total_value,5e,Table 5e. Electronic Money,26,20,Nilai Transaksi,Rp Miliar/Billions of Rp,2014,9,2014-09,668.6061373089998,SPIP-Desember-2025.xlsx
electronic_money_total_value,5e,Table 5e. Electronic Money,26,20,Nilai Transaksi,Rp Miliar/Billions of Rp,2014,10,2014-10,1381.032399136,SPIP-Desember-2025.xlsx
electronic_money_total_value,5e,Table 5e. Electronic Money,26,20,Nilai Transaksi,Rp Miliar/Billions of Rp,2014,11,2014-11,715.9499301220001,SPIP-Desember-2025.xlsx
electronic_money_total_value,5e,Table 5e. Electronic Money,26,20,Nilai Transaksi,Rp Miliar/Billions of Rp,2014,12,2014-12,728.5560291610001,SPIP-Desember-2025.xlsx
electronic_money_total_value,5e,Table 5e. Electronic Money,26,20,Nilai Transaksi,Rp Miliar/Billions of Rp,2015,1,2015-01,646.609015679,SPIP-Desember-2025.xlsx
electronic_money_total_value,5e,Table 5e. Electronic Money,26,20,Nilai Transaksi,Rp Miliar/Billions of Rp,2015,2,2015-02,635.8683803590001,SPIP-Desember-2025.xlsx
electronic_money_total_value,5e,Table 5e. Electronic Money,26,20,Nilai Transaksi,Rp Miliar/Billions of Rp,2015,3,2015-03,840.0960383099999,SPIP-Desember-2025.xlsx
electronic_money_total_value,5e,Table 5e. Electronic Money,26,20,Nilai Transaksi,Rp Miliar/Billions of Rp,2015,4,2015-04,783.1601664099999,SPIP-Desember-2025.xlsx
electronic_money_total_value,5e,Table 5e. Electronic Money,26,20,Nilai Transaksi,Rp Miliar/Billions of Rp,2015,5,2015-05,1139.5282855,SPIP-Desember-2025.xlsx
electronic_money_total_value,5e,Table 5e. Electronic Money,26,20,Nilai Transaksi,Rp Miliar/Billions of Rp,2015,6,2015-06,1595.422939703,SPIP-Desember-2025.xlsx
electronic_money_total_value,5e,Table 5e. Electronic Money,26,20,Nilai Transaksi,Rp Miliar/Billions of Rp,2015,7,2015-07,1636.7683270070004,SPIP-Desember-2025.xlsx
electronic_money_total_value,5e,Table 5e. Electronic Money,26,20,Nilai Transaksi,Rp Miliar/Billions of Rp,2015,8,2015-08,1398.914368173,SPIP-Desember-2025.xlsx
electronic_money_total_value,5e,Table 5e. Electronic Money,26,20,Nilai Transaksi,Rp Miliar/Billions of Rp,2015,9,2015-09,1567.976787355,SPIP-Desember-2025.xlsx
electronic_money_total_value,5e,Table 5e. Electronic Money,26,20,Nilai Transaksi,Rp Miliar/Billions of Rp,2015,10,2015-10,1591.948089738,SPIP-Desember-2025.xlsx
electronic_money_total_value,5e,Table 5e. Electronic Money,26,20,Nilai Transaksi,Rp Miliar/Billions of Rp,2015,11,2015-11,1505.3089635749998,SPIP-Desember-2025.xlsx
electronic_money_total_value,5e,Table 5e. Electronic Money,26,20,Nilai Transaksi,Rp Miliar/Billions of Rp,2015,12,2015-12,1414.395375372,SPIP-Desember-2025.xlsx
electronic_money_total_value,5e,Table 5e. Electronic Money,26,20,Nilai Transaksi,Rp Miliar/Billions of Rp,2016,1,2016-01,1208.436884133,SPIP-Desember-2025.xlsx
electronic_money_total_value,5e,Table 5e. Electronic Money,26,20,Nilai Transaksi,Rp Miliar/Billions of Rp,2016,2,2016-02,1447.9531583280002,SPIP-Desember-2025.xlsx
electronic_money_total_value,5e,Table 5e. Electronic Money,26,20,Nilai Transaksi,Rp Miliar/Billions of Rp,2016,3,2016-03,1414.845197863,SPIP-Desember-2025.xlsx
electronic_money_total_value,5e,Table 5e. Electronic Money,26,20,Nilai Transaksi,Rp Miliar/Billions of Rp,2016,4,2016-04,1378.43040681,SPIP-Desember-2025.xlsx
electronic_money_total_value,5e,Table 5e. Electronic Money,26,20,Nilai Transaksi,Rp Miliar/Billions of Rp,2016,5,2016-05,1626.6970766080003,SPIP-Desember-2025.xlsx
electronic_money_total_value,5e,Table 5e. Electronic Money,26,20,Nilai Transaksi,Rp Miliar/Billions of Rp,2016,6,2016-06,1746.1724291980001,SPIP-Desember-2025.xlsx
electronic_money_total_value,5e,Table 5e. Electronic Money,26,20,Nilai Transaksi,Rp Miliar/Billions of Rp,2016,7,2016-07,1363.1807748400001,SPIP-Desember-2025.xlsx
electronic_money_total_value,5e,Table 5e. Electronic Money,26,20,Nilai Transaksi,Rp Miliar/Billions of Rp,2016,8,2016-08,1483.249554925,SPIP-Desember-2025.xlsx
electronic_money_total_value,5e,Table 5e. Electronic Money,26,20,Nilai Transaksi,Rp Miliar/Billions of Rp,2016,9,2016-09,1462.676855253,SPIP-Desember-2025.xlsx
electronic_money_total_value,5e,Table 5e. Electronic Money,26,20,Nilai Transaksi,Rp Miliar/Billions of Rp,2016,10,2016-10,1564.0495376549998,SPIP-Desember-2025.xlsx
electronic_money_total_value,5e,Table 5e. Electronic Money,26,20,Nilai Transaksi,Rp Miliar/Billions of Rp,2016,11,2016-11,1876.8619123639996,SPIP-Desember-2025.xlsx
electronic_money_total_value,5e,Table 5e. Electronic Money,26,20,Nilai Transaksi,Rp Miliar/Billions of Rp,2016,12,2016-12,1765.72343777,SPIP-Desember-2025.xlsx
electronic_money_total_value,5e,Table 5e. Electronic Money,26,20,Nilai Transaksi,Rp Miliar/Billions of Rp,2017,1,2017-01,1499.64449636,SPIP-Desember-2025.xlsx
electronic_money_total_value,5e,Table 5e. Electronic Money,26,20,Nilai Transaksi,Rp Miliar/Billions of Rp,2017,2,2017-02,2032.9119087959998,SPIP-Desember-2025.xlsx
electronic_money_total_value,5e,Table 5e. Electronic Money,26,20,Nilai Transaksi,Rp Miliar/Billions of Rp,2017,3,2017-03,2326.6034243560002,SPIP-Desember-2025.xlsx
electronic_money_total_value,5e,Table 5e. Electronic Money,26,20,Nilai Transaksi,Rp Miliar/Billions of Rp,2017,4,2017-04,2109.675625239,SPIP-Desember-2025.xlsx
electronic_money_total_value,5e,Table 5e. Electronic Money,26,20,Nilai Transaksi,Rp Miliar/Billions of Rp,2017,5,2017-05,2861.1588461250003,SPIP-Desember-2025.xlsx
electronic_money_total_value,5e,Table 5e. Electronic Money,26,20,Nilai Transaksi,Rp Miliar/Billions of Rp,2017,6,2017-06,2980.716701587,SPIP-Desember-2025.xlsx
electronic_money_total_value,5e,Table 5e. Electronic Money,26,20,Nilai Transaksi,Rp Miliar/Billions of Rp,2017,7,2017-07,3000.4502751080004,SPIP-Desember-2025.xlsx
electronic_money_total_value,5e,Table 5e. Electronic Money,26,20,Nilai Transaksi,Rp Miliar/Billions of Rp,2017,8,2017-08,2784.0266018039997,SPIP-Desember-2025.xlsx
electronic_money_total_value,5e,Table 5e. Electronic Money,26,20,Nilai Transaksi,Rp Miliar/Billions of Rp,2017,9,2017-09,3138.7676804500006,SPIP-Desember-2025.xlsx
electronic_money_total_value,5e,Table 5e. Electronic Money,26,20,Nilai Transaksi,Rp Miliar/Billions of Rp,2017,10,2017-10,4356.208156774001,SPIP-Desember-2025.xlsx
electronic_money_total_value,5e,Table 5e. Electronic Money,26,20,Nilai Transaksi,Rp Miliar/Billions of Rp,2017,11,2017-11,5093.291268035,SPIP-Desember-2025.xlsx
electronic_money_total_value,5e,Table 5e. Electronic Money,26,20,Nilai Transaksi,Rp Miliar/Billions of Rp,2017,12,2017-12,5896.358328210001,SPIP-Desember-2025.xlsx
electronic_money_total_value,5e,Table 5e. Electronic Money,26,20,Nilai Transaksi,Rp Miliar/Billions of Rp,2018,1,2018-01,7584.841090757,SPIP-Desember-2025.xlsx
electronic_money_total_value,5e,Table 5e. Electronic Money,26,20,Nilai Transaksi,Rp Miliar/Billions of Rp,2018,2,2018-02,6901.690815031999,SPIP-Desember-2025.xlsx
electronic_money_total_value,5e,Table 5e. Electronic Money,26,20,Nilai Transaksi,Rp Miliar/Billions of Rp,2018,3,2018-03,7003.480842991,SPIP-Desember-2025.xlsx
electronic_money_total_value,5e,Table 5e. Electronic Money,26,20,Nilai Transaksi,Rp Miliar/Billions of Rp,2018,4,2018-04,7066.028434134,SPIP-Desember-2025.xlsx
electronic_money_total_value,5e,Table 5e. Electronic Money,26,20,Nilai Transaksi,Rp Miliar/Billions of Rp,2018,5,2018-05,7744.15503073,SPIP-Desember-2025.xlsx
electronic_money_total_value,5e,Table 5e. Electronic Money,26,20,Nilai Transaksi,Rp Miliar/Billions of Rp,2018,6,2018-06,7877.854698039,SPIP-Desember-2025.xlsx
electronic_money_total_value,5e,Table 5e. Electronic Money,26,20,Nilai Transaksi,Rp Miliar/Billions of Rp,2018,7,2018-07,7365.0294570589995,SPIP-Desember-2025.xlsx
electronic_money_total_value,5e,Table 5e. Electronic Money,26,20,Nilai Transaksi,Rp Miliar/Billions of Rp,2018,8,2018-08,9185.352817769925,SPIP-Desember-2025.xlsx
electronic_money_total_value,5e,Table 5e. Electronic Money,26,20,Nilai Transaksi,Rp Miliar/Billions of Rp,2018,9,2018-09,9500.820991224966,SPIP-Desember-2025.xlsx
electronic_money_total_value,5e,Table 5e. Electronic Money,26,20,Nilai Transaksi,Rp Miliar/Billions of Rp,2018,10,2018-10,11340.52075080868,SPIP-Desember-2025.xlsx
electronic_money_total_value,5e,Table 5e. Electronic Money,26,20,Nilai Transaksi,Rp Miliar/Billions of Rp,2018,11,2018-11,13071.078951559042,SPIP-Desember-2025.xlsx
electronic_money_total_value,5e,Table 5e. Electronic Money,26,20,Nilai Transaksi,Rp Miliar/Billions of Rp,2018,12,2018-12,12138.771480318694,SPIP-Desember-2025.xlsx
electronic_money_total_value,5e,Table 5e. Electronic Money,26,20,Nilai Transaksi,Rp Miliar/Billions of Rp,2019,1,2019-01,54468.89400069574,SPIP-Desember-2025.xlsx
electronic_money_total_value,5e,Table 5e. Electronic Money,26,20,Nilai Transaksi,Rp Miliar/Billions of Rp,2019,2,2019-02,53597.43256384807,SPIP-Desember-2025.xlsx
electronic_money_total_value,5e,Table 5e. Electronic Money,26,20,Nilai Transaksi,Rp Miliar/Billions of Rp,2019,3,2019-03,30457.107049379785,SPIP-Desember-2025.xlsx
electronic_money_total_value,5e,Table 5e. Electronic Money,26,20,Nilai Transaksi,Rp Miliar/Billions of Rp,2019,4,2019-04,29050.40231134416,SPIP-Desember-2025.xlsx
electronic_money_total_value,5e,Table 5e. Electronic Money,26,20,Nilai Transaksi,Rp Miliar/Billions of Rp,2019,5,2019-05,64818.752767710175,SPIP-Desember-2025.xlsx
electronic_money_total_value,5e,Table 5e. Electronic Money,26,20,Nilai Transaksi,Rp Miliar/Billions of Rp,2019,6,2019-06,26430.238735212974,SPIP-Desember-2025.xlsx
electronic_money_total_value,5e,Table 5e. Electronic Money,26,20,Nilai Transaksi,Rp Miliar/Billions of Rp,2019,7,2019-07,29357.504839999998,SPIP-Desember-2025.xlsx
electronic_money_total_value,5e,Table 5e. Electronic Money,26,20,Nilai Transaksi,Rp Miliar/Billions of Rp,2019,8,2019-08,31698.18477,SPIP-Desember-2025.xlsx
electronic_money_total_value,5e,Table 5e. Electronic Money,26,20,Nilai Transaksi,Rp Miliar/Billions of Rp,2019,9,2019-09,34185.17833999999,SPIP-Desember-2025.xlsx
electronic_money_total_value,5e,Table 5e. Electronic Money,26,20,Nilai Transaksi,Rp Miliar/Billions of Rp,2019,10,2019-10,39813.25687,SPIP-Desember-2025.xlsx
electronic_money_total_value,5e,Table 5e. Electronic Money,26,20,Nilai Transaksi,Rp Miliar/Billions of Rp,2019,11,2019-11,38980.43089999999,SPIP-Desember-2025.xlsx
electronic_money_total_value,5e,Table 5e. Electronic Money,26,20,Nilai Transaksi,Rp Miliar/Billions of Rp,2019,12,2019-12,40585.681769999996,SPIP-Desember-2025.xlsx
electronic_money_total_value,5e,Table 5e. Electronic Money,26,20,Nilai Transaksi,Rp Miliar/Billions of Rp,2020,1,2020-01,37124.697619999984,SPIP-Desember-2025.xlsx
electronic_money_total_value,5e,Table 5e. Electronic Money,26,20,Nilai Transaksi,Rp Miliar/Billions of Rp,2020,2,2020-02,36184.7838,SPIP-Desember-2025.xlsx
electronic_money_total_value,5e,Table 5e. Electronic Money,26,20,Nilai Transaksi,Rp Miliar/Billions of Rp,2020,3,2020-03,36649.64397,SPIP-Desember-2025.xlsx
electronic_money_total_value,5e,Table 5e. Electronic Money,26,20,Nilai Transaksi,Rp Miliar/Billions of Rp,2020,4,2020-04,36697.57779,SPIP-Desember-2025.xlsx
electronic_money_total_value,5e,Table 5e. Electronic Money,26,20,Nilai Transaksi,Rp Miliar/Billions of Rp,2020,5,2020-05,36286.72639999999,SPIP-Desember-2025.xlsx
electronic_money_total_value,5e,Table 5e. Electronic Money,26,20,Nilai Transaksi,Rp Miliar/Billions of Rp,2020,6,2020-06,35807.96320619498,SPIP-Desember-2025.xlsx
electronic_money_total_value,5e,Table 5e. Electronic Money,26,20,Nilai Transaksi,Rp Miliar/Billions of Rp,2020,7,2020-07,39554.4359,SPIP-Desember-2025.xlsx
electronic_money_total_value,5e,Table 5e. Electronic Money,26,20,Nilai Transaksi,Rp Miliar/Billions of Rp,2020,8,2020-08,41744.06244999998,SPIP-Desember-2025.xlsx
electronic_money_total_value,5e,Table 5e. Electronic Money,26,20,Nilai Transaksi,Rp Miliar/Billions of Rp,2020,9,2020-09,45550.26950000001,SPIP-Desember-2025.xlsx
electronic_money_total_value,5e,Table 5e. Electronic Money,26,20,Nilai Transaksi,Rp Miliar/Billions of Rp,2020,10,2020-10,49687.586881033,SPIP-Desember-2025.xlsx
electronic_money_total_value,5e,Table 5e. Electronic Money,26,20,Nilai Transaksi,Rp Miliar/Billions of Rp,2020,11,2020-11,51731.791736896,SPIP-Desember-2025.xlsx
electronic_money_total_value,5e,Table 5e. Electronic Money,26,20,Nilai Transaksi,Rp Miliar/Billions of Rp,2020,12,2020-12,57936.64562042601,SPIP-Desember-2025.xlsx
electronic_money_total_value,5e,Table 5e. Electronic Money,26,20,Nilai Transaksi,Rp Miliar/Billions of Rp,2021,1,2021-01,54496.49753900001,SPIP-Desember-2025.xlsx
electronic_money_total_value,5e,Table 5e. Electronic Money,26,20,Nilai Transaksi,Rp Miliar/Billions of Rp,2021,2,2021-02,49065.983843466,SPIP-Desember-2025.xlsx
electronic_money_total_value,5e,Table 5e. Electronic Money,26,20,Nilai Transaksi,Rp Miliar/Billions of Rp,2021,3,2021-03,56258.739166773994,SPIP-Desember-2025.xlsx
electronic_money_total_value,5e,Table 5e. Electronic Money,26,20,Nilai Transaksi,Rp Miliar/Billions of Rp,2021,4,2021-04,61420.758982693995,SPIP-Desember-2025.xlsx
electronic_money_total_value,5e,Table 5e. Electronic Money,26,20,Nilai Transaksi,Rp Miliar/Billions of Rp,2021,5,2021-05,71025.889990979,SPIP-Desember-2025.xlsx
electronic_money_total_value,5e,Table 5e. Electronic Money,26,20,Nilai Transaksi,Rp Miliar/Billions of Rp,2021,6,2021-06,64898.463511309004,SPIP-Desember-2025.xlsx
electronic_money_total_value,5e,Table 5e. Electronic Money,26,20,Nilai Transaksi,Rp Miliar/Billions of Rp,2021,7,2021-07,67664.269430644,SPIP-Desember-2025.xlsx
electronic_money_total_value,5e,Table 5e. Electronic Money,26,20,Nilai Transaksi,Rp Miliar/Billions of Rp,2021,8,2021-08,66505.45340399999,SPIP-Desember-2025.xlsx
electronic_money_total_value,5e,Table 5e. Electronic Money,26,20,Nilai Transaksi,Rp Miliar/Billions of Rp,2021,9,2021-09,73700.51815642299,SPIP-Desember-2025.xlsx
electronic_money_total_value,5e,Table 5e. Electronic Money,26,20,Nilai Transaksi,Rp Miliar/Billions of Rp,2021,10,2021-10,69078.824002,SPIP-Desember-2025.xlsx
electronic_money_total_value,5e,Table 5e. Electronic Money,26,20,Nilai Transaksi,Rp Miliar/Billions of Rp,2021,11,2021-11,72532.42490548998,SPIP-Desember-2025.xlsx
electronic_money_total_value,5e,Table 5e. Electronic Money,26,20,Nilai Transaksi,Rp Miliar/Billions of Rp,2021,12,2021-12,79806.525867645,SPIP-Desember-2025.xlsx
electronic_money_total_value,5e,Table 5e. Electronic Money,26,20,Nilai Transaksi,Rp Miliar/Billions of Rp,2022,1,2022-01,72323.14661822506,SPIP-Desember-2025.xlsx
electronic_money_total_value,5e,Table 5e. Electronic Money,26,20,Nilai Transaksi,Rp Miliar/Billions of Rp,2022,2,2022-02,68290.15000062902,SPIP-Desember-2025.xlsx
electronic_money_total_value,5e,Table 5e. Electronic Money,26,20,Nilai Transaksi,Rp Miliar/Billions of Rp,2022,3,2022-03,78039.55883381303,SPIP-Desember-2025.xlsx
electronic_money_total_value,5e,Table 5e. Electronic Money,26,20,Nilai Transaksi,Rp Miliar/Billions of Rp,2022,4,2022-04,89049.07676385909,SPIP-Desember-2025.xlsx
electronic_money_total_value,5e,Table 5e. Electronic Money,26,20,Nilai Transaksi,Rp Miliar/Billions of Rp,2022,5,2022-05,81823.81397101101,SPIP-Desember-2025.xlsx
electronic_money_total_value,5e,Table 5e. Electronic Money,26,20,Nilai Transaksi,Rp Miliar/Billions of Rp,2022,6,2022-06,85823.56282985103,SPIP-Desember-2025.xlsx
electronic_money_total_value,5e,Table 5e. Electronic Money,26,20,Nilai Transaksi,Rp Miliar/Billions of Rp,2022,7,2022-07,96735.49955718504,SPIP-Desember-2025.xlsx
electronic_money_total_value,5e,Table 5e. Electronic Money,26,20,Nilai Transaksi,Rp Miliar/Billions of Rp,2022,8,2022-08,100582.19605268103,SPIP-Desember-2025.xlsx
electronic_money_total_value,5e,Table 5e. Electronic Money,26,20,Nilai Transaksi,Rp Miliar/Billions of Rp,2022,9,2022-09,98546.26643406885,SPIP-Desember-2025.xlsx
electronic_money_total_value,5e,Table 5e. Electronic Money,26,20,Nilai Transaksi,Rp Miliar/Billions of Rp,2022,10,2022-10,131210.16628397498,SPIP-Desember-2025.xlsx
electronic_money_total_value,5e,Table 5e. Electronic Money,26,20,Nilai Transaksi,Rp Miliar/Billions of Rp,2022,11,2022-11,132407.211769553,SPIP-Desember-2025.xlsx
electronic_money_total_value,5e,Table 5e. Electronic Money,26,20,Nilai Transaksi,Rp Miliar/Billions of Rp,2022,12,2022-12,142966.70678296307,SPIP-Desember-2025.xlsx
electronic_money_total_value,5e,Table 5e. Electronic Money,26,20,Nilai Transaksi,Rp Miliar/Billions of Rp,2023,1,2023-01,134120.104687603,SPIP-Desember-2025.xlsx
electronic_money_total_value,5e,Table 5e. Electronic Money,26,20,Nilai Transaksi,Rp Miliar/Billions of Rp,2023,2,2023-02,126293.151302985,SPIP-Desember-2025.xlsx
electronic_money_total_value,5e,Table 5e. Electronic Money,26,20,Nilai Transaksi,Rp Miliar/Billions of Rp,2023,3,2023-03,143714.443881089,SPIP-Desember-2025.xlsx
electronic_money_total_value,5e,Table 5e. Electronic Money,26,20,Nilai Transaksi,Rp Miliar/Billions of Rp,2023,4,2023-04,152561.17481728503,SPIP-Desember-2025.xlsx
electronic_money_total_value,5e,Table 5e. Electronic Money,26,20,Nilai Transaksi,Rp Miliar/Billions of Rp,2023,5,2023-05,152563.86275,SPIP-Desember-2025.xlsx
electronic_money_total_value,5e,Table 5e. Electronic Money,26,20,Nilai Transaksi,Rp Miliar/Billions of Rp,2023,6,2023-06,153138.899661293,SPIP-Desember-2025.xlsx
electronic_money_total_value,5e,Table 5e. Electronic Money,26,20,Nilai Transaksi,Rp Miliar/Billions of Rp,2023,7,2023-07,160469.77408076206,SPIP-Desember-2025.xlsx
electronic_money_total_value,5e,Table 5e. Electronic Money,26,20,Nilai Transaksi,Rp Miliar/Billions of Rp,2023,8,2023-08,157809.213706232,SPIP-Desember-2025.xlsx
electronic_money_total_value,5e,Table 5e. Electronic Money,26,20,Nilai Transaksi,Rp Miliar/Billions of Rp,2023,9,2023-09,158588.52264818503,SPIP-Desember-2025.xlsx
electronic_money_total_value,5e,Table 5e. Electronic Money,26,20,Nilai Transaksi,Rp Miliar/Billions of Rp,2023,10,2023-10,166601.7450441621,SPIP-Desember-2025.xlsx
electronic_money_total_value,5e,Table 5e. Electronic Money,26,20,Nilai Transaksi,Rp Miliar/Billions of Rp,2023,11,2023-11,169461.262339401,SPIP-Desember-2025.xlsx
electronic_money_total_value,5e,Table 5e. Electronic Money,26,20,Nilai Transaksi,Rp Miliar/Billions of Rp,2023,12,2023-12,184629.30846131002,SPIP-Desember-2025.xlsx
electronic_money_total_value,5e,Table 5e. Electronic Money,26,20,Nilai Transaksi,Rp Miliar/Billions of Rp,2024,1,2024-01,178570.43697225305,SPIP-Desember-2025.xlsx
electronic_money_total_value,5e,Table 5e. Electronic Money,26,20,Nilai Transaksi,Rp Miliar/Billions of Rp,2024,2,2024-02,178373.878700885,SPIP-Desember-2025.xlsx
electronic_money_total_value,5e,Table 5e. Electronic Money,26,20,Nilai Transaksi,Rp Miliar/Billions of Rp,2024,3,2024-03,199819.61895640896,SPIP-Desember-2025.xlsx
electronic_money_total_value,5e,Table 5e. Electronic Money,26,20,Nilai Transaksi,Rp Miliar/Billions of Rp,2024,4,2024-04,199908.26265704798,SPIP-Desember-2025.xlsx
electronic_money_total_value,5e,Table 5e. Electronic Money,26,20,Nilai Transaksi,Rp Miliar/Billions of Rp,2024,5,2024-05,204240.247903242,SPIP-Desember-2025.xlsx
electronic_money_total_value,5e,Table 5e. Electronic Money,26,20,Nilai Transaksi,Rp Miliar/Billions of Rp,2024,6,2024-06,207054.58031824598,SPIP-Desember-2025.xlsx
electronic_money_total_value,5e,Table 5e. Electronic Money,26,20,Nilai Transaksi,Rp Miliar/Billions of Rp,2024,7,2024-07,214073.38438882498,SPIP-Desember-2025.xlsx
electronic_money_total_value,5e,Table 5e. Electronic Money,26,20,Nilai Transaksi,Rp Miliar/Billions of Rp,2024,8,2024-08,220874.897110646,SPIP-Desember-2025.xlsx
electronic_money_total_value,5e,Table 5e. Electronic Money,26,20,Nilai Transaksi,Rp Miliar/Billions of Rp,2024,9,2024-09,217814.13552393133,SPIP-Desember-2025.xlsx
electronic_money_total_value,5e,Table 5e. Electronic Money,26,20,Nilai Transaksi,Rp Miliar/Billions of Rp,2024,10,2024-10,224236.348383711,SPIP-Desember-2025.xlsx
electronic_money_total_value,5e,Table 5e. Electronic Money,26,20,Nilai Transaksi,Rp Miliar/Billions of Rp,2024,11,2024-11,213373.29640471103,SPIP-Desember-2025.xlsx
electronic_money_total_value,5e,Table 5e. Electronic Money,26,20,Nilai Transaksi,Rp Miliar/Billions of Rp,2024,12,2024-12,245619.78159361394,SPIP-Desember-2025.xlsx
electronic_money_total_value,5e,Table 5e. Electronic Money,26,20,Nilai Transaksi,Rp Miliar/Billions of Rp,2025,1,2025-01,236025.771478044,SPIP-Desember-2025.xlsx
electronic_money_total_value,5e,Table 5e. Electronic Money,26,20,Nilai Transaksi,Rp Miliar/Billions of Rp,2025,2,2025-02,226152.28424168398,SPIP-Desember-2025.xlsx
electronic_money_total_value,5e,Table 5e. Electronic Money,26,20,Nilai Transaksi,Rp Miliar/Billions of Rp,2025,3,2025-03,277235.06012434297,SPIP-Desember-2025.xlsx
electronic_money_total_value,5e,Table 5e. Electronic Money,26,20,Nilai Transaksi,Rp Miliar/Billions of Rp,2025,4,2025-04,243026.69241986907,SPIP-Desember-2025.xlsx
electronic_money_total_value,5e,Table 5e. Electronic Money,26,20,Nilai Transaksi,Rp Miliar/Billions of Rp,2025,5,2025-05,269436.027666745,SPIP-Desember-2025.xlsx
electronic_money_total_value,5e,Table 5e. Electronic Money,26,20,Nilai Transaksi,Rp Miliar/Billions of Rp,2025,6,2025-06,268743.97807161993,SPIP-Desember-2025.xlsx
electronic_money_total_value,5e,Table 5e. Electronic Money,26,20,Nilai Transaksi,Rp Miliar/Billions of Rp,2025,7,2025-07,279464.225320212,SPIP-Desember-2025.xlsx
electronic_money_total_value,5e,Table 5e. Electronic Money,26,20,Nilai Transaksi,Rp Miliar/Billions of Rp,2025,8,2025-08,300384.30849565286,SPIP-Desember-2025.xlsx
electronic_money_total_value,5e,Table 5e. Electronic Money,26,20,Nilai Transaksi,Rp Miliar/Billions of Rp,2025,9,2025-09,298076.9259434571,SPIP-Desember-2025.xlsx
electronic_money_total_value,5e,Table 5e. Electronic Money,26,20,Nilai Transaksi,Rp Miliar/Billions of Rp,2025,10,2025-10,301744.2964953805,SPIP-Desember-2025.xlsx
electronic_money_total_value,5e,Table 5e. Electronic Money,26,20,Nilai Transaksi,Rp Miliar/Billions of Rp,2025,11,2025-11,318069.4832326099,SPIP-Desember-2025.xlsx
electronic_money_shopping_value,5e,Table 5e. Electronic Money,27,21,Nilai Transaksi Belanja,Rp Miliar/Billions of Rp,2009,1,2009-01,21.65838,SPIP-Desember-2025.xlsx
electronic_money_shopping_value,5e,Table 5e. Electronic Money,27,21,Nilai Transaksi Belanja,Rp Miliar/Billions of Rp,2009,2,2009-02,23.38916,SPIP-Desember-2025.xlsx
electronic_money_shopping_value,5e,Table 5e. Electronic Money,27,21,Nilai Transaksi Belanja,Rp Miliar/Billions of Rp,2009,3,2009-03,29.776229999999998,SPIP-Desember-2025.xlsx
electronic_money_shopping_value,5e,Table 5e. Electronic Money,27,21,Nilai Transaksi Belanja,Rp Miliar/Billions of Rp,2009,4,2009-04,32.52626,SPIP-Desember-2025.xlsx
electronic_money_shopping_value,5e,Table 5e. Electronic Money,27,21,Nilai Transaksi Belanja,Rp Miliar/Billions of Rp,2009,5,2009-05,39.4925,SPIP-Desember-2025.xlsx
electronic_money_shopping_value,5e,Table 5e. Electronic Money,27,21,Nilai Transaksi Belanja,Rp Miliar/Billions of Rp,2009,6,2009-06,41.018620000000006,SPIP-Desember-2025.xlsx
electronic_money_shopping_value,5e,Table 5e. Electronic Money,27,21,Nilai Transaksi Belanja,Rp Miliar/Billions of Rp,2009,7,2009-07,42.19283,SPIP-Desember-2025.xlsx
electronic_money_shopping_value,5e,Table 5e. Electronic Money,27,21,Nilai Transaksi Belanja,Rp Miliar/Billions of Rp,2009,8,2009-08,42.865199999999994,SPIP-Desember-2025.xlsx
electronic_money_shopping_value,5e,Table 5e. Electronic Money,27,21,Nilai Transaksi Belanja,Rp Miliar/Billions of Rp,2009,9,2009-09,68.42403999999999,SPIP-Desember-2025.xlsx
electronic_money_shopping_value,5e,Table 5e. Electronic Money,27,21,Nilai Transaksi Belanja,Rp Miliar/Billions of Rp,2009,10,2009-10,55.25707,SPIP-Desember-2025.xlsx
electronic_money_shopping_value,5e,Table 5e. Electronic Money,27,21,Nilai Transaksi Belanja,Rp Miliar/Billions of Rp,2009,11,2009-11,57.641839999999995,SPIP-Desember-2025.xlsx
electronic_money_shopping_value,5e,Table 5e. Electronic Money,27,21,Nilai Transaksi Belanja,Rp Miliar/Billions of Rp,2009,12,2009-12,64.97052,SPIP-Desember-2025.xlsx
electronic_money_shopping_value,5e,Table 5e. Electronic Money,27,21,Nilai Transaksi Belanja,Rp Miliar/Billions of Rp,2010,1,2010-01,57.412870000000005,SPIP-Desember-2025.xlsx
electronic_money_shopping_value,5e,Table 5e. Electronic Money,27,21,Nilai Transaksi Belanja,Rp Miliar/Billions of Rp,2010,2,2010-02,55.14791,SPIP-Desember-2025.xlsx
electronic_money_shopping_value,5e,Table 5e. Electronic Money,27,21,Nilai Transaksi Belanja,Rp Miliar/Billions of Rp,2010,3,2010-03,64.63968,SPIP-Desember-2025.xlsx
electronic_money_shopping_value,5e,Table 5e. Electronic Money,27,21,Nilai Transaksi Belanja,Rp Miliar/Billions of Rp,2010,4,2010-04,48.98527,SPIP-Desember-2025.xlsx
electronic_money_shopping_value,5e,Table 5e. Electronic Money,27,21,Nilai Transaksi Belanja,Rp Miliar/Billions of Rp,2010,5,2010-05,51.38578,SPIP-Desember-2025.xlsx
electronic_money_shopping_value,5e,Table 5e. Electronic Money,27,21,Nilai Transaksi Belanja,Rp Miliar/Billions of Rp,2010,6,2010-06,60.7249,SPIP-Desember-2025.xlsx
electronic_money_shopping_value,5e,Table 5e. Electronic Money,27,21,Nilai Transaksi Belanja,Rp Miliar/Billions of Rp,2010,7,2010-07,58.54222,SPIP-Desember-2025.xlsx
electronic_money_shopping_value,5e,Table 5e. Electronic Money,27,21,Nilai Transaksi Belanja,Rp Miliar/Billions of Rp,2010,8,2010-08,56.91728,SPIP-Desember-2025.xlsx
electronic_money_shopping_value,5e,Table 5e. Electronic Money,27,21,Nilai Transaksi Belanja,Rp Miliar/Billions of Rp,2010,9,2010-09,57.275800000000004,SPIP-Desember-2025.xlsx
electronic_money_shopping_value,5e,Table 5e. Electronic Money,27,21,Nilai Transaksi Belanja,Rp Miliar/Billions of Rp,2010,10,2010-10,64.23406,SPIP-Desember-2025.xlsx
electronic_money_shopping_value,5e,Table 5e. Electronic Money,27,21,Nilai Transaksi Belanja,Rp Miliar/Billions of Rp,2010,11,2010-11,54.300760000000004,SPIP-Desember-2025.xlsx
electronic_money_shopping_value,5e,Table 5e. Electronic Money,27,21,Nilai Transaksi Belanja,Rp Miliar/Billions of Rp,2010,12,2010-12,63.90048,SPIP-Desember-2025.xlsx
electronic_money_shopping_value,5e,Table 5e. Electronic Money,27,21,Nilai Transaksi Belanja,Rp Miliar/Billions of Rp,2011,1,2011-01,64.16481,SPIP-Desember-2025.xlsx
electronic_money_shopping_value,5e,Table 5e. Electronic Money,27,21,Nilai Transaksi Belanja,Rp Miliar/Billions of Rp,2011,2,2011-02,51.67005,SPIP-Desember-2025.xlsx
electronic_money_shopping_value,5e,Table 5e. Electronic Money,27,21,Nilai Transaksi Belanja,Rp Miliar/Billions of Rp,2011,3,2011-03,60.7617,SPIP-Desember-2025.xlsx
electronic_money_shopping_value,5e,Table 5e. Electronic Money,27,21,Nilai Transaksi Belanja,Rp Miliar/Billions of Rp,2011,4,2011-04,59.2428,SPIP-Desember-2025.xlsx
electronic_money_shopping_value,5e,Table 5e. Electronic Money,27,21,Nilai Transaksi Belanja,Rp Miliar/Billions of Rp,2011,5,2011-05,67.07629,SPIP-Desember-2025.xlsx
electronic_money_shopping_value,5e,Table 5e. Electronic Money,27,21,Nilai Transaksi Belanja,Rp Miliar/Billions of Rp,2011,6,2011-06,95.0561,SPIP-Desember-2025.xlsx
electronic_money_shopping_value,5e,Table 5e. Electronic Money,27,21,Nilai Transaksi Belanja,Rp Miliar/Billions of Rp,2011,7,2011-07,116.73474,SPIP-Desember-2025.xlsx
electronic_money_shopping_value,5e,Table 5e. Electronic Money,27,21,Nilai Transaksi Belanja,Rp Miliar/Billions of Rp,2011,8,2011-08,102.30765,SPIP-Desember-2025.xlsx
electronic_money_shopping_value,5e,Table 5e. Electronic Money,27,21,Nilai Transaksi Belanja,Rp Miliar/Billions of Rp,2011,9,2011-09,84.094,SPIP-Desember-2025.xlsx
electronic_money_shopping_value,5e,Table 5e. Electronic Money,27,21,Nilai Transaksi Belanja,Rp Miliar/Billions of Rp,2011,10,2011-10,78.31064,SPIP-Desember-2025.xlsx
electronic_money_shopping_value,5e,Table 5e. Electronic Money,27,21,Nilai Transaksi Belanja,Rp Miliar/Billions of Rp,2011,11,2011-11,77.2385,SPIP-Desember-2025.xlsx
electronic_money_shopping_value,5e,Table 5e. Electronic Money,27,21,Nilai Transaksi Belanja,Rp Miliar/Billions of Rp,2011,12,2011-12,124.63969,SPIP-Desember-2025.xlsx
electronic_money_shopping_value,5e,Table 5e. Electronic Money,27,21,Nilai Transaksi Belanja,Rp Miliar/Billions of Rp,2012,1,2012-01,111.26976624199999,SPIP-Desember-2025.xlsx
electronic_money_shopping_value,5e,Table 5e. Electronic Money,27,21,Nilai Transaksi Belanja,Rp Miliar/Billions of Rp,2012,2,2012-02,85.378561818,SPIP-Desember-2025.xlsx
electronic_money_shopping_value,5e,Table 5e. Electronic Money,27,21,Nilai Transaksi Belanja,Rp Miliar/Billions of Rp,2012,3,2012-03,128.140671215,SPIP-Desember-2025.xlsx
electronic_money_shopping_value,5e,Table 5e. Electronic Money,27,21,Nilai Transaksi Belanja,Rp Miliar/Billions of Rp,2012,4,2012-04,138.79403239799998,SPIP-Desember-2025.xlsx
electronic_money_shopping_value,5e,Table 5e. Electronic Money,27,21,Nilai Transaksi Belanja,Rp Miliar/Billions of Rp,2012,5,2012-05,131.13214531200003,SPIP-Desember-2025.xlsx
electronic_money_shopping_value,5e,Table 5e. Electronic Money,27,21,Nilai Transaksi Belanja,Rp Miliar/Billions of Rp,2012,6,2012-06,168.11029905900003,SPIP-Desember-2025.xlsx
electronic_money_shopping_value,5e,Table 5e. Electronic Money,27,21,Nilai Transaksi Belanja,Rp Miliar/Billions of Rp,2012,7,2012-07,238.09977860500004,SPIP-Desember-2025.xlsx
electronic_money_shopping_value,5e,Table 5e. Electronic Money,27,21,Nilai Transaksi Belanja,Rp Miliar/Billions of Rp,2012,8,2012-08,167.96725997699997,SPIP-Desember-2025.xlsx
electronic_money_shopping_value,5e,Table 5e. Electronic Money,27,21,Nilai Transaksi Belanja,Rp Miliar/Billions of Rp,2012,9,2012-09,157.435159107,SPIP-Desember-2025.xlsx
electronic_money_shopping_value,5e,Table 5e. Electronic Money,27,21,Nilai Transaksi Belanja,Rp Miliar/Billions of Rp,2012,10,2012-10,155.31025999503544,SPIP-Desember-2025.xlsx
electronic_money_shopping_value,5e,Table 5e. Electronic Money,27,21,Nilai Transaksi Belanja,Rp Miliar/Billions of Rp,2012,11,2012-11,243.795815779,SPIP-Desember-2025.xlsx
electronic_money_shopping_value,5e,Table 5e. Electronic Money,27,21,Nilai Transaksi Belanja,Rp Miliar/Billions of Rp,2012,12,2012-12,246.115777851,SPIP-Desember-2025.xlsx
electronic_money_shopping_value,5e,Table 5e. Electronic Money,27,21,Nilai Transaksi Belanja,Rp Miliar/Billions of Rp,2013,1,2013-01,168.394100499,SPIP-Desember-2025.xlsx
electronic_money_shopping_value,5e,Table 5e. Electronic Money,27,21,Nilai Transaksi Belanja,Rp Miliar/Billions of Rp,2013,2,2013-02,165.33513024899997,SPIP-Desember-2025.xlsx
electronic_money_shopping_value,5e,Table 5e. Electronic Money,27,21,Nilai Transaksi Belanja,Rp Miliar/Billions of Rp,2013,3,2013-03,252.790654479,SPIP-Desember-2025.xlsx
electronic_money_shopping_value,5e,Table 5e. Electronic Money,27,21,Nilai Transaksi Belanja,Rp Miliar/Billions of Rp,2013,4,2013-04,219.75659302800005,SPIP-Desember-2025.xlsx
electronic_money_shopping_value,5e,Table 5e. Electronic Money,27,21,Nilai Transaksi Belanja,Rp Miliar/Billions of Rp,2013,5,2013-05,214.514685178,SPIP-Desember-2025.xlsx
electronic_money_shopping_value,5e,Table 5e. Electronic Money,27,21,Nilai Transaksi Belanja,Rp Miliar/Billions of Rp,2013,6,2013-06,250.006192754,SPIP-Desember-2025.xlsx
electronic_money_shopping_value,5e,Table 5e. Electronic Money,27,21,Nilai Transaksi Belanja,Rp Miliar/Billions of Rp,2013,7,2013-07,387.170658176,SPIP-Desember-2025.xlsx
electronic_money_shopping_value,5e,Table 5e. Electronic Money,27,21,Nilai Transaksi Belanja,Rp Miliar/Billions of Rp,2013,8,2013-08,279.902390642,SPIP-Desember-2025.xlsx
electronic_money_shopping_value,5e,Table 5e. Electronic Money,27,21,Nilai Transaksi Belanja,Rp Miliar/Billions of Rp,2013,9,2013-09,231.60168300800007,SPIP-Desember-2025.xlsx
electronic_money_shopping_value,5e,Table 5e. Electronic Money,27,21,Nilai Transaksi Belanja,Rp Miliar/Billions of Rp,2013,10,2013-10,245.14949521399998,SPIP-Desember-2025.xlsx
electronic_money_shopping_value,5e,Table 5e. Electronic Money,27,21,Nilai Transaksi Belanja,Rp Miliar/Billions of Rp,2013,11,2013-11,244.57731297,SPIP-Desember-2025.xlsx
electronic_money_shopping_value,5e,Table 5e. Electronic Money,27,21,Nilai Transaksi Belanja,Rp Miliar/Billions of Rp,2013,12,2013-12,248.233240749,SPIP-Desember-2025.xlsx
electronic_money_shopping_value,5e,Table 5e. Electronic Money,27,21,Nilai Transaksi Belanja,Rp Miliar/Billions of Rp,2014,1,2014-01,239.691490494,SPIP-Desember-2025.xlsx
electronic_money_shopping_value,5e,Table 5e. Electronic Money,27,21,Nilai Transaksi Belanja,Rp Miliar/Billions of Rp,2014,2,2014-02,212.10092375800005,SPIP-Desember-2025.xlsx
electronic_money_shopping_value,5e,Table 5e. Electronic Money,27,21,Nilai Transaksi Belanja,Rp Miliar/Billions of Rp,2014,3,2014-03,297.1602513350001,SPIP-Desember-2025.xlsx
electronic_money_shopping_value,5e,Table 5e. Electronic Money,27,21,Nilai Transaksi Belanja,Rp Miliar/Billions of Rp,2014,4,2014-04,231.80041851299998,SPIP-Desember-2025.xlsx
electronic_money_shopping_value,5e,Table 5e. Electronic Money,27,21,Nilai Transaksi Belanja,Rp Miliar/Billions of Rp,2014,5,2014-05,270.600763016,SPIP-Desember-2025.xlsx
electronic_money_shopping_value,5e,Table 5e. Electronic Money,27,21,Nilai Transaksi Belanja,Rp Miliar/Billions of Rp,2014,6,2014-06,331.49197105599995,SPIP-Desember-2025.xlsx
electronic_money_shopping_value,5e,Table 5e. Electronic Money,27,21,Nilai Transaksi Belanja,Rp Miliar/Billions of Rp,2014,7,2014-07,361.0633095930001,SPIP-Desember-2025.xlsx
electronic_money_shopping_value,5e,Table 5e. Electronic Money,27,21,Nilai Transaksi Belanja,Rp Miliar/Billions of Rp,2014,8,2014-08,274.58591203199995,SPIP-Desember-2025.xlsx
electronic_money_shopping_value,5e,Table 5e. Electronic Money,27,21,Nilai Transaksi Belanja,Rp Miliar/Billions of Rp,2014,9,2014-09,305.5742555089999,SPIP-Desember-2025.xlsx
electronic_money_shopping_value,5e,Table 5e. Electronic Money,27,21,Nilai Transaksi Belanja,Rp Miliar/Billions of Rp,2014,10,2014-10,239.47345259800008,SPIP-Desember-2025.xlsx
electronic_money_shopping_value,5e,Table 5e. Electronic Money,27,21,Nilai Transaksi Belanja,Rp Miliar/Billions of Rp,2014,11,2014-11,274.63027546499995,SPIP-Desember-2025.xlsx
electronic_money_shopping_value,5e,Table 5e. Electronic Money,27,21,Nilai Transaksi Belanja,Rp Miliar/Billions of Rp,2014,12,2014-12,281.38301948599997,SPIP-Desember-2025.xlsx
electronic_money_shopping_value,5e,Table 5e. Electronic Money,27,21,Nilai Transaksi Belanja,Rp Miliar/Billions of Rp,2015,1,2015-01,253.37330618,SPIP-Desember-2025.xlsx
electronic_money_shopping_value,5e,Table 5e. Electronic Money,27,21,Nilai Transaksi Belanja,Rp Miliar/Billions of Rp,2015,2,2015-02,246.22279694300002,SPIP-Desember-2025.xlsx
electronic_money_shopping_value,5e,Table 5e. Electronic Money,27,21,Nilai Transaksi Belanja,Rp Miliar/Billions of Rp,2015,3,2015-03,339.241039069,SPIP-Desember-2025.xlsx
electronic_money_shopping_value,5e,Table 5e. Electronic Money,27,21,Nilai Transaksi Belanja,Rp Miliar/Billions of Rp,2015,4,2015-04,294.805399552,SPIP-Desember-2025.xlsx
electronic_money_shopping_value,5e,Table 5e. Electronic Money,27,21,Nilai Transaksi Belanja,Rp Miliar/Billions of Rp,2015,5,2015-05,478.0241713320001,SPIP-Desember-2025.xlsx
electronic_money_shopping_value,5e,Table 5e. Electronic Money,27,21,Nilai Transaksi Belanja,Rp Miliar/Billions of Rp,2015,6,2015-06,663.652472894,SPIP-Desember-2025.xlsx
electronic_money_shopping_value,5e,Table 5e. Electronic Money,27,21,Nilai Transaksi Belanja,Rp Miliar/Billions of Rp,2015,7,2015-07,665.7525084730003,SPIP-Desember-2025.xlsx
electronic_money_shopping_value,5e,Table 5e. Electronic Money,27,21,Nilai Transaksi Belanja,Rp Miliar/Billions of Rp,2015,8,2015-08,527.8661095519999,SPIP-Desember-2025.xlsx
electronic_money_shopping_value,5e,Table 5e. Electronic Money,27,21,Nilai Transaksi Belanja,Rp Miliar/Billions of Rp,2015,9,2015-09,471.5451444370001,SPIP-Desember-2025.xlsx
electronic_money_shopping_value,5e,Table 5e. Electronic Money,27,21,Nilai Transaksi Belanja,Rp Miliar/Billions of Rp,2015,10,2015-10,450.38914320000003,SPIP-Desember-2025.xlsx
electronic_money_shopping_value,5e,Table 5e. Electronic Money,27,21,Nilai Transaksi Belanja,Rp Miliar/Billions of Rp,2015,11,2015-11,461.04379251100005,SPIP-Desember-2025.xlsx
electronic_money_shopping_value,5e,Table 5e. Electronic Money,27,21,Nilai Transaksi Belanja,Rp Miliar/Billions of Rp,2015,12,2015-12,431.1017676359999,SPIP-Desember-2025.xlsx
electronic_money_shopping_value,5e,Table 5e. Electronic Money,27,21,Nilai Transaksi Belanja,Rp Miliar/Billions of Rp,2016,1,2016-01,387.4041451429999,SPIP-Desember-2025.xlsx
electronic_money_shopping_value,5e,Table 5e. Electronic Money,27,21,Nilai Transaksi Belanja,Rp Miliar/Billions of Rp,2016,2,2016-02,519.3644721940002,SPIP-Desember-2025.xlsx
electronic_money_shopping_value,5e,Table 5e. Electronic Money,27,21,Nilai Transaksi Belanja,Rp Miliar/Billions of Rp,2016,3,2016-03,492.1660729080001,SPIP-Desember-2025.xlsx
electronic_money_shopping_value,5e,Table 5e. Electronic Money,27,21,Nilai Transaksi Belanja,Rp Miliar/Billions of Rp,2016,4,2016-04,515.2315097469999,SPIP-Desember-2025.xlsx
electronic_money_shopping_value,5e,Table 5e. Electronic Money,27,21,Nilai Transaksi Belanja,Rp Miliar/Billions of Rp,2016,5,2016-05,587.0518264250002,SPIP-Desember-2025.xlsx
electronic_money_shopping_value,5e,Table 5e. Electronic Money,27,21,Nilai Transaksi Belanja,Rp Miliar/Billions of Rp,2016,6,2016-06,673.1514127770001,SPIP-Desember-2025.xlsx
electronic_money_shopping_value,5e,Table 5e. Electronic Money,27,21,Nilai Transaksi Belanja,Rp Miliar/Billions of Rp,2016,7,2016-07,561.8620949369999,SPIP-Desember-2025.xlsx
electronic_money_shopping_value,5e,Table 5e. Electronic Money,27,21,Nilai Transaksi Belanja,Rp Miliar/Billions of Rp,2016,8,2016-08,616.4844481900001,SPIP-Desember-2025.xlsx
electronic_money_shopping_value,5e,Table 5e. Electronic Money,27,21,Nilai Transaksi Belanja,Rp Miliar/Billions of Rp,2016,9,2016-09,544.915645196,SPIP-Desember-2025.xlsx
electronic_money_shopping_value,5e,Table 5e. Electronic Money,27,21,Nilai Transaksi Belanja,Rp Miliar/Billions of Rp,2016,10,2016-10,584.319179481,SPIP-Desember-2025.xlsx
electronic_money_shopping_value,5e,Table 5e. Electronic Money,27,21,Nilai Transaksi Belanja,Rp Miliar/Billions of Rp,2016,11,2016-11,831.9717059359998,SPIP-Desember-2025.xlsx
electronic_money_shopping_value,5e,Table 5e. Electronic Money,27,21,Nilai Transaksi Belanja,Rp Miliar/Billions of Rp,2016,12,2016-12,749.7664556410001,SPIP-Desember-2025.xlsx
electronic_money_shopping_value,5e,Table 5e. Electronic Money,27,21,Nilai Transaksi Belanja,Rp Miliar/Billions of Rp,2017,1,2017-01,665.791469615,SPIP-Desember-2025.xlsx
electronic_money_shopping_value,5e,Table 5e. Electronic Money,27,21,Nilai Transaksi Belanja,Rp Miliar/Billions of Rp,2017,2,2017-02,812.2819941489998,SPIP-Desember-2025.xlsx
electronic_money_shopping_value,5e,Table 5e. Electronic Money,27,21,Nilai Transaksi Belanja,Rp Miliar/Billions of Rp,2017,3,2017-03,746.3973232720001,SPIP-Desember-2025.xlsx
electronic_money_shopping_value,5e,Table 5e. Electronic Money,27,21,Nilai Transaksi Belanja,Rp Miliar/Billions of Rp,2017,4,2017-04,633.561257898,SPIP-Desember-2025.xlsx
electronic_money_shopping_value,5e,Table 5e. Electronic Money,27,21,Nilai Transaksi Belanja,Rp Miliar/Billions of Rp,2017,5,2017-05,879.1075275850001,SPIP-Desember-2025.xlsx
electronic_money_shopping_value,5e,Table 5e. Electronic Money,27,21,Nilai Transaksi Belanja,Rp Miliar/Billions of Rp,2017,6,2017-06,1019.649712757,SPIP-Desember-2025.xlsx
electronic_money_shopping_value,5e,Table 5e. Electronic Money,27,21,Nilai Transaksi Belanja,Rp Miliar/Billions of Rp,2017,7,2017-07,1141.503857374,SPIP-Desember-2025.xlsx
electronic_money_shopping_value,5e,Table 5e. Electronic Money,27,21,Nilai Transaksi Belanja,Rp Miliar/Billions of Rp,2017,8,2017-08,790.6990422670001,SPIP-Desember-2025.xlsx
electronic_money_shopping_value,5e,Table 5e. Electronic Money,27,21,Nilai Transaksi Belanja,Rp Miliar/Billions of Rp,2017,9,2017-09,817.3661433080001,SPIP-Desember-2025.xlsx
electronic_money_shopping_value,5e,Table 5e. Electronic Money,27,21,Nilai Transaksi Belanja,Rp Miliar/Billions of Rp,2017,10,2017-10,1264.4623738770001,SPIP-Desember-2025.xlsx
electronic_money_shopping_value,5e,Table 5e. Electronic Money,27,21,Nilai Transaksi Belanja,Rp Miliar/Billions of Rp,2017,11,2017-11,1647.3584289240005,SPIP-Desember-2025.xlsx
electronic_money_shopping_value,5e,Table 5e. Electronic Money,27,21,Nilai Transaksi Belanja,Rp Miliar/Billions of Rp,2017,12,2017-12,1957.2895863460003,SPIP-Desember-2025.xlsx
electronic_money_shopping_value,5e,Table 5e. Electronic Money,27,21,Nilai Transaksi Belanja,Rp Miliar/Billions of Rp,2018,1,2018-01,3491.8030007790003,SPIP-Desember-2025.xlsx
electronic_money_shopping_value,5e,Table 5e. Electronic Money,27,21,Nilai Transaksi Belanja,Rp Miliar/Billions of Rp,2018,2,2018-02,3360.7905298179994,SPIP-Desember-2025.xlsx
electronic_money_shopping_value,5e,Table 5e. Electronic Money,27,21,Nilai Transaksi Belanja,Rp Miliar/Billions of Rp,2018,3,2018-03,3458.626770626,SPIP-Desember-2025.xlsx
electronic_money_shopping_value,5e,Table 5e. Electronic Money,27,21,Nilai Transaksi Belanja,Rp Miliar/Billions of Rp,2018,4,2018-04,3352.8936465909997,SPIP-Desember-2025.xlsx
electronic_money_shopping_value,5e,Table 5e. Electronic Money,27,21,Nilai Transaksi Belanja,Rp Miliar/Billions of Rp,2018,5,2018-05,3534.568850147,SPIP-Desember-2025.xlsx
electronic_money_shopping_value,5e,Table 5e. Electronic Money,27,21,Nilai Transaksi Belanja,Rp Miliar/Billions of Rp,2018,6,2018-06,3469.7267650130007,SPIP-Desember-2025.xlsx
electronic_money_shopping_value,5e,Table 5e. Electronic Money,27,21,Nilai Transaksi Belanja,Rp Miliar/Billions of Rp,2018,7,2018-07,3582.677099728,SPIP-Desember-2025.xlsx
electronic_money_shopping_value,5e,Table 5e. Electronic Money,27,21,Nilai Transaksi Belanja,Rp Miliar/Billions of Rp,2018,8,2018-08,3899.4739459879993,SPIP-Desember-2025.xlsx
electronic_money_shopping_value,5e,Table 5e. Electronic Money,27,21,Nilai Transaksi Belanja,Rp Miliar/Billions of Rp,2018,9,2018-09,3517.8347600990005,SPIP-Desember-2025.xlsx
electronic_money_shopping_value,5e,Table 5e. Electronic Money,27,21,Nilai Transaksi Belanja,Rp Miliar/Billions of Rp,2018,10,2018-10,4448.57406158911,SPIP-Desember-2025.xlsx
electronic_money_shopping_value,5e,Table 5e. Electronic Money,27,21,Nilai Transaksi Belanja,Rp Miliar/Billions of Rp,2018,11,2018-11,5195.495090642001,SPIP-Desember-2025.xlsx
electronic_money_shopping_value,5e,Table 5e. Electronic Money,27,21,Nilai Transaksi Belanja,Rp Miliar/Billions of Rp,2018,12,2018-12,5886.151584128169,SPIP-Desember-2025.xlsx
electronic_money_shopping_value,5e,Table 5e. Electronic Money,27,21,Nilai Transaksi Belanja,Rp Miliar/Billions of Rp,2019,1,2019-01,5817.363192335521,SPIP-Desember-2025.xlsx
electronic_money_shopping_value,5e,Table 5e. Electronic Money,27,21,Nilai Transaksi Belanja,Rp Miliar/Billions of Rp,2019,2,2019-02,5970.2618968571205,SPIP-Desember-2025.xlsx
electronic_money_shopping_value,5e,Table 5e. Electronic Money,27,21,Nilai Transaksi Belanja,Rp Miliar/Billions of Rp,2019,3,2019-03,8956.977616791439,SPIP-Desember-2025.xlsx
electronic_money_shopping_value,5e,Table 5e. Electronic Money,27,21,Nilai Transaksi Belanja,Rp Miliar/Billions of Rp,2019,4,2019-04,10671.171334765533,SPIP-Desember-2025.xlsx
electronic_money_shopping_value,5e,Table 5e. Electronic Money,27,21,Nilai Transaksi Belanja,Rp Miliar/Billions of Rp,2019,5,2019-05,12815.686137710163,SPIP-Desember-2025.xlsx
electronic_money_shopping_value,5e,Table 5e. Electronic Money,27,21,Nilai Transaksi Belanja,Rp Miliar/Billions of Rp,2019,6,2019-06,11874.500194134975,SPIP-Desember-2025.xlsx
electronic_money_shopping_value,5e,Table 5e. Electronic Money,27,21,Nilai Transaksi Belanja,Rp Miliar/Billions of Rp,2019,7,2019-07,12939.442659999999,SPIP-Desember-2025.xlsx
electronic_money_shopping_value,5e,Table 5e. Electronic Money,27,21,Nilai Transaksi Belanja,Rp Miliar/Billions of Rp,2019,8,2019-08,12878.102649999999,SPIP-Desember-2025.xlsx
electronic_money_shopping_value,5e,Table 5e. Electronic Money,27,21,Nilai Transaksi Belanja,Rp Miliar/Billions of Rp,2019,9,2019-09,13820.41333,SPIP-Desember-2025.xlsx
electronic_money_shopping_value,5e,Table 5e. Electronic Money,27,21,Nilai Transaksi Belanja,Rp Miliar/Billions of Rp,2019,10,2019-10,16370.715,SPIP-Desember-2025.xlsx
electronic_money_shopping_value,5e,Table 5e. Electronic Money,27,21,Nilai Transaksi Belanja,Rp Miliar/Billions of Rp,2019,11,2019-11,16080.7009,SPIP-Desember-2025.xlsx
electronic_money_shopping_value,5e,Table 5e. Electronic Money,27,21,Nilai Transaksi Belanja,Rp Miliar/Billions of Rp,2019,12,2019-12,16970.13284,SPIP-Desember-2025.xlsx
electronic_money_shopping_value,5e,Table 5e. Electronic Money,27,21,Nilai Transaksi Belanja,Rp Miliar/Billions of Rp,2020,1,2020-01,15872.433339999983,SPIP-Desember-2025.xlsx
electronic_money_shopping_value,5e,Table 5e. Electronic Money,27,21,Nilai Transaksi Belanja,Rp Miliar/Billions of Rp,2020,2,2020-02,15178.625209999997,SPIP-Desember-2025.xlsx
electronic_money_shopping_value,5e,Table 5e. Electronic Money,27,21,Nilai Transaksi Belanja,Rp Miliar/Billions of Rp,2020,3,2020-03,15036.069580000001,SPIP-Desember-2025.xlsx
electronic_money_shopping_value,5e,Table 5e. Electronic Money,27,21,Nilai Transaksi Belanja,Rp Miliar/Billions of Rp,2020,4,2020-04,17552.119310000002,SPIP-Desember-2025.xlsx
electronic_money_shopping_value,5e,Table 5e. Electronic Money,27,21,Nilai Transaksi Belanja,Rp Miliar/Billions of Rp,2020,5,2020-05,15033.707950000002,SPIP-Desember-2025.xlsx
electronic_money_shopping_value,5e,Table 5e. Electronic Money,27,21,Nilai Transaksi Belanja,Rp Miliar/Billions of Rp,2020,6,2020-06,14955.260996195,SPIP-Desember-2025.xlsx
electronic_money_shopping_value,5e,Table 5e. Electronic Money,27,21,Nilai Transaksi Belanja,Rp Miliar/Billions of Rp,2020,7,2020-07,16099.55591,SPIP-Desember-2025.xlsx
electronic_money_shopping_value,5e,Table 5e. Electronic Money,27,21,Nilai Transaksi Belanja,Rp Miliar/Billions of Rp,2020,8,2020-08,17230.546809999996,SPIP-Desember-2025.xlsx
electronic_money_shopping_value,5e,Table 5e. Electronic Money,27,21,Nilai Transaksi Belanja,Rp Miliar/Billions of Rp,2020,9,2020-09,17681.855760000017,SPIP-Desember-2025.xlsx
electronic_money_shopping_value,5e,Table 5e. Electronic Money,27,21,Nilai Transaksi Belanja,Rp Miliar/Billions of Rp,2020,10,2020-10,18793.006071033,SPIP-Desember-2025.xlsx
electronic_money_shopping_value,5e,Table 5e. Electronic Money,27,21,Nilai Transaksi Belanja,Rp Miliar/Billions of Rp,2020,11,2020-11,19340.829537199,SPIP-Desember-2025.xlsx
electronic_money_shopping_value,5e,Table 5e. Electronic Money,27,21,Nilai Transaksi Belanja,Rp Miliar/Billions of Rp,2020,12,2020-12,22135.159510426,SPIP-Desember-2025.xlsx
electronic_money_shopping_value,5e,Table 5e. Electronic Money,27,21,Nilai Transaksi Belanja,Rp Miliar/Billions of Rp,2021,1,2021-01,20746.479,SPIP-Desember-2025.xlsx
electronic_money_shopping_value,5e,Table 5e. Electronic Money,27,21,Nilai Transaksi Belanja,Rp Miliar/Billions of Rp,2021,2,2021-02,19189.083083466,SPIP-Desember-2025.xlsx
electronic_money_shopping_value,5e,Table 5e. Electronic Money,27,21,Nilai Transaksi Belanja,Rp Miliar/Billions of Rp,2021,3,2021-03,21420.774865773998,SPIP-Desember-2025.xlsx
electronic_money_shopping_value,5e,Table 5e. Electronic Money,27,21,Nilai Transaksi Belanja,Rp Miliar/Billions of Rp,2021,4,2021-04,22848.143592694,SPIP-Desember-2025.xlsx
electronic_money_shopping_value,5e,Table 5e. Electronic Money,27,21,Nilai Transaksi Belanja,Rp Miliar/Billions of Rp,2021,5,2021-05,23659.837729979,SPIP-Desember-2025.xlsx
electronic_money_shopping_value,5e,Table 5e. Electronic Money,27,21,Nilai Transaksi Belanja,Rp Miliar/Billions of Rp,2021,6,2021-06,24160.774784308996,SPIP-Desember-2025.xlsx
electronic_money_shopping_value,5e,Table 5e. Electronic Money,27,21,Nilai Transaksi Belanja,Rp Miliar/Billions of Rp,2021,7,2021-07,25390.247197644,SPIP-Desember-2025.xlsx
electronic_money_shopping_value,5e,Table 5e. Electronic Money,27,21,Nilai Transaksi Belanja,Rp Miliar/Billions of Rp,2021,8,2021-08,24754.101869999995,SPIP-Desember-2025.xlsx
electronic_money_shopping_value,5e,Table 5e. Electronic Money,27,21,Nilai Transaksi Belanja,Rp Miliar/Billions of Rp,2021,9,2021-09,27637.429767423,SPIP-Desember-2025.xlsx
electronic_money_shopping_value,5e,Table 5e. Electronic Money,27,21,Nilai Transaksi Belanja,Rp Miliar/Billions of Rp,2021,10,2021-10,29231.09899,SPIP-Desember-2025.xlsx
electronic_money_shopping_value,5e,Table 5e. Electronic Money,27,21,Nilai Transaksi Belanja,Rp Miliar/Billions of Rp,2021,11,2021-11,31297.757714490002,SPIP-Desember-2025.xlsx
electronic_money_shopping_value,5e,Table 5e. Electronic Money,27,21,Nilai Transaksi Belanja,Rp Miliar/Billions of Rp,2021,12,2021-12,35100.099876645,SPIP-Desember-2025.xlsx
electronic_money_shopping_value,5e,Table 5e. Electronic Money,27,21,Nilai Transaksi Belanja,Rp Miliar/Billions of Rp,2022,1,2022-01,29389.556009474047,SPIP-Desember-2025.xlsx
electronic_money_shopping_value,5e,Table 5e. Electronic Money,27,21,Nilai Transaksi Belanja,Rp Miliar/Billions of Rp,2022,2,2022-02,27339.105697141007,SPIP-Desember-2025.xlsx
electronic_money_shopping_value,5e,Table 5e. Electronic Money,27,21,Nilai Transaksi Belanja,Rp Miliar/Billions of Rp,2022,3,2022-03,30652.393140000026,SPIP-Desember-2025.xlsx
electronic_money_shopping_value,5e,Table 5e. Electronic Money,27,21,Nilai Transaksi Belanja,Rp Miliar/Billions of Rp,2022,4,2022-04,35390.13903922506,SPIP-Desember-2025.xlsx
electronic_money_shopping_value,5e,Table 5e. Electronic Money,27,21,Nilai Transaksi Belanja,Rp Miliar/Billions of Rp,2022,5,2022-05,32107.438670000007,SPIP-Desember-2025.xlsx
electronic_money_shopping_value,5e,Table 5e. Electronic Money,27,21,Nilai Transaksi Belanja,Rp Miliar/Billions of Rp,2022,6,2022-06,32511.759950000025,SPIP-Desember-2025.xlsx
electronic_money_shopping_value,5e,Table 5e. Electronic Money,27,21,Nilai Transaksi Belanja,Rp Miliar/Billions of Rp,2022,7,2022-07,35508.81735674903,SPIP-Desember-2025.xlsx
electronic_money_shopping_value,5e,Table 5e. Electronic Money,27,21,Nilai Transaksi Belanja,Rp Miliar/Billions of Rp,2022,8,2022-08,37832.33579000004,SPIP-Desember-2025.xlsx
electronic_money_shopping_value,5e,Table 5e. Electronic Money,27,21,Nilai Transaksi Belanja,Rp Miliar/Billions of Rp,2022,9,2022-09,37059.32111999984,SPIP-Desember-2025.xlsx
electronic_money_shopping_value,5e,Table 5e. Electronic Money,27,21,Nilai Transaksi Belanja,Rp Miliar/Billions of Rp,2022,10,2022-10,36648.246,SPIP-Desember-2025.xlsx
electronic_money_shopping_value,5e,Table 5e. Electronic Money,27,21,Nilai Transaksi Belanja,Rp Miliar/Billions of Rp,2022,11,2022-11,35475.955729999994,SPIP-Desember-2025.xlsx
electronic_money_shopping_value,5e,Table 5e. Electronic Money,27,21,Nilai Transaksi Belanja,Rp Miliar/Billions of Rp,2022,12,2022-12,37619.17297000007,SPIP-Desember-2025.xlsx
electronic_money_shopping_value,5e,Table 5e. Electronic Money,27,21,Nilai Transaksi Belanja,Rp Miliar/Billions of Rp,2023,1,2023-01,34016.61137999998,SPIP-Desember-2025.xlsx
electronic_money_shopping_value,5e,Table 5e. Electronic Money,27,21,Nilai Transaksi Belanja,Rp Miliar/Billions of Rp,2023,2,2023-02,31977.966869999975,SPIP-Desember-2025.xlsx
electronic_money_shopping_value,5e,Table 5e. Electronic Money,27,21,Nilai Transaksi Belanja,Rp Miliar/Billions of Rp,2023,3,2023-03,36941.9186,SPIP-Desember-2025.xlsx
electronic_money_shopping_value,5e,Table 5e. Electronic Money,27,21,Nilai Transaksi Belanja,Rp Miliar/Billions of Rp,2023,4,2023-04,37461.565330000034,SPIP-Desember-2025.xlsx
electronic_money_shopping_value,5e,Table 5e. Electronic Money,27,21,Nilai Transaksi Belanja,Rp Miliar/Billions of Rp,2023,5,2023-05,37752.84821000005,SPIP-Desember-2025.xlsx
electronic_money_shopping_value,5e,Table 5e. Electronic Money,27,21,Nilai Transaksi Belanja,Rp Miliar/Billions of Rp,2023,6,2023-06,36221.64992211496,SPIP-Desember-2025.xlsx
electronic_money_shopping_value,5e,Table 5e. Electronic Money,27,21,Nilai Transaksi Belanja,Rp Miliar/Billions of Rp,2023,7,2023-07,39232.85979000006,SPIP-Desember-2025.xlsx
electronic_money_shopping_value,5e,Table 5e. Electronic Money,27,21,Nilai Transaksi Belanja,Rp Miliar/Billions of Rp,2023,8,2023-08,38538.06923202702,SPIP-Desember-2025.xlsx
electronic_money_shopping_value,5e,Table 5e. Electronic Money,27,21,Nilai Transaksi Belanja,Rp Miliar/Billions of Rp,2023,9,2023-09,39231.967359411,SPIP-Desember-2025.xlsx
electronic_money_shopping_value,5e,Table 5e. Electronic Money,27,21,Nilai Transaksi Belanja,Rp Miliar/Billions of Rp,2023,10,2023-10,41737.28450254206,SPIP-Desember-2025.xlsx
electronic_money_shopping_value,5e,Table 5e. Electronic Money,27,21,Nilai Transaksi Belanja,Rp Miliar/Billions of Rp,2023,11,2023-11,41327.628079805036,SPIP-Desember-2025.xlsx
electronic_money_shopping_value,5e,Table 5e. Electronic Money,27,21,Nilai Transaksi Belanja,Rp Miliar/Billions of Rp,2023,12,2023-12,43288.824563882015,SPIP-Desember-2025.xlsx
electronic_money_shopping_value,5e,Table 5e. Electronic Money,27,21,Nilai Transaksi Belanja,Rp Miliar/Billions of Rp,2024,1,2024-01,42409.39910533101,SPIP-Desember-2025.xlsx
electronic_money_shopping_value,5e,Table 5e. Electronic Money,27,21,Nilai Transaksi Belanja,Rp Miliar/Billions of Rp,2024,2,2024-02,41393.524492732,SPIP-Desember-2025.xlsx
electronic_money_shopping_value,5e,Table 5e. Electronic Money,27,21,Nilai Transaksi Belanja,Rp Miliar/Billions of Rp,2024,3,2024-03,45785.563735128955,SPIP-Desember-2025.xlsx
electronic_money_shopping_value,5e,Table 5e. Electronic Money,27,21,Nilai Transaksi Belanja,Rp Miliar/Billions of Rp,2024,4,2024-04,43726.154496994,SPIP-Desember-2025.xlsx
electronic_money_shopping_value,5e,Table 5e. Electronic Money,27,21,Nilai Transaksi Belanja,Rp Miliar/Billions of Rp,2024,5,2024-05,45860.30624791198,SPIP-Desember-2025.xlsx
electronic_money_shopping_value,5e,Table 5e. Electronic Money,27,21,Nilai Transaksi Belanja,Rp Miliar/Billions of Rp,2024,6,2024-06,47195.576485077996,SPIP-Desember-2025.xlsx
electronic_money_shopping_value,5e,Table 5e. Electronic Money,27,21,Nilai Transaksi Belanja,Rp Miliar/Billions of Rp,2024,7,2024-07,50803.688487884014,SPIP-Desember-2025.xlsx
electronic_money_shopping_value,5e,Table 5e. Electronic Money,27,21,Nilai Transaksi Belanja,Rp Miliar/Billions of Rp,2024,8,2024-08,55740.08432340702,SPIP-Desember-2025.xlsx
electronic_money_shopping_value,5e,Table 5e. Electronic Money,27,21,Nilai Transaksi Belanja,Rp Miliar/Billions of Rp,2024,9,2024-09,53358.01023722925,SPIP-Desember-2025.xlsx
electronic_money_shopping_value,5e,Table 5e. Electronic Money,27,21,Nilai Transaksi Belanja,Rp Miliar/Billions of Rp,2024,10,2024-10,53729.30142723802,SPIP-Desember-2025.xlsx
electronic_money_shopping_value,5e,Table 5e. Electronic Money,27,21,Nilai Transaksi Belanja,Rp Miliar/Billions of Rp,2024,11,2024-11,49115.87873093101,SPIP-Desember-2025.xlsx
electronic_money_shopping_value,5e,Table 5e. Electronic Money,27,21,Nilai Transaksi Belanja,Rp Miliar/Billions of Rp,2024,12,2024-12,68081.8390181199,SPIP-Desember-2025.xlsx
electronic_money_shopping_value,5e,Table 5e. Electronic Money,27,21,Nilai Transaksi Belanja,Rp Miliar/Billions of Rp,2025,1,2025-01,65534.58160919998,SPIP-Desember-2025.xlsx
electronic_money_shopping_value,5e,Table 5e. Electronic Money,27,21,Nilai Transaksi Belanja,Rp Miliar/Billions of Rp,2025,2,2025-02,63734.996031783,SPIP-Desember-2025.xlsx
electronic_money_shopping_value,5e,Table 5e. Electronic Money,27,21,Nilai Transaksi Belanja,Rp Miliar/Billions of Rp,2025,3,2025-03,78303.36549646505,SPIP-Desember-2025.xlsx
electronic_money_shopping_value,5e,Table 5e. Electronic Money,27,21,Nilai Transaksi Belanja,Rp Miliar/Billions of Rp,2025,4,2025-04,70614.90998041307,SPIP-Desember-2025.xlsx
electronic_money_shopping_value,5e,Table 5e. Electronic Money,27,21,Nilai Transaksi Belanja,Rp Miliar/Billions of Rp,2025,5,2025-05,79629.67703962901,SPIP-Desember-2025.xlsx
electronic_money_shopping_value,5e,Table 5e. Electronic Money,27,21,Nilai Transaksi Belanja,Rp Miliar/Billions of Rp,2025,6,2025-06,81402.56355490696,SPIP-Desember-2025.xlsx
electronic_money_shopping_value,5e,Table 5e. Electronic Money,27,21,Nilai Transaksi Belanja,Rp Miliar/Billions of Rp,2025,7,2025-07,85668.73686776301,SPIP-Desember-2025.xlsx
electronic_money_shopping_value,5e,Table 5e. Electronic Money,27,21,Nilai Transaksi Belanja,Rp Miliar/Billions of Rp,2025,8,2025-08,88112.53360749413,SPIP-Desember-2025.xlsx
electronic_money_shopping_value,5e,Table 5e. Electronic Money,27,21,Nilai Transaksi Belanja,Rp Miliar/Billions of Rp,2025,9,2025-09,88298.50384409606,SPIP-Desember-2025.xlsx
electronic_money_shopping_value,5e,Table 5e. Electronic Money,27,21,Nilai Transaksi Belanja,Rp Miliar/Billions of Rp,2025,10,2025-10,96292.04468383231,SPIP-Desember-2025.xlsx
electronic_money_shopping_value,5e,Table 5e. Electronic Money,27,21,Nilai Transaksi Belanja,Rp Miliar/Billions of Rp,2025,11,2025-11,96863.23334718496,SPIP-Desember-2025.xlsx
apmk_electronic_money_merchants,5g,Table 5g. Card-Based Payment Instruments (APMK) and Electronic Money (UE) Infrastructures,17,11,Jumlah Merchant,Unit,2013,1,2013-01,204879,SPIP-Desember-2025.xlsx
apmk_electronic_money_merchants,5g,Table 5g. Card-Based Payment Instruments (APMK) and Electronic Money (UE) Infrastructures,17,11,Jumlah Merchant,Unit,2013,2,2013-02,111747,SPIP-Desember-2025.xlsx
apmk_electronic_money_merchants,5g,Table 5g. Card-Based Payment Instruments (APMK) and Electronic Money (UE) Infrastructures,17,11,Jumlah Merchant,Unit,2013,3,2013-03,116346,SPIP-Desember-2025.xlsx
apmk_electronic_money_merchants,5g,Table 5g. Card-Based Payment Instruments (APMK) and Electronic Money (UE) Infrastructures,17,11,Jumlah Merchant,Unit,2013,4,2013-04,122840,SPIP-Desember-2025.xlsx
apmk_electronic_money_merchants,5g,Table 5g. Card-Based Payment Instruments (APMK) and Electronic Money (UE) Infrastructures,17,11,Jumlah Merchant,Unit,2013,5,2013-05,126678,SPIP-Desember-2025.xlsx
apmk_electronic_money_merchants,5g,Table 5g. Card-Based Payment Instruments (APMK) and Electronic Money (UE) Infrastructures,17,11,Jumlah Merchant,Unit,2013,6,2013-06,139108,SPIP-Desember-2025.xlsx
apmk_electronic_money_merchants,5g,Table 5g. Card-Based Payment Instruments (APMK) and Electronic Money (UE) Infrastructures,17,11,Jumlah Merchant,Unit,2013,7,2013-07,302929,SPIP-Desember-2025.xlsx
apmk_electronic_money_merchants,5g,Table 5g. Card-Based Payment Instruments (APMK) and Electronic Money (UE) Infrastructures,17,11,Jumlah Merchant,Unit,2013,8,2013-08,310754,SPIP-Desember-2025.xlsx
apmk_electronic_money_merchants,5g,Table 5g. Card-Based Payment Instruments (APMK) and Electronic Money (UE) Infrastructures,17,11,Jumlah Merchant,Unit,2013,9,2013-09,317735,SPIP-Desember-2025.xlsx
apmk_electronic_money_merchants,5g,Table 5g. Card-Based Payment Instruments (APMK) and Electronic Money (UE) Infrastructures,17,11,Jumlah Merchant,Unit,2013,10,2013-10,324977,SPIP-Desember-2025.xlsx
apmk_electronic_money_merchants,5g,Table 5g. Card-Based Payment Instruments (APMK) and Electronic Money (UE) Infrastructures,17,11,Jumlah Merchant,Unit,2013,11,2013-11,332735,SPIP-Desember-2025.xlsx
apmk_electronic_money_merchants,5g,Table 5g. Card-Based Payment Instruments (APMK) and Electronic Money (UE) Infrastructures,17,11,Jumlah Merchant,Unit,2013,12,2013-12,343215,SPIP-Desember-2025.xlsx
apmk_electronic_money_merchants,5g,Table 5g. Card-Based Payment Instruments (APMK) and Electronic Money (UE) Infrastructures,17,11,Jumlah Merchant,Unit,2014,1,2014-01,366203,SPIP-Desember-2025.xlsx
apmk_electronic_money_merchants,5g,Table 5g. Card-Based Payment Instruments (APMK) and Electronic Money (UE) Infrastructures,17,11,Jumlah Merchant,Unit,2014,2,2014-02,373546,SPIP-Desember-2025.xlsx
apmk_electronic_money_merchants,5g,Table 5g. Card-Based Payment Instruments (APMK) and Electronic Money (UE) Infrastructures,17,11,Jumlah Merchant,Unit,2014,3,2014-03,395960,SPIP-Desember-2025.xlsx
apmk_electronic_money_merchants,5g,Table 5g. Card-Based Payment Instruments (APMK) and Electronic Money (UE) Infrastructures,17,11,Jumlah Merchant,Unit,2014,4,2014-04,404192,SPIP-Desember-2025.xlsx
apmk_electronic_money_merchants,5g,Table 5g. Card-Based Payment Instruments (APMK) and Electronic Money (UE) Infrastructures,17,11,Jumlah Merchant,Unit,2014,5,2014-05,411571,SPIP-Desember-2025.xlsx
apmk_electronic_money_merchants,5g,Table 5g. Card-Based Payment Instruments (APMK) and Electronic Money (UE) Infrastructures,17,11,Jumlah Merchant,Unit,2014,6,2014-06,416617,SPIP-Desember-2025.xlsx
apmk_electronic_money_merchants,5g,Table 5g. Card-Based Payment Instruments (APMK) and Electronic Money (UE) Infrastructures,17,11,Jumlah Merchant,Unit,2014,7,2014-07,423304,SPIP-Desember-2025.xlsx
apmk_electronic_money_merchants,5g,Table 5g. Card-Based Payment Instruments (APMK) and Electronic Money (UE) Infrastructures,17,11,Jumlah Merchant,Unit,2014,8,2014-08,430813,SPIP-Desember-2025.xlsx
apmk_electronic_money_merchants,5g,Table 5g. Card-Based Payment Instruments (APMK) and Electronic Money (UE) Infrastructures,17,11,Jumlah Merchant,Unit,2014,9,2014-09,423027,SPIP-Desember-2025.xlsx
apmk_electronic_money_merchants,5g,Table 5g. Card-Based Payment Instruments (APMK) and Electronic Money (UE) Infrastructures,17,11,Jumlah Merchant,Unit,2014,10,2014-10,447642,SPIP-Desember-2025.xlsx
apmk_electronic_money_merchants,5g,Table 5g. Card-Based Payment Instruments (APMK) and Electronic Money (UE) Infrastructures,17,11,Jumlah Merchant,Unit,2014,11,2014-11,454420,SPIP-Desember-2025.xlsx
apmk_electronic_money_merchants,5g,Table 5g. Card-Based Payment Instruments (APMK) and Electronic Money (UE) Infrastructures,17,11,Jumlah Merchant,Unit,2014,12,2014-12,462327,SPIP-Desember-2025.xlsx
apmk_electronic_money_merchants,5g,Table 5g. Card-Based Payment Instruments (APMK) and Electronic Money (UE) Infrastructures,17,11,Jumlah Merchant,Unit,2015,1,2015-01,465672,SPIP-Desember-2025.xlsx
apmk_electronic_money_merchants,5g,Table 5g. Card-Based Payment Instruments (APMK) and Electronic Money (UE) Infrastructures,17,11,Jumlah Merchant,Unit,2015,2,2015-02,472479,SPIP-Desember-2025.xlsx
apmk_electronic_money_merchants,5g,Table 5g. Card-Based Payment Instruments (APMK) and Electronic Money (UE) Infrastructures,17,11,Jumlah Merchant,Unit,2015,3,2015-03,487773,SPIP-Desember-2025.xlsx
apmk_electronic_money_merchants,5g,Table 5g. Card-Based Payment Instruments (APMK) and Electronic Money (UE) Infrastructures,17,11,Jumlah Merchant,Unit,2015,4,2015-04,496304,SPIP-Desember-2025.xlsx
apmk_electronic_money_merchants,5g,Table 5g. Card-Based Payment Instruments (APMK) and Electronic Money (UE) Infrastructures,17,11,Jumlah Merchant,Unit,2015,5,2015-05,528023,SPIP-Desember-2025.xlsx
apmk_electronic_money_merchants,5g,Table 5g. Card-Based Payment Instruments (APMK) and Electronic Money (UE) Infrastructures,17,11,Jumlah Merchant,Unit,2015,6,2015-06,537275,SPIP-Desember-2025.xlsx
apmk_electronic_money_merchants,5g,Table 5g. Card-Based Payment Instruments (APMK) and Electronic Money (UE) Infrastructures,17,11,Jumlah Merchant,Unit,2015,7,2015-07,544872,SPIP-Desember-2025.xlsx
apmk_electronic_money_merchants,5g,Table 5g. Card-Based Payment Instruments (APMK) and Electronic Money (UE) Infrastructures,17,11,Jumlah Merchant,Unit,2015,8,2015-08,560038,SPIP-Desember-2025.xlsx
apmk_electronic_money_merchants,5g,Table 5g. Card-Based Payment Instruments (APMK) and Electronic Money (UE) Infrastructures,17,11,Jumlah Merchant,Unit,2015,9,2015-09,556759,SPIP-Desember-2025.xlsx
apmk_electronic_money_merchants,5g,Table 5g. Card-Based Payment Instruments (APMK) and Electronic Money (UE) Infrastructures,17,11,Jumlah Merchant,Unit,2015,10,2015-10,565748,SPIP-Desember-2025.xlsx
apmk_electronic_money_merchants,5g,Table 5g. Card-Based Payment Instruments (APMK) and Electronic Money (UE) Infrastructures,17,11,Jumlah Merchant,Unit,2015,11,2015-11,568884,SPIP-Desember-2025.xlsx
apmk_electronic_money_merchants,5g,Table 5g. Card-Based Payment Instruments (APMK) and Electronic Money (UE) Infrastructures,17,11,Jumlah Merchant,Unit,2015,12,2015-12,567554,SPIP-Desember-2025.xlsx
apmk_electronic_money_merchants,5g,Table 5g. Card-Based Payment Instruments (APMK) and Electronic Money (UE) Infrastructures,17,11,Jumlah Merchant,Unit,2016,1,2016-01,576640,SPIP-Desember-2025.xlsx
apmk_electronic_money_merchants,5g,Table 5g. Card-Based Payment Instruments (APMK) and Electronic Money (UE) Infrastructures,17,11,Jumlah Merchant,Unit,2016,2,2016-02,586751,SPIP-Desember-2025.xlsx
apmk_electronic_money_merchants,5g,Table 5g. Card-Based Payment Instruments (APMK) and Electronic Money (UE) Infrastructures,17,11,Jumlah Merchant,Unit,2016,3,2016-03,581826,SPIP-Desember-2025.xlsx
apmk_electronic_money_merchants,5g,Table 5g. Card-Based Payment Instruments (APMK) and Electronic Money (UE) Infrastructures,17,11,Jumlah Merchant,Unit,2016,4,2016-04,590548,SPIP-Desember-2025.xlsx
apmk_electronic_money_merchants,5g,Table 5g. Card-Based Payment Instruments (APMK) and Electronic Money (UE) Infrastructures,17,11,Jumlah Merchant,Unit,2016,5,2016-05,595845,SPIP-Desember-2025.xlsx
apmk_electronic_money_merchants,5g,Table 5g. Card-Based Payment Instruments (APMK) and Electronic Money (UE) Infrastructures,17,11,Jumlah Merchant,Unit,2016,6,2016-06,602867,SPIP-Desember-2025.xlsx
apmk_electronic_money_merchants,5g,Table 5g. Card-Based Payment Instruments (APMK) and Electronic Money (UE) Infrastructures,17,11,Jumlah Merchant,Unit,2016,7,2016-07,601257,SPIP-Desember-2025.xlsx
apmk_electronic_money_merchants,5g,Table 5g. Card-Based Payment Instruments (APMK) and Electronic Money (UE) Infrastructures,17,11,Jumlah Merchant,Unit,2016,8,2016-08,601917,SPIP-Desember-2025.xlsx
apmk_electronic_money_merchants,5g,Table 5g. Card-Based Payment Instruments (APMK) and Electronic Money (UE) Infrastructures,17,11,Jumlah Merchant,Unit,2016,9,2016-09,601780,SPIP-Desember-2025.xlsx
apmk_electronic_money_merchants,5g,Table 5g. Card-Based Payment Instruments (APMK) and Electronic Money (UE) Infrastructures,17,11,Jumlah Merchant,Unit,2016,10,2016-10,610827,SPIP-Desember-2025.xlsx
apmk_electronic_money_merchants,5g,Table 5g. Card-Based Payment Instruments (APMK) and Electronic Money (UE) Infrastructures,17,11,Jumlah Merchant,Unit,2016,11,2016-11,611655,SPIP-Desember-2025.xlsx
apmk_electronic_money_merchants,5g,Table 5g. Card-Based Payment Instruments (APMK) and Electronic Money (UE) Infrastructures,17,11,Jumlah Merchant,Unit,2016,12,2016-12,602460,SPIP-Desember-2025.xlsx
apmk_electronic_money_merchants,5g,Table 5g. Card-Based Payment Instruments (APMK) and Electronic Money (UE) Infrastructures,17,11,Jumlah Merchant,Unit,2017,1,2017-01,620227,SPIP-Desember-2025.xlsx
apmk_electronic_money_merchants,5g,Table 5g. Card-Based Payment Instruments (APMK) and Electronic Money (UE) Infrastructures,17,11,Jumlah Merchant,Unit,2017,2,2017-02,630493,SPIP-Desember-2025.xlsx
apmk_electronic_money_merchants,5g,Table 5g. Card-Based Payment Instruments (APMK) and Electronic Money (UE) Infrastructures,17,11,Jumlah Merchant,Unit,2017,3,2017-03,647926,SPIP-Desember-2025.xlsx
apmk_electronic_money_merchants,5g,Table 5g. Card-Based Payment Instruments (APMK) and Electronic Money (UE) Infrastructures,17,11,Jumlah Merchant,Unit,2017,4,2017-04,662147,SPIP-Desember-2025.xlsx
apmk_electronic_money_merchants,5g,Table 5g. Card-Based Payment Instruments (APMK) and Electronic Money (UE) Infrastructures,17,11,Jumlah Merchant,Unit,2017,5,2017-05,676233,SPIP-Desember-2025.xlsx
apmk_electronic_money_merchants,5g,Table 5g. Card-Based Payment Instruments (APMK) and Electronic Money (UE) Infrastructures,17,11,Jumlah Merchant,Unit,2017,6,2017-06,632127,SPIP-Desember-2025.xlsx
apmk_electronic_money_merchants,5g,Table 5g. Card-Based Payment Instruments (APMK) and Electronic Money (UE) Infrastructures,17,11,Jumlah Merchant,Unit,2017,7,2017-07,652204,SPIP-Desember-2025.xlsx
apmk_electronic_money_merchants,5g,Table 5g. Card-Based Payment Instruments (APMK) and Electronic Money (UE) Infrastructures,17,11,Jumlah Merchant,Unit,2017,8,2017-08,662117,SPIP-Desember-2025.xlsx
apmk_electronic_money_merchants,5g,Table 5g. Card-Based Payment Instruments (APMK) and Electronic Money (UE) Infrastructures,17,11,Jumlah Merchant,Unit,2017,9,2017-09,671061,SPIP-Desember-2025.xlsx
apmk_electronic_money_merchants,5g,Table 5g. Card-Based Payment Instruments (APMK) and Electronic Money (UE) Infrastructures,17,11,Jumlah Merchant,Unit,2017,10,2017-10,738690,SPIP-Desember-2025.xlsx
apmk_electronic_money_merchants,5g,Table 5g. Card-Based Payment Instruments (APMK) and Electronic Money (UE) Infrastructures,17,11,Jumlah Merchant,Unit,2017,11,2017-11,697138,SPIP-Desember-2025.xlsx
apmk_electronic_money_merchants,5g,Table 5g. Card-Based Payment Instruments (APMK) and Electronic Money (UE) Infrastructures,17,11,Jumlah Merchant,Unit,2017,12,2017-12,698482,SPIP-Desember-2025.xlsx
apmk_electronic_money_merchants,5g,Table 5g. Card-Based Payment Instruments (APMK) and Electronic Money (UE) Infrastructures,17,11,Jumlah Merchant,Unit,2018,1,2018-01,703658,SPIP-Desember-2025.xlsx
apmk_electronic_money_merchants,5g,Table 5g. Card-Based Payment Instruments (APMK) and Electronic Money (UE) Infrastructures,17,11,Jumlah Merchant,Unit,2018,2,2018-02,725509,SPIP-Desember-2025.xlsx
apmk_electronic_money_merchants,5g,Table 5g. Card-Based Payment Instruments (APMK) and Electronic Money (UE) Infrastructures,17,11,Jumlah Merchant,Unit,2018,3,2018-03,730065,SPIP-Desember-2025.xlsx
apmk_electronic_money_merchants,5g,Table 5g. Card-Based Payment Instruments (APMK) and Electronic Money (UE) Infrastructures,17,11,Jumlah Merchant,Unit,2018,4,2018-04,734096,SPIP-Desember-2025.xlsx
apmk_electronic_money_merchants,5g,Table 5g. Card-Based Payment Instruments (APMK) and Electronic Money (UE) Infrastructures,17,11,Jumlah Merchant,Unit,2018,5,2018-05,737487,SPIP-Desember-2025.xlsx
apmk_electronic_money_merchants,5g,Table 5g. Card-Based Payment Instruments (APMK) and Electronic Money (UE) Infrastructures,17,11,Jumlah Merchant,Unit,2018,6,2018-06,733511,SPIP-Desember-2025.xlsx
apmk_electronic_money_merchants,5g,Table 5g. Card-Based Payment Instruments (APMK) and Electronic Money (UE) Infrastructures,17,11,Jumlah Merchant,Unit,2018,7,2018-07,743354,SPIP-Desember-2025.xlsx
apmk_electronic_money_merchants,5g,Table 5g. Card-Based Payment Instruments (APMK) and Electronic Money (UE) Infrastructures,17,11,Jumlah Merchant,Unit,2018,8,2018-08,728130,SPIP-Desember-2025.xlsx
apmk_electronic_money_merchants,5g,Table 5g. Card-Based Payment Instruments (APMK) and Electronic Money (UE) Infrastructures,17,11,Jumlah Merchant,Unit,2018,9,2018-09,749057,SPIP-Desember-2025.xlsx
apmk_electronic_money_merchants,5g,Table 5g. Card-Based Payment Instruments (APMK) and Electronic Money (UE) Infrastructures,17,11,Jumlah Merchant,Unit,2018,10,2018-10,749588,SPIP-Desember-2025.xlsx
apmk_electronic_money_merchants,5g,Table 5g. Card-Based Payment Instruments (APMK) and Electronic Money (UE) Infrastructures,17,11,Jumlah Merchant,Unit,2018,11,2018-11,749732,SPIP-Desember-2025.xlsx
apmk_electronic_money_merchants,5g,Table 5g. Card-Based Payment Instruments (APMK) and Electronic Money (UE) Infrastructures,17,11,Jumlah Merchant,Unit,2018,12,2018-12,584368,SPIP-Desember-2025.xlsx
apmk_electronic_money_merchants,5g,Table 5g. Card-Based Payment Instruments (APMK) and Electronic Money (UE) Infrastructures,17,11,Jumlah Merchant,Unit,2019,1,2019-01,578245,SPIP-Desember-2025.xlsx
apmk_electronic_money_merchants,5g,Table 5g. Card-Based Payment Instruments (APMK) and Electronic Money (UE) Infrastructures,17,11,Jumlah Merchant,Unit,2019,2,2019-02,571423,SPIP-Desember-2025.xlsx
apmk_electronic_money_merchants,5g,Table 5g. Card-Based Payment Instruments (APMK) and Electronic Money (UE) Infrastructures,17,11,Jumlah Merchant,Unit,2019,3,2019-03,572505,SPIP-Desember-2025.xlsx
apmk_electronic_money_merchants,5g,Table 5g. Card-Based Payment Instruments (APMK) and Electronic Money (UE) Infrastructures,17,11,Jumlah Merchant,Unit,2019,4,2019-04,576325,SPIP-Desember-2025.xlsx
apmk_electronic_money_merchants,5g,Table 5g. Card-Based Payment Instruments (APMK) and Electronic Money (UE) Infrastructures,17,11,Jumlah Merchant,Unit,2019,5,2019-05,581672,SPIP-Desember-2025.xlsx
apmk_electronic_money_merchants,5g,Table 5g. Card-Based Payment Instruments (APMK) and Electronic Money (UE) Infrastructures,17,11,Jumlah Merchant,Unit,2019,6,2019-06,510062,SPIP-Desember-2025.xlsx
apmk_electronic_money_merchants,5g,Table 5g. Card-Based Payment Instruments (APMK) and Electronic Money (UE) Infrastructures,17,11,Jumlah Merchant,Unit,2019,7,2019-07,517699,SPIP-Desember-2025.xlsx
apmk_electronic_money_merchants,5g,Table 5g. Card-Based Payment Instruments (APMK) and Electronic Money (UE) Infrastructures,17,11,Jumlah Merchant,Unit,2019,8,2019-08,527691,SPIP-Desember-2025.xlsx
apmk_electronic_money_merchants,5g,Table 5g. Card-Based Payment Instruments (APMK) and Electronic Money (UE) Infrastructures,17,11,Jumlah Merchant,Unit,2019,9,2019-09,579855,SPIP-Desember-2025.xlsx
apmk_electronic_money_merchants,5g,Table 5g. Card-Based Payment Instruments (APMK) and Electronic Money (UE) Infrastructures,17,11,Jumlah Merchant,Unit,2019,10,2019-10,624110,SPIP-Desember-2025.xlsx
apmk_electronic_money_merchants,5g,Table 5g. Card-Based Payment Instruments (APMK) and Electronic Money (UE) Infrastructures,17,11,Jumlah Merchant,Unit,2019,11,2019-11,632538,SPIP-Desember-2025.xlsx
apmk_electronic_money_merchants,5g,Table 5g. Card-Based Payment Instruments (APMK) and Electronic Money (UE) Infrastructures,17,11,Jumlah Merchant,Unit,2019,12,2019-12,661080,SPIP-Desember-2025.xlsx
apmk_electronic_money_merchants,5g,Table 5g. Card-Based Payment Instruments (APMK) and Electronic Money (UE) Infrastructures,17,11,Jumlah Merchant,Unit,2020,1,2020-01,804213,SPIP-Desember-2025.xlsx
apmk_electronic_money_merchants,5g,Table 5g. Card-Based Payment Instruments (APMK) and Electronic Money (UE) Infrastructures,17,11,Jumlah Merchant,Unit,2020,2,2020-02,815749,SPIP-Desember-2025.xlsx
apmk_electronic_money_merchants,5g,Table 5g. Card-Based Payment Instruments (APMK) and Electronic Money (UE) Infrastructures,17,11,Jumlah Merchant,Unit,2020,3,2020-03,820454,SPIP-Desember-2025.xlsx
apmk_electronic_money_merchants,5g,Table 5g. Card-Based Payment Instruments (APMK) and Electronic Money (UE) Infrastructures,17,11,Jumlah Merchant,Unit,2020,4,2020-04,822908,SPIP-Desember-2025.xlsx
apmk_electronic_money_merchants,5g,Table 5g. Card-Based Payment Instruments (APMK) and Electronic Money (UE) Infrastructures,17,11,Jumlah Merchant,Unit,2020,5,2020-05,887983,SPIP-Desember-2025.xlsx
apmk_electronic_money_merchants,5g,Table 5g. Card-Based Payment Instruments (APMK) and Electronic Money (UE) Infrastructures,17,11,Jumlah Merchant,Unit,2020,6,2020-06,895847,SPIP-Desember-2025.xlsx
apmk_electronic_money_merchants,5g,Table 5g. Card-Based Payment Instruments (APMK) and Electronic Money (UE) Infrastructures,17,11,Jumlah Merchant,Unit,2020,7,2020-07,898352,SPIP-Desember-2025.xlsx
apmk_electronic_money_merchants,5g,Table 5g. Card-Based Payment Instruments (APMK) and Electronic Money (UE) Infrastructures,17,11,Jumlah Merchant,Unit,2020,8,2020-08,906186,SPIP-Desember-2025.xlsx
apmk_electronic_money_merchants,5g,Table 5g. Card-Based Payment Instruments (APMK) and Electronic Money (UE) Infrastructures,17,11,Jumlah Merchant,Unit,2020,9,2020-09,929647,SPIP-Desember-2025.xlsx
apmk_electronic_money_merchants,5g,Table 5g. Card-Based Payment Instruments (APMK) and Electronic Money (UE) Infrastructures,17,11,Jumlah Merchant,Unit,2020,10,2020-10,918675,SPIP-Desember-2025.xlsx
apmk_electronic_money_merchants,5g,Table 5g. Card-Based Payment Instruments (APMK) and Electronic Money (UE) Infrastructures,17,11,Jumlah Merchant,Unit,2020,11,2020-11,930548,SPIP-Desember-2025.xlsx
apmk_electronic_money_merchants,5g,Table 5g. Card-Based Payment Instruments (APMK) and Electronic Money (UE) Infrastructures,17,11,Jumlah Merchant,Unit,2020,12,2020-12,934648,SPIP-Desember-2025.xlsx
apmk_electronic_money_merchants,5g,Table 5g. Card-Based Payment Instruments (APMK) and Electronic Money (UE) Infrastructures,17,11,Jumlah Merchant,Unit,2021,1,2021-01,934162,SPIP-Desember-2025.xlsx
apmk_electronic_money_merchants,5g,Table 5g. Card-Based Payment Instruments (APMK) and Electronic Money (UE) Infrastructures,17,11,Jumlah Merchant,Unit,2021,2,2021-02,932787,SPIP-Desember-2025.xlsx
apmk_electronic_money_merchants,5g,Table 5g. Card-Based Payment Instruments (APMK) and Electronic Money (UE) Infrastructures,17,11,Jumlah Merchant,Unit,2021,3,2021-03,1068494,SPIP-Desember-2025.xlsx
apmk_electronic_money_merchants,5g,Table 5g. Card-Based Payment Instruments (APMK) and Electronic Money (UE) Infrastructures,17,11,Jumlah Merchant,Unit,2021,4,2021-04,1062483,SPIP-Desember-2025.xlsx
apmk_electronic_money_merchants,5g,Table 5g. Card-Based Payment Instruments (APMK) and Electronic Money (UE) Infrastructures,17,11,Jumlah Merchant,Unit,2021,5,2021-05,849684,SPIP-Desember-2025.xlsx
apmk_electronic_money_merchants,5g,Table 5g. Card-Based Payment Instruments (APMK) and Electronic Money (UE) Infrastructures,17,11,Jumlah Merchant,Unit,2021,6,2021-06,846801,SPIP-Desember-2025.xlsx
apmk_electronic_money_merchants,5g,Table 5g. Card-Based Payment Instruments (APMK) and Electronic Money (UE) Infrastructures,17,11,Jumlah Merchant,Unit,2021,7,2021-07,840751,SPIP-Desember-2025.xlsx
apmk_electronic_money_merchants,5g,Table 5g. Card-Based Payment Instruments (APMK) and Electronic Money (UE) Infrastructures,17,11,Jumlah Merchant,Unit,2021,8,2021-08,839990,SPIP-Desember-2025.xlsx
apmk_electronic_money_merchants,5g,Table 5g. Card-Based Payment Instruments (APMK) and Electronic Money (UE) Infrastructures,17,11,Jumlah Merchant,Unit,2021,9,2021-09,933056,SPIP-Desember-2025.xlsx
apmk_electronic_money_merchants,5g,Table 5g. Card-Based Payment Instruments (APMK) and Electronic Money (UE) Infrastructures,17,11,Jumlah Merchant,Unit,2021,10,2021-10,944488,SPIP-Desember-2025.xlsx
apmk_electronic_money_merchants,5g,Table 5g. Card-Based Payment Instruments (APMK) and Electronic Money (UE) Infrastructures,17,11,Jumlah Merchant,Unit,2021,11,2021-11,971854,SPIP-Desember-2025.xlsx
apmk_electronic_money_merchants,5g,Table 5g. Card-Based Payment Instruments (APMK) and Electronic Money (UE) Infrastructures,17,11,Jumlah Merchant,Unit,2021,12,2021-12,1008618,SPIP-Desember-2025.xlsx
apmk_electronic_money_merchants,5g,Table 5g. Card-Based Payment Instruments (APMK) and Electronic Money (UE) Infrastructures,17,11,Jumlah Merchant,Unit,2022,1,2022-01,933448,SPIP-Desember-2025.xlsx
apmk_electronic_money_merchants,5g,Table 5g. Card-Based Payment Instruments (APMK) and Electronic Money (UE) Infrastructures,17,11,Jumlah Merchant,Unit,2022,2,2022-02,935071,SPIP-Desember-2025.xlsx
apmk_electronic_money_merchants,5g,Table 5g. Card-Based Payment Instruments (APMK) and Electronic Money (UE) Infrastructures,17,11,Jumlah Merchant,Unit,2022,3,2022-03,979668,SPIP-Desember-2025.xlsx
apmk_electronic_money_merchants,5g,Table 5g. Card-Based Payment Instruments (APMK) and Electronic Money (UE) Infrastructures,17,11,Jumlah Merchant,Unit,2022,4,2022-04,982849,SPIP-Desember-2025.xlsx
apmk_electronic_money_merchants,5g,Table 5g. Card-Based Payment Instruments (APMK) and Electronic Money (UE) Infrastructures,17,11,Jumlah Merchant,Unit,2022,5,2022-05,993572,SPIP-Desember-2025.xlsx
apmk_electronic_money_merchants,5g,Table 5g. Card-Based Payment Instruments (APMK) and Electronic Money (UE) Infrastructures,17,11,Jumlah Merchant,Unit,2022,6,2022-06,1013231,SPIP-Desember-2025.xlsx
apmk_electronic_money_merchants,5g,Table 5g. Card-Based Payment Instruments (APMK) and Electronic Money (UE) Infrastructures,17,11,Jumlah Merchant,Unit,2022,7,2022-07,1037450,SPIP-Desember-2025.xlsx
apmk_electronic_money_merchants,5g,Table 5g. Card-Based Payment Instruments (APMK) and Electronic Money (UE) Infrastructures,17,11,Jumlah Merchant,Unit,2022,8,2022-08,1034268,SPIP-Desember-2025.xlsx
apmk_electronic_money_merchants,5g,Table 5g. Card-Based Payment Instruments (APMK) and Electronic Money (UE) Infrastructures,17,11,Jumlah Merchant,Unit,2022,9,2022-09,1021753,SPIP-Desember-2025.xlsx
apmk_electronic_money_merchants,5g,Table 5g. Card-Based Payment Instruments (APMK) and Electronic Money (UE) Infrastructures,17,11,Jumlah Merchant,Unit,2022,10,2022-10,1099512,SPIP-Desember-2025.xlsx
apmk_electronic_money_merchants,5g,Table 5g. Card-Based Payment Instruments (APMK) and Electronic Money (UE) Infrastructures,17,11,Jumlah Merchant,Unit,2022,11,2022-11,1071593,SPIP-Desember-2025.xlsx
apmk_electronic_money_merchants,5g,Table 5g. Card-Based Payment Instruments (APMK) and Electronic Money (UE) Infrastructures,17,11,Jumlah Merchant,Unit,2022,12,2022-12,1108824,SPIP-Desember-2025.xlsx
apmk_electronic_money_merchants,5g,Table 5g. Card-Based Payment Instruments (APMK) and Electronic Money (UE) Infrastructures,17,11,Jumlah Merchant,Unit,2023,1,2023-01,1081195,SPIP-Desember-2025.xlsx
apmk_electronic_money_merchants,5g,Table 5g. Card-Based Payment Instruments (APMK) and Electronic Money (UE) Infrastructures,17,11,Jumlah Merchant,Unit,2023,2,2023-02,1121237,SPIP-Desember-2025.xlsx
apmk_electronic_money_merchants,5g,Table 5g. Card-Based Payment Instruments (APMK) and Electronic Money (UE) Infrastructures,17,11,Jumlah Merchant,Unit,2023,3,2023-03,1165765,SPIP-Desember-2025.xlsx
apmk_electronic_money_merchants,5g,Table 5g. Card-Based Payment Instruments (APMK) and Electronic Money (UE) Infrastructures,17,11,Jumlah Merchant,Unit,2023,4,2023-04,1176607,SPIP-Desember-2025.xlsx
apmk_electronic_money_merchants,5g,Table 5g. Card-Based Payment Instruments (APMK) and Electronic Money (UE) Infrastructures,17,11,Jumlah Merchant,Unit,2023,5,2023-05,1197982,SPIP-Desember-2025.xlsx
apmk_electronic_money_merchants,5g,Table 5g. Card-Based Payment Instruments (APMK) and Electronic Money (UE) Infrastructures,17,11,Jumlah Merchant,Unit,2023,6,2023-06,1218514,SPIP-Desember-2025.xlsx
apmk_electronic_money_merchants,5g,Table 5g. Card-Based Payment Instruments (APMK) and Electronic Money (UE) Infrastructures,17,11,Jumlah Merchant,Unit,2023,7,2023-07,1242151,SPIP-Desember-2025.xlsx
apmk_electronic_money_merchants,5g,Table 5g. Card-Based Payment Instruments (APMK) and Electronic Money (UE) Infrastructures,17,11,Jumlah Merchant,Unit,2023,8,2023-08,1242166,SPIP-Desember-2025.xlsx
apmk_electronic_money_merchants,5g,Table 5g. Card-Based Payment Instruments (APMK) and Electronic Money (UE) Infrastructures,17,11,Jumlah Merchant,Unit,2023,9,2023-09,1217932,SPIP-Desember-2025.xlsx
apmk_electronic_money_merchants,5g,Table 5g. Card-Based Payment Instruments (APMK) and Electronic Money (UE) Infrastructures,17,11,Jumlah Merchant,Unit,2023,10,2023-10,1240495,SPIP-Desember-2025.xlsx
apmk_electronic_money_merchants,5g,Table 5g. Card-Based Payment Instruments (APMK) and Electronic Money (UE) Infrastructures,17,11,Jumlah Merchant,Unit,2023,11,2023-11,1289723,SPIP-Desember-2025.xlsx
apmk_electronic_money_merchants,5g,Table 5g. Card-Based Payment Instruments (APMK) and Electronic Money (UE) Infrastructures,17,11,Jumlah Merchant,Unit,2023,12,2023-12,1315095,SPIP-Desember-2025.xlsx
apmk_electronic_money_merchants,5g,Table 5g. Card-Based Payment Instruments (APMK) and Electronic Money (UE) Infrastructures,17,11,Jumlah Merchant,Unit,2024,1,2024-01,1391189,SPIP-Desember-2025.xlsx
apmk_electronic_money_merchants,5g,Table 5g. Card-Based Payment Instruments (APMK) and Electronic Money (UE) Infrastructures,17,11,Jumlah Merchant,Unit,2024,2,2024-02,1366902,SPIP-Desember-2025.xlsx
apmk_electronic_money_merchants,5g,Table 5g. Card-Based Payment Instruments (APMK) and Electronic Money (UE) Infrastructures,17,11,Jumlah Merchant,Unit,2024,3,2024-03,1417817,SPIP-Desember-2025.xlsx
apmk_electronic_money_merchants,5g,Table 5g. Card-Based Payment Instruments (APMK) and Electronic Money (UE) Infrastructures,17,11,Jumlah Merchant,Unit,2024,4,2024-04,1434044,SPIP-Desember-2025.xlsx
apmk_electronic_money_merchants,5g,Table 5g. Card-Based Payment Instruments (APMK) and Electronic Money (UE) Infrastructures,17,11,Jumlah Merchant,Unit,2024,5,2024-05,1466072,SPIP-Desember-2025.xlsx
apmk_electronic_money_merchants,5g,Table 5g. Card-Based Payment Instruments (APMK) and Electronic Money (UE) Infrastructures,17,11,Jumlah Merchant,Unit,2024,6,2024-06,1484025,SPIP-Desember-2025.xlsx
apmk_electronic_money_merchants,5g,Table 5g. Card-Based Payment Instruments (APMK) and Electronic Money (UE) Infrastructures,17,11,Jumlah Merchant,Unit,2024,7,2024-07,1483512,SPIP-Desember-2025.xlsx
apmk_electronic_money_merchants,5g,Table 5g. Card-Based Payment Instruments (APMK) and Electronic Money (UE) Infrastructures,17,11,Jumlah Merchant,Unit,2024,8,2024-08,1472528,SPIP-Desember-2025.xlsx
apmk_electronic_money_merchants,5g,Table 5g. Card-Based Payment Instruments (APMK) and Electronic Money (UE) Infrastructures,17,11,Jumlah Merchant,Unit,2024,9,2024-09,1439171,SPIP-Desember-2025.xlsx
apmk_electronic_money_merchants,5g,Table 5g. Card-Based Payment Instruments (APMK) and Electronic Money (UE) Infrastructures,17,11,Jumlah Merchant,Unit,2024,10,2024-10,1475056,SPIP-Desember-2025.xlsx
apmk_electronic_money_merchants,5g,Table 5g. Card-Based Payment Instruments (APMK) and Electronic Money (UE) Infrastructures,17,11,Jumlah Merchant,Unit,2024,11,2024-11,1487568,SPIP-Desember-2025.xlsx
apmk_electronic_money_merchants,5g,Table 5g. Card-Based Payment Instruments (APMK) and Electronic Money (UE) Infrastructures,17,11,Jumlah Merchant,Unit,2024,12,2024-12,1496926,SPIP-Desember-2025.xlsx
apmk_electronic_money_merchants,5g,Table 5g. Card-Based Payment Instruments (APMK) and Electronic Money (UE) Infrastructures,17,11,Jumlah Merchant,Unit,2025,1,2025-01,1514497,SPIP-Desember-2025.xlsx
apmk_electronic_money_merchants,5g,Table 5g. Card-Based Payment Instruments (APMK) and Electronic Money (UE) Infrastructures,17,11,Jumlah Merchant,Unit,2025,2,2025-02,1552975,SPIP-Desember-2025.xlsx
apmk_electronic_money_merchants,5g,Table 5g. Card-Based Payment Instruments (APMK) and Electronic Money (UE) Infrastructures,17,11,Jumlah Merchant,Unit,2025,3,2025-03,1575753,SPIP-Desember-2025.xlsx
apmk_electronic_money_merchants,5g,Table 5g. Card-Based Payment Instruments (APMK) and Electronic Money (UE) Infrastructures,17,11,Jumlah Merchant,Unit,2025,4,2025-04,1587667,SPIP-Desember-2025.xlsx
apmk_electronic_money_merchants,5g,Table 5g. Card-Based Payment Instruments (APMK) and Electronic Money (UE) Infrastructures,17,11,Jumlah Merchant,Unit,2025,5,2025-05,1586571,SPIP-Desember-2025.xlsx
apmk_electronic_money_merchants,5g,Table 5g. Card-Based Payment Instruments (APMK) and Electronic Money (UE) Infrastructures,17,11,Jumlah Merchant,Unit,2025,6,2025-06,1609352,SPIP-Desember-2025.xlsx
apmk_electronic_money_merchants,5g,Table 5g. Card-Based Payment Instruments (APMK) and Electronic Money (UE) Infrastructures,17,11,Jumlah Merchant,Unit,2025,7,2025-07,1635500,SPIP-Desember-2025.xlsx
apmk_electronic_money_merchants,5g,Table 5g. Card-Based Payment Instruments (APMK) and Electronic Money (UE) Infrastructures,17,11,Jumlah Merchant,Unit,2025,8,2025-08,1601829,SPIP-Desember-2025.xlsx
apmk_electronic_money_merchants,5g,Table 5g. Card-Based Payment Instruments (APMK) and Electronic Money (UE) Infrastructures,17,11,Jumlah Merchant,Unit,2025,9,2025-09,1606702,SPIP-Desember-2025.xlsx
apmk_electronic_money_merchants,5g,Table 5g. Card-Based Payment Instruments (APMK) and Electronic Money (UE) Infrastructures,17,11,Jumlah Merchant,Unit,2025,10,2025-10,1615300,SPIP-Desember-2025.xlsx
apmk_electronic_money_merchants,5g,Table 5g. Card-Based Payment Instruments (APMK) and Electronic Money (UE) Infrastructures,17,11,Jumlah Merchant,Unit,2025,11,2025-11,1625166,SPIP-Desember-2025.xlsx
nonbank_domestic_transfer_volume,6,Table 6. Fund Transfer by Non-Bank,11,5,Pengiriman Uang dalam Wilayah Indonesia,Ribu Transaksi/ Thousand of Transactions,2012,1,2012-01,37.847,SPIP-Desember-2025.xlsx
nonbank_domestic_transfer_volume,6,Table 6. Fund Transfer by Non-Bank,11,5,Pengiriman Uang dalam Wilayah Indonesia,Ribu Transaksi/ Thousand of Transactions,2012,2,2012-02,35.801,SPIP-Desember-2025.xlsx
nonbank_domestic_transfer_volume,6,Table 6. Fund Transfer by Non-Bank,11,5,Pengiriman Uang dalam Wilayah Indonesia,Ribu Transaksi/ Thousand of Transactions,2012,3,2012-03,41.356,SPIP-Desember-2025.xlsx
nonbank_domestic_transfer_volume,6,Table 6. Fund Transfer by Non-Bank,11,5,Pengiriman Uang dalam Wilayah Indonesia,Ribu Transaksi/ Thousand of Transactions,2012,4,2012-04,38.503,SPIP-Desember-2025.xlsx
nonbank_domestic_transfer_volume,6,Table 6. Fund Transfer by Non-Bank,11,5,Pengiriman Uang dalam Wilayah Indonesia,Ribu Transaksi/ Thousand of Transactions,2012,5,2012-05,39.523,SPIP-Desember-2025.xlsx
nonbank_domestic_transfer_volume,6,Table 6. Fund Transfer by Non-Bank,11,5,Pengiriman Uang dalam Wilayah Indonesia,Ribu Transaksi/ Thousand of Transactions,2012,6,2012-06,45.002,SPIP-Desember-2025.xlsx
nonbank_domestic_transfer_volume,6,Table 6. Fund Transfer by Non-Bank,11,5,Pengiriman Uang dalam Wilayah Indonesia,Ribu Transaksi/ Thousand of Transactions,2012,7,2012-07,46.821,SPIP-Desember-2025.xlsx
nonbank_domestic_transfer_volume,6,Table 6. Fund Transfer by Non-Bank,11,5,Pengiriman Uang dalam Wilayah Indonesia,Ribu Transaksi/ Thousand of Transactions,2012,8,2012-08,41.944,SPIP-Desember-2025.xlsx
nonbank_domestic_transfer_volume,6,Table 6. Fund Transfer by Non-Bank,11,5,Pengiriman Uang dalam Wilayah Indonesia,Ribu Transaksi/ Thousand of Transactions,2012,9,2012-09,39.896,SPIP-Desember-2025.xlsx
nonbank_domestic_transfer_volume,6,Table 6. Fund Transfer by Non-Bank,11,5,Pengiriman Uang dalam Wilayah Indonesia,Ribu Transaksi/ Thousand of Transactions,2012,10,2012-10,50.254,SPIP-Desember-2025.xlsx
nonbank_domestic_transfer_volume,6,Table 6. Fund Transfer by Non-Bank,11,5,Pengiriman Uang dalam Wilayah Indonesia,Ribu Transaksi/ Thousand of Transactions,2012,11,2012-11,27.719,SPIP-Desember-2025.xlsx
nonbank_domestic_transfer_volume,6,Table 6. Fund Transfer by Non-Bank,11,5,Pengiriman Uang dalam Wilayah Indonesia,Ribu Transaksi/ Thousand of Transactions,2012,12,2012-12,27.916,SPIP-Desember-2025.xlsx
nonbank_domestic_transfer_volume,6,Table 6. Fund Transfer by Non-Bank,11,5,Pengiriman Uang dalam Wilayah Indonesia,Ribu Transaksi/ Thousand of Transactions,2013,1,2013-01,27.964,SPIP-Desember-2025.xlsx
nonbank_domestic_transfer_volume,6,Table 6. Fund Transfer by Non-Bank,11,5,Pengiriman Uang dalam Wilayah Indonesia,Ribu Transaksi/ Thousand of Transactions,2013,2,2013-02,27.832,SPIP-Desember-2025.xlsx
nonbank_domestic_transfer_volume,6,Table 6. Fund Transfer by Non-Bank,11,5,Pengiriman Uang dalam Wilayah Indonesia,Ribu Transaksi/ Thousand of Transactions,2013,3,2013-03,23.777,SPIP-Desember-2025.xlsx
nonbank_domestic_transfer_volume,6,Table 6. Fund Transfer by Non-Bank,11,5,Pengiriman Uang dalam Wilayah Indonesia,Ribu Transaksi/ Thousand of Transactions,2013,4,2013-04,24.619,SPIP-Desember-2025.xlsx
nonbank_domestic_transfer_volume,6,Table 6. Fund Transfer by Non-Bank,11,5,Pengiriman Uang dalam Wilayah Indonesia,Ribu Transaksi/ Thousand of Transactions,2013,5,2013-05,26.963,SPIP-Desember-2025.xlsx
nonbank_domestic_transfer_volume,6,Table 6. Fund Transfer by Non-Bank,11,5,Pengiriman Uang dalam Wilayah Indonesia,Ribu Transaksi/ Thousand of Transactions,2013,6,2013-06,31.812,SPIP-Desember-2025.xlsx
nonbank_domestic_transfer_volume,6,Table 6. Fund Transfer by Non-Bank,11,5,Pengiriman Uang dalam Wilayah Indonesia,Ribu Transaksi/ Thousand of Transactions,2013,7,2013-07,32.081,SPIP-Desember-2025.xlsx
nonbank_domestic_transfer_volume,6,Table 6. Fund Transfer by Non-Bank,11,5,Pengiriman Uang dalam Wilayah Indonesia,Ribu Transaksi/ Thousand of Transactions,2013,8,2013-08,26.276,SPIP-Desember-2025.xlsx
nonbank_domestic_transfer_volume,6,Table 6. Fund Transfer by Non-Bank,11,5,Pengiriman Uang dalam Wilayah Indonesia,Ribu Transaksi/ Thousand of Transactions,2013,9,2013-09,27.083,SPIP-Desember-2025.xlsx
nonbank_domestic_transfer_volume,6,Table 6. Fund Transfer by Non-Bank,11,5,Pengiriman Uang dalam Wilayah Indonesia,Ribu Transaksi/ Thousand of Transactions,2013,10,2013-10,28.238,SPIP-Desember-2025.xlsx
nonbank_domestic_transfer_volume,6,Table 6. Fund Transfer by Non-Bank,11,5,Pengiriman Uang dalam Wilayah Indonesia,Ribu Transaksi/ Thousand of Transactions,2013,11,2013-11,34.852,SPIP-Desember-2025.xlsx
nonbank_domestic_transfer_volume,6,Table 6. Fund Transfer by Non-Bank,11,5,Pengiriman Uang dalam Wilayah Indonesia,Ribu Transaksi/ Thousand of Transactions,2013,12,2013-12,37.246,SPIP-Desember-2025.xlsx
nonbank_domestic_transfer_volume,6,Table 6. Fund Transfer by Non-Bank,11,5,Pengiriman Uang dalam Wilayah Indonesia,Ribu Transaksi/ Thousand of Transactions,2014,1,2014-01,28.16,SPIP-Desember-2025.xlsx
nonbank_domestic_transfer_volume,6,Table 6. Fund Transfer by Non-Bank,11,5,Pengiriman Uang dalam Wilayah Indonesia,Ribu Transaksi/ Thousand of Transactions,2014,2,2014-02,28.027074810470605,SPIP-Desember-2025.xlsx
nonbank_domestic_transfer_volume,6,Table 6. Fund Transfer by Non-Bank,11,5,Pengiriman Uang dalam Wilayah Indonesia,Ribu Transaksi/ Thousand of Transactions,2014,3,2014-03,46.887,SPIP-Desember-2025.xlsx
nonbank_domestic_transfer_volume,6,Table 6. Fund Transfer by Non-Bank,11,5,Pengiriman Uang dalam Wilayah Indonesia,Ribu Transaksi/ Thousand of Transactions,2014,4,2014-04,54.088,SPIP-Desember-2025.xlsx
nonbank_domestic_transfer_volume,6,Table 6. Fund Transfer by Non-Bank,11,5,Pengiriman Uang dalam Wilayah Indonesia,Ribu Transaksi/ Thousand of Transactions,2014,5,2014-05,73.454,SPIP-Desember-2025.xlsx
nonbank_domestic_transfer_volume,6,Table 6. Fund Transfer by Non-Bank,11,5,Pengiriman Uang dalam Wilayah Indonesia,Ribu Transaksi/ Thousand of Transactions,2014,6,2014-06,94.484,SPIP-Desember-2025.xlsx
nonbank_domestic_transfer_volume,6,Table 6. Fund Transfer by Non-Bank,11,5,Pengiriman Uang dalam Wilayah Indonesia,Ribu Transaksi/ Thousand of Transactions,2014,7,2014-07,86.941,SPIP-Desember-2025.xlsx
nonbank_domestic_transfer_volume,6,Table 6. Fund Transfer by Non-Bank,11,5,Pengiriman Uang dalam Wilayah Indonesia,Ribu Transaksi/ Thousand of Transactions,2014,8,2014-08,99.833,SPIP-Desember-2025.xlsx
nonbank_domestic_transfer_volume,6,Table 6. Fund Transfer by Non-Bank,11,5,Pengiriman Uang dalam Wilayah Indonesia,Ribu Transaksi/ Thousand of Transactions,2014,9,2014-09,1864.011,SPIP-Desember-2025.xlsx
nonbank_domestic_transfer_volume,6,Table 6. Fund Transfer by Non-Bank,11,5,Pengiriman Uang dalam Wilayah Indonesia,Ribu Transaksi/ Thousand of Transactions,2014,10,2014-10,1797.3890000000001,SPIP-Desember-2025.xlsx
nonbank_domestic_transfer_volume,6,Table 6. Fund Transfer by Non-Bank,11,5,Pengiriman Uang dalam Wilayah Indonesia,Ribu Transaksi/ Thousand of Transactions,2014,11,2014-11,1693.747,SPIP-Desember-2025.xlsx
nonbank_domestic_transfer_volume,6,Table 6. Fund Transfer by Non-Bank,11,5,Pengiriman Uang dalam Wilayah Indonesia,Ribu Transaksi/ Thousand of Transactions,2014,12,2014-12,1812.107,SPIP-Desember-2025.xlsx
nonbank_domestic_transfer_volume,6,Table 6. Fund Transfer by Non-Bank,11,5,Pengiriman Uang dalam Wilayah Indonesia,Ribu Transaksi/ Thousand of Transactions,2015,1,2015-01,1538.908,SPIP-Desember-2025.xlsx
nonbank_domestic_transfer_volume,6,Table 6. Fund Transfer by Non-Bank,11,5,Pengiriman Uang dalam Wilayah Indonesia,Ribu Transaksi/ Thousand of Transactions,2015,2,2015-02,1440.044,SPIP-Desember-2025.xlsx
nonbank_domestic_transfer_volume,6,Table 6. Fund Transfer by Non-Bank,11,5,Pengiriman Uang dalam Wilayah Indonesia,Ribu Transaksi/ Thousand of Transactions,2015,3,2015-03,1636.952,SPIP-Desember-2025.xlsx
nonbank_domestic_transfer_volume,6,Table 6. Fund Transfer by Non-Bank,11,5,Pengiriman Uang dalam Wilayah Indonesia,Ribu Transaksi/ Thousand of Transactions,2015,4,2015-04,1504.603,SPIP-Desember-2025.xlsx
nonbank_domestic_transfer_volume,6,Table 6. Fund Transfer by Non-Bank,11,5,Pengiriman Uang dalam Wilayah Indonesia,Ribu Transaksi/ Thousand of Transactions,2015,5,2015-05,1511.796,SPIP-Desember-2025.xlsx
nonbank_domestic_transfer_volume,6,Table 6. Fund Transfer by Non-Bank,11,5,Pengiriman Uang dalam Wilayah Indonesia,Ribu Transaksi/ Thousand of Transactions,2015,6,2015-06,1498.369,SPIP-Desember-2025.xlsx
nonbank_domestic_transfer_volume,6,Table 6. Fund Transfer by Non-Bank,11,5,Pengiriman Uang dalam Wilayah Indonesia,Ribu Transaksi/ Thousand of Transactions,2015,7,2015-07,316.272,SPIP-Desember-2025.xlsx
nonbank_domestic_transfer_volume,6,Table 6. Fund Transfer by Non-Bank,11,5,Pengiriman Uang dalam Wilayah Indonesia,Ribu Transaksi/ Thousand of Transactions,2015,8,2015-08,1055.346,SPIP-Desember-2025.xlsx
nonbank_domestic_transfer_volume,6,Table 6. Fund Transfer by Non-Bank,11,5,Pengiriman Uang dalam Wilayah Indonesia,Ribu Transaksi/ Thousand of Transactions,2015,9,2015-09,1015.168,SPIP-Desember-2025.xlsx
nonbank_domestic_transfer_volume,6,Table 6. Fund Transfer by Non-Bank,11,5,Pengiriman Uang dalam Wilayah Indonesia,Ribu Transaksi/ Thousand of Transactions,2015,10,2015-10,1211.065,SPIP-Desember-2025.xlsx
nonbank_domestic_transfer_volume,6,Table 6. Fund Transfer by Non-Bank,11,5,Pengiriman Uang dalam Wilayah Indonesia,Ribu Transaksi/ Thousand of Transactions,2015,11,2015-11,1181.602,SPIP-Desember-2025.xlsx
nonbank_domestic_transfer_volume,6,Table 6. Fund Transfer by Non-Bank,11,5,Pengiriman Uang dalam Wilayah Indonesia,Ribu Transaksi/ Thousand of Transactions,2015,12,2015-12,1276.525,SPIP-Desember-2025.xlsx
nonbank_domestic_transfer_volume,6,Table 6. Fund Transfer by Non-Bank,11,5,Pengiriman Uang dalam Wilayah Indonesia,Ribu Transaksi/ Thousand of Transactions,2016,1,2016-01,1090.862,SPIP-Desember-2025.xlsx
nonbank_domestic_transfer_volume,6,Table 6. Fund Transfer by Non-Bank,11,5,Pengiriman Uang dalam Wilayah Indonesia,Ribu Transaksi/ Thousand of Transactions,2016,2,2016-02,1137.935,SPIP-Desember-2025.xlsx
nonbank_domestic_transfer_volume,6,Table 6. Fund Transfer by Non-Bank,11,5,Pengiriman Uang dalam Wilayah Indonesia,Ribu Transaksi/ Thousand of Transactions,2016,3,2016-03,1176.916,SPIP-Desember-2025.xlsx
nonbank_domestic_transfer_volume,6,Table 6. Fund Transfer by Non-Bank,11,5,Pengiriman Uang dalam Wilayah Indonesia,Ribu Transaksi/ Thousand of Transactions,2016,4,2016-04,1126.08,SPIP-Desember-2025.xlsx
nonbank_domestic_transfer_volume,6,Table 6. Fund Transfer by Non-Bank,11,5,Pengiriman Uang dalam Wilayah Indonesia,Ribu Transaksi/ Thousand of Transactions,2016,5,2016-05,1195.974,SPIP-Desember-2025.xlsx
nonbank_domestic_transfer_volume,6,Table 6. Fund Transfer by Non-Bank,11,5,Pengiriman Uang dalam Wilayah Indonesia,Ribu Transaksi/ Thousand of Transactions,2016,6,2016-06,1490.043,SPIP-Desember-2025.xlsx
nonbank_domestic_transfer_volume,6,Table 6. Fund Transfer by Non-Bank,11,5,Pengiriman Uang dalam Wilayah Indonesia,Ribu Transaksi/ Thousand of Transactions,2016,7,2016-07,683.703,SPIP-Desember-2025.xlsx
nonbank_domestic_transfer_volume,6,Table 6. Fund Transfer by Non-Bank,11,5,Pengiriman Uang dalam Wilayah Indonesia,Ribu Transaksi/ Thousand of Transactions,2016,8,2016-08,917.035,SPIP-Desember-2025.xlsx
nonbank_domestic_transfer_volume,6,Table 6. Fund Transfer by Non-Bank,11,5,Pengiriman Uang dalam Wilayah Indonesia,Ribu Transaksi/ Thousand of Transactions,2016,9,2016-09,874.705,SPIP-Desember-2025.xlsx
nonbank_domestic_transfer_volume,6,Table 6. Fund Transfer by Non-Bank,11,5,Pengiriman Uang dalam Wilayah Indonesia,Ribu Transaksi/ Thousand of Transactions,2016,10,2016-10,891.6699999999998,SPIP-Desember-2025.xlsx
nonbank_domestic_transfer_volume,6,Table 6. Fund Transfer by Non-Bank,11,5,Pengiriman Uang dalam Wilayah Indonesia,Ribu Transaksi/ Thousand of Transactions,2016,11,2016-11,865.187,SPIP-Desember-2025.xlsx
nonbank_domestic_transfer_volume,6,Table 6. Fund Transfer by Non-Bank,11,5,Pengiriman Uang dalam Wilayah Indonesia,Ribu Transaksi/ Thousand of Transactions,2016,12,2016-12,951.75,SPIP-Desember-2025.xlsx
nonbank_domestic_transfer_volume,6,Table 6. Fund Transfer by Non-Bank,11,5,Pengiriman Uang dalam Wilayah Indonesia,Ribu Transaksi/ Thousand of Transactions,2017,1,2017-01,916.329,SPIP-Desember-2025.xlsx
nonbank_domestic_transfer_volume,6,Table 6. Fund Transfer by Non-Bank,11,5,Pengiriman Uang dalam Wilayah Indonesia,Ribu Transaksi/ Thousand of Transactions,2017,2,2017-02,998.289,SPIP-Desember-2025.xlsx
nonbank_domestic_transfer_volume,6,Table 6. Fund Transfer by Non-Bank,11,5,Pengiriman Uang dalam Wilayah Indonesia,Ribu Transaksi/ Thousand of Transactions,2017,3,2017-03,1141.343,SPIP-Desember-2025.xlsx
nonbank_domestic_transfer_volume,6,Table 6. Fund Transfer by Non-Bank,11,5,Pengiriman Uang dalam Wilayah Indonesia,Ribu Transaksi/ Thousand of Transactions,2017,4,2017-04,1115.444,SPIP-Desember-2025.xlsx
nonbank_domestic_transfer_volume,6,Table 6. Fund Transfer by Non-Bank,11,5,Pengiriman Uang dalam Wilayah Indonesia,Ribu Transaksi/ Thousand of Transactions,2017,5,2017-05,1060.134,SPIP-Desember-2025.xlsx
nonbank_domestic_transfer_volume,6,Table 6. Fund Transfer by Non-Bank,11,5,Pengiriman Uang dalam Wilayah Indonesia,Ribu Transaksi/ Thousand of Transactions,2017,6,2017-06,810.504,SPIP-Desember-2025.xlsx
nonbank_domestic_transfer_volume,6,Table 6. Fund Transfer by Non-Bank,11,5,Pengiriman Uang dalam Wilayah Indonesia,Ribu Transaksi/ Thousand of Transactions,2017,7,2017-07,866.019,SPIP-Desember-2025.xlsx
nonbank_domestic_transfer_volume,6,Table 6. Fund Transfer by Non-Bank,11,5,Pengiriman Uang dalam Wilayah Indonesia,Ribu Transaksi/ Thousand of Transactions,2017,8,2017-08,1010.169,SPIP-Desember-2025.xlsx
nonbank_domestic_transfer_volume,6,Table 6. Fund Transfer by Non-Bank,11,5,Pengiriman Uang dalam Wilayah Indonesia,Ribu Transaksi/ Thousand of Transactions,2017,9,2017-09,1124.166,SPIP-Desember-2025.xlsx
nonbank_domestic_transfer_volume,6,Table 6. Fund Transfer by Non-Bank,11,5,Pengiriman Uang dalam Wilayah Indonesia,Ribu Transaksi/ Thousand of Transactions,2017,10,2017-10,1683.345,SPIP-Desember-2025.xlsx
nonbank_domestic_transfer_volume,6,Table 6. Fund Transfer by Non-Bank,11,5,Pengiriman Uang dalam Wilayah Indonesia,Ribu Transaksi/ Thousand of Transactions,2017,11,2017-11,1223.353,SPIP-Desember-2025.xlsx
nonbank_domestic_transfer_volume,6,Table 6. Fund Transfer by Non-Bank,11,5,Pengiriman Uang dalam Wilayah Indonesia,Ribu Transaksi/ Thousand of Transactions,2017,12,2017-12,1214.934,SPIP-Desember-2025.xlsx
nonbank_domestic_transfer_volume,6,Table 6. Fund Transfer by Non-Bank,11,5,Pengiriman Uang dalam Wilayah Indonesia,Ribu Transaksi/ Thousand of Transactions,2018,1,2018-01,1705.169,SPIP-Desember-2025.xlsx
nonbank_domestic_transfer_volume,6,Table 6. Fund Transfer by Non-Bank,11,5,Pengiriman Uang dalam Wilayah Indonesia,Ribu Transaksi/ Thousand of Transactions,2018,2,2018-02,2138.615,SPIP-Desember-2025.xlsx
nonbank_domestic_transfer_volume,6,Table 6. Fund Transfer by Non-Bank,11,5,Pengiriman Uang dalam Wilayah Indonesia,Ribu Transaksi/ Thousand of Transactions,2018,3,2018-03,1410.958,SPIP-Desember-2025.xlsx
nonbank_domestic_transfer_volume,6,Table 6. Fund Transfer by Non-Bank,11,5,Pengiriman Uang dalam Wilayah Indonesia,Ribu Transaksi/ Thousand of Transactions,2018,4,2018-04,1318.96,SPIP-Desember-2025.xlsx
nonbank_domestic_transfer_volume,6,Table 6. Fund Transfer by Non-Bank,11,5,Pengiriman Uang dalam Wilayah Indonesia,Ribu Transaksi/ Thousand of Transactions,2018,5,2018-05,2086.347,SPIP-Desember-2025.xlsx
nonbank_domestic_transfer_volume,6,Table 6. Fund Transfer by Non-Bank,11,5,Pengiriman Uang dalam Wilayah Indonesia,Ribu Transaksi/ Thousand of Transactions,2018,6,2018-06,2695.109,SPIP-Desember-2025.xlsx
nonbank_domestic_transfer_volume,6,Table 6. Fund Transfer by Non-Bank,11,5,Pengiriman Uang dalam Wilayah Indonesia,Ribu Transaksi/ Thousand of Transactions,2018,7,2018-07,2861.206,SPIP-Desember-2025.xlsx
nonbank_domestic_transfer_volume,6,Table 6. Fund Transfer by Non-Bank,11,5,Pengiriman Uang dalam Wilayah Indonesia,Ribu Transaksi/ Thousand of Transactions,2018,8,2018-08,2874.696,SPIP-Desember-2025.xlsx
nonbank_domestic_transfer_volume,6,Table 6. Fund Transfer by Non-Bank,11,5,Pengiriman Uang dalam Wilayah Indonesia,Ribu Transaksi/ Thousand of Transactions,2018,9,2018-09,3509.485,SPIP-Desember-2025.xlsx
nonbank_domestic_transfer_volume,6,Table 6. Fund Transfer by Non-Bank,11,5,Pengiriman Uang dalam Wilayah Indonesia,Ribu Transaksi/ Thousand of Transactions,2018,10,2018-10,3632.986,SPIP-Desember-2025.xlsx
nonbank_domestic_transfer_volume,6,Table 6. Fund Transfer by Non-Bank,11,5,Pengiriman Uang dalam Wilayah Indonesia,Ribu Transaksi/ Thousand of Transactions,2018,11,2018-11,3649.388,SPIP-Desember-2025.xlsx
nonbank_domestic_transfer_volume,6,Table 6. Fund Transfer by Non-Bank,11,5,Pengiriman Uang dalam Wilayah Indonesia,Ribu Transaksi/ Thousand of Transactions,2018,12,2018-12,4152.7,SPIP-Desember-2025.xlsx
nonbank_domestic_transfer_volume,6,Table 6. Fund Transfer by Non-Bank,11,5,Pengiriman Uang dalam Wilayah Indonesia,Ribu Transaksi/ Thousand of Transactions,2019,1,2019-01,4484.401,SPIP-Desember-2025.xlsx
nonbank_domestic_transfer_volume,6,Table 6. Fund Transfer by Non-Bank,11,5,Pengiriman Uang dalam Wilayah Indonesia,Ribu Transaksi/ Thousand of Transactions,2019,2,2019-02,4882.935,SPIP-Desember-2025.xlsx
nonbank_domestic_transfer_volume,6,Table 6. Fund Transfer by Non-Bank,11,5,Pengiriman Uang dalam Wilayah Indonesia,Ribu Transaksi/ Thousand of Transactions,2019,3,2019-03,6004.18,SPIP-Desember-2025.xlsx
nonbank_domestic_transfer_volume,6,Table 6. Fund Transfer by Non-Bank,11,5,Pengiriman Uang dalam Wilayah Indonesia,Ribu Transaksi/ Thousand of Transactions,2019,4,2019-04,10126.39,SPIP-Desember-2025.xlsx
nonbank_domestic_transfer_volume,6,Table 6. Fund Transfer by Non-Bank,11,5,Pengiriman Uang dalam Wilayah Indonesia,Ribu Transaksi/ Thousand of Transactions,2019,5,2019-05,15189.307,SPIP-Desember-2025.xlsx
nonbank_domestic_transfer_volume,6,Table 6. Fund Transfer by Non-Bank,11,5,Pengiriman Uang dalam Wilayah Indonesia,Ribu Transaksi/ Thousand of Transactions,2019,6,2019-06,13964.554,SPIP-Desember-2025.xlsx
nonbank_domestic_transfer_volume,6,Table 6. Fund Transfer by Non-Bank,11,5,Pengiriman Uang dalam Wilayah Indonesia,Ribu Transaksi/ Thousand of Transactions,2019,7,2019-07,19430.238,SPIP-Desember-2025.xlsx
nonbank_domestic_transfer_volume,6,Table 6. Fund Transfer by Non-Bank,11,5,Pengiriman Uang dalam Wilayah Indonesia,Ribu Transaksi/ Thousand of Transactions,2019,8,2019-08,23378.043,SPIP-Desember-2025.xlsx
nonbank_domestic_transfer_volume,6,Table 6. Fund Transfer by Non-Bank,11,5,Pengiriman Uang dalam Wilayah Indonesia,Ribu Transaksi/ Thousand of Transactions,2019,9,2019-09,36936.241,SPIP-Desember-2025.xlsx
nonbank_domestic_transfer_volume,6,Table 6. Fund Transfer by Non-Bank,11,5,Pengiriman Uang dalam Wilayah Indonesia,Ribu Transaksi/ Thousand of Transactions,2019,10,2019-10,32986.827,SPIP-Desember-2025.xlsx
nonbank_domestic_transfer_volume,6,Table 6. Fund Transfer by Non-Bank,11,5,Pengiriman Uang dalam Wilayah Indonesia,Ribu Transaksi/ Thousand of Transactions,2019,11,2019-11,25601.223,SPIP-Desember-2025.xlsx
nonbank_domestic_transfer_volume,6,Table 6. Fund Transfer by Non-Bank,11,5,Pengiriman Uang dalam Wilayah Indonesia,Ribu Transaksi/ Thousand of Transactions,2019,12,2019-12,25906.815,SPIP-Desember-2025.xlsx
nonbank_domestic_transfer_volume,6,Table 6. Fund Transfer by Non-Bank,11,5,Pengiriman Uang dalam Wilayah Indonesia,Ribu Transaksi/ Thousand of Transactions,2020,1,2020-01,14970.079,SPIP-Desember-2025.xlsx
nonbank_domestic_transfer_volume,6,Table 6. Fund Transfer by Non-Bank,11,5,Pengiriman Uang dalam Wilayah Indonesia,Ribu Transaksi/ Thousand of Transactions,2020,2,2020-02,21796.502,SPIP-Desember-2025.xlsx
nonbank_domestic_transfer_volume,6,Table 6. Fund Transfer by Non-Bank,11,5,Pengiriman Uang dalam Wilayah Indonesia,Ribu Transaksi/ Thousand of Transactions,2020,3,2020-03,25537.134,SPIP-Desember-2025.xlsx
nonbank_domestic_transfer_volume,6,Table 6. Fund Transfer by Non-Bank,11,5,Pengiriman Uang dalam Wilayah Indonesia,Ribu Transaksi/ Thousand of Transactions,2020,4,2020-04,21385.703,SPIP-Desember-2025.xlsx
nonbank_domestic_transfer_volume,6,Table 6. Fund Transfer by Non-Bank,11,5,Pengiriman Uang dalam Wilayah Indonesia,Ribu Transaksi/ Thousand of Transactions,2020,5,2020-05,20355.322,SPIP-Desember-2025.xlsx
nonbank_domestic_transfer_volume,6,Table 6. Fund Transfer by Non-Bank,11,5,Pengiriman Uang dalam Wilayah Indonesia,Ribu Transaksi/ Thousand of Transactions,2020,6,2020-06,24607.967,SPIP-Desember-2025.xlsx
nonbank_domestic_transfer_volume,6,Table 6. Fund Transfer by Non-Bank,11,5,Pengiriman Uang dalam Wilayah Indonesia,Ribu Transaksi/ Thousand of Transactions,2020,7,2020-07,30776.526,SPIP-Desember-2025.xlsx
nonbank_domestic_transfer_volume,6,Table 6. Fund Transfer by Non-Bank,11,5,Pengiriman Uang dalam Wilayah Indonesia,Ribu Transaksi/ Thousand of Transactions,2020,8,2020-08,26631.41,SPIP-Desember-2025.xlsx
nonbank_domestic_transfer_volume,6,Table 6. Fund Transfer by Non-Bank,11,5,Pengiriman Uang dalam Wilayah Indonesia,Ribu Transaksi/ Thousand of Transactions,2020,9,2020-09,31917.743,SPIP-Desember-2025.xlsx
nonbank_domestic_transfer_volume,6,Table 6. Fund Transfer by Non-Bank,11,5,Pengiriman Uang dalam Wilayah Indonesia,Ribu Transaksi/ Thousand of Transactions,2020,10,2020-10,30912.101,SPIP-Desember-2025.xlsx
nonbank_domestic_transfer_volume,6,Table 6. Fund Transfer by Non-Bank,11,5,Pengiriman Uang dalam Wilayah Indonesia,Ribu Transaksi/ Thousand of Transactions,2020,11,2020-11,33623.307,SPIP-Desember-2025.xlsx
nonbank_domestic_transfer_volume,6,Table 6. Fund Transfer by Non-Bank,11,5,Pengiriman Uang dalam Wilayah Indonesia,Ribu Transaksi/ Thousand of Transactions,2020,12,2020-12,43382.199,SPIP-Desember-2025.xlsx
nonbank_domestic_transfer_volume,6,Table 6. Fund Transfer by Non-Bank,11,5,Pengiriman Uang dalam Wilayah Indonesia,Ribu Transaksi/ Thousand of Transactions,2021,1,2021-01,40104.205,SPIP-Desember-2025.xlsx
nonbank_domestic_transfer_volume,6,Table 6. Fund Transfer by Non-Bank,11,5,Pengiriman Uang dalam Wilayah Indonesia,Ribu Transaksi/ Thousand of Transactions,2021,2,2021-02,41038.262,SPIP-Desember-2025.xlsx
nonbank_domestic_transfer_volume,6,Table 6. Fund Transfer by Non-Bank,11,5,Pengiriman Uang dalam Wilayah Indonesia,Ribu Transaksi/ Thousand of Transactions,2021,3,2021-03,50419.376,SPIP-Desember-2025.xlsx
nonbank_domestic_transfer_volume,6,Table 6. Fund Transfer by Non-Bank,11,5,Pengiriman Uang dalam Wilayah Indonesia,Ribu Transaksi/ Thousand of Transactions,2021,4,2021-04,32473.498,SPIP-Desember-2025.xlsx
nonbank_domestic_transfer_volume,6,Table 6. Fund Transfer by Non-Bank,11,5,Pengiriman Uang dalam Wilayah Indonesia,Ribu Transaksi/ Thousand of Transactions,2021,5,2021-05,56478.574,SPIP-Desember-2025.xlsx
nonbank_domestic_transfer_volume,6,Table 6. Fund Transfer by Non-Bank,11,5,Pengiriman Uang dalam Wilayah Indonesia,Ribu Transaksi/ Thousand of Transactions,2021,6,2021-06,56590.349,SPIP-Desember-2025.xlsx
nonbank_domestic_transfer_volume,6,Table 6. Fund Transfer by Non-Bank,11,5,Pengiriman Uang dalam Wilayah Indonesia,Ribu Transaksi/ Thousand of Transactions,2021,7,2021-07,59496.904,SPIP-Desember-2025.xlsx
nonbank_domestic_transfer_volume,6,Table 6. Fund Transfer by Non-Bank,11,5,Pengiriman Uang dalam Wilayah Indonesia,Ribu Transaksi/ Thousand of Transactions,2021,8,2021-08,53786.381,SPIP-Desember-2025.xlsx
nonbank_domestic_transfer_volume,6,Table 6. Fund Transfer by Non-Bank,11,5,Pengiriman Uang dalam Wilayah Indonesia,Ribu Transaksi/ Thousand of Transactions,2021,9,2021-09,68057.505,SPIP-Desember-2025.xlsx
nonbank_domestic_transfer_volume,6,Table 6. Fund Transfer by Non-Bank,11,5,Pengiriman Uang dalam Wilayah Indonesia,Ribu Transaksi/ Thousand of Transactions,2021,10,2021-10,58021.438,SPIP-Desember-2025.xlsx
nonbank_domestic_transfer_volume,6,Table 6. Fund Transfer by Non-Bank,11,5,Pengiriman Uang dalam Wilayah Indonesia,Ribu Transaksi/ Thousand of Transactions,2021,11,2021-11,82994.449,SPIP-Desember-2025.xlsx
nonbank_domestic_transfer_volume,6,Table 6. Fund Transfer by Non-Bank,11,5,Pengiriman Uang dalam Wilayah Indonesia,Ribu Transaksi/ Thousand of Transactions,2021,12,2021-12,98672.785,SPIP-Desember-2025.xlsx
nonbank_domestic_transfer_volume,6,Table 6. Fund Transfer by Non-Bank,11,5,Pengiriman Uang dalam Wilayah Indonesia,Ribu Transaksi/ Thousand of Transactions,2022,1,2022-01,55024.685,SPIP-Desember-2025.xlsx
nonbank_domestic_transfer_volume,6,Table 6. Fund Transfer by Non-Bank,11,5,Pengiriman Uang dalam Wilayah Indonesia,Ribu Transaksi/ Thousand of Transactions,2022,2,2022-02,101396.949,SPIP-Desember-2025.xlsx
nonbank_domestic_transfer_volume,6,Table 6. Fund Transfer by Non-Bank,11,5,Pengiriman Uang dalam Wilayah Indonesia,Ribu Transaksi/ Thousand of Transactions,2022,3,2022-03,124335.545,SPIP-Desember-2025.xlsx
nonbank_domestic_transfer_volume,6,Table 6. Fund Transfer by Non-Bank,11,5,Pengiriman Uang dalam Wilayah Indonesia,Ribu Transaksi/ Thousand of Transactions,2022,4,2022-04,147921.502,SPIP-Desember-2025.xlsx
nonbank_domestic_transfer_volume,6,Table 6. Fund Transfer by Non-Bank,11,5,Pengiriman Uang dalam Wilayah Indonesia,Ribu Transaksi/ Thousand of Transactions,2022,5,2022-05,152997.034,SPIP-Desember-2025.xlsx
nonbank_domestic_transfer_volume,6,Table 6. Fund Transfer by Non-Bank,11,5,Pengiriman Uang dalam Wilayah Indonesia,Ribu Transaksi/ Thousand of Transactions,2022,6,2022-06,166725.53,SPIP-Desember-2025.xlsx
nonbank_domestic_transfer_volume,6,Table 6. Fund Transfer by Non-Bank,11,5,Pengiriman Uang dalam Wilayah Indonesia,Ribu Transaksi/ Thousand of Transactions,2022,7,2022-07,206435.0252237905,SPIP-Desember-2025.xlsx
nonbank_domestic_transfer_volume,6,Table 6. Fund Transfer by Non-Bank,11,5,Pengiriman Uang dalam Wilayah Indonesia,Ribu Transaksi/ Thousand of Transactions,2022,8,2022-08,205514.421,SPIP-Desember-2025.xlsx
nonbank_domestic_transfer_volume,6,Table 6. Fund Transfer by Non-Bank,11,5,Pengiriman Uang dalam Wilayah Indonesia,Ribu Transaksi/ Thousand of Transactions,2022,9,2022-09,203694.992,SPIP-Desember-2025.xlsx
nonbank_domestic_transfer_volume,6,Table 6. Fund Transfer by Non-Bank,11,5,Pengiriman Uang dalam Wilayah Indonesia,Ribu Transaksi/ Thousand of Transactions,2022,10,2022-10,219259.701,SPIP-Desember-2025.xlsx
nonbank_domestic_transfer_volume,6,Table 6. Fund Transfer by Non-Bank,11,5,Pengiriman Uang dalam Wilayah Indonesia,Ribu Transaksi/ Thousand of Transactions,2022,11,2022-11,234077.484,SPIP-Desember-2025.xlsx
nonbank_domestic_transfer_volume,6,Table 6. Fund Transfer by Non-Bank,11,5,Pengiriman Uang dalam Wilayah Indonesia,Ribu Transaksi/ Thousand of Transactions,2022,12,2022-12,255685.415,SPIP-Desember-2025.xlsx
nonbank_domestic_transfer_volume,6,Table 6. Fund Transfer by Non-Bank,11,5,Pengiriman Uang dalam Wilayah Indonesia,Ribu Transaksi/ Thousand of Transactions,2023,1,2023-01,260338.449,SPIP-Desember-2025.xlsx
nonbank_domestic_transfer_volume,6,Table 6. Fund Transfer by Non-Bank,11,5,Pengiriman Uang dalam Wilayah Indonesia,Ribu Transaksi/ Thousand of Transactions,2023,2,2023-02,250334.367,SPIP-Desember-2025.xlsx
nonbank_domestic_transfer_volume,6,Table 6. Fund Transfer by Non-Bank,11,5,Pengiriman Uang dalam Wilayah Indonesia,Ribu Transaksi/ Thousand of Transactions,2023,3,2023-03,286817.314,SPIP-Desember-2025.xlsx
nonbank_domestic_transfer_volume,6,Table 6. Fund Transfer by Non-Bank,11,5,Pengiriman Uang dalam Wilayah Indonesia,Ribu Transaksi/ Thousand of Transactions,2023,4,2023-04,324896.64,SPIP-Desember-2025.xlsx
nonbank_domestic_transfer_volume,6,Table 6. Fund Transfer by Non-Bank,11,5,Pengiriman Uang dalam Wilayah Indonesia,Ribu Transaksi/ Thousand of Transactions,2023,5,2023-05,345349.823,SPIP-Desember-2025.xlsx
nonbank_domestic_transfer_volume,6,Table 6. Fund Transfer by Non-Bank,11,5,Pengiriman Uang dalam Wilayah Indonesia,Ribu Transaksi/ Thousand of Transactions,2023,6,2023-06,351640.671,SPIP-Desember-2025.xlsx
nonbank_domestic_transfer_volume,6,Table 6. Fund Transfer by Non-Bank,11,5,Pengiriman Uang dalam Wilayah Indonesia,Ribu Transaksi/ Thousand of Transactions,2023,7,2023-07,364294.527,SPIP-Desember-2025.xlsx
nonbank_domestic_transfer_volume,6,Table 6. Fund Transfer by Non-Bank,11,5,Pengiriman Uang dalam Wilayah Indonesia,Ribu Transaksi/ Thousand of Transactions,2023,8,2023-08,369823.791,SPIP-Desember-2025.xlsx
nonbank_domestic_transfer_volume,6,Table 6. Fund Transfer by Non-Bank,11,5,Pengiriman Uang dalam Wilayah Indonesia,Ribu Transaksi/ Thousand of Transactions,2023,9,2023-09,368814.885,SPIP-Desember-2025.xlsx
nonbank_domestic_transfer_volume,6,Table 6. Fund Transfer by Non-Bank,11,5,Pengiriman Uang dalam Wilayah Indonesia,Ribu Transaksi/ Thousand of Transactions,2023,10,2023-10,411033.42,SPIP-Desember-2025.xlsx
nonbank_domestic_transfer_volume,6,Table 6. Fund Transfer by Non-Bank,11,5,Pengiriman Uang dalam Wilayah Indonesia,Ribu Transaksi/ Thousand of Transactions,2023,11,2023-11,429726.98,SPIP-Desember-2025.xlsx
nonbank_domestic_transfer_volume,6,Table 6. Fund Transfer by Non-Bank,11,5,Pengiriman Uang dalam Wilayah Indonesia,Ribu Transaksi/ Thousand of Transactions,2023,12,2023-12,470857.614,SPIP-Desember-2025.xlsx
nonbank_domestic_transfer_volume,6,Table 6. Fund Transfer by Non-Bank,11,5,Pengiriman Uang dalam Wilayah Indonesia,Ribu Transaksi/ Thousand of Transactions,2024,1,2024-01,464328.383,SPIP-Desember-2025.xlsx
nonbank_domestic_transfer_volume,6,Table 6. Fund Transfer by Non-Bank,11,5,Pengiriman Uang dalam Wilayah Indonesia,Ribu Transaksi/ Thousand of Transactions,2024,2,2024-02,449935.295,SPIP-Desember-2025.xlsx
nonbank_domestic_transfer_volume,6,Table 6. Fund Transfer by Non-Bank,11,5,Pengiriman Uang dalam Wilayah Indonesia,Ribu Transaksi/ Thousand of Transactions,2024,3,2024-03,526392.285,SPIP-Desember-2025.xlsx
nonbank_domestic_transfer_volume,6,Table 6. Fund Transfer by Non-Bank,11,5,Pengiriman Uang dalam Wilayah Indonesia,Ribu Transaksi/ Thousand of Transactions,2024,4,2024-04,552041.945,SPIP-Desember-2025.xlsx
nonbank_domestic_transfer_volume,6,Table 6. Fund Transfer by Non-Bank,11,5,Pengiriman Uang dalam Wilayah Indonesia,Ribu Transaksi/ Thousand of Transactions,2024,5,2024-05,577193.433,SPIP-Desember-2025.xlsx
nonbank_domestic_transfer_volume,6,Table 6. Fund Transfer by Non-Bank,11,5,Pengiriman Uang dalam Wilayah Indonesia,Ribu Transaksi/ Thousand of Transactions,2024,6,2024-06,530905.376,SPIP-Desember-2025.xlsx
nonbank_domestic_transfer_volume,6,Table 6. Fund Transfer by Non-Bank,11,5,Pengiriman Uang dalam Wilayah Indonesia,Ribu Transaksi/ Thousand of Transactions,2024,7,2024-07,484617.044,SPIP-Desember-2025.xlsx
nonbank_domestic_transfer_volume,6,Table 6. Fund Transfer by Non-Bank,11,5,Pengiriman Uang dalam Wilayah Indonesia,Ribu Transaksi/ Thousand of Transactions,2024,8,2024-08,524986.886,SPIP-Desember-2025.xlsx
nonbank_domestic_transfer_volume,6,Table 6. Fund Transfer by Non-Bank,11,5,Pengiriman Uang dalam Wilayah Indonesia,Ribu Transaksi/ Thousand of Transactions,2024,9,2024-09,490518.99,SPIP-Desember-2025.xlsx
nonbank_domestic_transfer_volume,6,Table 6. Fund Transfer by Non-Bank,11,5,Pengiriman Uang dalam Wilayah Indonesia,Ribu Transaksi/ Thousand of Transactions,2024,10,2024-10,509294.105,SPIP-Desember-2025.xlsx
nonbank_domestic_transfer_volume,6,Table 6. Fund Transfer by Non-Bank,11,5,Pengiriman Uang dalam Wilayah Indonesia,Ribu Transaksi/ Thousand of Transactions,2024,11,2024-11,478428.318,SPIP-Desember-2025.xlsx
nonbank_domestic_transfer_volume,6,Table 6. Fund Transfer by Non-Bank,11,5,Pengiriman Uang dalam Wilayah Indonesia,Ribu Transaksi/ Thousand of Transactions,2024,12,2024-12,536949.624,SPIP-Desember-2025.xlsx
nonbank_domestic_transfer_volume,6,Table 6. Fund Transfer by Non-Bank,11,5,Pengiriman Uang dalam Wilayah Indonesia,Ribu Transaksi/ Thousand of Transactions,2025,1,2025-01,437678.525,SPIP-Desember-2025.xlsx
nonbank_domestic_transfer_volume,6,Table 6. Fund Transfer by Non-Bank,11,5,Pengiriman Uang dalam Wilayah Indonesia,Ribu Transaksi/ Thousand of Transactions,2025,2,2025-02,479372.721,SPIP-Desember-2025.xlsx
nonbank_domestic_transfer_volume,6,Table 6. Fund Transfer by Non-Bank,11,5,Pengiriman Uang dalam Wilayah Indonesia,Ribu Transaksi/ Thousand of Transactions,2025,3,2025-03,562141.709,SPIP-Desember-2025.xlsx
nonbank_domestic_transfer_volume,6,Table 6. Fund Transfer by Non-Bank,11,5,Pengiriman Uang dalam Wilayah Indonesia,Ribu Transaksi/ Thousand of Transactions,2025,4,2025-04,510007.17,SPIP-Desember-2025.xlsx
nonbank_domestic_transfer_volume,6,Table 6. Fund Transfer by Non-Bank,11,5,Pengiriman Uang dalam Wilayah Indonesia,Ribu Transaksi/ Thousand of Transactions,2025,5,2025-05,545408.914,SPIP-Desember-2025.xlsx
nonbank_domestic_transfer_volume,6,Table 6. Fund Transfer by Non-Bank,11,5,Pengiriman Uang dalam Wilayah Indonesia,Ribu Transaksi/ Thousand of Transactions,2025,6,2025-06,520414.729,SPIP-Desember-2025.xlsx
nonbank_domestic_transfer_volume,6,Table 6. Fund Transfer by Non-Bank,11,5,Pengiriman Uang dalam Wilayah Indonesia,Ribu Transaksi/ Thousand of Transactions,2025,7,2025-07,519689.457,SPIP-Desember-2025.xlsx
nonbank_domestic_transfer_volume,6,Table 6. Fund Transfer by Non-Bank,11,5,Pengiriman Uang dalam Wilayah Indonesia,Ribu Transaksi/ Thousand of Transactions,2025,8,2025-08,280112.527,SPIP-Desember-2025.xlsx
nonbank_domestic_transfer_volume,6,Table 6. Fund Transfer by Non-Bank,11,5,Pengiriman Uang dalam Wilayah Indonesia,Ribu Transaksi/ Thousand of Transactions,2025,9,2025-09,516461.507,SPIP-Desember-2025.xlsx
nonbank_domestic_transfer_volume,6,Table 6. Fund Transfer by Non-Bank,11,5,Pengiriman Uang dalam Wilayah Indonesia,Ribu Transaksi/ Thousand of Transactions,2025,10,2025-10,533307.911,SPIP-Desember-2025.xlsx
nonbank_domestic_transfer_volume,6,Table 6. Fund Transfer by Non-Bank,11,5,Pengiriman Uang dalam Wilayah Indonesia,Ribu Transaksi/ Thousand of Transactions,2025,11,2025-11,530268.569,SPIP-Desember-2025.xlsx
nonbank_domestic_transfer_value,6,Table 6. Fund Transfer by Non-Bank,16,10,Pengiriman Uang dalam Wilayah Indonesia,Rp Miliar/ Billions of Rp,2012,1,2012-01,1989.63919139717,SPIP-Desember-2025.xlsx
nonbank_domestic_transfer_value,6,Table 6. Fund Transfer by Non-Bank,16,10,Pengiriman Uang dalam Wilayah Indonesia,Rp Miliar/ Billions of Rp,2012,2,2012-02,265.33779589429,SPIP-Desember-2025.xlsx
nonbank_domestic_transfer_value,6,Table 6. Fund Transfer by Non-Bank,16,10,Pengiriman Uang dalam Wilayah Indonesia,Rp Miliar/ Billions of Rp,2012,3,2012-03,138.95633166686,SPIP-Desember-2025.xlsx
nonbank_domestic_transfer_value,6,Table 6. Fund Transfer by Non-Bank,16,10,Pengiriman Uang dalam Wilayah Indonesia,Rp Miliar/ Billions of Rp,2012,4,2012-04,345.67681480532,SPIP-Desember-2025.xlsx
nonbank_domestic_transfer_value,6,Table 6. Fund Transfer by Non-Bank,16,10,Pengiriman Uang dalam Wilayah Indonesia,Rp Miliar/ Billions of Rp,2012,5,2012-05,323.65526132816,SPIP-Desember-2025.xlsx
nonbank_domestic_transfer_value,6,Table 6. Fund Transfer by Non-Bank,16,10,Pengiriman Uang dalam Wilayah Indonesia,Rp Miliar/ Billions of Rp,2012,6,2012-06,318.18416272641,SPIP-Desember-2025.xlsx
nonbank_domestic_transfer_value,6,Table 6. Fund Transfer by Non-Bank,16,10,Pengiriman Uang dalam Wilayah Indonesia,Rp Miliar/ Billions of Rp,2012,7,2012-07,193.90261336807998,SPIP-Desember-2025.xlsx
nonbank_domestic_transfer_value,6,Table 6. Fund Transfer by Non-Bank,16,10,Pengiriman Uang dalam Wilayah Indonesia,Rp Miliar/ Billions of Rp,2012,8,2012-08,264.58202274666,SPIP-Desember-2025.xlsx
nonbank_domestic_transfer_value,6,Table 6. Fund Transfer by Non-Bank,16,10,Pengiriman Uang dalam Wilayah Indonesia,Rp Miliar/ Billions of Rp,2012,9,2012-09,152.13121810570001,SPIP-Desember-2025.xlsx
nonbank_domestic_transfer_value,6,Table 6. Fund Transfer by Non-Bank,16,10,Pengiriman Uang dalam Wilayah Indonesia,Rp Miliar/ Billions of Rp,2012,10,2012-10,198.1735091908,SPIP-Desember-2025.xlsx
nonbank_domestic_transfer_value,6,Table 6. Fund Transfer by Non-Bank,16,10,Pengiriman Uang dalam Wilayah Indonesia,Rp Miliar/ Billions of Rp,2012,11,2012-11,958.9353413702901,SPIP-Desember-2025.xlsx
nonbank_domestic_transfer_value,6,Table 6. Fund Transfer by Non-Bank,16,10,Pengiriman Uang dalam Wilayah Indonesia,Rp Miliar/ Billions of Rp,2012,12,2012-12,1573.9238357321299,SPIP-Desember-2025.xlsx
nonbank_domestic_transfer_value,6,Table 6. Fund Transfer by Non-Bank,16,10,Pengiriman Uang dalam Wilayah Indonesia,Rp Miliar/ Billions of Rp,2013,1,2013-01,481.22094615712996,SPIP-Desember-2025.xlsx
nonbank_domestic_transfer_value,6,Table 6. Fund Transfer by Non-Bank,16,10,Pengiriman Uang dalam Wilayah Indonesia,Rp Miliar/ Billions of Rp,2013,2,2013-02,289.70566336604,SPIP-Desember-2025.xlsx
nonbank_domestic_transfer_value,6,Table 6. Fund Transfer by Non-Bank,16,10,Pengiriman Uang dalam Wilayah Indonesia,Rp Miliar/ Billions of Rp,2013,3,2013-03,345.97981872491005,SPIP-Desember-2025.xlsx
nonbank_domestic_transfer_value,6,Table 6. Fund Transfer by Non-Bank,16,10,Pengiriman Uang dalam Wilayah Indonesia,Rp Miliar/ Billions of Rp,2013,4,2013-04,486.0562622628199,SPIP-Desember-2025.xlsx
nonbank_domestic_transfer_value,6,Table 6. Fund Transfer by Non-Bank,16,10,Pengiriman Uang dalam Wilayah Indonesia,Rp Miliar/ Billions of Rp,2013,5,2013-05,617.9824935028199,SPIP-Desember-2025.xlsx
nonbank_domestic_transfer_value,6,Table 6. Fund Transfer by Non-Bank,16,10,Pengiriman Uang dalam Wilayah Indonesia,Rp Miliar/ Billions of Rp,2013,6,2013-06,525.48953105164,SPIP-Desember-2025.xlsx
nonbank_domestic_transfer_value,6,Table 6. Fund Transfer by Non-Bank,16,10,Pengiriman Uang dalam Wilayah Indonesia,Rp Miliar/ Billions of Rp,2013,7,2013-07,535.40528630108,SPIP-Desember-2025.xlsx
nonbank_domestic_transfer_value,6,Table 6. Fund Transfer by Non-Bank,16,10,Pengiriman Uang dalam Wilayah Indonesia,Rp Miliar/ Billions of Rp,2013,8,2013-08,426.54562473844,SPIP-Desember-2025.xlsx
nonbank_domestic_transfer_value,6,Table 6. Fund Transfer by Non-Bank,16,10,Pengiriman Uang dalam Wilayah Indonesia,Rp Miliar/ Billions of Rp,2013,9,2013-09,591.32917703093,SPIP-Desember-2025.xlsx
nonbank_domestic_transfer_value,6,Table 6. Fund Transfer by Non-Bank,16,10,Pengiriman Uang dalam Wilayah Indonesia,Rp Miliar/ Billions of Rp,2013,10,2013-10,637.43882991597,SPIP-Desember-2025.xlsx
nonbank_domestic_transfer_value,6,Table 6. Fund Transfer by Non-Bank,16,10,Pengiriman Uang dalam Wilayah Indonesia,Rp Miliar/ Billions of Rp,2013,11,2013-11,414.03061523989004,SPIP-Desember-2025.xlsx
nonbank_domestic_transfer_value,6,Table 6. Fund Transfer by Non-Bank,16,10,Pengiriman Uang dalam Wilayah Indonesia,Rp Miliar/ Billions of Rp,2013,12,2013-12,234.52310207402,SPIP-Desember-2025.xlsx
nonbank_domestic_transfer_value,6,Table 6. Fund Transfer by Non-Bank,16,10,Pengiriman Uang dalam Wilayah Indonesia,Rp Miliar/ Billions of Rp,2014,1,2014-01,213.86458326379008,SPIP-Desember-2025.xlsx
nonbank_domestic_transfer_value,6,Table 6. Fund Transfer by Non-Bank,16,10,Pengiriman Uang dalam Wilayah Indonesia,Rp Miliar/ Billions of Rp,2014,2,2014-02,128.75121388566353,SPIP-Desember-2025.xlsx
nonbank_domestic_transfer_value,6,Table 6. Fund Transfer by Non-Bank,16,10,Pengiriman Uang dalam Wilayah Indonesia,Rp Miliar/ Billions of Rp,2014,3,2014-03,303.829328379,SPIP-Desember-2025.xlsx
nonbank_domestic_transfer_value,6,Table 6. Fund Transfer by Non-Bank,16,10,Pengiriman Uang dalam Wilayah Indonesia,Rp Miliar/ Billions of Rp,2014,4,2014-04,401.377230788,SPIP-Desember-2025.xlsx
nonbank_domestic_transfer_value,6,Table 6. Fund Transfer by Non-Bank,16,10,Pengiriman Uang dalam Wilayah Indonesia,Rp Miliar/ Billions of Rp,2014,5,2014-05,378.729466359,SPIP-Desember-2025.xlsx
nonbank_domestic_transfer_value,6,Table 6. Fund Transfer by Non-Bank,16,10,Pengiriman Uang dalam Wilayah Indonesia,Rp Miliar/ Billions of Rp,2014,6,2014-06,529.002699688,SPIP-Desember-2025.xlsx
nonbank_domestic_transfer_value,6,Table 6. Fund Transfer by Non-Bank,16,10,Pengiriman Uang dalam Wilayah Indonesia,Rp Miliar/ Billions of Rp,2014,7,2014-07,422.516587629,SPIP-Desember-2025.xlsx
nonbank_domestic_transfer_value,6,Table 6. Fund Transfer by Non-Bank,16,10,Pengiriman Uang dalam Wilayah Indonesia,Rp Miliar/ Billions of Rp,2014,8,2014-08,496.529438254,SPIP-Desember-2025.xlsx
nonbank_domestic_transfer_value,6,Table 6. Fund Transfer by Non-Bank,16,10,Pengiriman Uang dalam Wilayah Indonesia,Rp Miliar/ Billions of Rp,2014,9,2014-09,3633.46660022,SPIP-Desember-2025.xlsx
nonbank_domestic_transfer_value,6,Table 6. Fund Transfer by Non-Bank,16,10,Pengiriman Uang dalam Wilayah Indonesia,Rp Miliar/ Billions of Rp,2014,10,2014-10,3426.3541750839995,SPIP-Desember-2025.xlsx
nonbank_domestic_transfer_value,6,Table 6. Fund Transfer by Non-Bank,16,10,Pengiriman Uang dalam Wilayah Indonesia,Rp Miliar/ Billions of Rp,2014,11,2014-11,3113.17103175,SPIP-Desember-2025.xlsx
nonbank_domestic_transfer_value,6,Table 6. Fund Transfer by Non-Bank,16,10,Pengiriman Uang dalam Wilayah Indonesia,Rp Miliar/ Billions of Rp,2014,12,2014-12,3337.401493098,SPIP-Desember-2025.xlsx
nonbank_domestic_transfer_value,6,Table 6. Fund Transfer by Non-Bank,16,10,Pengiriman Uang dalam Wilayah Indonesia,Rp Miliar/ Billions of Rp,2015,1,2015-01,2912.831219977,SPIP-Desember-2025.xlsx
nonbank_domestic_transfer_value,6,Table 6. Fund Transfer by Non-Bank,16,10,Pengiriman Uang dalam Wilayah Indonesia,Rp Miliar/ Billions of Rp,2015,2,2015-02,2715.9127769340002,SPIP-Desember-2025.xlsx
nonbank_domestic_transfer_value,6,Table 6. Fund Transfer by Non-Bank,16,10,Pengiriman Uang dalam Wilayah Indonesia,Rp Miliar/ Billions of Rp,2015,3,2015-03,3256.471199202,SPIP-Desember-2025.xlsx
nonbank_domestic_transfer_value,6,Table 6. Fund Transfer by Non-Bank,16,10,Pengiriman Uang dalam Wilayah Indonesia,Rp Miliar/ Billions of Rp,2015,4,2015-04,2954.180395222,SPIP-Desember-2025.xlsx
nonbank_domestic_transfer_value,6,Table 6. Fund Transfer by Non-Bank,16,10,Pengiriman Uang dalam Wilayah Indonesia,Rp Miliar/ Billions of Rp,2015,5,2015-05,2940.12364901,SPIP-Desember-2025.xlsx
nonbank_domestic_transfer_value,6,Table 6. Fund Transfer by Non-Bank,16,10,Pengiriman Uang dalam Wilayah Indonesia,Rp Miliar/ Billions of Rp,2015,6,2015-06,3087.705353458,SPIP-Desember-2025.xlsx
nonbank_domestic_transfer_value,6,Table 6. Fund Transfer by Non-Bank,16,10,Pengiriman Uang dalam Wilayah Indonesia,Rp Miliar/ Billions of Rp,2015,7,2015-07,723.133433014,SPIP-Desember-2025.xlsx
nonbank_domestic_transfer_value,6,Table 6. Fund Transfer by Non-Bank,16,10,Pengiriman Uang dalam Wilayah Indonesia,Rp Miliar/ Billions of Rp,2015,8,2015-08,2197.685074534,SPIP-Desember-2025.xlsx
nonbank_domestic_transfer_value,6,Table 6. Fund Transfer by Non-Bank,16,10,Pengiriman Uang dalam Wilayah Indonesia,Rp Miliar/ Billions of Rp,2015,9,2015-09,2288.637445641,SPIP-Desember-2025.xlsx
nonbank_domestic_transfer_value,6,Table 6. Fund Transfer by Non-Bank,16,10,Pengiriman Uang dalam Wilayah Indonesia,Rp Miliar/ Billions of Rp,2015,10,2015-10,2499.978180129,SPIP-Desember-2025.xlsx
nonbank_domestic_transfer_value,6,Table 6. Fund Transfer by Non-Bank,16,10,Pengiriman Uang dalam Wilayah Indonesia,Rp Miliar/ Billions of Rp,2015,11,2015-11,2347.653978484,SPIP-Desember-2025.xlsx
nonbank_domestic_transfer_value,6,Table 6. Fund Transfer by Non-Bank,16,10,Pengiriman Uang dalam Wilayah Indonesia,Rp Miliar/ Billions of Rp,2015,12,2015-12,2532.632927792,SPIP-Desember-2025.xlsx
nonbank_domestic_transfer_value,6,Table 6. Fund Transfer by Non-Bank,16,10,Pengiriman Uang dalam Wilayah Indonesia,Rp Miliar/ Billions of Rp,2016,1,2016-01,2314.47776,SPIP-Desember-2025.xlsx
nonbank_domestic_transfer_value,6,Table 6. Fund Transfer by Non-Bank,16,10,Pengiriman Uang dalam Wilayah Indonesia,Rp Miliar/ Billions of Rp,2016,2,2016-02,2295.68286,SPIP-Desember-2025.xlsx
nonbank_domestic_transfer_value,6,Table 6. Fund Transfer by Non-Bank,16,10,Pengiriman Uang dalam Wilayah Indonesia,Rp Miliar/ Billions of Rp,2016,3,2016-03,2455.25378,SPIP-Desember-2025.xlsx
nonbank_domestic_transfer_value,6,Table 6. Fund Transfer by Non-Bank,16,10,Pengiriman Uang dalam Wilayah Indonesia,Rp Miliar/ Billions of Rp,2016,4,2016-04,2295.85462,SPIP-Desember-2025.xlsx
nonbank_domestic_transfer_value,6,Table 6. Fund Transfer by Non-Bank,16,10,Pengiriman Uang dalam Wilayah Indonesia,Rp Miliar/ Billions of Rp,2016,5,2016-05,2418.6868499999996,SPIP-Desember-2025.xlsx
nonbank_domestic_transfer_value,6,Table 6. Fund Transfer by Non-Bank,16,10,Pengiriman Uang dalam Wilayah Indonesia,Rp Miliar/ Billions of Rp,2016,6,2016-06,3273.4089299999996,SPIP-Desember-2025.xlsx
nonbank_domestic_transfer_value,6,Table 6. Fund Transfer by Non-Bank,16,10,Pengiriman Uang dalam Wilayah Indonesia,Rp Miliar/ Billions of Rp,2016,7,2016-07,1121.521185947,SPIP-Desember-2025.xlsx
nonbank_domestic_transfer_value,6,Table 6. Fund Transfer by Non-Bank,16,10,Pengiriman Uang dalam Wilayah Indonesia,Rp Miliar/ Billions of Rp,2016,8,2016-08,1419.16425,SPIP-Desember-2025.xlsx
nonbank_domestic_transfer_value,6,Table 6. Fund Transfer by Non-Bank,16,10,Pengiriman Uang dalam Wilayah Indonesia,Rp Miliar/ Billions of Rp,2016,9,2016-09,1284.8056100000001,SPIP-Desember-2025.xlsx
nonbank_domestic_transfer_value,6,Table 6. Fund Transfer by Non-Bank,16,10,Pengiriman Uang dalam Wilayah Indonesia,Rp Miliar/ Billions of Rp,2016,10,2016-10,1259.7418700000003,SPIP-Desember-2025.xlsx
nonbank_domestic_transfer_value,6,Table 6. Fund Transfer by Non-Bank,16,10,Pengiriman Uang dalam Wilayah Indonesia,Rp Miliar/ Billions of Rp,2016,11,2016-11,1135.67004,SPIP-Desember-2025.xlsx
nonbank_domestic_transfer_value,6,Table 6. Fund Transfer by Non-Bank,16,10,Pengiriman Uang dalam Wilayah Indonesia,Rp Miliar/ Billions of Rp,2016,12,2016-12,1339.9142000000006,SPIP-Desember-2025.xlsx
nonbank_domestic_transfer_value,6,Table 6. Fund Transfer by Non-Bank,16,10,Pengiriman Uang dalam Wilayah Indonesia,Rp Miliar/ Billions of Rp,2017,1,2017-01,1286.7103,SPIP-Desember-2025.xlsx
nonbank_domestic_transfer_value,6,Table 6. Fund Transfer by Non-Bank,16,10,Pengiriman Uang dalam Wilayah Indonesia,Rp Miliar/ Billions of Rp,2017,2,2017-02,1345.24923,SPIP-Desember-2025.xlsx
nonbank_domestic_transfer_value,6,Table 6. Fund Transfer by Non-Bank,16,10,Pengiriman Uang dalam Wilayah Indonesia,Rp Miliar/ Billions of Rp,2017,3,2017-03,1579.72684,SPIP-Desember-2025.xlsx
nonbank_domestic_transfer_value,6,Table 6. Fund Transfer by Non-Bank,16,10,Pengiriman Uang dalam Wilayah Indonesia,Rp Miliar/ Billions of Rp,2017,4,2017-04,1504.02193,SPIP-Desember-2025.xlsx
nonbank_domestic_transfer_value,6,Table 6. Fund Transfer by Non-Bank,16,10,Pengiriman Uang dalam Wilayah Indonesia,Rp Miliar/ Billions of Rp,2017,5,2017-05,1705.17054,SPIP-Desember-2025.xlsx
nonbank_domestic_transfer_value,6,Table 6. Fund Transfer by Non-Bank,16,10,Pengiriman Uang dalam Wilayah Indonesia,Rp Miliar/ Billions of Rp,2017,6,2017-06,1444.1944700000004,SPIP-Desember-2025.xlsx
nonbank_domestic_transfer_value,6,Table 6. Fund Transfer by Non-Bank,16,10,Pengiriman Uang dalam Wilayah Indonesia,Rp Miliar/ Billions of Rp,2017,7,2017-07,1285.3475599999992,SPIP-Desember-2025.xlsx
nonbank_domestic_transfer_value,6,Table 6. Fund Transfer by Non-Bank,16,10,Pengiriman Uang dalam Wilayah Indonesia,Rp Miliar/ Billions of Rp,2017,8,2017-08,1549.4719600000003,SPIP-Desember-2025.xlsx
nonbank_domestic_transfer_value,6,Table 6. Fund Transfer by Non-Bank,16,10,Pengiriman Uang dalam Wilayah Indonesia,Rp Miliar/ Billions of Rp,2017,9,2017-09,1437.7914700000003,SPIP-Desember-2025.xlsx
nonbank_domestic_transfer_value,6,Table 6. Fund Transfer by Non-Bank,16,10,Pengiriman Uang dalam Wilayah Indonesia,Rp Miliar/ Billions of Rp,2017,10,2017-10,1798.5825800000005,SPIP-Desember-2025.xlsx
nonbank_domestic_transfer_value,6,Table 6. Fund Transfer by Non-Bank,16,10,Pengiriman Uang dalam Wilayah Indonesia,Rp Miliar/ Billions of Rp,2017,11,2017-11,1767.0182199999997,SPIP-Desember-2025.xlsx
nonbank_domestic_transfer_value,6,Table 6. Fund Transfer by Non-Bank,16,10,Pengiriman Uang dalam Wilayah Indonesia,Rp Miliar/ Billions of Rp,2017,12,2017-12,1853.47604,SPIP-Desember-2025.xlsx
nonbank_domestic_transfer_value,6,Table 6. Fund Transfer by Non-Bank,16,10,Pengiriman Uang dalam Wilayah Indonesia,Rp Miliar/ Billions of Rp,2018,1,2018-01,3509.1948716839956,SPIP-Desember-2025.xlsx
nonbank_domestic_transfer_value,6,Table 6. Fund Transfer by Non-Bank,16,10,Pengiriman Uang dalam Wilayah Indonesia,Rp Miliar/ Billions of Rp,2018,2,2018-02,3005.089890507002,SPIP-Desember-2025.xlsx
nonbank_domestic_transfer_value,6,Table 6. Fund Transfer by Non-Bank,16,10,Pengiriman Uang dalam Wilayah Indonesia,Rp Miliar/ Billions of Rp,2018,3,2018-03,1734.0782791339984,SPIP-Desember-2025.xlsx
nonbank_domestic_transfer_value,6,Table 6. Fund Transfer by Non-Bank,16,10,Pengiriman Uang dalam Wilayah Indonesia,Rp Miliar/ Billions of Rp,2018,4,2018-04,1791.9161999370028,SPIP-Desember-2025.xlsx
nonbank_domestic_transfer_value,6,Table 6. Fund Transfer by Non-Bank,16,10,Pengiriman Uang dalam Wilayah Indonesia,Rp Miliar/ Billions of Rp,2018,5,2018-05,2377.043601761999,SPIP-Desember-2025.xlsx
nonbank_domestic_transfer_value,6,Table 6. Fund Transfer by Non-Bank,16,10,Pengiriman Uang dalam Wilayah Indonesia,Rp Miliar/ Billions of Rp,2018,6,2018-06,2516.5500351850046,SPIP-Desember-2025.xlsx
nonbank_domestic_transfer_value,6,Table 6. Fund Transfer by Non-Bank,16,10,Pengiriman Uang dalam Wilayah Indonesia,Rp Miliar/ Billions of Rp,2018,7,2018-07,2787.3547533000005,SPIP-Desember-2025.xlsx
nonbank_domestic_transfer_value,6,Table 6. Fund Transfer by Non-Bank,16,10,Pengiriman Uang dalam Wilayah Indonesia,Rp Miliar/ Billions of Rp,2018,8,2018-08,3028.383035384997,SPIP-Desember-2025.xlsx
nonbank_domestic_transfer_value,6,Table 6. Fund Transfer by Non-Bank,16,10,Pengiriman Uang dalam Wilayah Indonesia,Rp Miliar/ Billions of Rp,2018,9,2018-09,2732.8120855709967,SPIP-Desember-2025.xlsx
nonbank_domestic_transfer_value,6,Table 6. Fund Transfer by Non-Bank,16,10,Pengiriman Uang dalam Wilayah Indonesia,Rp Miliar/ Billions of Rp,2018,10,2018-10,2990.782657651003,SPIP-Desember-2025.xlsx
nonbank_domestic_transfer_value,6,Table 6. Fund Transfer by Non-Bank,16,10,Pengiriman Uang dalam Wilayah Indonesia,Rp Miliar/ Billions of Rp,2018,11,2018-11,2994.5877413940016,SPIP-Desember-2025.xlsx
nonbank_domestic_transfer_value,6,Table 6. Fund Transfer by Non-Bank,16,10,Pengiriman Uang dalam Wilayah Indonesia,Rp Miliar/ Billions of Rp,2018,12,2018-12,3252.0791474259972,SPIP-Desember-2025.xlsx
nonbank_domestic_transfer_value,6,Table 6. Fund Transfer by Non-Bank,16,10,Pengiriman Uang dalam Wilayah Indonesia,Rp Miliar/ Billions of Rp,2019,1,2019-01,3843.861139613003,SPIP-Desember-2025.xlsx
nonbank_domestic_transfer_value,6,Table 6. Fund Transfer by Non-Bank,16,10,Pengiriman Uang dalam Wilayah Indonesia,Rp Miliar/ Billions of Rp,2019,2,2019-02,3606.1444042959984,SPIP-Desember-2025.xlsx
nonbank_domestic_transfer_value,6,Table 6. Fund Transfer by Non-Bank,16,10,Pengiriman Uang dalam Wilayah Indonesia,Rp Miliar/ Billions of Rp,2019,3,2019-03,4245.907478049003,SPIP-Desember-2025.xlsx
nonbank_domestic_transfer_value,6,Table 6. Fund Transfer by Non-Bank,16,10,Pengiriman Uang dalam Wilayah Indonesia,Rp Miliar/ Billions of Rp,2019,4,2019-04,3597.0010041419987,SPIP-Desember-2025.xlsx
nonbank_domestic_transfer_value,6,Table 6. Fund Transfer by Non-Bank,16,10,Pengiriman Uang dalam Wilayah Indonesia,Rp Miliar/ Billions of Rp,2019,5,2019-05,5648.176310181996,SPIP-Desember-2025.xlsx
nonbank_domestic_transfer_value,6,Table 6. Fund Transfer by Non-Bank,16,10,Pengiriman Uang dalam Wilayah Indonesia,Rp Miliar/ Billions of Rp,2019,6,2019-06,5568.479216098976,SPIP-Desember-2025.xlsx
nonbank_domestic_transfer_value,6,Table 6. Fund Transfer by Non-Bank,16,10,Pengiriman Uang dalam Wilayah Indonesia,Rp Miliar/ Billions of Rp,2019,7,2019-07,7217.381190173003,SPIP-Desember-2025.xlsx
nonbank_domestic_transfer_value,6,Table 6. Fund Transfer by Non-Bank,16,10,Pengiriman Uang dalam Wilayah Indonesia,Rp Miliar/ Billions of Rp,2019,8,2019-08,7212.28447099,SPIP-Desember-2025.xlsx
nonbank_domestic_transfer_value,6,Table 6. Fund Transfer by Non-Bank,16,10,Pengiriman Uang dalam Wilayah Indonesia,Rp Miliar/ Billions of Rp,2019,9,2019-09,7711.503918719996,SPIP-Desember-2025.xlsx
nonbank_domestic_transfer_value,6,Table 6. Fund Transfer by Non-Bank,16,10,Pengiriman Uang dalam Wilayah Indonesia,Rp Miliar/ Billions of Rp,2019,10,2019-10,10423.116057966008,SPIP-Desember-2025.xlsx
nonbank_domestic_transfer_value,6,Table 6. Fund Transfer by Non-Bank,16,10,Pengiriman Uang dalam Wilayah Indonesia,Rp Miliar/ Billions of Rp,2019,11,2019-11,10163.229072878996,SPIP-Desember-2025.xlsx
nonbank_domestic_transfer_value,6,Table 6. Fund Transfer by Non-Bank,16,10,Pengiriman Uang dalam Wilayah Indonesia,Rp Miliar/ Billions of Rp,2019,12,2019-12,11238.263192734017,SPIP-Desember-2025.xlsx
nonbank_domestic_transfer_value,6,Table 6. Fund Transfer by Non-Bank,16,10,Pengiriman Uang dalam Wilayah Indonesia,Rp Miliar/ Billions of Rp,2020,1,2020-01,9845.557364762006,SPIP-Desember-2025.xlsx
nonbank_domestic_transfer_value,6,Table 6. Fund Transfer by Non-Bank,16,10,Pengiriman Uang dalam Wilayah Indonesia,Rp Miliar/ Billions of Rp,2020,2,2020-02,9797.280487156006,SPIP-Desember-2025.xlsx
nonbank_domestic_transfer_value,6,Table 6. Fund Transfer by Non-Bank,16,10,Pengiriman Uang dalam Wilayah Indonesia,Rp Miliar/ Billions of Rp,2020,3,2020-03,11110.706530082009,SPIP-Desember-2025.xlsx
nonbank_domestic_transfer_value,6,Table 6. Fund Transfer by Non-Bank,16,10,Pengiriman Uang dalam Wilayah Indonesia,Rp Miliar/ Billions of Rp,2020,4,2020-04,9031.568752803998,SPIP-Desember-2025.xlsx
nonbank_domestic_transfer_value,6,Table 6. Fund Transfer by Non-Bank,16,10,Pengiriman Uang dalam Wilayah Indonesia,Rp Miliar/ Billions of Rp,2020,5,2020-05,10195.324408938006,SPIP-Desember-2025.xlsx
nonbank_domestic_transfer_value,6,Table 6. Fund Transfer by Non-Bank,16,10,Pengiriman Uang dalam Wilayah Indonesia,Rp Miliar/ Billions of Rp,2020,6,2020-06,9966.180147543731,SPIP-Desember-2025.xlsx
nonbank_domestic_transfer_value,6,Table 6. Fund Transfer by Non-Bank,16,10,Pengiriman Uang dalam Wilayah Indonesia,Rp Miliar/ Billions of Rp,2020,7,2020-07,12606.054985757999,SPIP-Desember-2025.xlsx
nonbank_domestic_transfer_value,6,Table 6. Fund Transfer by Non-Bank,16,10,Pengiriman Uang dalam Wilayah Indonesia,Rp Miliar/ Billions of Rp,2020,8,2020-08,9157.047374882002,SPIP-Desember-2025.xlsx
nonbank_domestic_transfer_value,6,Table 6. Fund Transfer by Non-Bank,16,10,Pengiriman Uang dalam Wilayah Indonesia,Rp Miliar/ Billions of Rp,2020,9,2020-09,13159.526436529008,SPIP-Desember-2025.xlsx
nonbank_domestic_transfer_value,6,Table 6. Fund Transfer by Non-Bank,16,10,Pengiriman Uang dalam Wilayah Indonesia,Rp Miliar/ Billions of Rp,2020,10,2020-10,13294.320352076993,SPIP-Desember-2025.xlsx
nonbank_domestic_transfer_value,6,Table 6. Fund Transfer by Non-Bank,16,10,Pengiriman Uang dalam Wilayah Indonesia,Rp Miliar/ Billions of Rp,2020,11,2020-11,15914.539937844007,SPIP-Desember-2025.xlsx
nonbank_domestic_transfer_value,6,Table 6. Fund Transfer by Non-Bank,16,10,Pengiriman Uang dalam Wilayah Indonesia,Rp Miliar/ Billions of Rp,2020,12,2020-12,18128.318752791005,SPIP-Desember-2025.xlsx
nonbank_domestic_transfer_value,6,Table 6. Fund Transfer by Non-Bank,16,10,Pengiriman Uang dalam Wilayah Indonesia,Rp Miliar/ Billions of Rp,2021,1,2021-01,22522.049979148,SPIP-Desember-2025.xlsx
nonbank_domestic_transfer_value,6,Table 6. Fund Transfer by Non-Bank,16,10,Pengiriman Uang dalam Wilayah Indonesia,Rp Miliar/ Billions of Rp,2021,2,2021-02,22860.69245569298,SPIP-Desember-2025.xlsx
nonbank_domestic_transfer_value,6,Table 6. Fund Transfer by Non-Bank,16,10,Pengiriman Uang dalam Wilayah Indonesia,Rp Miliar/ Billions of Rp,2021,3,2021-03,25176.61150636396,SPIP-Desember-2025.xlsx
nonbank_domestic_transfer_value,6,Table 6. Fund Transfer by Non-Bank,16,10,Pengiriman Uang dalam Wilayah Indonesia,Rp Miliar/ Billions of Rp,2021,4,2021-04,12295.612372024216,SPIP-Desember-2025.xlsx
nonbank_domestic_transfer_value,6,Table 6. Fund Transfer by Non-Bank,16,10,Pengiriman Uang dalam Wilayah Indonesia,Rp Miliar/ Billions of Rp,2021,5,2021-05,30445.780676714956,SPIP-Desember-2025.xlsx
nonbank_domestic_transfer_value,6,Table 6. Fund Transfer by Non-Bank,16,10,Pengiriman Uang dalam Wilayah Indonesia,Rp Miliar/ Billions of Rp,2021,6,2021-06,30037.84687598485,SPIP-Desember-2025.xlsx
nonbank_domestic_transfer_value,6,Table 6. Fund Transfer by Non-Bank,16,10,Pengiriman Uang dalam Wilayah Indonesia,Rp Miliar/ Billions of Rp,2021,7,2021-07,31663.009466369524,SPIP-Desember-2025.xlsx
nonbank_domestic_transfer_value,6,Table 6. Fund Transfer by Non-Bank,16,10,Pengiriman Uang dalam Wilayah Indonesia,Rp Miliar/ Billions of Rp,2021,8,2021-08,21772.96979721491,SPIP-Desember-2025.xlsx
nonbank_domestic_transfer_value,6,Table 6. Fund Transfer by Non-Bank,16,10,Pengiriman Uang dalam Wilayah Indonesia,Rp Miliar/ Billions of Rp,2021,9,2021-09,32259.113668561127,SPIP-Desember-2025.xlsx
nonbank_domestic_transfer_value,6,Table 6. Fund Transfer by Non-Bank,16,10,Pengiriman Uang dalam Wilayah Indonesia,Rp Miliar/ Billions of Rp,2021,10,2021-10,26017.20856545151,SPIP-Desember-2025.xlsx
nonbank_domestic_transfer_value,6,Table 6. Fund Transfer by Non-Bank,16,10,Pengiriman Uang dalam Wilayah Indonesia,Rp Miliar/ Billions of Rp,2021,11,2021-11,36983.07480362598,SPIP-Desember-2025.xlsx
nonbank_domestic_transfer_value,6,Table 6. Fund Transfer by Non-Bank,16,10,Pengiriman Uang dalam Wilayah Indonesia,Rp Miliar/ Billions of Rp,2021,12,2021-12,39177.00881864499,SPIP-Desember-2025.xlsx
nonbank_domestic_transfer_value,6,Table 6. Fund Transfer by Non-Bank,16,10,Pengiriman Uang dalam Wilayah Indonesia,Rp Miliar/ Billions of Rp,2022,1,2022-01,33765.314270214985,SPIP-Desember-2025.xlsx
nonbank_domestic_transfer_value,6,Table 6. Fund Transfer by Non-Bank,16,10,Pengiriman Uang dalam Wilayah Indonesia,Rp Miliar/ Billions of Rp,2022,2,2022-02,34526.55066618198,SPIP-Desember-2025.xlsx
nonbank_domestic_transfer_value,6,Table 6. Fund Transfer by Non-Bank,16,10,Pengiriman Uang dalam Wilayah Indonesia,Rp Miliar/ Billions of Rp,2022,3,2022-03,42324.03293274198,SPIP-Desember-2025.xlsx
nonbank_domestic_transfer_value,6,Table 6. Fund Transfer by Non-Bank,16,10,Pengiriman Uang dalam Wilayah Indonesia,Rp Miliar/ Billions of Rp,2022,4,2022-04,53242.32934751401,SPIP-Desember-2025.xlsx
nonbank_domestic_transfer_value,6,Table 6. Fund Transfer by Non-Bank,16,10,Pengiriman Uang dalam Wilayah Indonesia,Rp Miliar/ Billions of Rp,2022,5,2022-05,42737.154434908,SPIP-Desember-2025.xlsx
nonbank_domestic_transfer_value,6,Table 6. Fund Transfer by Non-Bank,16,10,Pengiriman Uang dalam Wilayah Indonesia,Rp Miliar/ Billions of Rp,2022,6,2022-06,53049.18712680502,SPIP-Desember-2025.xlsx
nonbank_domestic_transfer_value,6,Table 6. Fund Transfer by Non-Bank,16,10,Pengiriman Uang dalam Wilayah Indonesia,Rp Miliar/ Billions of Rp,2022,7,2022-07,55373.243233028996,SPIP-Desember-2025.xlsx
nonbank_domestic_transfer_value,6,Table 6. Fund Transfer by Non-Bank,16,10,Pengiriman Uang dalam Wilayah Indonesia,Rp Miliar/ Billions of Rp,2022,8,2022-08,55420.61864395398,SPIP-Desember-2025.xlsx
nonbank_domestic_transfer_value,6,Table 6. Fund Transfer by Non-Bank,16,10,Pengiriman Uang dalam Wilayah Indonesia,Rp Miliar/ Billions of Rp,2022,9,2022-09,52182.262525695965,SPIP-Desember-2025.xlsx
nonbank_domestic_transfer_value,6,Table 6. Fund Transfer by Non-Bank,16,10,Pengiriman Uang dalam Wilayah Indonesia,Rp Miliar/ Billions of Rp,2022,10,2022-10,52461.938079226944,SPIP-Desember-2025.xlsx
nonbank_domestic_transfer_value,6,Table 6. Fund Transfer by Non-Bank,16,10,Pengiriman Uang dalam Wilayah Indonesia,Rp Miliar/ Billions of Rp,2022,11,2022-11,53449.832402251974,SPIP-Desember-2025.xlsx
nonbank_domestic_transfer_value,6,Table 6. Fund Transfer by Non-Bank,16,10,Pengiriman Uang dalam Wilayah Indonesia,Rp Miliar/ Billions of Rp,2022,12,2022-12,56709.69542615105,SPIP-Desember-2025.xlsx
nonbank_domestic_transfer_value,6,Table 6. Fund Transfer by Non-Bank,16,10,Pengiriman Uang dalam Wilayah Indonesia,Rp Miliar/ Billions of Rp,2023,1,2023-01,54723.68806694799,SPIP-Desember-2025.xlsx
nonbank_domestic_transfer_value,6,Table 6. Fund Transfer by Non-Bank,16,10,Pengiriman Uang dalam Wilayah Indonesia,Rp Miliar/ Billions of Rp,2023,2,2023-02,51261.316607413006,SPIP-Desember-2025.xlsx
nonbank_domestic_transfer_value,6,Table 6. Fund Transfer by Non-Bank,16,10,Pengiriman Uang dalam Wilayah Indonesia,Rp Miliar/ Billions of Rp,2023,3,2023-03,63657.81459409104,SPIP-Desember-2025.xlsx
nonbank_domestic_transfer_value,6,Table 6. Fund Transfer by Non-Bank,16,10,Pengiriman Uang dalam Wilayah Indonesia,Rp Miliar/ Billions of Rp,2023,4,2023-04,61482.9,SPIP-Desember-2025.xlsx
nonbank_domestic_transfer_value,6,Table 6. Fund Transfer by Non-Bank,16,10,Pengiriman Uang dalam Wilayah Indonesia,Rp Miliar/ Billions of Rp,2023,5,2023-05,61899.90243095599,SPIP-Desember-2025.xlsx
nonbank_domestic_transfer_value,6,Table 6. Fund Transfer by Non-Bank,16,10,Pengiriman Uang dalam Wilayah Indonesia,Rp Miliar/ Billions of Rp,2023,6,2023-06,68683.86010048707,SPIP-Desember-2025.xlsx
nonbank_domestic_transfer_value,6,Table 6. Fund Transfer by Non-Bank,16,10,Pengiriman Uang dalam Wilayah Indonesia,Rp Miliar/ Billions of Rp,2023,7,2023-07,55279.31942971981,SPIP-Desember-2025.xlsx
nonbank_domestic_transfer_value,6,Table 6. Fund Transfer by Non-Bank,16,10,Pengiriman Uang dalam Wilayah Indonesia,Rp Miliar/ Billions of Rp,2023,8,2023-08,64098.33878115199,SPIP-Desember-2025.xlsx
nonbank_domestic_transfer_value,6,Table 6. Fund Transfer by Non-Bank,16,10,Pengiriman Uang dalam Wilayah Indonesia,Rp Miliar/ Billions of Rp,2023,9,2023-09,62276.671891298014,SPIP-Desember-2025.xlsx
nonbank_domestic_transfer_value,6,Table 6. Fund Transfer by Non-Bank,16,10,Pengiriman Uang dalam Wilayah Indonesia,Rp Miliar/ Billions of Rp,2023,10,2023-10,70745.16228558701,SPIP-Desember-2025.xlsx
nonbank_domestic_transfer_value,6,Table 6. Fund Transfer by Non-Bank,16,10,Pengiriman Uang dalam Wilayah Indonesia,Rp Miliar/ Billions of Rp,2023,11,2023-11,77068.905290303,SPIP-Desember-2025.xlsx
nonbank_domestic_transfer_value,6,Table 6. Fund Transfer by Non-Bank,16,10,Pengiriman Uang dalam Wilayah Indonesia,Rp Miliar/ Billions of Rp,2023,12,2023-12,83985.83597192995,SPIP-Desember-2025.xlsx
nonbank_domestic_transfer_value,6,Table 6. Fund Transfer by Non-Bank,16,10,Pengiriman Uang dalam Wilayah Indonesia,Rp Miliar/ Billions of Rp,2024,1,2024-01,83202.97187064301,SPIP-Desember-2025.xlsx
nonbank_domestic_transfer_value,6,Table 6. Fund Transfer by Non-Bank,16,10,Pengiriman Uang dalam Wilayah Indonesia,Rp Miliar/ Billions of Rp,2024,2,2024-02,68184.91495209692,SPIP-Desember-2025.xlsx
nonbank_domestic_transfer_value,6,Table 6. Fund Transfer by Non-Bank,16,10,Pengiriman Uang dalam Wilayah Indonesia,Rp Miliar/ Billions of Rp,2024,3,2024-03,95317.42381616302,SPIP-Desember-2025.xlsx
nonbank_domestic_transfer_value,6,Table 6. Fund Transfer by Non-Bank,16,10,Pengiriman Uang dalam Wilayah Indonesia,Rp Miliar/ Billions of Rp,2024,4,2024-04,76822.33970985898,SPIP-Desember-2025.xlsx
nonbank_domestic_transfer_value,6,Table 6. Fund Transfer by Non-Bank,16,10,Pengiriman Uang dalam Wilayah Indonesia,Rp Miliar/ Billions of Rp,2024,5,2024-05,103888.57364772905,SPIP-Desember-2025.xlsx
nonbank_domestic_transfer_value,6,Table 6. Fund Transfer by Non-Bank,16,10,Pengiriman Uang dalam Wilayah Indonesia,Rp Miliar/ Billions of Rp,2024,6,2024-06,102241.14976685811,SPIP-Desember-2025.xlsx
nonbank_domestic_transfer_value,6,Table 6. Fund Transfer by Non-Bank,16,10,Pengiriman Uang dalam Wilayah Indonesia,Rp Miliar/ Billions of Rp,2024,7,2024-07,111325.49073629492,SPIP-Desember-2025.xlsx
nonbank_domestic_transfer_value,6,Table 6. Fund Transfer by Non-Bank,16,10,Pengiriman Uang dalam Wilayah Indonesia,Rp Miliar/ Billions of Rp,2024,8,2024-08,142786.29460236602,SPIP-Desember-2025.xlsx
nonbank_domestic_transfer_value,6,Table 6. Fund Transfer by Non-Bank,16,10,Pengiriman Uang dalam Wilayah Indonesia,Rp Miliar/ Billions of Rp,2024,9,2024-09,121842.07081812188,SPIP-Desember-2025.xlsx
nonbank_domestic_transfer_value,6,Table 6. Fund Transfer by Non-Bank,16,10,Pengiriman Uang dalam Wilayah Indonesia,Rp Miliar/ Billions of Rp,2024,10,2024-10,122134.22665966924,SPIP-Desember-2025.xlsx
nonbank_domestic_transfer_value,6,Table 6. Fund Transfer by Non-Bank,16,10,Pengiriman Uang dalam Wilayah Indonesia,Rp Miliar/ Billions of Rp,2024,11,2024-11,111944.001455314,SPIP-Desember-2025.xlsx
nonbank_domestic_transfer_value,6,Table 6. Fund Transfer by Non-Bank,16,10,Pengiriman Uang dalam Wilayah Indonesia,Rp Miliar/ Billions of Rp,2024,12,2024-12,132600.63760147098,SPIP-Desember-2025.xlsx
nonbank_domestic_transfer_value,6,Table 6. Fund Transfer by Non-Bank,16,10,Pengiriman Uang dalam Wilayah Indonesia,Rp Miliar/ Billions of Rp,2025,1,2025-01,80460.89393019101,SPIP-Desember-2025.xlsx
nonbank_domestic_transfer_value,6,Table 6. Fund Transfer by Non-Bank,16,10,Pengiriman Uang dalam Wilayah Indonesia,Rp Miliar/ Billions of Rp,2025,2,2025-02,110253.90157877198,SPIP-Desember-2025.xlsx
nonbank_domestic_transfer_value,6,Table 6. Fund Transfer by Non-Bank,16,10,Pengiriman Uang dalam Wilayah Indonesia,Rp Miliar/ Billions of Rp,2025,3,2025-03,131078.66706684505,SPIP-Desember-2025.xlsx
nonbank_domestic_transfer_value,6,Table 6. Fund Transfer by Non-Bank,16,10,Pengiriman Uang dalam Wilayah Indonesia,Rp Miliar/ Billions of Rp,2025,4,2025-04,120396.83439051802,SPIP-Desember-2025.xlsx
nonbank_domestic_transfer_value,6,Table 6. Fund Transfer by Non-Bank,16,10,Pengiriman Uang dalam Wilayah Indonesia,Rp Miliar/ Billions of Rp,2025,5,2025-05,123935.15415708016,SPIP-Desember-2025.xlsx
nonbank_domestic_transfer_value,6,Table 6. Fund Transfer by Non-Bank,16,10,Pengiriman Uang dalam Wilayah Indonesia,Rp Miliar/ Billions of Rp,2025,6,2025-06,127029.75641132897,SPIP-Desember-2025.xlsx
nonbank_domestic_transfer_value,6,Table 6. Fund Transfer by Non-Bank,16,10,Pengiriman Uang dalam Wilayah Indonesia,Rp Miliar/ Billions of Rp,2025,7,2025-07,133105.094277056,SPIP-Desember-2025.xlsx
nonbank_domestic_transfer_value,6,Table 6. Fund Transfer by Non-Bank,16,10,Pengiriman Uang dalam Wilayah Indonesia,Rp Miliar/ Billions of Rp,2025,8,2025-08,108365.40210871001,SPIP-Desember-2025.xlsx
nonbank_domestic_transfer_value,6,Table 6. Fund Transfer by Non-Bank,16,10,Pengiriman Uang dalam Wilayah Indonesia,Rp Miliar/ Billions of Rp,2025,9,2025-09,133345.25006940984,SPIP-Desember-2025.xlsx
nonbank_domestic_transfer_value,6,Table 6. Fund Transfer by Non-Bank,16,10,Pengiriman Uang dalam Wilayah Indonesia,Rp Miliar/ Billions of Rp,2025,10,2025-10,146443.436525329,SPIP-Desember-2025.xlsx
nonbank_domestic_transfer_value,6,Table 6. Fund Transfer by Non-Bank,16,10,Pengiriman Uang dalam Wilayah Indonesia,Rp Miliar/ Billions of Rp,2025,11,2025-11,161401.956332058,SPIP-Desember-2025.xlsx
proprietary_channel_total_volume,7,Table 7. Proprietary Channel,8,2,Volume Transaksi,Ribu Transaksi/  Thousand Transaction ,2012,10,2012-10,173456.12,SPIP-Desember-2025.xlsx
proprietary_channel_total_volume,7,Table 7. Proprietary Channel,8,2,Volume Transaksi,Ribu Transaksi/  Thousand Transaction ,2012,11,2012-11,151063.73500000002,SPIP-Desember-2025.xlsx
proprietary_channel_total_volume,7,Table 7. Proprietary Channel,8,2,Volume Transaksi,Ribu Transaksi/  Thousand Transaction ,2012,12,2012-12,146889.37438376946,SPIP-Desember-2025.xlsx
proprietary_channel_total_volume,7,Table 7. Proprietary Channel,8,2,Volume Transaksi,Ribu Transaksi/  Thousand Transaction ,2013,1,2013-01,144973.419,SPIP-Desember-2025.xlsx
proprietary_channel_total_volume,7,Table 7. Proprietary Channel,8,2,Volume Transaksi,Ribu Transaksi/  Thousand Transaction ,2013,2,2013-02,133456.255,SPIP-Desember-2025.xlsx
proprietary_channel_total_volume,7,Table 7. Proprietary Channel,8,2,Volume Transaksi,Ribu Transaksi/  Thousand Transaction ,2013,3,2013-03,146023.511,SPIP-Desember-2025.xlsx
proprietary_channel_total_volume,7,Table 7. Proprietary Channel,8,2,Volume Transaksi,Ribu Transaksi/  Thousand Transaction ,2013,4,2013-04,150709.24,SPIP-Desember-2025.xlsx
proprietary_channel_total_volume,7,Table 7. Proprietary Channel,8,2,Volume Transaksi,Ribu Transaksi/  Thousand Transaction ,2013,5,2013-05,160061.945,SPIP-Desember-2025.xlsx
proprietary_channel_total_volume,7,Table 7. Proprietary Channel,8,2,Volume Transaksi,Ribu Transaksi/  Thousand Transaction ,2013,6,2013-06,155068.86800000002,SPIP-Desember-2025.xlsx
proprietary_channel_total_volume,7,Table 7. Proprietary Channel,8,2,Volume Transaksi,Ribu Transaksi/  Thousand Transaction ,2013,7,2013-07,174394.674,SPIP-Desember-2025.xlsx
proprietary_channel_total_volume,7,Table 7. Proprietary Channel,8,2,Volume Transaksi,Ribu Transaksi/  Thousand Transaction ,2013,8,2013-08,147167.60499999998,SPIP-Desember-2025.xlsx
proprietary_channel_total_volume,7,Table 7. Proprietary Channel,8,2,Volume Transaksi,Ribu Transaksi/  Thousand Transaction ,2013,9,2013-09,163064.77000000002,SPIP-Desember-2025.xlsx
proprietary_channel_total_volume,7,Table 7. Proprietary Channel,8,2,Volume Transaksi,Ribu Transaksi/  Thousand Transaction ,2013,10,2013-10,178223.899,SPIP-Desember-2025.xlsx
proprietary_channel_total_volume,7,Table 7. Proprietary Channel,8,2,Volume Transaksi,Ribu Transaksi/  Thousand Transaction ,2013,11,2013-11,179454.166,SPIP-Desember-2025.xlsx
proprietary_channel_total_volume,7,Table 7. Proprietary Channel,8,2,Volume Transaksi,Ribu Transaksi/  Thousand Transaction ,2013,12,2013-12,194377.04499999998,SPIP-Desember-2025.xlsx
proprietary_channel_total_volume,7,Table 7. Proprietary Channel,8,2,Volume Transaksi,Ribu Transaksi/  Thousand Transaction ,2014,1,2014-01,192470.571,SPIP-Desember-2025.xlsx
proprietary_channel_total_volume,7,Table 7. Proprietary Channel,8,2,Volume Transaksi,Ribu Transaksi/  Thousand Transaction ,2014,2,2014-02,190025.42099999997,SPIP-Desember-2025.xlsx
proprietary_channel_total_volume,7,Table 7. Proprietary Channel,8,2,Volume Transaksi,Ribu Transaksi/  Thousand Transaction ,2014,3,2014-03,213316.235,SPIP-Desember-2025.xlsx
proprietary_channel_total_volume,7,Table 7. Proprietary Channel,8,2,Volume Transaksi,Ribu Transaksi/  Thousand Transaction ,2014,4,2014-04,214792.73200000002,SPIP-Desember-2025.xlsx
proprietary_channel_total_volume,7,Table 7. Proprietary Channel,8,2,Volume Transaksi,Ribu Transaksi/  Thousand Transaction ,2014,5,2014-05,231558.76499999998,SPIP-Desember-2025.xlsx
proprietary_channel_total_volume,7,Table 7. Proprietary Channel,8,2,Volume Transaksi,Ribu Transaksi/  Thousand Transaction ,2014,6,2014-06,225210.107,SPIP-Desember-2025.xlsx
proprietary_channel_total_volume,7,Table 7. Proprietary Channel,8,2,Volume Transaksi,Ribu Transaksi/  Thousand Transaction ,2014,7,2014-07,241788.16,SPIP-Desember-2025.xlsx
proprietary_channel_total_volume,7,Table 7. Proprietary Channel,8,2,Volume Transaksi,Ribu Transaksi/  Thousand Transaction ,2014,8,2014-08,225179.059,SPIP-Desember-2025.xlsx
proprietary_channel_total_volume,7,Table 7. Proprietary Channel,8,2,Volume Transaksi,Ribu Transaksi/  Thousand Transaction ,2014,9,2014-09,234507.102,SPIP-Desember-2025.xlsx
proprietary_channel_total_volume,7,Table 7. Proprietary Channel,8,2,Volume Transaksi,Ribu Transaksi/  Thousand Transaction ,2014,10,2014-10,248303.7,SPIP-Desember-2025.xlsx
proprietary_channel_total_volume,7,Table 7. Proprietary Channel,8,2,Volume Transaksi,Ribu Transaksi/  Thousand Transaction ,2014,11,2014-11,262272.43700000003,SPIP-Desember-2025.xlsx
proprietary_channel_total_volume,7,Table 7. Proprietary Channel,8,2,Volume Transaksi,Ribu Transaksi/  Thousand Transaction ,2014,12,2014-12,300693.08900000004,SPIP-Desember-2025.xlsx
proprietary_channel_total_volume,7,Table 7. Proprietary Channel,8,2,Volume Transaksi,Ribu Transaksi/  Thousand Transaction ,2015,1,2015-01,269063.908,SPIP-Desember-2025.xlsx
proprietary_channel_total_volume,7,Table 7. Proprietary Channel,8,2,Volume Transaksi,Ribu Transaksi/  Thousand Transaction ,2015,2,2015-02,238444.45299999998,SPIP-Desember-2025.xlsx
proprietary_channel_total_volume,7,Table 7. Proprietary Channel,8,2,Volume Transaksi,Ribu Transaksi/  Thousand Transaction ,2015,3,2015-03,258134.42200000002,SPIP-Desember-2025.xlsx
proprietary_channel_total_volume,7,Table 7. Proprietary Channel,8,2,Volume Transaksi,Ribu Transaksi/  Thousand Transaction ,2015,4,2015-04,277383.466,SPIP-Desember-2025.xlsx
proprietary_channel_total_volume,7,Table 7. Proprietary Channel,8,2,Volume Transaksi,Ribu Transaksi/  Thousand Transaction ,2015,5,2015-05,289823.226,SPIP-Desember-2025.xlsx
proprietary_channel_total_volume,7,Table 7. Proprietary Channel,8,2,Volume Transaksi,Ribu Transaksi/  Thousand Transaction ,2015,6,2015-06,285803.739,SPIP-Desember-2025.xlsx
proprietary_channel_total_volume,7,Table 7. Proprietary Channel,8,2,Volume Transaksi,Ribu Transaksi/  Thousand Transaction ,2015,7,2015-07,291069.55799999996,SPIP-Desember-2025.xlsx
proprietary_channel_total_volume,7,Table 7. Proprietary Channel,8,2,Volume Transaksi,Ribu Transaksi/  Thousand Transaction ,2015,8,2015-08,287519.966,SPIP-Desember-2025.xlsx
proprietary_channel_total_volume,7,Table 7. Proprietary Channel,8,2,Volume Transaksi,Ribu Transaksi/  Thousand Transaction ,2015,9,2015-09,292992.05100000004,SPIP-Desember-2025.xlsx
proprietary_channel_total_volume,7,Table 7. Proprietary Channel,8,2,Volume Transaksi,Ribu Transaksi/  Thousand Transaction ,2015,10,2015-10,309502.30700000003,SPIP-Desember-2025.xlsx
proprietary_channel_total_volume,7,Table 7. Proprietary Channel,8,2,Volume Transaksi,Ribu Transaksi/  Thousand Transaction ,2015,11,2015-11,307289.679,SPIP-Desember-2025.xlsx
proprietary_channel_total_volume,7,Table 7. Proprietary Channel,8,2,Volume Transaksi,Ribu Transaksi/  Thousand Transaction ,2015,12,2015-12,324873.835,SPIP-Desember-2025.xlsx
proprietary_channel_total_volume,7,Table 7. Proprietary Channel,8,2,Volume Transaksi,Ribu Transaksi/  Thousand Transaction ,2016,1,2016-01,334254.81200000003,SPIP-Desember-2025.xlsx
proprietary_channel_total_volume,7,Table 7. Proprietary Channel,8,2,Volume Transaksi,Ribu Transaksi/  Thousand Transaction ,2016,2,2016-02,319502.288,SPIP-Desember-2025.xlsx
proprietary_channel_total_volume,7,Table 7. Proprietary Channel,8,2,Volume Transaksi,Ribu Transaksi/  Thousand Transaction ,2016,3,2016-03,341041.67299999995,SPIP-Desember-2025.xlsx
proprietary_channel_total_volume,7,Table 7. Proprietary Channel,8,2,Volume Transaksi,Ribu Transaksi/  Thousand Transaction ,2016,4,2016-04,333337.875,SPIP-Desember-2025.xlsx
proprietary_channel_total_volume,7,Table 7. Proprietary Channel,8,2,Volume Transaksi,Ribu Transaksi/  Thousand Transaction ,2016,5,2016-05,343399.573,SPIP-Desember-2025.xlsx
proprietary_channel_total_volume,7,Table 7. Proprietary Channel,8,2,Volume Transaksi,Ribu Transaksi/  Thousand Transaction ,2016,6,2016-06,375520.06,SPIP-Desember-2025.xlsx
proprietary_channel_total_volume,7,Table 7. Proprietary Channel,8,2,Volume Transaksi,Ribu Transaksi/  Thousand Transaction ,2016,7,2016-07,353902.851,SPIP-Desember-2025.xlsx
proprietary_channel_total_volume,7,Table 7. Proprietary Channel,8,2,Volume Transaksi,Ribu Transaksi/  Thousand Transaction ,2016,8,2016-08,370215.886,SPIP-Desember-2025.xlsx
proprietary_channel_total_volume,7,Table 7. Proprietary Channel,8,2,Volume Transaksi,Ribu Transaksi/  Thousand Transaction ,2016,9,2016-09,366026.74,SPIP-Desember-2025.xlsx
proprietary_channel_total_volume,7,Table 7. Proprietary Channel,8,2,Volume Transaksi,Ribu Transaksi/  Thousand Transaction ,2016,10,2016-10,403377.012,SPIP-Desember-2025.xlsx
proprietary_channel_total_volume,7,Table 7. Proprietary Channel,8,2,Volume Transaksi,Ribu Transaksi/  Thousand Transaction ,2016,11,2016-11,405584.17799999996,SPIP-Desember-2025.xlsx
proprietary_channel_total_volume,7,Table 7. Proprietary Channel,8,2,Volume Transaksi,Ribu Transaksi/  Thousand Transaction ,2016,12,2016-12,418587.225,SPIP-Desember-2025.xlsx
proprietary_channel_total_volume,7,Table 7. Proprietary Channel,8,2,Volume Transaksi,Ribu Transaksi/  Thousand Transaction ,2017,1,2017-01,420695.55799999996,SPIP-Desember-2025.xlsx
proprietary_channel_total_volume,7,Table 7. Proprietary Channel,8,2,Volume Transaksi,Ribu Transaksi/  Thousand Transaction ,2017,2,2017-02,398011.67,SPIP-Desember-2025.xlsx
proprietary_channel_total_volume,7,Table 7. Proprietary Channel,8,2,Volume Transaksi,Ribu Transaksi/  Thousand Transaction ,2017,3,2017-03,458508.087,SPIP-Desember-2025.xlsx
proprietary_channel_total_volume,7,Table 7. Proprietary Channel,8,2,Volume Transaksi,Ribu Transaksi/  Thousand Transaction ,2017,4,2017-04,431088.28,SPIP-Desember-2025.xlsx
proprietary_channel_total_volume,7,Table 7. Proprietary Channel,8,2,Volume Transaksi,Ribu Transaksi/  Thousand Transaction ,2017,5,2017-05,444910.58499999996,SPIP-Desember-2025.xlsx
proprietary_channel_total_volume,7,Table 7. Proprietary Channel,8,2,Volume Transaksi,Ribu Transaksi/  Thousand Transaction ,2017,6,2017-06,444251.38399999996,SPIP-Desember-2025.xlsx
proprietary_channel_total_volume,7,Table 7. Proprietary Channel,8,2,Volume Transaksi,Ribu Transaksi/  Thousand Transaction ,2017,7,2017-07,442199.383,SPIP-Desember-2025.xlsx
proprietary_channel_total_volume,7,Table 7. Proprietary Channel,8,2,Volume Transaksi,Ribu Transaksi/  Thousand Transaction ,2017,8,2017-08,460748.20399999997,SPIP-Desember-2025.xlsx
proprietary_channel_total_volume,7,Table 7. Proprietary Channel,8,2,Volume Transaksi,Ribu Transaksi/  Thousand Transaction ,2017,9,2017-09,449121.145,SPIP-Desember-2025.xlsx
proprietary_channel_total_volume,7,Table 7. Proprietary Channel,8,2,Volume Transaksi,Ribu Transaksi/  Thousand Transaction ,2017,10,2017-10,463667.05700000003,SPIP-Desember-2025.xlsx
proprietary_channel_total_volume,7,Table 7. Proprietary Channel,8,2,Volume Transaksi,Ribu Transaksi/  Thousand Transaction ,2017,11,2017-11,460764.079,SPIP-Desember-2025.xlsx
proprietary_channel_total_volume,7,Table 7. Proprietary Channel,8,2,Volume Transaksi,Ribu Transaksi/  Thousand Transaction ,2017,12,2017-12,485127.563,SPIP-Desember-2025.xlsx
proprietary_channel_total_volume,7,Table 7. Proprietary Channel,8,2,Volume Transaksi,Ribu Transaksi/  Thousand Transaction ,2018,1,2018-01,492083.392,SPIP-Desember-2025.xlsx
proprietary_channel_total_volume,7,Table 7. Proprietary Channel,8,2,Volume Transaksi,Ribu Transaksi/  Thousand Transaction ,2018,2,2018-02,449994.127,SPIP-Desember-2025.xlsx
proprietary_channel_total_volume,7,Table 7. Proprietary Channel,8,2,Volume Transaksi,Ribu Transaksi/  Thousand Transaction ,2018,3,2018-03,510677.06,SPIP-Desember-2025.xlsx
proprietary_channel_total_volume,7,Table 7. Proprietary Channel,8,2,Volume Transaksi,Ribu Transaksi/  Thousand Transaction ,2018,4,2018-04,504712.189,SPIP-Desember-2025.xlsx
proprietary_channel_total_volume,7,Table 7. Proprietary Channel,8,2,Volume Transaksi,Ribu Transaksi/  Thousand Transaction ,2018,5,2018-05,546800.112,SPIP-Desember-2025.xlsx
proprietary_channel_total_volume,7,Table 7. Proprietary Channel,8,2,Volume Transaksi,Ribu Transaksi/  Thousand Transaction ,2018,6,2018-06,503899.412,SPIP-Desember-2025.xlsx
proprietary_channel_total_volume,7,Table 7. Proprietary Channel,8,2,Volume Transaksi,Ribu Transaksi/  Thousand Transaction ,2018,7,2018-07,552588.696,SPIP-Desember-2025.xlsx
proprietary_channel_total_volume,7,Table 7. Proprietary Channel,8,2,Volume Transaksi,Ribu Transaksi/  Thousand Transaction ,2018,8,2018-08,279371.83,SPIP-Desember-2025.xlsx
proprietary_channel_total_volume,7,Table 7. Proprietary Channel,8,2,Volume Transaksi,Ribu Transaksi/  Thousand Transaction ,2018,9,2018-09,289569.952,SPIP-Desember-2025.xlsx
proprietary_channel_total_volume,7,Table 7. Proprietary Channel,8,2,Volume Transaksi,Ribu Transaksi/  Thousand Transaction ,2018,10,2018-10,317088.19899999996,SPIP-Desember-2025.xlsx
proprietary_channel_total_volume,7,Table 7. Proprietary Channel,8,2,Volume Transaksi,Ribu Transaksi/  Thousand Transaction ,2018,11,2018-11,311447.83400000003,SPIP-Desember-2025.xlsx
proprietary_channel_total_volume,7,Table 7. Proprietary Channel,8,2,Volume Transaksi,Ribu Transaksi/  Thousand Transaction ,2018,12,2018-12,338255.31799999997,SPIP-Desember-2025.xlsx
proprietary_channel_total_volume,7,Table 7. Proprietary Channel,8,2,Volume Transaksi,Ribu Transaksi/  Thousand Transaction ,2019,1,2019-01,301168.74,SPIP-Desember-2025.xlsx
proprietary_channel_total_volume,7,Table 7. Proprietary Channel,8,2,Volume Transaksi,Ribu Transaksi/  Thousand Transaction ,2019,2,2019-02,281647.94,SPIP-Desember-2025.xlsx
proprietary_channel_total_volume,7,Table 7. Proprietary Channel,8,2,Volume Transaksi,Ribu Transaksi/  Thousand Transaction ,2019,3,2019-03,241700.401,SPIP-Desember-2025.xlsx
proprietary_channel_total_volume,7,Table 7. Proprietary Channel,8,2,Volume Transaksi,Ribu Transaksi/  Thousand Transaction ,2019,4,2019-04,260340.822,SPIP-Desember-2025.xlsx
proprietary_channel_total_volume,7,Table 7. Proprietary Channel,8,2,Volume Transaksi,Ribu Transaksi/  Thousand Transaction ,2019,5,2019-05,294902.83,SPIP-Desember-2025.xlsx
proprietary_channel_total_volume,7,Table 7. Proprietary Channel,8,2,Volume Transaksi,Ribu Transaksi/  Thousand Transaction ,2019,6,2019-06,228248.48600000003,SPIP-Desember-2025.xlsx
proprietary_channel_total_volume,7,Table 7. Proprietary Channel,8,2,Volume Transaksi,Ribu Transaksi/  Thousand Transaction ,2019,7,2019-07,300181.441,SPIP-Desember-2025.xlsx
proprietary_channel_total_volume,7,Table 7. Proprietary Channel,8,2,Volume Transaksi,Ribu Transaksi/  Thousand Transaction ,2019,8,2019-08,287000.273,SPIP-Desember-2025.xlsx
proprietary_channel_total_volume,7,Table 7. Proprietary Channel,8,2,Volume Transaksi,Ribu Transaksi/  Thousand Transaction ,2019,9,2019-09,292204.574,SPIP-Desember-2025.xlsx
proprietary_channel_total_volume,7,Table 7. Proprietary Channel,8,2,Volume Transaksi,Ribu Transaksi/  Thousand Transaction ,2019,10,2019-10,333491.99899999995,SPIP-Desember-2025.xlsx
proprietary_channel_total_volume,7,Table 7. Proprietary Channel,8,2,Volume Transaksi,Ribu Transaksi/  Thousand Transaction ,2019,11,2019-11,329972.18700000003,SPIP-Desember-2025.xlsx
proprietary_channel_total_volume,7,Table 7. Proprietary Channel,8,2,Volume Transaksi,Ribu Transaksi/  Thousand Transaction ,2019,12,2019-12,363215.174,SPIP-Desember-2025.xlsx
proprietary_channel_total_volume,7,Table 7. Proprietary Channel,8,2,Volume Transaksi,Ribu Transaksi/  Thousand Transaction ,2020,1,2020-01,340293.961,SPIP-Desember-2025.xlsx
proprietary_channel_total_volume,7,Table 7. Proprietary Channel,8,2,Volume Transaksi,Ribu Transaksi/  Thousand Transaction ,2020,2,2020-02,340890.25299999997,SPIP-Desember-2025.xlsx
proprietary_channel_total_volume,7,Table 7. Proprietary Channel,8,2,Volume Transaksi,Ribu Transaksi/  Thousand Transaction ,2020,3,2020-03,388690.654,SPIP-Desember-2025.xlsx
proprietary_channel_total_volume,7,Table 7. Proprietary Channel,8,2,Volume Transaksi,Ribu Transaksi/  Thousand Transaction ,2020,4,2020-04,357565.73,SPIP-Desember-2025.xlsx
proprietary_channel_total_volume,7,Table 7. Proprietary Channel,8,2,Volume Transaksi,Ribu Transaksi/  Thousand Transaction ,2020,5,2020-05,384330.532,SPIP-Desember-2025.xlsx
proprietary_channel_total_volume,7,Table 7. Proprietary Channel,8,2,Volume Transaksi,Ribu Transaksi/  Thousand Transaction ,2020,6,2020-06,395938.58400000003,SPIP-Desember-2025.xlsx
proprietary_channel_total_volume,7,Table 7. Proprietary Channel,8,2,Volume Transaksi,Ribu Transaksi/  Thousand Transaction ,2020,7,2020-07,416534.81200000003,SPIP-Desember-2025.xlsx
proprietary_channel_total_volume,7,Table 7. Proprietary Channel,8,2,Volume Transaksi,Ribu Transaksi/  Thousand Transaction ,2020,8,2020-08,438393.66599999997,SPIP-Desember-2025.xlsx
proprietary_channel_total_volume,7,Table 7. Proprietary Channel,8,2,Volume Transaksi,Ribu Transaksi/  Thousand Transaction ,2020,9,2020-09,441694.13,SPIP-Desember-2025.xlsx
proprietary_channel_total_volume,7,Table 7. Proprietary Channel,8,2,Volume Transaksi,Ribu Transaksi/  Thousand Transaction ,2020,10,2020-10,434003.973,SPIP-Desember-2025.xlsx
proprietary_channel_total_volume,7,Table 7. Proprietary Channel,8,2,Volume Transaksi,Ribu Transaksi/  Thousand Transaction ,2020,11,2020-11,508577.24899999995,SPIP-Desember-2025.xlsx
proprietary_channel_total_volume,7,Table 7. Proprietary Channel,8,2,Volume Transaksi,Ribu Transaksi/  Thousand Transaction ,2020,12,2020-12,513945.95200000005,SPIP-Desember-2025.xlsx
proprietary_channel_total_volume,7,Table 7. Proprietary Channel,8,2,Volume Transaksi,Ribu Transaksi/  Thousand Transaction ,2021,1,2021-01,475228.58200000005,SPIP-Desember-2025.xlsx
proprietary_channel_total_volume,7,Table 7. Proprietary Channel,8,2,Volume Transaksi,Ribu Transaksi/  Thousand Transaction ,2021,2,2021-02,465009.736,SPIP-Desember-2025.xlsx
proprietary_channel_total_volume,7,Table 7. Proprietary Channel,8,2,Volume Transaksi,Ribu Transaksi/  Thousand Transaction ,2021,3,2021-03,553604.764,SPIP-Desember-2025.xlsx
proprietary_channel_total_volume,7,Table 7. Proprietary Channel,8,2,Volume Transaksi,Ribu Transaksi/  Thousand Transaction ,2021,4,2021-04,572841.257,SPIP-Desember-2025.xlsx
proprietary_channel_total_volume,7,Table 7. Proprietary Channel,8,2,Volume Transaksi,Ribu Transaksi/  Thousand Transaction ,2021,5,2021-05,601207.884,SPIP-Desember-2025.xlsx
proprietary_channel_total_volume,7,Table 7. Proprietary Channel,8,2,Volume Transaksi,Ribu Transaksi/  Thousand Transaction ,2021,6,2021-06,630865.7150000001,SPIP-Desember-2025.xlsx
proprietary_channel_total_volume,7,Table 7. Proprietary Channel,8,2,Volume Transaksi,Ribu Transaksi/  Thousand Transaction ,2021,7,2021-07,649818.2980000001,SPIP-Desember-2025.xlsx
proprietary_channel_total_volume,7,Table 7. Proprietary Channel,8,2,Volume Transaksi,Ribu Transaksi/  Thousand Transaction ,2021,8,2021-08,692815.939,SPIP-Desember-2025.xlsx
proprietary_channel_total_volume,7,Table 7. Proprietary Channel,8,2,Volume Transaksi,Ribu Transaksi/  Thousand Transaction ,2021,9,2021-09,750834.628,SPIP-Desember-2025.xlsx
proprietary_channel_total_volume,7,Table 7. Proprietary Channel,8,2,Volume Transaksi,Ribu Transaksi/  Thousand Transaction ,2021,10,2021-10,744304.5449999999,SPIP-Desember-2025.xlsx
proprietary_channel_total_volume,7,Table 7. Proprietary Channel,8,2,Volume Transaksi,Ribu Transaksi/  Thousand Transaction ,2021,11,2021-11,820902.717,SPIP-Desember-2025.xlsx
proprietary_channel_total_volume,7,Table 7. Proprietary Channel,8,2,Volume Transaksi,Ribu Transaksi/  Thousand Transaction ,2021,12,2021-12,815073.3470000001,SPIP-Desember-2025.xlsx
proprietary_channel_total_volume,7,Table 7. Proprietary Channel,8,2,Volume Transaksi,Ribu Transaksi/  Thousand Transaction ,2022,1,2022-01,807648.0319999999,SPIP-Desember-2025.xlsx
proprietary_channel_total_volume,7,Table 7. Proprietary Channel,8,2,Volume Transaksi,Ribu Transaksi/  Thousand Transaction ,2022,2,2022-02,767876.258,SPIP-Desember-2025.xlsx
proprietary_channel_total_volume,7,Table 7. Proprietary Channel,8,2,Volume Transaksi,Ribu Transaksi/  Thousand Transaction ,2022,3,2022-03,939120.448,SPIP-Desember-2025.xlsx
proprietary_channel_total_volume,7,Table 7. Proprietary Channel,8,2,Volume Transaksi,Ribu Transaksi/  Thousand Transaction ,2022,4,2022-04,873047.057,SPIP-Desember-2025.xlsx
proprietary_channel_total_volume,7,Table 7. Proprietary Channel,8,2,Volume Transaksi,Ribu Transaksi/  Thousand Transaction ,2022,5,2022-05,902053.37,SPIP-Desember-2025.xlsx
proprietary_channel_total_volume,7,Table 7. Proprietary Channel,8,2,Volume Transaksi,Ribu Transaksi/  Thousand Transaction ,2022,6,2022-06,952675.8630000001,SPIP-Desember-2025.xlsx
proprietary_channel_total_volume,7,Table 7. Proprietary Channel,8,2,Volume Transaksi,Ribu Transaksi/  Thousand Transaction ,2022,7,2022-07,1045396.182,SPIP-Desember-2025.xlsx
proprietary_channel_total_volume,7,Table 7. Proprietary Channel,8,2,Volume Transaksi,Ribu Transaksi/  Thousand Transaction ,2022,8,2022-08,1041040.447,SPIP-Desember-2025.xlsx
proprietary_channel_total_volume,7,Table 7. Proprietary Channel,8,2,Volume Transaksi,Ribu Transaksi/  Thousand Transaction ,2022,9,2022-09,1022336.5740000001,SPIP-Desember-2025.xlsx
proprietary_channel_total_volume,7,Table 7. Proprietary Channel,8,2,Volume Transaksi,Ribu Transaksi/  Thousand Transaction ,2022,10,2022-10,1085612.72,SPIP-Desember-2025.xlsx
proprietary_channel_total_volume,7,Table 7. Proprietary Channel,8,2,Volume Transaksi,Ribu Transaksi/  Thousand Transaction ,2022,11,2022-11,1112799.866,SPIP-Desember-2025.xlsx
proprietary_channel_total_volume,7,Table 7. Proprietary Channel,8,2,Volume Transaksi,Ribu Transaksi/  Thousand Transaction ,2022,12,2022-12,1215991.617,SPIP-Desember-2025.xlsx
proprietary_channel_total_volume,7,Table 7. Proprietary Channel,8,2,Volume Transaksi,Ribu Transaksi/  Thousand Transaction ,2023,1,2023-01,1170064.551,SPIP-Desember-2025.xlsx
proprietary_channel_total_volume,7,Table 7. Proprietary Channel,8,2,Volume Transaksi,Ribu Transaksi/  Thousand Transaction ,2023,2,2023-02,1095095.538,SPIP-Desember-2025.xlsx
proprietary_channel_total_volume,7,Table 7. Proprietary Channel,8,2,Volume Transaksi,Ribu Transaksi/  Thousand Transaction ,2023,3,2023-03,1231860.46,SPIP-Desember-2025.xlsx
proprietary_channel_total_volume,7,Table 7. Proprietary Channel,8,2,Volume Transaksi,Ribu Transaksi/  Thousand Transaction ,2023,4,2023-04,1177889.2270000002,SPIP-Desember-2025.xlsx
proprietary_channel_total_volume,7,Table 7. Proprietary Channel,8,2,Volume Transaksi,Ribu Transaksi/  Thousand Transaction ,2023,5,2023-05,1325073.289,SPIP-Desember-2025.xlsx
proprietary_channel_total_volume,7,Table 7. Proprietary Channel,8,2,Volume Transaksi,Ribu Transaksi/  Thousand Transaction ,2023,6,2023-06,1361207.9220000003,SPIP-Desember-2025.xlsx
proprietary_channel_total_volume,7,Table 7. Proprietary Channel,8,2,Volume Transaksi,Ribu Transaksi/  Thousand Transaction ,2023,7,2023-07,1413671.957,SPIP-Desember-2025.xlsx
proprietary_channel_total_volume,7,Table 7. Proprietary Channel,8,2,Volume Transaksi,Ribu Transaksi/  Thousand Transaction ,2023,8,2023-08,1428083.1709999999,SPIP-Desember-2025.xlsx
proprietary_channel_total_volume,7,Table 7. Proprietary Channel,8,2,Volume Transaksi,Ribu Transaksi/  Thousand Transaction ,2023,9,2023-09,1373633.7509999997,SPIP-Desember-2025.xlsx
proprietary_channel_total_volume,7,Table 7. Proprietary Channel,8,2,Volume Transaksi,Ribu Transaksi/  Thousand Transaction ,2023,10,2023-10,1430425.7879999997,SPIP-Desember-2025.xlsx
proprietary_channel_total_volume,7,Table 7. Proprietary Channel,8,2,Volume Transaksi,Ribu Transaksi/  Thousand Transaction ,2023,11,2023-11,1457410.379,SPIP-Desember-2025.xlsx
proprietary_channel_total_volume,7,Table 7. Proprietary Channel,8,2,Volume Transaksi,Ribu Transaksi/  Thousand Transaction ,2023,12,2023-12,1579910.8839999998,SPIP-Desember-2025.xlsx
proprietary_channel_total_volume,7,Table 7. Proprietary Channel,8,2,Volume Transaksi,Ribu Transaksi/  Thousand Transaction ,2024,1,2024-01,1582470.063,SPIP-Desember-2025.xlsx
proprietary_channel_total_volume,7,Table 7. Proprietary Channel,8,2,Volume Transaksi,Ribu Transaksi/  Thousand Transaction ,2024,2,2024-02,1560043.8270000003,SPIP-Desember-2025.xlsx
proprietary_channel_total_volume,7,Table 7. Proprietary Channel,8,2,Volume Transaksi,Ribu Transaksi/  Thousand Transaction ,2024,3,2024-03,1760502.229,SPIP-Desember-2025.xlsx
proprietary_channel_total_volume,7,Table 7. Proprietary Channel,8,2,Volume Transaksi,Ribu Transaksi/  Thousand Transaction ,2024,4,2024-04,1691058.366,SPIP-Desember-2025.xlsx
proprietary_channel_total_volume,7,Table 7. Proprietary Channel,8,2,Volume Transaksi,Ribu Transaksi/  Thousand Transaction ,2024,5,2024-05,1826507.414,SPIP-Desember-2025.xlsx
proprietary_channel_total_volume,7,Table 7. Proprietary Channel,8,2,Volume Transaksi,Ribu Transaksi/  Thousand Transaction ,2024,6,2024-06,1790486.472,SPIP-Desember-2025.xlsx
proprietary_channel_total_volume,7,Table 7. Proprietary Channel,8,2,Volume Transaksi,Ribu Transaksi/  Thousand Transaction ,2024,7,2024-07,1857007.2680000002,SPIP-Desember-2025.xlsx
proprietary_channel_total_volume,7,Table 7. Proprietary Channel,8,2,Volume Transaksi,Ribu Transaksi/  Thousand Transaction ,2024,8,2024-08,1905006.189,SPIP-Desember-2025.xlsx
proprietary_channel_total_volume,7,Table 7. Proprietary Channel,8,2,Volume Transaksi,Ribu Transaksi/  Thousand Transaction ,2024,9,2024-09,1929325.369,SPIP-Desember-2025.xlsx
proprietary_channel_total_volume,7,Table 7. Proprietary Channel,8,2,Volume Transaksi,Ribu Transaksi/  Thousand Transaction ,2024,10,2024-10,2038999.233,SPIP-Desember-2025.xlsx
proprietary_channel_total_volume,7,Table 7. Proprietary Channel,8,2,Volume Transaksi,Ribu Transaksi/  Thousand Transaction ,2024,11,2024-11,1971912.4640000002,SPIP-Desember-2025.xlsx
proprietary_channel_total_volume,7,Table 7. Proprietary Channel,8,2,Volume Transaksi,Ribu Transaksi/  Thousand Transaction ,2024,12,2024-12,2091049.121,SPIP-Desember-2025.xlsx
proprietary_channel_total_volume,7,Table 7. Proprietary Channel,8,2,Volume Transaksi,Ribu Transaksi/  Thousand Transaction ,2025,1,2025-01,1997624.9709999997,SPIP-Desember-2025.xlsx
proprietary_channel_total_volume,7,Table 7. Proprietary Channel,8,2,Volume Transaksi,Ribu Transaksi/  Thousand Transaction ,2025,2,2025-02,1925690.1000000003,SPIP-Desember-2025.xlsx
proprietary_channel_total_volume,7,Table 7. Proprietary Channel,8,2,Volume Transaksi,Ribu Transaksi/  Thousand Transaction ,2025,3,2025-03,2314781.567,SPIP-Desember-2025.xlsx
proprietary_channel_total_volume,7,Table 7. Proprietary Channel,8,2,Volume Transaksi,Ribu Transaksi/  Thousand Transaction ,2025,4,2025-04,2021882.628,SPIP-Desember-2025.xlsx
proprietary_channel_total_volume,7,Table 7. Proprietary Channel,8,2,Volume Transaksi,Ribu Transaksi/  Thousand Transaction ,2025,5,2025-05,2298936.76,SPIP-Desember-2025.xlsx
proprietary_channel_total_volume,7,Table 7. Proprietary Channel,8,2,Volume Transaksi,Ribu Transaksi/  Thousand Transaction ,2025,6,2025-06,2286150.875,SPIP-Desember-2025.xlsx
proprietary_channel_total_volume,7,Table 7. Proprietary Channel,8,2,Volume Transaksi,Ribu Transaksi/  Thousand Transaction ,2025,7,2025-07,2442192.04,SPIP-Desember-2025.xlsx
proprietary_channel_total_volume,7,Table 7. Proprietary Channel,8,2,Volume Transaksi,Ribu Transaksi/  Thousand Transaction ,2025,8,2025-08,2451684.9239999996,SPIP-Desember-2025.xlsx
proprietary_channel_total_volume,7,Table 7. Proprietary Channel,8,2,Volume Transaksi,Ribu Transaksi/  Thousand Transaction ,2025,9,2025-09,2436659.772,SPIP-Desember-2025.xlsx
proprietary_channel_total_volume,7,Table 7. Proprietary Channel,8,2,Volume Transaksi,Ribu Transaksi/  Thousand Transaction ,2025,10,2025-10,2627152.042,SPIP-Desember-2025.xlsx
proprietary_channel_total_volume,7,Table 7. Proprietary Channel,8,2,Volume Transaksi,Ribu Transaksi/  Thousand Transaction ,2025,11,2025-11,2607773.7159999995,SPIP-Desember-2025.xlsx
proprietary_channel_total_value,7,Table 7. Proprietary Channel,9,3,Nilai Transaksi,Rp Miliar/ Billions of Rp,2012,10,2012-10,604542.02471,SPIP-Desember-2025.xlsx
proprietary_channel_total_value,7,Table 7. Proprietary Channel,9,3,Nilai Transaksi,Rp Miliar/ Billions of Rp,2012,11,2012-11,972521.30642,SPIP-Desember-2025.xlsx
proprietary_channel_total_value,7,Table 7. Proprietary Channel,9,3,Nilai Transaksi,Rp Miliar/ Billions of Rp,2012,12,2012-12,898381.7274600001,SPIP-Desember-2025.xlsx
proprietary_channel_total_value,7,Table 7. Proprietary Channel,9,3,Nilai Transaksi,Rp Miliar/ Billions of Rp,2013,1,2013-01,1278893.470810106,SPIP-Desember-2025.xlsx
proprietary_channel_total_value,7,Table 7. Proprietary Channel,9,3,Nilai Transaksi,Rp Miliar/ Billions of Rp,2013,2,2013-02,1435278.099775488,SPIP-Desember-2025.xlsx
proprietary_channel_total_value,7,Table 7. Proprietary Channel,9,3,Nilai Transaksi,Rp Miliar/ Billions of Rp,2013,3,2013-03,672270.7348193281,SPIP-Desember-2025.xlsx
proprietary_channel_total_value,7,Table 7. Proprietary Channel,9,3,Nilai Transaksi,Rp Miliar/ Billions of Rp,2013,4,2013-04,1197210.719322112,SPIP-Desember-2025.xlsx
proprietary_channel_total_value,7,Table 7. Proprietary Channel,9,3,Nilai Transaksi,Rp Miliar/ Billions of Rp,2013,5,2013-05,758917.9784560639,SPIP-Desember-2025.xlsx
proprietary_channel_total_value,7,Table 7. Proprietary Channel,9,3,Nilai Transaksi,Rp Miliar/ Billions of Rp,2013,6,2013-06,765239.3176268799,SPIP-Desember-2025.xlsx
proprietary_channel_total_value,7,Table 7. Proprietary Channel,9,3,Nilai Transaksi,Rp Miliar/ Billions of Rp,2013,7,2013-07,1482167.974461436,SPIP-Desember-2025.xlsx
proprietary_channel_total_value,7,Table 7. Proprietary Channel,9,3,Nilai Transaksi,Rp Miliar/ Billions of Rp,2013,8,2013-08,750088.1764024319,SPIP-Desember-2025.xlsx
proprietary_channel_total_value,7,Table 7. Proprietary Channel,9,3,Nilai Transaksi,Rp Miliar/ Billions of Rp,2013,9,2013-09,855516.132933632,SPIP-Desember-2025.xlsx
proprietary_channel_total_value,7,Table 7. Proprietary Channel,9,3,Nilai Transaksi,Rp Miliar/ Billions of Rp,2013,10,2013-10,953962.16979456,SPIP-Desember-2025.xlsx
proprietary_channel_total_value,7,Table 7. Proprietary Channel,9,3,Nilai Transaksi,Rp Miliar/ Billions of Rp,2013,11,2013-11,1149553.261543424,SPIP-Desember-2025.xlsx
proprietary_channel_total_value,7,Table 7. Proprietary Channel,9,3,Nilai Transaksi,Rp Miliar/ Billions of Rp,2013,12,2013-12,1285317.8648166342,SPIP-Desember-2025.xlsx
proprietary_channel_total_value,7,Table 7. Proprietary Channel,9,3,Nilai Transaksi,Rp Miliar/ Billions of Rp,2014,1,2014-01,1405010.72920576,SPIP-Desember-2025.xlsx
proprietary_channel_total_value,7,Table 7. Proprietary Channel,9,3,Nilai Transaksi,Rp Miliar/ Billions of Rp,2014,2,2014-02,812250.60958208,SPIP-Desember-2025.xlsx
proprietary_channel_total_value,7,Table 7. Proprietary Channel,9,3,Nilai Transaksi,Rp Miliar/ Billions of Rp,2014,3,2014-03,850883.39689472,SPIP-Desember-2025.xlsx
proprietary_channel_total_value,7,Table 7. Proprietary Channel,9,3,Nilai Transaksi,Rp Miliar/ Billions of Rp,2014,4,2014-04,901750.2839930879,SPIP-Desember-2025.xlsx
proprietary_channel_total_value,7,Table 7. Proprietary Channel,9,3,Nilai Transaksi,Rp Miliar/ Billions of Rp,2014,5,2014-05,880897.402765312,SPIP-Desember-2025.xlsx
proprietary_channel_total_value,7,Table 7. Proprietary Channel,9,3,Nilai Transaksi,Rp Miliar/ Billions of Rp,2014,6,2014-06,1002242.659352576,SPIP-Desember-2025.xlsx
proprietary_channel_total_value,7,Table 7. Proprietary Channel,9,3,Nilai Transaksi,Rp Miliar/ Billions of Rp,2014,7,2014-07,924993.997897728,SPIP-Desember-2025.xlsx
proprietary_channel_total_value,7,Table 7. Proprietary Channel,9,3,Nilai Transaksi,Rp Miliar/ Billions of Rp,2014,8,2014-08,927278.2266368,SPIP-Desember-2025.xlsx
proprietary_channel_total_value,7,Table 7. Proprietary Channel,9,3,Nilai Transaksi,Rp Miliar/ Billions of Rp,2014,9,2014-09,975736.22267904,SPIP-Desember-2025.xlsx
proprietary_channel_total_value,7,Table 7. Proprietary Channel,9,3,Nilai Transaksi,Rp Miliar/ Billions of Rp,2014,10,2014-10,1040726.627647488,SPIP-Desember-2025.xlsx
proprietary_channel_total_value,7,Table 7. Proprietary Channel,9,3,Nilai Transaksi,Rp Miliar/ Billions of Rp,2014,11,2014-11,925763.3309982719,SPIP-Desember-2025.xlsx
proprietary_channel_total_value,7,Table 7. Proprietary Channel,9,3,Nilai Transaksi,Rp Miliar/ Billions of Rp,2014,12,2014-12,1095875.2233881599,SPIP-Desember-2025.xlsx
proprietary_channel_total_value,7,Table 7. Proprietary Channel,9,3,Nilai Transaksi,Rp Miliar/ Billions of Rp,2015,1,2015-01,1010225.18591488,SPIP-Desember-2025.xlsx
proprietary_channel_total_value,7,Table 7. Proprietary Channel,9,3,Nilai Transaksi,Rp Miliar/ Billions of Rp,2015,2,2015-02,879759.2919080959,SPIP-Desember-2025.xlsx
proprietary_channel_total_value,7,Table 7. Proprietary Channel,9,3,Nilai Transaksi,Rp Miliar/ Billions of Rp,2015,3,2015-03,1042109.442818048,SPIP-Desember-2025.xlsx
proprietary_channel_total_value,7,Table 7. Proprietary Channel,9,3,Nilai Transaksi,Rp Miliar/ Billions of Rp,2015,4,2015-04,1016980.3824168959,SPIP-Desember-2025.xlsx
proprietary_channel_total_value,7,Table 7. Proprietary Channel,9,3,Nilai Transaksi,Rp Miliar/ Billions of Rp,2015,5,2015-05,969486.217674752,SPIP-Desember-2025.xlsx
proprietary_channel_total_value,7,Table 7. Proprietary Channel,9,3,Nilai Transaksi,Rp Miliar/ Billions of Rp,2015,6,2015-06,1070164.577353728,SPIP-Desember-2025.xlsx
proprietary_channel_total_value,7,Table 7. Proprietary Channel,9,3,Nilai Transaksi,Rp Miliar/ Billions of Rp,2015,7,2015-07,1019767.311335424,SPIP-Desember-2025.xlsx
proprietary_channel_total_value,7,Table 7. Proprietary Channel,9,3,Nilai Transaksi,Rp Miliar/ Billions of Rp,2015,8,2015-08,1009339.103051776,SPIP-Desember-2025.xlsx
proprietary_channel_total_value,7,Table 7. Proprietary Channel,9,3,Nilai Transaksi,Rp Miliar/ Billions of Rp,2015,9,2015-09,1056558.7428638719,SPIP-Desember-2025.xlsx
proprietary_channel_total_value,7,Table 7. Proprietary Channel,9,3,Nilai Transaksi,Rp Miliar/ Billions of Rp,2015,10,2015-10,1077250.790457344,SPIP-Desember-2025.xlsx
proprietary_channel_total_value,7,Table 7. Proprietary Channel,9,3,Nilai Transaksi,Rp Miliar/ Billions of Rp,2015,11,2015-11,1048106.7593236481,SPIP-Desember-2025.xlsx
proprietary_channel_total_value,7,Table 7. Proprietary Channel,9,3,Nilai Transaksi,Rp Miliar/ Billions of Rp,2015,12,2015-12,1148534.111993856,SPIP-Desember-2025.xlsx
proprietary_channel_total_value,7,Table 7. Proprietary Channel,9,3,Nilai Transaksi,Rp Miliar/ Billions of Rp,2016,1,2016-01,1071572.3247124478,SPIP-Desember-2025.xlsx
proprietary_channel_total_value,7,Table 7. Proprietary Channel,9,3,Nilai Transaksi,Rp Miliar/ Billions of Rp,2016,2,2016-02,1094277.684985856,SPIP-Desember-2025.xlsx
proprietary_channel_total_value,7,Table 7. Proprietary Channel,9,3,Nilai Transaksi,Rp Miliar/ Billions of Rp,2016,3,2016-03,1213900.5149511679,SPIP-Desember-2025.xlsx
proprietary_channel_total_value,7,Table 7. Proprietary Channel,9,3,Nilai Transaksi,Rp Miliar/ Billions of Rp,2016,4,2016-04,1108970.787667968,SPIP-Desember-2025.xlsx
proprietary_channel_total_value,7,Table 7. Proprietary Channel,9,3,Nilai Transaksi,Rp Miliar/ Billions of Rp,2016,5,2016-05,1234287.025127424,SPIP-Desember-2025.xlsx
proprietary_channel_total_value,7,Table 7. Proprietary Channel,9,3,Nilai Transaksi,Rp Miliar/ Billions of Rp,2016,6,2016-06,1309231.256764416,SPIP-Desember-2025.xlsx
proprietary_channel_total_value,7,Table 7. Proprietary Channel,9,3,Nilai Transaksi,Rp Miliar/ Billions of Rp,2016,7,2016-07,1036149.7622609921,SPIP-Desember-2025.xlsx
proprietary_channel_total_value,7,Table 7. Proprietary Channel,9,3,Nilai Transaksi,Rp Miliar/ Billions of Rp,2016,8,2016-08,1259177.243213824,SPIP-Desember-2025.xlsx
proprietary_channel_total_value,7,Table 7. Proprietary Channel,9,3,Nilai Transaksi,Rp Miliar/ Billions of Rp,2016,9,2016-09,1135908.743380992,SPIP-Desember-2025.xlsx
proprietary_channel_total_value,7,Table 7. Proprietary Channel,9,3,Nilai Transaksi,Rp Miliar/ Billions of Rp,2016,10,2016-10,1262822.6118451199,SPIP-Desember-2025.xlsx
proprietary_channel_total_value,7,Table 7. Proprietary Channel,9,3,Nilai Transaksi,Rp Miliar/ Billions of Rp,2016,11,2016-11,1287812.2613800957,SPIP-Desember-2025.xlsx
proprietary_channel_total_value,7,Table 7. Proprietary Channel,9,3,Nilai Transaksi,Rp Miliar/ Billions of Rp,2016,12,2016-12,1373226.097967104,SPIP-Desember-2025.xlsx
proprietary_channel_total_value,7,Table 7. Proprietary Channel,9,3,Nilai Transaksi,Rp Miliar/ Billions of Rp,2017,1,2017-01,1248619.07812352,SPIP-Desember-2025.xlsx
proprietary_channel_total_value,7,Table 7. Proprietary Channel,9,3,Nilai Transaksi,Rp Miliar/ Billions of Rp,2017,2,2017-02,1347935.71188736,SPIP-Desember-2025.xlsx
proprietary_channel_total_value,7,Table 7. Proprietary Channel,9,3,Nilai Transaksi,Rp Miliar/ Billions of Rp,2017,3,2017-03,1368561.40382208,SPIP-Desember-2025.xlsx
proprietary_channel_total_value,7,Table 7. Proprietary Channel,9,3,Nilai Transaksi,Rp Miliar/ Billions of Rp,2017,4,2017-04,1303121.609719808,SPIP-Desember-2025.xlsx
proprietary_channel_total_value,7,Table 7. Proprietary Channel,9,3,Nilai Transaksi,Rp Miliar/ Billions of Rp,2017,5,2017-05,1473413.120196608,SPIP-Desember-2025.xlsx
proprietary_channel_total_value,7,Table 7. Proprietary Channel,9,3,Nilai Transaksi,Rp Miliar/ Billions of Rp,2017,6,2017-06,1287487.377965056,SPIP-Desember-2025.xlsx
proprietary_channel_total_value,7,Table 7. Proprietary Channel,9,3,Nilai Transaksi,Rp Miliar/ Billions of Rp,2017,7,2017-07,1437449.390063616,SPIP-Desember-2025.xlsx
proprietary_channel_total_value,7,Table 7. Proprietary Channel,9,3,Nilai Transaksi,Rp Miliar/ Billions of Rp,2017,8,2017-08,1442566.010372096,SPIP-Desember-2025.xlsx
proprietary_channel_total_value,7,Table 7. Proprietary Channel,9,3,Nilai Transaksi,Rp Miliar/ Billions of Rp,2017,9,2017-09,1366887.1755694079,SPIP-Desember-2025.xlsx
proprietary_channel_total_value,7,Table 7. Proprietary Channel,9,3,Nilai Transaksi,Rp Miliar/ Billions of Rp,2017,10,2017-10,1620920.6142238718,SPIP-Desember-2025.xlsx
proprietary_channel_total_value,7,Table 7. Proprietary Channel,9,3,Nilai Transaksi,Rp Miliar/ Billions of Rp,2017,11,2017-11,1565712.735862784,SPIP-Desember-2025.xlsx
proprietary_channel_total_value,7,Table 7. Proprietary Channel,9,3,Nilai Transaksi,Rp Miliar/ Billions of Rp,2017,12,2017-12,1615433.4235197438,SPIP-Desember-2025.xlsx
proprietary_channel_total_value,7,Table 7. Proprietary Channel,9,3,Nilai Transaksi,Rp Miliar/ Billions of Rp,2018,1,2018-01,1579827.820331008,SPIP-Desember-2025.xlsx
proprietary_channel_total_value,7,Table 7. Proprietary Channel,9,3,Nilai Transaksi,Rp Miliar/ Billions of Rp,2018,2,2018-02,1432897.202814976,SPIP-Desember-2025.xlsx
proprietary_channel_total_value,7,Table 7. Proprietary Channel,9,3,Nilai Transaksi,Rp Miliar/ Billions of Rp,2018,3,2018-03,1609355.269963776,SPIP-Desember-2025.xlsx
proprietary_channel_total_value,7,Table 7. Proprietary Channel,9,3,Nilai Transaksi,Rp Miliar/ Billions of Rp,2018,4,2018-04,1651946.089545728,SPIP-Desember-2025.xlsx
proprietary_channel_total_value,7,Table 7. Proprietary Channel,9,3,Nilai Transaksi,Rp Miliar/ Billions of Rp,2018,5,2018-05,1801711.98889984,SPIP-Desember-2025.xlsx
proprietary_channel_total_value,7,Table 7. Proprietary Channel,9,3,Nilai Transaksi,Rp Miliar/ Billions of Rp,2018,6,2018-06,1588020.1104261118,SPIP-Desember-2025.xlsx
proprietary_channel_total_value,7,Table 7. Proprietary Channel,9,3,Nilai Transaksi,Rp Miliar/ Billions of Rp,2018,7,2018-07,1774738.853003264,SPIP-Desember-2025.xlsx
proprietary_channel_total_value,7,Table 7. Proprietary Channel,9,3,Nilai Transaksi,Rp Miliar/ Billions of Rp,2018,8,2018-08,2144397.543413796,SPIP-Desember-2025.xlsx
proprietary_channel_total_value,7,Table 7. Proprietary Channel,9,3,Nilai Transaksi,Rp Miliar/ Billions of Rp,2018,9,2018-09,2068111.472621981,SPIP-Desember-2025.xlsx
proprietary_channel_total_value,7,Table 7. Proprietary Channel,9,3,Nilai Transaksi,Rp Miliar/ Billions of Rp,2018,10,2018-10,2817071.0524855363,SPIP-Desember-2025.xlsx
proprietary_channel_total_value,7,Table 7. Proprietary Channel,9,3,Nilai Transaksi,Rp Miliar/ Billions of Rp,2018,11,2018-11,2017197.1767131072,SPIP-Desember-2025.xlsx
proprietary_channel_total_value,7,Table 7. Proprietary Channel,9,3,Nilai Transaksi,Rp Miliar/ Billions of Rp,2018,12,2018-12,2107983.660877792,SPIP-Desember-2025.xlsx
proprietary_channel_total_value,7,Table 7. Proprietary Channel,9,3,Nilai Transaksi,Rp Miliar/ Billions of Rp,2019,1,2019-01,2187910.372038524,SPIP-Desember-2025.xlsx
proprietary_channel_total_value,7,Table 7. Proprietary Channel,9,3,Nilai Transaksi,Rp Miliar/ Billions of Rp,2019,2,2019-02,1922478.823802037,SPIP-Desember-2025.xlsx
proprietary_channel_total_value,7,Table 7. Proprietary Channel,9,3,Nilai Transaksi,Rp Miliar/ Billions of Rp,2019,3,2019-03,2013300.85674801,SPIP-Desember-2025.xlsx
proprietary_channel_total_value,7,Table 7. Proprietary Channel,9,3,Nilai Transaksi,Rp Miliar/ Billions of Rp,2019,4,2019-04,2783036.089120482,SPIP-Desember-2025.xlsx
proprietary_channel_total_value,7,Table 7. Proprietary Channel,9,3,Nilai Transaksi,Rp Miliar/ Billions of Rp,2019,5,2019-05,2394080.84312,SPIP-Desember-2025.xlsx
proprietary_channel_total_value,7,Table 7. Proprietary Channel,9,3,Nilai Transaksi,Rp Miliar/ Billions of Rp,2019,6,2019-06,1752512.622942113,SPIP-Desember-2025.xlsx
proprietary_channel_total_value,7,Table 7. Proprietary Channel,9,3,Nilai Transaksi,Rp Miliar/ Billions of Rp,2019,7,2019-07,2317306.2072400004,SPIP-Desember-2025.xlsx
proprietary_channel_total_value,7,Table 7. Proprietary Channel,9,3,Nilai Transaksi,Rp Miliar/ Billions of Rp,2019,8,2019-08,2920112.53662,SPIP-Desember-2025.xlsx
proprietary_channel_total_value,7,Table 7. Proprietary Channel,9,3,Nilai Transaksi,Rp Miliar/ Billions of Rp,2019,9,2019-09,2123462.51178,SPIP-Desember-2025.xlsx
proprietary_channel_total_value,7,Table 7. Proprietary Channel,9,3,Nilai Transaksi,Rp Miliar/ Billions of Rp,2019,10,2019-10,2320657.36804,SPIP-Desember-2025.xlsx
proprietary_channel_total_value,7,Table 7. Proprietary Channel,9,3,Nilai Transaksi,Rp Miliar/ Billions of Rp,2019,11,2019-11,2198036.46141,SPIP-Desember-2025.xlsx
proprietary_channel_total_value,7,Table 7. Proprietary Channel,9,3,Nilai Transaksi,Rp Miliar/ Billions of Rp,2019,12,2019-12,2446861.62105,SPIP-Desember-2025.xlsx
proprietary_channel_total_value,7,Table 7. Proprietary Channel,9,3,Nilai Transaksi,Rp Miliar/ Billions of Rp,2020,1,2020-01,2245043.98568,SPIP-Desember-2025.xlsx
proprietary_channel_total_value,7,Table 7. Proprietary Channel,9,3,Nilai Transaksi,Rp Miliar/ Billions of Rp,2020,2,2020-02,2080230.60911,SPIP-Desember-2025.xlsx
proprietary_channel_total_value,7,Table 7. Proprietary Channel,9,3,Nilai Transaksi,Rp Miliar/ Billions of Rp,2020,3,2020-03,2402639.5023499997,SPIP-Desember-2025.xlsx
proprietary_channel_total_value,7,Table 7. Proprietary Channel,9,3,Nilai Transaksi,Rp Miliar/ Billions of Rp,2020,4,2020-04,2138536.5057,SPIP-Desember-2025.xlsx
proprietary_channel_total_value,7,Table 7. Proprietary Channel,9,3,Nilai Transaksi,Rp Miliar/ Billions of Rp,2020,5,2020-05,1887683.8255899998,SPIP-Desember-2025.xlsx
proprietary_channel_total_value,7,Table 7. Proprietary Channel,9,3,Nilai Transaksi,Rp Miliar/ Billions of Rp,2020,6,2020-06,2153048.55394,SPIP-Desember-2025.xlsx
proprietary_channel_total_value,7,Table 7. Proprietary Channel,9,3,Nilai Transaksi,Rp Miliar/ Billions of Rp,2020,7,2020-07,2248090.73016,SPIP-Desember-2025.xlsx
proprietary_channel_total_value,7,Table 7. Proprietary Channel,9,3,Nilai Transaksi,Rp Miliar/ Billions of Rp,2020,8,2020-08,2164490.26968,SPIP-Desember-2025.xlsx
proprietary_channel_total_value,7,Table 7. Proprietary Channel,9,3,Nilai Transaksi,Rp Miliar/ Billions of Rp,2020,9,2020-09,2357882.1333564804,SPIP-Desember-2025.xlsx
proprietary_channel_total_value,7,Table 7. Proprietary Channel,9,3,Nilai Transaksi,Rp Miliar/ Billions of Rp,2020,10,2020-10,2418052.6272234293,SPIP-Desember-2025.xlsx
proprietary_channel_total_value,7,Table 7. Proprietary Channel,9,3,Nilai Transaksi,Rp Miliar/ Billions of Rp,2020,11,2020-11,2658239.5412300006,SPIP-Desember-2025.xlsx
proprietary_channel_total_value,7,Table 7. Proprietary Channel,9,3,Nilai Transaksi,Rp Miliar/ Billions of Rp,2020,12,2020-12,2793357.10688,SPIP-Desember-2025.xlsx
proprietary_channel_total_value,7,Table 7. Proprietary Channel,9,3,Nilai Transaksi,Rp Miliar/ Billions of Rp,2021,1,2021-01,2667186.22458,SPIP-Desember-2025.xlsx
proprietary_channel_total_value,7,Table 7. Proprietary Channel,9,3,Nilai Transaksi,Rp Miliar/ Billions of Rp,2021,2,2021-02,2561506.5917700003,SPIP-Desember-2025.xlsx
proprietary_channel_total_value,7,Table 7. Proprietary Channel,9,3,Nilai Transaksi,Rp Miliar/ Billions of Rp,2021,3,2021-03,3025841.734415602,SPIP-Desember-2025.xlsx
proprietary_channel_total_value,7,Table 7. Proprietary Channel,9,3,Nilai Transaksi,Rp Miliar/ Billions of Rp,2021,4,2021-04,3114257.83804,SPIP-Desember-2025.xlsx
proprietary_channel_total_value,7,Table 7. Proprietary Channel,9,3,Nilai Transaksi,Rp Miliar/ Billions of Rp,2021,5,2021-05,3117595.1563399984,SPIP-Desember-2025.xlsx
proprietary_channel_total_value,7,Table 7. Proprietary Channel,9,3,Nilai Transaksi,Rp Miliar/ Billions of Rp,2021,6,2021-06,3447398.9562,SPIP-Desember-2025.xlsx
proprietary_channel_total_value,7,Table 7. Proprietary Channel,9,3,Nilai Transaksi,Rp Miliar/ Billions of Rp,2021,7,2021-07,3410837.02094291,SPIP-Desember-2025.xlsx
proprietary_channel_total_value,7,Table 7. Proprietary Channel,9,3,Nilai Transaksi,Rp Miliar/ Billions of Rp,2021,8,2021-08,3468537.4475929094,SPIP-Desember-2025.xlsx
proprietary_channel_total_value,7,Table 7. Proprietary Channel,9,3,Nilai Transaksi,Rp Miliar/ Billions of Rp,2021,9,2021-09,3904735.997439243,SPIP-Desember-2025.xlsx
proprietary_channel_total_value,7,Table 7. Proprietary Channel,9,3,Nilai Transaksi,Rp Miliar/ Billions of Rp,2021,10,2021-10,3746319.617576793,SPIP-Desember-2025.xlsx
proprietary_channel_total_value,7,Table 7. Proprietary Channel,9,3,Nilai Transaksi,Rp Miliar/ Billions of Rp,2021,11,2021-11,4005310.663704533,SPIP-Desember-2025.xlsx
proprietary_channel_total_value,7,Table 7. Proprietary Channel,9,3,Nilai Transaksi,Rp Miliar/ Billions of Rp,2021,12,2021-12,4383590.5046999995,SPIP-Desember-2025.xlsx
proprietary_channel_total_value,7,Table 7. Proprietary Channel,9,3,Nilai Transaksi,Rp Miliar/ Billions of Rp,2022,1,2022-01,3830017.691371221,SPIP-Desember-2025.xlsx
proprietary_channel_total_value,7,Table 7. Proprietary Channel,9,3,Nilai Transaksi,Rp Miliar/ Billions of Rp,2022,2,2022-02,3376216.9791333294,SPIP-Desember-2025.xlsx
proprietary_channel_total_value,7,Table 7. Proprietary Channel,9,3,Nilai Transaksi,Rp Miliar/ Billions of Rp,2022,3,2022-03,4499865.271994291,SPIP-Desember-2025.xlsx
proprietary_channel_total_value,7,Table 7. Proprietary Channel,9,3,Nilai Transaksi,Rp Miliar/ Billions of Rp,2022,4,2022-04,5338851.57579833,SPIP-Desember-2025.xlsx
proprietary_channel_total_value,7,Table 7. Proprietary Channel,9,3,Nilai Transaksi,Rp Miliar/ Billions of Rp,2022,5,2022-05,3766975.6665319055,SPIP-Desember-2025.xlsx
proprietary_channel_total_value,7,Table 7. Proprietary Channel,9,3,Nilai Transaksi,Rp Miliar/ Billions of Rp,2022,6,2022-06,4295318.948761492,SPIP-Desember-2025.xlsx
proprietary_channel_total_value,7,Table 7. Proprietary Channel,9,3,Nilai Transaksi,Rp Miliar/ Billions of Rp,2022,7,2022-07,4359688.24360394,SPIP-Desember-2025.xlsx
proprietary_channel_total_value,7,Table 7. Proprietary Channel,9,3,Nilai Transaksi,Rp Miliar/ Billions of Rp,2022,8,2022-08,4557499.540317377,SPIP-Desember-2025.xlsx
proprietary_channel_total_value,7,Table 7. Proprietary Channel,9,3,Nilai Transaksi,Rp Miliar/ Billions of Rp,2022,9,2022-09,4509779.44567043,SPIP-Desember-2025.xlsx
proprietary_channel_total_value,7,Table 7. Proprietary Channel,9,3,Nilai Transaksi,Rp Miliar/ Billions of Rp,2022,10,2022-10,4429301.373658835,SPIP-Desember-2025.xlsx
proprietary_channel_total_value,7,Table 7. Proprietary Channel,9,3,Nilai Transaksi,Rp Miliar/ Billions of Rp,2022,11,2022-11,4561349.137828361,SPIP-Desember-2025.xlsx
proprietary_channel_total_value,7,Table 7. Proprietary Channel,9,3,Nilai Transaksi,Rp Miliar/ Billions of Rp,2022,12,2022-12,5024088.845424394,SPIP-Desember-2025.xlsx
proprietary_channel_total_value,7,Table 7. Proprietary Channel,9,3,Nilai Transaksi,Rp Miliar/ Billions of Rp,2023,1,2023-01,4552724.8113093525,SPIP-Desember-2025.xlsx
proprietary_channel_total_value,7,Table 7. Proprietary Channel,9,3,Nilai Transaksi,Rp Miliar/ Billions of Rp,2023,2,2023-02,4262752.005132953,SPIP-Desember-2025.xlsx
proprietary_channel_total_value,7,Table 7. Proprietary Channel,9,3,Nilai Transaksi,Rp Miliar/ Billions of Rp,2023,3,2023-03,4839295.86,SPIP-Desember-2025.xlsx
proprietary_channel_total_value,7,Table 7. Proprietary Channel,9,3,Nilai Transaksi,Rp Miliar/ Billions of Rp,2023,4,2023-04,4264822.479471836,SPIP-Desember-2025.xlsx
proprietary_channel_total_value,7,Table 7. Proprietary Channel,9,3,Nilai Transaksi,Rp Miliar/ Billions of Rp,2023,5,2023-05,4965708.771799449,SPIP-Desember-2025.xlsx
proprietary_channel_total_value,7,Table 7. Proprietary Channel,9,3,Nilai Transaksi,Rp Miliar/ Billions of Rp,2023,6,2023-06,4596876.694436968,SPIP-Desember-2025.xlsx
proprietary_channel_total_value,7,Table 7. Proprietary Channel,9,3,Nilai Transaksi,Rp Miliar/ Billions of Rp,2023,7,2023-07,5035512.726240387,SPIP-Desember-2025.xlsx
proprietary_channel_total_value,7,Table 7. Proprietary Channel,9,3,Nilai Transaksi,Rp Miliar/ Billions of Rp,2023,8,2023-08,5098603.529340518,SPIP-Desember-2025.xlsx
proprietary_channel_total_value,7,Table 7. Proprietary Channel,9,3,Nilai Transaksi,Rp Miliar/ Billions of Rp,2023,9,2023-09,4837565.52431302,SPIP-Desember-2025.xlsx
proprietary_channel_total_value,7,Table 7. Proprietary Channel,9,3,Nilai Transaksi,Rp Miliar/ Billions of Rp,2023,10,2023-10,5119020.659031866,SPIP-Desember-2025.xlsx
proprietary_channel_total_value,7,Table 7. Proprietary Channel,9,3,Nilai Transaksi,Rp Miliar/ Billions of Rp,2023,11,2023-11,5163882.26532975,SPIP-Desember-2025.xlsx
proprietary_channel_total_value,7,Table 7. Proprietary Channel,9,3,Nilai Transaksi,Rp Miliar/ Billions of Rp,2023,12,2023-12,5588137.399235286,SPIP-Desember-2025.xlsx
proprietary_channel_total_value,7,Table 7. Proprietary Channel,9,3,Nilai Transaksi,Rp Miliar/ Billions of Rp,2024,1,2024-01,6612484.003340857,SPIP-Desember-2025.xlsx
proprietary_channel_total_value,7,Table 7. Proprietary Channel,9,3,Nilai Transaksi,Rp Miliar/ Billions of Rp,2024,2,2024-02,6263573.683531595,SPIP-Desember-2025.xlsx
proprietary_channel_total_value,7,Table 7. Proprietary Channel,9,3,Nilai Transaksi,Rp Miliar/ Billions of Rp,2024,3,2024-03,6841293.332973259,SPIP-Desember-2025.xlsx
proprietary_channel_total_value,7,Table 7. Proprietary Channel,9,3,Nilai Transaksi,Rp Miliar/ Billions of Rp,2024,4,2024-04,6704333.820835274,SPIP-Desember-2025.xlsx
proprietary_channel_total_value,7,Table 7. Proprietary Channel,9,3,Nilai Transaksi,Rp Miliar/ Billions of Rp,2024,5,2024-05,7068922.873170299,SPIP-Desember-2025.xlsx
proprietary_channel_total_value,7,Table 7. Proprietary Channel,9,3,Nilai Transaksi,Rp Miliar/ Billions of Rp,2024,6,2024-06,7024245.32365897,SPIP-Desember-2025.xlsx
proprietary_channel_total_value,7,Table 7. Proprietary Channel,9,3,Nilai Transaksi,Rp Miliar/ Billions of Rp,2024,7,2024-07,7798238.467923211,SPIP-Desember-2025.xlsx
proprietary_channel_total_value,7,Table 7. Proprietary Channel,9,3,Nilai Transaksi,Rp Miliar/ Billions of Rp,2024,8,2024-08,7627751.584722014,SPIP-Desember-2025.xlsx
proprietary_channel_total_value,7,Table 7. Proprietary Channel,9,3,Nilai Transaksi,Rp Miliar/ Billions of Rp,2024,9,2024-09,7492934.443690639,SPIP-Desember-2025.xlsx
proprietary_channel_total_value,7,Table 7. Proprietary Channel,9,3,Nilai Transaksi,Rp Miliar/ Billions of Rp,2024,10,2024-10,7980655.732357403,SPIP-Desember-2025.xlsx
proprietary_channel_total_value,7,Table 7. Proprietary Channel,9,3,Nilai Transaksi,Rp Miliar/ Billions of Rp,2024,11,2024-11,7624664.610723833,SPIP-Desember-2025.xlsx
proprietary_channel_total_value,7,Table 7. Proprietary Channel,9,3,Nilai Transaksi,Rp Miliar/ Billions of Rp,2024,12,2024-12,8828089.548361685,SPIP-Desember-2025.xlsx
proprietary_channel_total_value,7,Table 7. Proprietary Channel,9,3,Nilai Transaksi,Rp Miliar/ Billions of Rp,2025,1,2025-01,7656695.194755779,SPIP-Desember-2025.xlsx
proprietary_channel_total_value,7,Table 7. Proprietary Channel,9,3,Nilai Transaksi,Rp Miliar/ Billions of Rp,2025,2,2025-02,7302041.982644094,SPIP-Desember-2025.xlsx
proprietary_channel_total_value,7,Table 7. Proprietary Channel,9,3,Nilai Transaksi,Rp Miliar/ Billions of Rp,2025,3,2025-03,8364088.700700278,SPIP-Desember-2025.xlsx
proprietary_channel_total_value,7,Table 7. Proprietary Channel,9,3,Nilai Transaksi,Rp Miliar/ Billions of Rp,2025,4,2025-04,7615346.374527749,SPIP-Desember-2025.xlsx
proprietary_channel_total_value,7,Table 7. Proprietary Channel,9,3,Nilai Transaksi,Rp Miliar/ Billions of Rp,2025,5,2025-05,7668872.760535331,SPIP-Desember-2025.xlsx
proprietary_channel_total_value,7,Table 7. Proprietary Channel,9,3,Nilai Transaksi,Rp Miliar/ Billions of Rp,2025,6,2025-06,8153062.783069922,SPIP-Desember-2025.xlsx
proprietary_channel_total_value,7,Table 7. Proprietary Channel,9,3,Nilai Transaksi,Rp Miliar/ Billions of Rp,2025,7,2025-07,9179061.940756971,SPIP-Desember-2025.xlsx
proprietary_channel_total_value,7,Table 7. Proprietary Channel,9,3,Nilai Transaksi,Rp Miliar/ Billions of Rp,2025,8,2025-08,8377627.732597653,SPIP-Desember-2025.xlsx
proprietary_channel_total_value,7,Table 7. Proprietary Channel,9,3,Nilai Transaksi,Rp Miliar/ Billions of Rp,2025,9,2025-09,8868560.493525727,SPIP-Desember-2025.xlsx
proprietary_channel_total_value,7,Table 7. Proprietary Channel,9,3,Nilai Transaksi,Rp Miliar/ Billions of Rp,2025,10,2025-10,9376681.15004974,SPIP-Desember-2025.xlsx
proprietary_channel_total_value,7,Table 7. Proprietary Channel,9,3,Nilai Transaksi,Rp Miliar/ Billions of Rp,2025,11,2025-11,8660116.531904833,SPIP-Desember-2025.xlsx
mobile_banking_total_volume,7,Table 7. Proprietary Channel,22,16,Volume Transaksi SMS/Mobile Banking,Ribu Transaksi/  Thousand Transaction ,2012,10,2012-10,55477.356,SPIP-Desember-2025.xlsx
mobile_banking_total_volume,7,Table 7. Proprietary Channel,22,16,Volume Transaksi SMS/Mobile Banking,Ribu Transaksi/  Thousand Transaction ,2012,11,2012-11,54681.08,SPIP-Desember-2025.xlsx
mobile_banking_total_volume,7,Table 7. Proprietary Channel,22,16,Volume Transaksi SMS/Mobile Banking,Ribu Transaksi/  Thousand Transaction ,2012,12,2012-12,58108.944,SPIP-Desember-2025.xlsx
mobile_banking_total_volume,7,Table 7. Proprietary Channel,22,16,Volume Transaksi SMS/Mobile Banking,Ribu Transaksi/  Thousand Transaction ,2013,1,2013-01,58632.392,SPIP-Desember-2025.xlsx
mobile_banking_total_volume,7,Table 7. Proprietary Channel,22,16,Volume Transaksi SMS/Mobile Banking,Ribu Transaksi/  Thousand Transaction ,2013,2,2013-02,54523.308,SPIP-Desember-2025.xlsx
mobile_banking_total_volume,7,Table 7. Proprietary Channel,22,16,Volume Transaksi SMS/Mobile Banking,Ribu Transaksi/  Thousand Transaction ,2013,3,2013-03,59615.856,SPIP-Desember-2025.xlsx
mobile_banking_total_volume,7,Table 7. Proprietary Channel,22,16,Volume Transaksi SMS/Mobile Banking,Ribu Transaksi/  Thousand Transaction ,2013,4,2013-04,60440.248,SPIP-Desember-2025.xlsx
mobile_banking_total_volume,7,Table 7. Proprietary Channel,22,16,Volume Transaksi SMS/Mobile Banking,Ribu Transaksi/  Thousand Transaction ,2013,5,2013-05,62936.712,SPIP-Desember-2025.xlsx
mobile_banking_total_volume,7,Table 7. Proprietary Channel,22,16,Volume Transaksi SMS/Mobile Banking,Ribu Transaksi/  Thousand Transaction ,2013,6,2013-06,61215.524000000005,SPIP-Desember-2025.xlsx
mobile_banking_total_volume,7,Table 7. Proprietary Channel,22,16,Volume Transaksi SMS/Mobile Banking,Ribu Transaksi/  Thousand Transaction ,2013,7,2013-07,70093.39199999999,SPIP-Desember-2025.xlsx
mobile_banking_total_volume,7,Table 7. Proprietary Channel,22,16,Volume Transaksi SMS/Mobile Banking,Ribu Transaksi/  Thousand Transaction ,2013,8,2013-08,58980.939999999995,SPIP-Desember-2025.xlsx
mobile_banking_total_volume,7,Table 7. Proprietary Channel,22,16,Volume Transaksi SMS/Mobile Banking,Ribu Transaksi/  Thousand Transaction ,2013,9,2013-09,66047.672,SPIP-Desember-2025.xlsx
mobile_banking_total_volume,7,Table 7. Proprietary Channel,22,16,Volume Transaksi SMS/Mobile Banking,Ribu Transaksi/  Thousand Transaction ,2013,10,2013-10,74403.072,SPIP-Desember-2025.xlsx
mobile_banking_total_volume,7,Table 7. Proprietary Channel,22,16,Volume Transaksi SMS/Mobile Banking,Ribu Transaksi/  Thousand Transaction ,2013,11,2013-11,75614.792,SPIP-Desember-2025.xlsx
mobile_banking_total_volume,7,Table 7. Proprietary Channel,22,16,Volume Transaksi SMS/Mobile Banking,Ribu Transaksi/  Thousand Transaction ,2013,12,2013-12,81614.488,SPIP-Desember-2025.xlsx
mobile_banking_total_volume,7,Table 7. Proprietary Channel,22,16,Volume Transaksi SMS/Mobile Banking,Ribu Transaksi/  Thousand Transaction ,2014,1,2014-01,80423.344,SPIP-Desember-2025.xlsx
mobile_banking_total_volume,7,Table 7. Proprietary Channel,22,16,Volume Transaksi SMS/Mobile Banking,Ribu Transaksi/  Thousand Transaction ,2014,2,2014-02,81280.224,SPIP-Desember-2025.xlsx
mobile_banking_total_volume,7,Table 7. Proprietary Channel,22,16,Volume Transaksi SMS/Mobile Banking,Ribu Transaksi/  Thousand Transaction ,2014,3,2014-03,93641.504,SPIP-Desember-2025.xlsx
mobile_banking_total_volume,7,Table 7. Proprietary Channel,22,16,Volume Transaksi SMS/Mobile Banking,Ribu Transaksi/  Thousand Transaction ,2014,4,2014-04,92737.704,SPIP-Desember-2025.xlsx
mobile_banking_total_volume,7,Table 7. Proprietary Channel,22,16,Volume Transaksi SMS/Mobile Banking,Ribu Transaksi/  Thousand Transaction ,2014,5,2014-05,101942.15199999999,SPIP-Desember-2025.xlsx
mobile_banking_total_volume,7,Table 7. Proprietary Channel,22,16,Volume Transaksi SMS/Mobile Banking,Ribu Transaksi/  Thousand Transaction ,2014,6,2014-06,99988.92,SPIP-Desember-2025.xlsx
mobile_banking_total_volume,7,Table 7. Proprietary Channel,22,16,Volume Transaksi SMS/Mobile Banking,Ribu Transaksi/  Thousand Transaction ,2014,7,2014-07,109933.424,SPIP-Desember-2025.xlsx
mobile_banking_total_volume,7,Table 7. Proprietary Channel,22,16,Volume Transaksi SMS/Mobile Banking,Ribu Transaksi/  Thousand Transaction ,2014,8,2014-08,100040.144,SPIP-Desember-2025.xlsx
mobile_banking_total_volume,7,Table 7. Proprietary Channel,22,16,Volume Transaksi SMS/Mobile Banking,Ribu Transaksi/  Thousand Transaction ,2014,9,2014-09,104629.976,SPIP-Desember-2025.xlsx
mobile_banking_total_volume,7,Table 7. Proprietary Channel,22,16,Volume Transaksi SMS/Mobile Banking,Ribu Transaksi/  Thousand Transaction ,2014,10,2014-10,109595.944,SPIP-Desember-2025.xlsx
mobile_banking_total_volume,7,Table 7. Proprietary Channel,22,16,Volume Transaksi SMS/Mobile Banking,Ribu Transaksi/  Thousand Transaction ,2014,11,2014-11,119240.848,SPIP-Desember-2025.xlsx
mobile_banking_total_volume,7,Table 7. Proprietary Channel,22,16,Volume Transaksi SMS/Mobile Banking,Ribu Transaksi/  Thousand Transaction ,2014,12,2014-12,147641.984,SPIP-Desember-2025.xlsx
mobile_banking_total_volume,7,Table 7. Proprietary Channel,22,16,Volume Transaksi SMS/Mobile Banking,Ribu Transaksi/  Thousand Transaction ,2015,1,2015-01,120745.752,SPIP-Desember-2025.xlsx
mobile_banking_total_volume,7,Table 7. Proprietary Channel,22,16,Volume Transaksi SMS/Mobile Banking,Ribu Transaksi/  Thousand Transaction ,2015,2,2015-02,105470.424,SPIP-Desember-2025.xlsx
mobile_banking_total_volume,7,Table 7. Proprietary Channel,22,16,Volume Transaksi SMS/Mobile Banking,Ribu Transaksi/  Thousand Transaction ,2015,3,2015-03,108390.48,SPIP-Desember-2025.xlsx
mobile_banking_total_volume,7,Table 7. Proprietary Channel,22,16,Volume Transaksi SMS/Mobile Banking,Ribu Transaksi/  Thousand Transaction ,2015,4,2015-04,123421.96800000001,SPIP-Desember-2025.xlsx
mobile_banking_total_volume,7,Table 7. Proprietary Channel,22,16,Volume Transaksi SMS/Mobile Banking,Ribu Transaksi/  Thousand Transaction ,2015,5,2015-05,134064.288,SPIP-Desember-2025.xlsx
mobile_banking_total_volume,7,Table 7. Proprietary Channel,22,16,Volume Transaksi SMS/Mobile Banking,Ribu Transaksi/  Thousand Transaction ,2015,6,2015-06,131672.696,SPIP-Desember-2025.xlsx
mobile_banking_total_volume,7,Table 7. Proprietary Channel,22,16,Volume Transaksi SMS/Mobile Banking,Ribu Transaksi/  Thousand Transaction ,2015,7,2015-07,140548.064,SPIP-Desember-2025.xlsx
mobile_banking_total_volume,7,Table 7. Proprietary Channel,22,16,Volume Transaksi SMS/Mobile Banking,Ribu Transaksi/  Thousand Transaction ,2015,8,2015-08,134113.448,SPIP-Desember-2025.xlsx
mobile_banking_total_volume,7,Table 7. Proprietary Channel,22,16,Volume Transaksi SMS/Mobile Banking,Ribu Transaksi/  Thousand Transaction ,2015,9,2015-09,139196.208,SPIP-Desember-2025.xlsx
mobile_banking_total_volume,7,Table 7. Proprietary Channel,22,16,Volume Transaksi SMS/Mobile Banking,Ribu Transaksi/  Thousand Transaction ,2015,10,2015-10,150720.032,SPIP-Desember-2025.xlsx
mobile_banking_total_volume,7,Table 7. Proprietary Channel,22,16,Volume Transaksi SMS/Mobile Banking,Ribu Transaksi/  Thousand Transaction ,2015,11,2015-11,151597.136,SPIP-Desember-2025.xlsx
mobile_banking_total_volume,7,Table 7. Proprietary Channel,22,16,Volume Transaksi SMS/Mobile Banking,Ribu Transaksi/  Thousand Transaction ,2015,12,2015-12,155658.68800000002,SPIP-Desember-2025.xlsx
mobile_banking_total_volume,7,Table 7. Proprietary Channel,22,16,Volume Transaksi SMS/Mobile Banking,Ribu Transaksi/  Thousand Transaction ,2016,1,2016-01,163546.65600000002,SPIP-Desember-2025.xlsx
mobile_banking_total_volume,7,Table 7. Proprietary Channel,22,16,Volume Transaksi SMS/Mobile Banking,Ribu Transaksi/  Thousand Transaction ,2016,2,2016-02,156567.904,SPIP-Desember-2025.xlsx
mobile_banking_total_volume,7,Table 7. Proprietary Channel,22,16,Volume Transaksi SMS/Mobile Banking,Ribu Transaksi/  Thousand Transaction ,2016,3,2016-03,166213.36,SPIP-Desember-2025.xlsx
mobile_banking_total_volume,7,Table 7. Proprietary Channel,22,16,Volume Transaksi SMS/Mobile Banking,Ribu Transaksi/  Thousand Transaction ,2016,4,2016-04,155682.944,SPIP-Desember-2025.xlsx
mobile_banking_total_volume,7,Table 7. Proprietary Channel,22,16,Volume Transaksi SMS/Mobile Banking,Ribu Transaksi/  Thousand Transaction ,2016,5,2016-05,163786.31999999998,SPIP-Desember-2025.xlsx
mobile_banking_total_volume,7,Table 7. Proprietary Channel,22,16,Volume Transaksi SMS/Mobile Banking,Ribu Transaksi/  Thousand Transaction ,2016,6,2016-06,185440.36800000002,SPIP-Desember-2025.xlsx
mobile_banking_total_volume,7,Table 7. Proprietary Channel,22,16,Volume Transaksi SMS/Mobile Banking,Ribu Transaksi/  Thousand Transaction ,2016,7,2016-07,172258.272,SPIP-Desember-2025.xlsx
mobile_banking_total_volume,7,Table 7. Proprietary Channel,22,16,Volume Transaksi SMS/Mobile Banking,Ribu Transaksi/  Thousand Transaction ,2016,8,2016-08,182038.144,SPIP-Desember-2025.xlsx
mobile_banking_total_volume,7,Table 7. Proprietary Channel,22,16,Volume Transaksi SMS/Mobile Banking,Ribu Transaksi/  Thousand Transaction ,2016,9,2016-09,175238.31999999998,SPIP-Desember-2025.xlsx
mobile_banking_total_volume,7,Table 7. Proprietary Channel,22,16,Volume Transaksi SMS/Mobile Banking,Ribu Transaksi/  Thousand Transaction ,2016,10,2016-10,196616.608,SPIP-Desember-2025.xlsx
mobile_banking_total_volume,7,Table 7. Proprietary Channel,22,16,Volume Transaksi SMS/Mobile Banking,Ribu Transaksi/  Thousand Transaction ,2016,11,2016-11,200869.48799999998,SPIP-Desember-2025.xlsx
mobile_banking_total_volume,7,Table 7. Proprietary Channel,22,16,Volume Transaksi SMS/Mobile Banking,Ribu Transaksi/  Thousand Transaction ,2016,12,2016-12,211058.576,SPIP-Desember-2025.xlsx
mobile_banking_total_volume,7,Table 7. Proprietary Channel,22,16,Volume Transaksi SMS/Mobile Banking,Ribu Transaksi/  Thousand Transaction ,2017,1,2017-01,209192.192,SPIP-Desember-2025.xlsx
mobile_banking_total_volume,7,Table 7. Proprietary Channel,22,16,Volume Transaksi SMS/Mobile Banking,Ribu Transaksi/  Thousand Transaction ,2017,2,2017-02,202079.232,SPIP-Desember-2025.xlsx
mobile_banking_total_volume,7,Table 7. Proprietary Channel,22,16,Volume Transaksi SMS/Mobile Banking,Ribu Transaksi/  Thousand Transaction ,2017,3,2017-03,234885.84,SPIP-Desember-2025.xlsx
mobile_banking_total_volume,7,Table 7. Proprietary Channel,22,16,Volume Transaksi SMS/Mobile Banking,Ribu Transaksi/  Thousand Transaction ,2017,4,2017-04,223526.176,SPIP-Desember-2025.xlsx
mobile_banking_total_volume,7,Table 7. Proprietary Channel,22,16,Volume Transaksi SMS/Mobile Banking,Ribu Transaksi/  Thousand Transaction ,2017,5,2017-05,232034.864,SPIP-Desember-2025.xlsx
mobile_banking_total_volume,7,Table 7. Proprietary Channel,22,16,Volume Transaksi SMS/Mobile Banking,Ribu Transaksi/  Thousand Transaction ,2017,6,2017-06,234671.84,SPIP-Desember-2025.xlsx
mobile_banking_total_volume,7,Table 7. Proprietary Channel,22,16,Volume Transaksi SMS/Mobile Banking,Ribu Transaksi/  Thousand Transaction ,2017,7,2017-07,217608.20799999998,SPIP-Desember-2025.xlsx
mobile_banking_total_volume,7,Table 7. Proprietary Channel,22,16,Volume Transaksi SMS/Mobile Banking,Ribu Transaksi/  Thousand Transaction ,2017,8,2017-08,236403.05599999998,SPIP-Desember-2025.xlsx
mobile_banking_total_volume,7,Table 7. Proprietary Channel,22,16,Volume Transaksi SMS/Mobile Banking,Ribu Transaksi/  Thousand Transaction ,2017,9,2017-09,228424.864,SPIP-Desember-2025.xlsx
mobile_banking_total_volume,7,Table 7. Proprietary Channel,22,16,Volume Transaksi SMS/Mobile Banking,Ribu Transaksi/  Thousand Transaction ,2017,10,2017-10,236032.096,SPIP-Desember-2025.xlsx
mobile_banking_total_volume,7,Table 7. Proprietary Channel,22,16,Volume Transaksi SMS/Mobile Banking,Ribu Transaksi/  Thousand Transaction ,2017,11,2017-11,232266.24000000002,SPIP-Desember-2025.xlsx
mobile_banking_total_volume,7,Table 7. Proprietary Channel,22,16,Volume Transaksi SMS/Mobile Banking,Ribu Transaksi/  Thousand Transaction ,2017,12,2017-12,246705.07200000001,SPIP-Desember-2025.xlsx
mobile_banking_total_volume,7,Table 7. Proprietary Channel,22,16,Volume Transaksi SMS/Mobile Banking,Ribu Transaksi/  Thousand Transaction ,2018,1,2018-01,252907.568,SPIP-Desember-2025.xlsx
mobile_banking_total_volume,7,Table 7. Proprietary Channel,22,16,Volume Transaksi SMS/Mobile Banking,Ribu Transaksi/  Thousand Transaction ,2018,2,2018-02,233339.64800000002,SPIP-Desember-2025.xlsx
mobile_banking_total_volume,7,Table 7. Proprietary Channel,22,16,Volume Transaksi SMS/Mobile Banking,Ribu Transaksi/  Thousand Transaction ,2018,3,2018-03,268010.48,SPIP-Desember-2025.xlsx
mobile_banking_total_volume,7,Table 7. Proprietary Channel,22,16,Volume Transaksi SMS/Mobile Banking,Ribu Transaksi/  Thousand Transaction ,2018,4,2018-04,266164.4,SPIP-Desember-2025.xlsx
mobile_banking_total_volume,7,Table 7. Proprietary Channel,22,16,Volume Transaksi SMS/Mobile Banking,Ribu Transaksi/  Thousand Transaction ,2018,5,2018-05,296004.64,SPIP-Desember-2025.xlsx
mobile_banking_total_volume,7,Table 7. Proprietary Channel,22,16,Volume Transaksi SMS/Mobile Banking,Ribu Transaksi/  Thousand Transaction ,2018,6,2018-06,271792.384,SPIP-Desember-2025.xlsx
mobile_banking_total_volume,7,Table 7. Proprietary Channel,22,16,Volume Transaksi SMS/Mobile Banking,Ribu Transaksi/  Thousand Transaction ,2018,7,2018-07,302010.688,SPIP-Desember-2025.xlsx
mobile_banking_total_volume,7,Table 7. Proprietary Channel,22,16,Volume Transaksi SMS/Mobile Banking,Ribu Transaksi/  Thousand Transaction ,2018,8,2018-08,170632.189,SPIP-Desember-2025.xlsx
mobile_banking_total_volume,7,Table 7. Proprietary Channel,22,16,Volume Transaksi SMS/Mobile Banking,Ribu Transaksi/  Thousand Transaction ,2018,9,2018-09,182099.91,SPIP-Desember-2025.xlsx
mobile_banking_total_volume,7,Table 7. Proprietary Channel,22,16,Volume Transaksi SMS/Mobile Banking,Ribu Transaksi/  Thousand Transaction ,2018,10,2018-10,197879.555,SPIP-Desember-2025.xlsx
mobile_banking_total_volume,7,Table 7. Proprietary Channel,22,16,Volume Transaksi SMS/Mobile Banking,Ribu Transaksi/  Thousand Transaction ,2018,11,2018-11,197988.864,SPIP-Desember-2025.xlsx
mobile_banking_total_volume,7,Table 7. Proprietary Channel,22,16,Volume Transaksi SMS/Mobile Banking,Ribu Transaksi/  Thousand Transaction ,2018,12,2018-12,216726.338,SPIP-Desember-2025.xlsx
mobile_banking_total_volume,7,Table 7. Proprietary Channel,22,16,Volume Transaksi SMS/Mobile Banking,Ribu Transaksi/  Thousand Transaction ,2019,1,2019-01,182818.435,SPIP-Desember-2025.xlsx
mobile_banking_total_volume,7,Table 7. Proprietary Channel,22,16,Volume Transaksi SMS/Mobile Banking,Ribu Transaksi/  Thousand Transaction ,2019,2,2019-02,176027.349,SPIP-Desember-2025.xlsx
mobile_banking_total_volume,7,Table 7. Proprietary Channel,22,16,Volume Transaksi SMS/Mobile Banking,Ribu Transaksi/  Thousand Transaction ,2019,3,2019-03,159770.524,SPIP-Desember-2025.xlsx
mobile_banking_total_volume,7,Table 7. Proprietary Channel,22,16,Volume Transaksi SMS/Mobile Banking,Ribu Transaksi/  Thousand Transaction ,2019,4,2019-04,174190.798,SPIP-Desember-2025.xlsx
mobile_banking_total_volume,7,Table 7. Proprietary Channel,22,16,Volume Transaksi SMS/Mobile Banking,Ribu Transaksi/  Thousand Transaction ,2019,5,2019-05,199644.592,SPIP-Desember-2025.xlsx
mobile_banking_total_volume,7,Table 7. Proprietary Channel,22,16,Volume Transaksi SMS/Mobile Banking,Ribu Transaksi/  Thousand Transaction ,2019,6,2019-06,154396.71300000002,SPIP-Desember-2025.xlsx
mobile_banking_total_volume,7,Table 7. Proprietary Channel,22,16,Volume Transaksi SMS/Mobile Banking,Ribu Transaksi/  Thousand Transaction ,2019,7,2019-07,204967.59,SPIP-Desember-2025.xlsx
mobile_banking_total_volume,7,Table 7. Proprietary Channel,22,16,Volume Transaksi SMS/Mobile Banking,Ribu Transaksi/  Thousand Transaction ,2019,8,2019-08,196206.84399999998,SPIP-Desember-2025.xlsx
mobile_banking_total_volume,7,Table 7. Proprietary Channel,22,16,Volume Transaksi SMS/Mobile Banking,Ribu Transaksi/  Thousand Transaction ,2019,9,2019-09,198159.189,SPIP-Desember-2025.xlsx
mobile_banking_total_volume,7,Table 7. Proprietary Channel,22,16,Volume Transaksi SMS/Mobile Banking,Ribu Transaksi/  Thousand Transaction ,2019,10,2019-10,230162.554,SPIP-Desember-2025.xlsx
mobile_banking_total_volume,7,Table 7. Proprietary Channel,22,16,Volume Transaksi SMS/Mobile Banking,Ribu Transaksi/  Thousand Transaction ,2019,11,2019-11,228392.255,SPIP-Desember-2025.xlsx
mobile_banking_total_volume,7,Table 7. Proprietary Channel,22,16,Volume Transaksi SMS/Mobile Banking,Ribu Transaksi/  Thousand Transaction ,2019,12,2019-12,255357.275,SPIP-Desember-2025.xlsx
mobile_banking_total_volume,7,Table 7. Proprietary Channel,22,16,Volume Transaksi SMS/Mobile Banking,Ribu Transaksi/  Thousand Transaction ,2020,1,2020-01,237886.083,SPIP-Desember-2025.xlsx
mobile_banking_total_volume,7,Table 7. Proprietary Channel,22,16,Volume Transaksi SMS/Mobile Banking,Ribu Transaksi/  Thousand Transaction ,2020,2,2020-02,232328.03999999998,SPIP-Desember-2025.xlsx
mobile_banking_total_volume,7,Table 7. Proprietary Channel,22,16,Volume Transaksi SMS/Mobile Banking,Ribu Transaksi/  Thousand Transaction ,2020,3,2020-03,267165.41699999996,SPIP-Desember-2025.xlsx
mobile_banking_total_volume,7,Table 7. Proprietary Channel,22,16,Volume Transaksi SMS/Mobile Banking,Ribu Transaksi/  Thousand Transaction ,2020,4,2020-04,245700.34,SPIP-Desember-2025.xlsx
mobile_banking_total_volume,7,Table 7. Proprietary Channel,22,16,Volume Transaksi SMS/Mobile Banking,Ribu Transaksi/  Thousand Transaction ,2020,5,2020-05,263912.478,SPIP-Desember-2025.xlsx
mobile_banking_total_volume,7,Table 7. Proprietary Channel,22,16,Volume Transaksi SMS/Mobile Banking,Ribu Transaksi/  Thousand Transaction ,2020,6,2020-06,275580.221,SPIP-Desember-2025.xlsx
mobile_banking_total_volume,7,Table 7. Proprietary Channel,22,16,Volume Transaksi SMS/Mobile Banking,Ribu Transaksi/  Thousand Transaction ,2020,7,2020-07,286267.38300000003,SPIP-Desember-2025.xlsx
mobile_banking_total_volume,7,Table 7. Proprietary Channel,22,16,Volume Transaksi SMS/Mobile Banking,Ribu Transaksi/  Thousand Transaction ,2020,8,2020-08,302656.084,SPIP-Desember-2025.xlsx
mobile_banking_total_volume,7,Table 7. Proprietary Channel,22,16,Volume Transaksi SMS/Mobile Banking,Ribu Transaksi/  Thousand Transaction ,2020,9,2020-09,303736.876,SPIP-Desember-2025.xlsx
mobile_banking_total_volume,7,Table 7. Proprietary Channel,22,16,Volume Transaksi SMS/Mobile Banking,Ribu Transaksi/  Thousand Transaction ,2020,10,2020-10,298189.964,SPIP-Desember-2025.xlsx
mobile_banking_total_volume,7,Table 7. Proprietary Channel,22,16,Volume Transaksi SMS/Mobile Banking,Ribu Transaksi/  Thousand Transaction ,2020,11,2020-11,355605.87,SPIP-Desember-2025.xlsx
mobile_banking_total_volume,7,Table 7. Proprietary Channel,22,16,Volume Transaksi SMS/Mobile Banking,Ribu Transaksi/  Thousand Transaction ,2020,12,2020-12,358072.16500000004,SPIP-Desember-2025.xlsx
mobile_banking_total_volume,7,Table 7. Proprietary Channel,22,16,Volume Transaksi SMS/Mobile Banking,Ribu Transaksi/  Thousand Transaction ,2021,1,2021-01,347055.162,SPIP-Desember-2025.xlsx
mobile_banking_total_volume,7,Table 7. Proprietary Channel,22,16,Volume Transaksi SMS/Mobile Banking,Ribu Transaksi/  Thousand Transaction ,2021,2,2021-02,343026.31299999997,SPIP-Desember-2025.xlsx
mobile_banking_total_volume,7,Table 7. Proprietary Channel,22,16,Volume Transaksi SMS/Mobile Banking,Ribu Transaksi/  Thousand Transaction ,2021,3,2021-03,402821.48,SPIP-Desember-2025.xlsx
mobile_banking_total_volume,7,Table 7. Proprietary Channel,22,16,Volume Transaksi SMS/Mobile Banking,Ribu Transaksi/  Thousand Transaction ,2021,4,2021-04,400320.467,SPIP-Desember-2025.xlsx
mobile_banking_total_volume,7,Table 7. Proprietary Channel,22,16,Volume Transaksi SMS/Mobile Banking,Ribu Transaksi/  Thousand Transaction ,2021,5,2021-05,415157.733,SPIP-Desember-2025.xlsx
mobile_banking_total_volume,7,Table 7. Proprietary Channel,22,16,Volume Transaksi SMS/Mobile Banking,Ribu Transaksi/  Thousand Transaction ,2021,6,2021-06,451291.398,SPIP-Desember-2025.xlsx
mobile_banking_total_volume,7,Table 7. Proprietary Channel,22,16,Volume Transaksi SMS/Mobile Banking,Ribu Transaksi/  Thousand Transaction ,2021,7,2021-07,470962.90400000004,SPIP-Desember-2025.xlsx
mobile_banking_total_volume,7,Table 7. Proprietary Channel,22,16,Volume Transaksi SMS/Mobile Banking,Ribu Transaksi/  Thousand Transaction ,2021,8,2021-08,503141.009,SPIP-Desember-2025.xlsx
mobile_banking_total_volume,7,Table 7. Proprietary Channel,22,16,Volume Transaksi SMS/Mobile Banking,Ribu Transaksi/  Thousand Transaction ,2021,9,2021-09,507119.423,SPIP-Desember-2025.xlsx
mobile_banking_total_volume,7,Table 7. Proprietary Channel,22,16,Volume Transaksi SMS/Mobile Banking,Ribu Transaksi/  Thousand Transaction ,2021,10,2021-10,536531.065,SPIP-Desember-2025.xlsx
mobile_banking_total_volume,7,Table 7. Proprietary Channel,22,16,Volume Transaksi SMS/Mobile Banking,Ribu Transaksi/  Thousand Transaction ,2021,11,2021-11,548144.575,SPIP-Desember-2025.xlsx
mobile_banking_total_volume,7,Table 7. Proprietary Channel,22,16,Volume Transaksi SMS/Mobile Banking,Ribu Transaksi/  Thousand Transaction ,2021,12,2021-12,608673.48,SPIP-Desember-2025.xlsx
mobile_banking_total_volume,7,Table 7. Proprietary Channel,22,16,Volume Transaksi SMS/Mobile Banking,Ribu Transaksi/  Thousand Transaction ,2022,1,2022-01,603622.364,SPIP-Desember-2025.xlsx
mobile_banking_total_volume,7,Table 7. Proprietary Channel,22,16,Volume Transaksi SMS/Mobile Banking,Ribu Transaksi/  Thousand Transaction ,2022,2,2022-02,572454.183,SPIP-Desember-2025.xlsx
mobile_banking_total_volume,7,Table 7. Proprietary Channel,22,16,Volume Transaksi SMS/Mobile Banking,Ribu Transaksi/  Thousand Transaction ,2022,3,2022-03,673073.326,SPIP-Desember-2025.xlsx
mobile_banking_total_volume,7,Table 7. Proprietary Channel,22,16,Volume Transaksi SMS/Mobile Banking,Ribu Transaksi/  Thousand Transaction ,2022,4,2022-04,712670.671,SPIP-Desember-2025.xlsx
mobile_banking_total_volume,7,Table 7. Proprietary Channel,22,16,Volume Transaksi SMS/Mobile Banking,Ribu Transaksi/  Thousand Transaction ,2022,5,2022-05,641783.069,SPIP-Desember-2025.xlsx
mobile_banking_total_volume,7,Table 7. Proprietary Channel,22,16,Volume Transaksi SMS/Mobile Banking,Ribu Transaksi/  Thousand Transaction ,2022,6,2022-06,669897.708,SPIP-Desember-2025.xlsx
mobile_banking_total_volume,7,Table 7. Proprietary Channel,22,16,Volume Transaksi SMS/Mobile Banking,Ribu Transaksi/  Thousand Transaction ,2022,7,2022-07,717190.682,SPIP-Desember-2025.xlsx
mobile_banking_total_volume,7,Table 7. Proprietary Channel,22,16,Volume Transaksi SMS/Mobile Banking,Ribu Transaksi/  Thousand Transaction ,2022,8,2022-08,711858.341,SPIP-Desember-2025.xlsx
mobile_banking_total_volume,7,Table 7. Proprietary Channel,22,16,Volume Transaksi SMS/Mobile Banking,Ribu Transaksi/  Thousand Transaction ,2022,9,2022-09,705725.7450000001,SPIP-Desember-2025.xlsx
mobile_banking_total_volume,7,Table 7. Proprietary Channel,22,16,Volume Transaksi SMS/Mobile Banking,Ribu Transaksi/  Thousand Transaction ,2022,10,2022-10,753886.5,SPIP-Desember-2025.xlsx
mobile_banking_total_volume,7,Table 7. Proprietary Channel,22,16,Volume Transaksi SMS/Mobile Banking,Ribu Transaksi/  Thousand Transaction ,2022,11,2022-11,761274.491,SPIP-Desember-2025.xlsx
mobile_banking_total_volume,7,Table 7. Proprietary Channel,22,16,Volume Transaksi SMS/Mobile Banking,Ribu Transaksi/  Thousand Transaction ,2022,12,2022-12,831499.803,SPIP-Desember-2025.xlsx
mobile_banking_total_volume,7,Table 7. Proprietary Channel,22,16,Volume Transaksi SMS/Mobile Banking,Ribu Transaksi/  Thousand Transaction ,2023,1,2023-01,798277.996,SPIP-Desember-2025.xlsx
mobile_banking_total_volume,7,Table 7. Proprietary Channel,22,16,Volume Transaksi SMS/Mobile Banking,Ribu Transaksi/  Thousand Transaction ,2023,2,2023-02,746605.1109999999,SPIP-Desember-2025.xlsx
mobile_banking_total_volume,7,Table 7. Proprietary Channel,22,16,Volume Transaksi SMS/Mobile Banking,Ribu Transaksi/  Thousand Transaction ,2023,3,2023-03,822088.61,SPIP-Desember-2025.xlsx
mobile_banking_total_volume,7,Table 7. Proprietary Channel,22,16,Volume Transaksi SMS/Mobile Banking,Ribu Transaksi/  Thousand Transaction ,2023,4,2023-04,874736.7100000001,SPIP-Desember-2025.xlsx
mobile_banking_total_volume,7,Table 7. Proprietary Channel,22,16,Volume Transaksi SMS/Mobile Banking,Ribu Transaksi/  Thousand Transaction ,2023,5,2023-05,877122.197,SPIP-Desember-2025.xlsx
mobile_banking_total_volume,7,Table 7. Proprietary Channel,22,16,Volume Transaksi SMS/Mobile Banking,Ribu Transaksi/  Thousand Transaction ,2023,6,2023-06,889277.8530000001,SPIP-Desember-2025.xlsx
mobile_banking_total_volume,7,Table 7. Proprietary Channel,22,16,Volume Transaksi SMS/Mobile Banking,Ribu Transaksi/  Thousand Transaction ,2023,7,2023-07,930278.319,SPIP-Desember-2025.xlsx
mobile_banking_total_volume,7,Table 7. Proprietary Channel,22,16,Volume Transaksi SMS/Mobile Banking,Ribu Transaksi/  Thousand Transaction ,2023,8,2023-08,1219044.284,SPIP-Desember-2025.xlsx
mobile_banking_total_volume,7,Table 7. Proprietary Channel,22,16,Volume Transaksi SMS/Mobile Banking,Ribu Transaksi/  Thousand Transaction ,2023,9,2023-09,1210955.701,SPIP-Desember-2025.xlsx
mobile_banking_total_volume,7,Table 7. Proprietary Channel,22,16,Volume Transaksi SMS/Mobile Banking,Ribu Transaksi/  Thousand Transaction ,2023,10,2023-10,1264093.9139999999,SPIP-Desember-2025.xlsx
mobile_banking_total_volume,7,Table 7. Proprietary Channel,22,16,Volume Transaksi SMS/Mobile Banking,Ribu Transaksi/  Thousand Transaction ,2023,11,2023-11,1296141.6689999998,SPIP-Desember-2025.xlsx
mobile_banking_total_volume,7,Table 7. Proprietary Channel,22,16,Volume Transaksi SMS/Mobile Banking,Ribu Transaksi/  Thousand Transaction ,2023,12,2023-12,1405413.9479999999,SPIP-Desember-2025.xlsx
mobile_banking_total_volume,7,Table 7. Proprietary Channel,22,16,Volume Transaksi SMS/Mobile Banking,Ribu Transaksi/  Thousand Transaction ,2024,1,2024-01,1406520.263,SPIP-Desember-2025.xlsx
mobile_banking_total_volume,7,Table 7. Proprietary Channel,22,16,Volume Transaksi SMS/Mobile Banking,Ribu Transaksi/  Thousand Transaction ,2024,2,2024-02,1381402.7640000002,SPIP-Desember-2025.xlsx
mobile_banking_total_volume,7,Table 7. Proprietary Channel,22,16,Volume Transaksi SMS/Mobile Banking,Ribu Transaksi/  Thousand Transaction ,2024,3,2024-03,1559480.919,SPIP-Desember-2025.xlsx
mobile_banking_total_volume,7,Table 7. Proprietary Channel,22,16,Volume Transaksi SMS/Mobile Banking,Ribu Transaksi/  Thousand Transaction ,2024,4,2024-04,1483717.818,SPIP-Desember-2025.xlsx
mobile_banking_total_volume,7,Table 7. Proprietary Channel,22,16,Volume Transaksi SMS/Mobile Banking,Ribu Transaksi/  Thousand Transaction ,2024,5,2024-05,1609621.948,SPIP-Desember-2025.xlsx
mobile_banking_total_volume,7,Table 7. Proprietary Channel,22,16,Volume Transaksi SMS/Mobile Banking,Ribu Transaksi/  Thousand Transaction ,2024,6,2024-06,1585233.689,SPIP-Desember-2025.xlsx
mobile_banking_total_volume,7,Table 7. Proprietary Channel,22,16,Volume Transaksi SMS/Mobile Banking,Ribu Transaksi/  Thousand Transaction ,2024,7,2024-07,1651410.394,SPIP-Desember-2025.xlsx
mobile_banking_total_volume,7,Table 7. Proprietary Channel,22,16,Volume Transaksi SMS/Mobile Banking,Ribu Transaksi/  Thousand Transaction ,2024,8,2024-08,1696079.16,SPIP-Desember-2025.xlsx
mobile_banking_total_volume,7,Table 7. Proprietary Channel,22,16,Volume Transaksi SMS/Mobile Banking,Ribu Transaksi/  Thousand Transaction ,2024,9,2024-09,1726401.173,SPIP-Desember-2025.xlsx
mobile_banking_total_volume,7,Table 7. Proprietary Channel,22,16,Volume Transaksi SMS/Mobile Banking,Ribu Transaksi/  Thousand Transaction ,2024,10,2024-10,1822971.193,SPIP-Desember-2025.xlsx
mobile_banking_total_volume,7,Table 7. Proprietary Channel,22,16,Volume Transaksi SMS/Mobile Banking,Ribu Transaksi/  Thousand Transaction ,2024,11,2024-11,1760234.0480000002,SPIP-Desember-2025.xlsx
mobile_banking_total_volume,7,Table 7. Proprietary Channel,22,16,Volume Transaksi SMS/Mobile Banking,Ribu Transaksi/  Thousand Transaction ,2024,12,2024-12,1867588.2449999999,SPIP-Desember-2025.xlsx
mobile_banking_total_volume,7,Table 7. Proprietary Channel,22,16,Volume Transaksi SMS/Mobile Banking,Ribu Transaksi/  Thousand Transaction ,2025,1,2025-01,1787688.2989999999,SPIP-Desember-2025.xlsx
mobile_banking_total_volume,7,Table 7. Proprietary Channel,22,16,Volume Transaksi SMS/Mobile Banking,Ribu Transaksi/  Thousand Transaction ,2025,2,2025-02,1719275.6460000002,SPIP-Desember-2025.xlsx
mobile_banking_total_volume,7,Table 7. Proprietary Channel,22,16,Volume Transaksi SMS/Mobile Banking,Ribu Transaksi/  Thousand Transaction ,2025,3,2025-03,2067516.099,SPIP-Desember-2025.xlsx
mobile_banking_total_volume,7,Table 7. Proprietary Channel,22,16,Volume Transaksi SMS/Mobile Banking,Ribu Transaksi/  Thousand Transaction ,2025,4,2025-04,1812882.901,SPIP-Desember-2025.xlsx
mobile_banking_total_volume,7,Table 7. Proprietary Channel,22,16,Volume Transaksi SMS/Mobile Banking,Ribu Transaksi/  Thousand Transaction ,2025,5,2025-05,2067686.454,SPIP-Desember-2025.xlsx
mobile_banking_total_volume,7,Table 7. Proprietary Channel,22,16,Volume Transaksi SMS/Mobile Banking,Ribu Transaksi/  Thousand Transaction ,2025,6,2025-06,2055496.392,SPIP-Desember-2025.xlsx
mobile_banking_total_volume,7,Table 7. Proprietary Channel,22,16,Volume Transaksi SMS/Mobile Banking,Ribu Transaksi/  Thousand Transaction ,2025,7,2025-07,2194163.843,SPIP-Desember-2025.xlsx
mobile_banking_total_volume,7,Table 7. Proprietary Channel,22,16,Volume Transaksi SMS/Mobile Banking,Ribu Transaksi/  Thousand Transaction ,2025,8,2025-08,2210684.091,SPIP-Desember-2025.xlsx
mobile_banking_total_volume,7,Table 7. Proprietary Channel,22,16,Volume Transaksi SMS/Mobile Banking,Ribu Transaksi/  Thousand Transaction ,2025,9,2025-09,2198704.171,SPIP-Desember-2025.xlsx
mobile_banking_total_volume,7,Table 7. Proprietary Channel,22,16,Volume Transaksi SMS/Mobile Banking,Ribu Transaksi/  Thousand Transaction ,2025,10,2025-10,2380264.905,SPIP-Desember-2025.xlsx
mobile_banking_total_volume,7,Table 7. Proprietary Channel,22,16,Volume Transaksi SMS/Mobile Banking,Ribu Transaksi/  Thousand Transaction ,2025,11,2025-11,2365894.1229999997,SPIP-Desember-2025.xlsx
mobile_banking_payment_purchase_volume,7,Table 7. Proprietary Channel,23,17,Transaksi Pembayaran/Pembelian,Ribu Transaksi/  Thousand Transaction ,2018,8,2018-08,89027.693,SPIP-Desember-2025.xlsx
mobile_banking_payment_purchase_volume,7,Table 7. Proprietary Channel,23,17,Transaksi Pembayaran/Pembelian,Ribu Transaksi/  Thousand Transaction ,2018,9,2018-09,100976.593,SPIP-Desember-2025.xlsx
mobile_banking_payment_purchase_volume,7,Table 7. Proprietary Channel,23,17,Transaksi Pembayaran/Pembelian,Ribu Transaksi/  Thousand Transaction ,2018,10,2018-10,102026.55,SPIP-Desember-2025.xlsx
mobile_banking_payment_purchase_volume,7,Table 7. Proprietary Channel,23,17,Transaksi Pembayaran/Pembelian,Ribu Transaksi/  Thousand Transaction ,2018,11,2018-11,103807.839,SPIP-Desember-2025.xlsx
mobile_banking_payment_purchase_volume,7,Table 7. Proprietary Channel,23,17,Transaksi Pembayaran/Pembelian,Ribu Transaksi/  Thousand Transaction ,2018,12,2018-12,114140.455,SPIP-Desember-2025.xlsx
mobile_banking_payment_purchase_volume,7,Table 7. Proprietary Channel,23,17,Transaksi Pembayaran/Pembelian,Ribu Transaksi/  Thousand Transaction ,2019,1,2019-01,82499.308,SPIP-Desember-2025.xlsx
mobile_banking_payment_purchase_volume,7,Table 7. Proprietary Channel,23,17,Transaksi Pembayaran/Pembelian,Ribu Transaksi/  Thousand Transaction ,2019,2,2019-02,79178.864,SPIP-Desember-2025.xlsx
mobile_banking_payment_purchase_volume,7,Table 7. Proprietary Channel,23,17,Transaksi Pembayaran/Pembelian,Ribu Transaksi/  Thousand Transaction ,2019,3,2019-03,36235.342,SPIP-Desember-2025.xlsx
mobile_banking_payment_purchase_volume,7,Table 7. Proprietary Channel,23,17,Transaksi Pembayaran/Pembelian,Ribu Transaksi/  Thousand Transaction ,2019,4,2019-04,37777.146,SPIP-Desember-2025.xlsx
mobile_banking_payment_purchase_volume,7,Table 7. Proprietary Channel,23,17,Transaksi Pembayaran/Pembelian,Ribu Transaksi/  Thousand Transaction ,2019,5,2019-05,42207.157,SPIP-Desember-2025.xlsx
mobile_banking_payment_purchase_volume,7,Table 7. Proprietary Channel,23,17,Transaksi Pembayaran/Pembelian,Ribu Transaksi/  Thousand Transaction ,2019,6,2019-06,36651.408,SPIP-Desember-2025.xlsx
mobile_banking_payment_purchase_volume,7,Table 7. Proprietary Channel,23,17,Transaksi Pembayaran/Pembelian,Ribu Transaksi/  Thousand Transaction ,2019,7,2019-07,42243.372,SPIP-Desember-2025.xlsx
mobile_banking_payment_purchase_volume,7,Table 7. Proprietary Channel,23,17,Transaksi Pembayaran/Pembelian,Ribu Transaksi/  Thousand Transaction ,2019,8,2019-08,40831.413,SPIP-Desember-2025.xlsx
mobile_banking_payment_purchase_volume,7,Table 7. Proprietary Channel,23,17,Transaksi Pembayaran/Pembelian,Ribu Transaksi/  Thousand Transaction ,2019,9,2019-09,37093.688,SPIP-Desember-2025.xlsx
mobile_banking_payment_purchase_volume,7,Table 7. Proprietary Channel,23,17,Transaksi Pembayaran/Pembelian,Ribu Transaksi/  Thousand Transaction ,2019,10,2019-10,49099.831,SPIP-Desember-2025.xlsx
mobile_banking_payment_purchase_volume,7,Table 7. Proprietary Channel,23,17,Transaksi Pembayaran/Pembelian,Ribu Transaksi/  Thousand Transaction ,2019,11,2019-11,50531.321,SPIP-Desember-2025.xlsx
mobile_banking_payment_purchase_volume,7,Table 7. Proprietary Channel,23,17,Transaksi Pembayaran/Pembelian,Ribu Transaksi/  Thousand Transaction ,2019,12,2019-12,55052.759,SPIP-Desember-2025.xlsx
mobile_banking_payment_purchase_volume,7,Table 7. Proprietary Channel,23,17,Transaksi Pembayaran/Pembelian,Ribu Transaksi/  Thousand Transaction ,2020,1,2020-01,50318.768,SPIP-Desember-2025.xlsx
mobile_banking_payment_purchase_volume,7,Table 7. Proprietary Channel,23,17,Transaksi Pembayaran/Pembelian,Ribu Transaksi/  Thousand Transaction ,2020,2,2020-02,47970.553,SPIP-Desember-2025.xlsx
mobile_banking_payment_purchase_volume,7,Table 7. Proprietary Channel,23,17,Transaksi Pembayaran/Pembelian,Ribu Transaksi/  Thousand Transaction ,2020,3,2020-03,52601.556,SPIP-Desember-2025.xlsx
mobile_banking_payment_purchase_volume,7,Table 7. Proprietary Channel,23,17,Transaksi Pembayaran/Pembelian,Ribu Transaksi/  Thousand Transaction ,2020,4,2020-04,49797.429,SPIP-Desember-2025.xlsx
mobile_banking_payment_purchase_volume,7,Table 7. Proprietary Channel,23,17,Transaksi Pembayaran/Pembelian,Ribu Transaksi/  Thousand Transaction ,2020,5,2020-05,54188.679,SPIP-Desember-2025.xlsx
mobile_banking_payment_purchase_volume,7,Table 7. Proprietary Channel,23,17,Transaksi Pembayaran/Pembelian,Ribu Transaksi/  Thousand Transaction ,2020,6,2020-06,54190.485,SPIP-Desember-2025.xlsx
mobile_banking_payment_purchase_volume,7,Table 7. Proprietary Channel,23,17,Transaksi Pembayaran/Pembelian,Ribu Transaksi/  Thousand Transaction ,2020,7,2020-07,55313.195,SPIP-Desember-2025.xlsx
mobile_banking_payment_purchase_volume,7,Table 7. Proprietary Channel,23,17,Transaksi Pembayaran/Pembelian,Ribu Transaksi/  Thousand Transaction ,2020,8,2020-08,58983.648,SPIP-Desember-2025.xlsx
mobile_banking_payment_purchase_volume,7,Table 7. Proprietary Channel,23,17,Transaksi Pembayaran/Pembelian,Ribu Transaksi/  Thousand Transaction ,2020,9,2020-09,56864.456,SPIP-Desember-2025.xlsx
mobile_banking_payment_purchase_volume,7,Table 7. Proprietary Channel,23,17,Transaksi Pembayaran/Pembelian,Ribu Transaksi/  Thousand Transaction ,2020,10,2020-10,59329.541,SPIP-Desember-2025.xlsx
mobile_banking_payment_purchase_volume,7,Table 7. Proprietary Channel,23,17,Transaksi Pembayaran/Pembelian,Ribu Transaksi/  Thousand Transaction ,2020,11,2020-11,62631.49,SPIP-Desember-2025.xlsx
mobile_banking_payment_purchase_volume,7,Table 7. Proprietary Channel,23,17,Transaksi Pembayaran/Pembelian,Ribu Transaksi/  Thousand Transaction ,2020,12,2020-12,65990.875,SPIP-Desember-2025.xlsx
mobile_banking_payment_purchase_volume,7,Table 7. Proprietary Channel,23,17,Transaksi Pembayaran/Pembelian,Ribu Transaksi/  Thousand Transaction ,2021,1,2021-01,63364.691,SPIP-Desember-2025.xlsx
mobile_banking_payment_purchase_volume,7,Table 7. Proprietary Channel,23,17,Transaksi Pembayaran/Pembelian,Ribu Transaksi/  Thousand Transaction ,2021,2,2021-02,64682.056,SPIP-Desember-2025.xlsx
mobile_banking_payment_purchase_volume,7,Table 7. Proprietary Channel,23,17,Transaksi Pembayaran/Pembelian,Ribu Transaksi/  Thousand Transaction ,2021,3,2021-03,67511.53,SPIP-Desember-2025.xlsx
mobile_banking_payment_purchase_volume,7,Table 7. Proprietary Channel,23,17,Transaksi Pembayaran/Pembelian,Ribu Transaksi/  Thousand Transaction ,2021,4,2021-04,71925.096,SPIP-Desember-2025.xlsx
mobile_banking_payment_purchase_volume,7,Table 7. Proprietary Channel,23,17,Transaksi Pembayaran/Pembelian,Ribu Transaksi/  Thousand Transaction ,2021,5,2021-05,70584.762,SPIP-Desember-2025.xlsx
mobile_banking_payment_purchase_volume,7,Table 7. Proprietary Channel,23,17,Transaksi Pembayaran/Pembelian,Ribu Transaksi/  Thousand Transaction ,2021,6,2021-06,77780.338,SPIP-Desember-2025.xlsx
mobile_banking_payment_purchase_volume,7,Table 7. Proprietary Channel,23,17,Transaksi Pembayaran/Pembelian,Ribu Transaksi/  Thousand Transaction ,2021,7,2021-07,80781.087,SPIP-Desember-2025.xlsx
mobile_banking_payment_purchase_volume,7,Table 7. Proprietary Channel,23,17,Transaksi Pembayaran/Pembelian,Ribu Transaksi/  Thousand Transaction ,2021,8,2021-08,81239.16,SPIP-Desember-2025.xlsx
mobile_banking_payment_purchase_volume,7,Table 7. Proprietary Channel,23,17,Transaksi Pembayaran/Pembelian,Ribu Transaksi/  Thousand Transaction ,2021,9,2021-09,87959.634,SPIP-Desember-2025.xlsx
mobile_banking_payment_purchase_volume,7,Table 7. Proprietary Channel,23,17,Transaksi Pembayaran/Pembelian,Ribu Transaksi/  Thousand Transaction ,2021,10,2021-10,92017.264,SPIP-Desember-2025.xlsx
mobile_banking_payment_purchase_volume,7,Table 7. Proprietary Channel,23,17,Transaksi Pembayaran/Pembelian,Ribu Transaksi/  Thousand Transaction ,2021,11,2021-11,93857.61,SPIP-Desember-2025.xlsx
mobile_banking_payment_purchase_volume,7,Table 7. Proprietary Channel,23,17,Transaksi Pembayaran/Pembelian,Ribu Transaksi/  Thousand Transaction ,2021,12,2021-12,103375.744,SPIP-Desember-2025.xlsx
mobile_banking_payment_purchase_volume,7,Table 7. Proprietary Channel,23,17,Transaksi Pembayaran/Pembelian,Ribu Transaksi/  Thousand Transaction ,2022,1,2022-01,102025.78,SPIP-Desember-2025.xlsx
mobile_banking_payment_purchase_volume,7,Table 7. Proprietary Channel,23,17,Transaksi Pembayaran/Pembelian,Ribu Transaksi/  Thousand Transaction ,2022,2,2022-02,82160.655,SPIP-Desember-2025.xlsx
mobile_banking_payment_purchase_volume,7,Table 7. Proprietary Channel,23,17,Transaksi Pembayaran/Pembelian,Ribu Transaksi/  Thousand Transaction ,2022,3,2022-03,110033.874,SPIP-Desember-2025.xlsx
mobile_banking_payment_purchase_volume,7,Table 7. Proprietary Channel,23,17,Transaksi Pembayaran/Pembelian,Ribu Transaksi/  Thousand Transaction ,2022,4,2022-04,120741.372,SPIP-Desember-2025.xlsx
mobile_banking_payment_purchase_volume,7,Table 7. Proprietary Channel,23,17,Transaksi Pembayaran/Pembelian,Ribu Transaksi/  Thousand Transaction ,2022,5,2022-05,116469.719,SPIP-Desember-2025.xlsx
mobile_banking_payment_purchase_volume,7,Table 7. Proprietary Channel,23,17,Transaksi Pembayaran/Pembelian,Ribu Transaksi/  Thousand Transaction ,2022,6,2022-06,120525.963,SPIP-Desember-2025.xlsx
mobile_banking_payment_purchase_volume,7,Table 7. Proprietary Channel,23,17,Transaksi Pembayaran/Pembelian,Ribu Transaksi/  Thousand Transaction ,2022,7,2022-07,128604.827,SPIP-Desember-2025.xlsx
mobile_banking_payment_purchase_volume,7,Table 7. Proprietary Channel,23,17,Transaksi Pembayaran/Pembelian,Ribu Transaksi/  Thousand Transaction ,2022,8,2022-08,126259.48,SPIP-Desember-2025.xlsx
mobile_banking_payment_purchase_volume,7,Table 7. Proprietary Channel,23,17,Transaksi Pembayaran/Pembelian,Ribu Transaksi/  Thousand Transaction ,2022,9,2022-09,129883.545,SPIP-Desember-2025.xlsx
mobile_banking_payment_purchase_volume,7,Table 7. Proprietary Channel,23,17,Transaksi Pembayaran/Pembelian,Ribu Transaksi/  Thousand Transaction ,2022,10,2022-10,139918.7,SPIP-Desember-2025.xlsx
mobile_banking_payment_purchase_volume,7,Table 7. Proprietary Channel,23,17,Transaksi Pembayaran/Pembelian,Ribu Transaksi/  Thousand Transaction ,2022,11,2022-11,141110.78,SPIP-Desember-2025.xlsx
mobile_banking_payment_purchase_volume,7,Table 7. Proprietary Channel,23,17,Transaksi Pembayaran/Pembelian,Ribu Transaksi/  Thousand Transaction ,2022,12,2022-12,158007,SPIP-Desember-2025.xlsx
mobile_banking_payment_purchase_volume,7,Table 7. Proprietary Channel,23,17,Transaksi Pembayaran/Pembelian,Ribu Transaksi/  Thousand Transaction ,2023,1,2023-01,153158.513,SPIP-Desember-2025.xlsx
mobile_banking_payment_purchase_volume,7,Table 7. Proprietary Channel,23,17,Transaksi Pembayaran/Pembelian,Ribu Transaksi/  Thousand Transaction ,2023,2,2023-02,145062.058,SPIP-Desember-2025.xlsx
mobile_banking_payment_purchase_volume,7,Table 7. Proprietary Channel,23,17,Transaksi Pembayaran/Pembelian,Ribu Transaksi/  Thousand Transaction ,2023,3,2023-03,153875.55,SPIP-Desember-2025.xlsx
mobile_banking_payment_purchase_volume,7,Table 7. Proprietary Channel,23,17,Transaksi Pembayaran/Pembelian,Ribu Transaksi/  Thousand Transaction ,2023,4,2023-04,176898.38,SPIP-Desember-2025.xlsx
mobile_banking_payment_purchase_volume,7,Table 7. Proprietary Channel,23,17,Transaksi Pembayaran/Pembelian,Ribu Transaksi/  Thousand Transaction ,2023,5,2023-05,174214.172,SPIP-Desember-2025.xlsx
mobile_banking_payment_purchase_volume,7,Table 7. Proprietary Channel,23,17,Transaksi Pembayaran/Pembelian,Ribu Transaksi/  Thousand Transaction ,2023,6,2023-06,176528.089,SPIP-Desember-2025.xlsx
mobile_banking_payment_purchase_volume,7,Table 7. Proprietary Channel,23,17,Transaksi Pembayaran/Pembelian,Ribu Transaksi/  Thousand Transaction ,2023,7,2023-07,186130.262,SPIP-Desember-2025.xlsx
mobile_banking_payment_purchase_volume,7,Table 7. Proprietary Channel,23,17,Transaksi Pembayaran/Pembelian,Ribu Transaksi/  Thousand Transaction ,2023,8,2023-08,294066.629,SPIP-Desember-2025.xlsx
mobile_banking_payment_purchase_volume,7,Table 7. Proprietary Channel,23,17,Transaksi Pembayaran/Pembelian,Ribu Transaksi/  Thousand Transaction ,2023,9,2023-09,307251.05,SPIP-Desember-2025.xlsx
mobile_banking_payment_purchase_volume,7,Table 7. Proprietary Channel,23,17,Transaksi Pembayaran/Pembelian,Ribu Transaksi/  Thousand Transaction ,2023,10,2023-10,325370.638,SPIP-Desember-2025.xlsx
mobile_banking_payment_purchase_volume,7,Table 7. Proprietary Channel,23,17,Transaksi Pembayaran/Pembelian,Ribu Transaksi/  Thousand Transaction ,2023,11,2023-11,335108.167,SPIP-Desember-2025.xlsx
mobile_banking_payment_purchase_volume,7,Table 7. Proprietary Channel,23,17,Transaksi Pembayaran/Pembelian,Ribu Transaksi/  Thousand Transaction ,2023,12,2023-12,371800.996,SPIP-Desember-2025.xlsx
mobile_banking_payment_purchase_volume,7,Table 7. Proprietary Channel,23,17,Transaksi Pembayaran/Pembelian,Ribu Transaksi/  Thousand Transaction ,2024,1,2024-01,383884.55,SPIP-Desember-2025.xlsx
mobile_banking_payment_purchase_volume,7,Table 7. Proprietary Channel,23,17,Transaksi Pembayaran/Pembelian,Ribu Transaksi/  Thousand Transaction ,2024,2,2024-02,387692.681,SPIP-Desember-2025.xlsx
mobile_banking_payment_purchase_volume,7,Table 7. Proprietary Channel,23,17,Transaksi Pembayaran/Pembelian,Ribu Transaksi/  Thousand Transaction ,2024,3,2024-03,443104.966,SPIP-Desember-2025.xlsx
mobile_banking_payment_purchase_volume,7,Table 7. Proprietary Channel,23,17,Transaksi Pembayaran/Pembelian,Ribu Transaksi/  Thousand Transaction ,2024,4,2024-04,442466.768,SPIP-Desember-2025.xlsx
mobile_banking_payment_purchase_volume,7,Table 7. Proprietary Channel,23,17,Transaksi Pembayaran/Pembelian,Ribu Transaksi/  Thousand Transaction ,2024,5,2024-05,493623.461,SPIP-Desember-2025.xlsx
mobile_banking_payment_purchase_volume,7,Table 7. Proprietary Channel,23,17,Transaksi Pembayaran/Pembelian,Ribu Transaksi/  Thousand Transaction ,2024,6,2024-06,496787.254,SPIP-Desember-2025.xlsx
mobile_banking_payment_purchase_volume,7,Table 7. Proprietary Channel,23,17,Transaksi Pembayaran/Pembelian,Ribu Transaksi/  Thousand Transaction ,2024,7,2024-07,528171.866,SPIP-Desember-2025.xlsx
mobile_banking_payment_purchase_volume,7,Table 7. Proprietary Channel,23,17,Transaksi Pembayaran/Pembelian,Ribu Transaksi/  Thousand Transaction ,2024,8,2024-08,553452.739,SPIP-Desember-2025.xlsx
mobile_banking_payment_purchase_volume,7,Table 7. Proprietary Channel,23,17,Transaksi Pembayaran/Pembelian,Ribu Transaksi/  Thousand Transaction ,2024,9,2024-09,589831.684,SPIP-Desember-2025.xlsx
mobile_banking_payment_purchase_volume,7,Table 7. Proprietary Channel,23,17,Transaksi Pembayaran/Pembelian,Ribu Transaksi/  Thousand Transaction ,2024,10,2024-10,633749.269,SPIP-Desember-2025.xlsx
mobile_banking_payment_purchase_volume,7,Table 7. Proprietary Channel,23,17,Transaksi Pembayaran/Pembelian,Ribu Transaksi/  Thousand Transaction ,2024,11,2024-11,619661.003,SPIP-Desember-2025.xlsx
mobile_banking_payment_purchase_volume,7,Table 7. Proprietary Channel,23,17,Transaksi Pembayaran/Pembelian,Ribu Transaksi/  Thousand Transaction ,2024,12,2024-12,665899.453,SPIP-Desember-2025.xlsx
mobile_banking_payment_purchase_volume,7,Table 7. Proprietary Channel,23,17,Transaksi Pembayaran/Pembelian,Ribu Transaksi/  Thousand Transaction ,2025,1,2025-01,645774.124,SPIP-Desember-2025.xlsx
mobile_banking_payment_purchase_volume,7,Table 7. Proprietary Channel,23,17,Transaksi Pembayaran/Pembelian,Ribu Transaksi/  Thousand Transaction ,2025,2,2025-02,627502.984,SPIP-Desember-2025.xlsx
mobile_banking_payment_purchase_volume,7,Table 7. Proprietary Channel,23,17,Transaksi Pembayaran/Pembelian,Ribu Transaksi/  Thousand Transaction ,2025,3,2025-03,750721.926,SPIP-Desember-2025.xlsx
mobile_banking_payment_purchase_volume,7,Table 7. Proprietary Channel,23,17,Transaksi Pembayaran/Pembelian,Ribu Transaksi/  Thousand Transaction ,2025,4,2025-04,717434.969,SPIP-Desember-2025.xlsx
mobile_banking_payment_purchase_volume,7,Table 7. Proprietary Channel,23,17,Transaksi Pembayaran/Pembelian,Ribu Transaksi/  Thousand Transaction ,2025,5,2025-05,822772.04,SPIP-Desember-2025.xlsx
mobile_banking_payment_purchase_volume,7,Table 7. Proprietary Channel,23,17,Transaksi Pembayaran/Pembelian,Ribu Transaksi/  Thousand Transaction ,2025,6,2025-06,831242.114,SPIP-Desember-2025.xlsx
mobile_banking_payment_purchase_volume,7,Table 7. Proprietary Channel,23,17,Transaksi Pembayaran/Pembelian,Ribu Transaksi/  Thousand Transaction ,2025,7,2025-07,897295.773,SPIP-Desember-2025.xlsx
mobile_banking_payment_purchase_volume,7,Table 7. Proprietary Channel,23,17,Transaksi Pembayaran/Pembelian,Ribu Transaksi/  Thousand Transaction ,2025,8,2025-08,912352.391,SPIP-Desember-2025.xlsx
mobile_banking_payment_purchase_volume,7,Table 7. Proprietary Channel,23,17,Transaksi Pembayaran/Pembelian,Ribu Transaksi/  Thousand Transaction ,2025,9,2025-09,917039.678,SPIP-Desember-2025.xlsx
mobile_banking_payment_purchase_volume,7,Table 7. Proprietary Channel,23,17,Transaksi Pembayaran/Pembelian,Ribu Transaksi/  Thousand Transaction ,2025,10,2025-10,1006925.921,SPIP-Desember-2025.xlsx
mobile_banking_payment_purchase_volume,7,Table 7. Proprietary Channel,23,17,Transaksi Pembayaran/Pembelian,Ribu Transaksi/  Thousand Transaction ,2025,11,2025-11,1015833.568,SPIP-Desember-2025.xlsx
mobile_banking_total_value,7,Table 7. Proprietary Channel,26,20,Nilai Transaksi SMS/Mobile Banking,Rp Miliar/ Billions of Rp,2012,10,2012-10,89679.74761,SPIP-Desember-2025.xlsx
mobile_banking_total_value,7,Table 7. Proprietary Channel,26,20,Nilai Transaksi SMS/Mobile Banking,Rp Miliar/ Billions of Rp,2012,11,2012-11,35009.0355,SPIP-Desember-2025.xlsx
mobile_banking_total_value,7,Table 7. Proprietary Channel,26,20,Nilai Transaksi SMS/Mobile Banking,Rp Miliar/ Billions of Rp,2012,12,2012-12,35003.2935,SPIP-Desember-2025.xlsx
mobile_banking_total_value,7,Table 7. Proprietary Channel,26,20,Nilai Transaksi SMS/Mobile Banking,Rp Miliar/ Billions of Rp,2013,1,2013-01,38042.282754048,SPIP-Desember-2025.xlsx
mobile_banking_total_value,7,Table 7. Proprietary Channel,26,20,Nilai Transaksi SMS/Mobile Banking,Rp Miliar/ Billions of Rp,2013,2,2013-02,34513.142939648,SPIP-Desember-2025.xlsx
mobile_banking_total_value,7,Table 7. Proprietary Channel,26,20,Nilai Transaksi SMS/Mobile Banking,Rp Miliar/ Billions of Rp,2013,3,2013-03,35166.862966784,SPIP-Desember-2025.xlsx
mobile_banking_total_value,7,Table 7. Proprietary Channel,26,20,Nilai Transaksi SMS/Mobile Banking,Rp Miliar/ Billions of Rp,2013,4,2013-04,39476.495646719995,SPIP-Desember-2025.xlsx
mobile_banking_total_value,7,Table 7. Proprietary Channel,26,20,Nilai Transaksi SMS/Mobile Banking,Rp Miliar/ Billions of Rp,2013,5,2013-05,40685.709295616,SPIP-Desember-2025.xlsx
mobile_banking_total_value,7,Table 7. Proprietary Channel,26,20,Nilai Transaksi SMS/Mobile Banking,Rp Miliar/ Billions of Rp,2013,6,2013-06,40760.208523263995,SPIP-Desember-2025.xlsx
mobile_banking_total_value,7,Table 7. Proprietary Channel,26,20,Nilai Transaksi SMS/Mobile Banking,Rp Miliar/ Billions of Rp,2013,7,2013-07,44589.10056448,SPIP-Desember-2025.xlsx
mobile_banking_total_value,7,Table 7. Proprietary Channel,26,20,Nilai Transaksi SMS/Mobile Banking,Rp Miliar/ Billions of Rp,2013,8,2013-08,34320.376922111995,SPIP-Desember-2025.xlsx
mobile_banking_total_value,7,Table 7. Proprietary Channel,26,20,Nilai Transaksi SMS/Mobile Banking,Rp Miliar/ Billions of Rp,2013,9,2013-09,42283.802034176,SPIP-Desember-2025.xlsx
mobile_banking_total_value,7,Table 7. Proprietary Channel,26,20,Nilai Transaksi SMS/Mobile Banking,Rp Miliar/ Billions of Rp,2013,10,2013-10,43488.246759424,SPIP-Desember-2025.xlsx
mobile_banking_total_value,7,Table 7. Proprietary Channel,26,20,Nilai Transaksi SMS/Mobile Banking,Rp Miliar/ Billions of Rp,2013,11,2013-11,44877.790314496,SPIP-Desember-2025.xlsx
mobile_banking_total_value,7,Table 7. Proprietary Channel,26,20,Nilai Transaksi SMS/Mobile Banking,Rp Miliar/ Billions of Rp,2013,12,2013-12,48075.682873344,SPIP-Desember-2025.xlsx
mobile_banking_total_value,7,Table 7. Proprietary Channel,26,20,Nilai Transaksi SMS/Mobile Banking,Rp Miliar/ Billions of Rp,2014,1,2014-01,48205.916012544,SPIP-Desember-2025.xlsx
mobile_banking_total_value,7,Table 7. Proprietary Channel,26,20,Nilai Transaksi SMS/Mobile Banking,Rp Miliar/ Billions of Rp,2014,2,2014-02,45955.495755776,SPIP-Desember-2025.xlsx
mobile_banking_total_value,7,Table 7. Proprietary Channel,26,20,Nilai Transaksi SMS/Mobile Banking,Rp Miliar/ Billions of Rp,2014,3,2014-03,50992.5654528,SPIP-Desember-2025.xlsx
mobile_banking_total_value,7,Table 7. Proprietary Channel,26,20,Nilai Transaksi SMS/Mobile Banking,Rp Miliar/ Billions of Rp,2014,4,2014-04,50564.402511871995,SPIP-Desember-2025.xlsx
mobile_banking_total_value,7,Table 7. Proprietary Channel,26,20,Nilai Transaksi SMS/Mobile Banking,Rp Miliar/ Billions of Rp,2014,5,2014-05,54026.875961344,SPIP-Desember-2025.xlsx
mobile_banking_total_value,7,Table 7. Proprietary Channel,26,20,Nilai Transaksi SMS/Mobile Banking,Rp Miliar/ Billions of Rp,2014,6,2014-06,56148.744994816,SPIP-Desember-2025.xlsx
mobile_banking_total_value,7,Table 7. Proprietary Channel,26,20,Nilai Transaksi SMS/Mobile Banking,Rp Miliar/ Billions of Rp,2014,7,2014-07,55941.785452544005,SPIP-Desember-2025.xlsx
mobile_banking_total_value,7,Table 7. Proprietary Channel,26,20,Nilai Transaksi SMS/Mobile Banking,Rp Miliar/ Billions of Rp,2014,8,2014-08,53392.353263616,SPIP-Desember-2025.xlsx
mobile_banking_total_value,7,Table 7. Proprietary Channel,26,20,Nilai Transaksi SMS/Mobile Banking,Rp Miliar/ Billions of Rp,2014,9,2014-09,58630.216876032,SPIP-Desember-2025.xlsx
mobile_banking_total_value,7,Table 7. Proprietary Channel,26,20,Nilai Transaksi SMS/Mobile Banking,Rp Miliar/ Billions of Rp,2014,10,2014-10,60037.83368704,SPIP-Desember-2025.xlsx
mobile_banking_total_value,7,Table 7. Proprietary Channel,26,20,Nilai Transaksi SMS/Mobile Banking,Rp Miliar/ Billions of Rp,2014,11,2014-11,60901.591875584,SPIP-Desember-2025.xlsx
mobile_banking_total_value,7,Table 7. Proprietary Channel,26,20,Nilai Transaksi SMS/Mobile Banking,Rp Miliar/ Billions of Rp,2014,12,2014-12,68715.651530752,SPIP-Desember-2025.xlsx
mobile_banking_total_value,7,Table 7. Proprietary Channel,26,20,Nilai Transaksi SMS/Mobile Banking,Rp Miliar/ Billions of Rp,2015,1,2015-01,61656.528846848,SPIP-Desember-2025.xlsx
mobile_banking_total_value,7,Table 7. Proprietary Channel,26,20,Nilai Transaksi SMS/Mobile Banking,Rp Miliar/ Billions of Rp,2015,2,2015-02,54996.880064512,SPIP-Desember-2025.xlsx
mobile_banking_total_value,7,Table 7. Proprietary Channel,26,20,Nilai Transaksi SMS/Mobile Banking,Rp Miliar/ Billions of Rp,2015,3,2015-03,64584.803155968,SPIP-Desember-2025.xlsx
mobile_banking_total_value,7,Table 7. Proprietary Channel,26,20,Nilai Transaksi SMS/Mobile Banking,Rp Miliar/ Billions of Rp,2015,4,2015-04,63871.066832896,SPIP-Desember-2025.xlsx
mobile_banking_total_value,7,Table 7. Proprietary Channel,26,20,Nilai Transaksi SMS/Mobile Banking,Rp Miliar/ Billions of Rp,2015,5,2015-05,68505.613369344,SPIP-Desember-2025.xlsx
mobile_banking_total_value,7,Table 7. Proprietary Channel,26,20,Nilai Transaksi SMS/Mobile Banking,Rp Miliar/ Billions of Rp,2015,6,2015-06,69634.963275776,SPIP-Desember-2025.xlsx
mobile_banking_total_value,7,Table 7. Proprietary Channel,26,20,Nilai Transaksi SMS/Mobile Banking,Rp Miliar/ Billions of Rp,2015,7,2015-07,65542.94157312,SPIP-Desember-2025.xlsx
mobile_banking_total_value,7,Table 7. Proprietary Channel,26,20,Nilai Transaksi SMS/Mobile Banking,Rp Miliar/ Billions of Rp,2015,8,2015-08,68884.518404096,SPIP-Desember-2025.xlsx
mobile_banking_total_value,7,Table 7. Proprietary Channel,26,20,Nilai Transaksi SMS/Mobile Banking,Rp Miliar/ Billions of Rp,2015,9,2015-09,69207.765024768,SPIP-Desember-2025.xlsx
mobile_banking_total_value,7,Table 7. Proprietary Channel,26,20,Nilai Transaksi SMS/Mobile Banking,Rp Miliar/ Billions of Rp,2015,10,2015-10,77403.75800217601,SPIP-Desember-2025.xlsx
mobile_banking_total_value,7,Table 7. Proprietary Channel,26,20,Nilai Transaksi SMS/Mobile Banking,Rp Miliar/ Billions of Rp,2015,11,2015-11,76227.91843020801,SPIP-Desember-2025.xlsx
mobile_banking_total_value,7,Table 7. Proprietary Channel,26,20,Nilai Transaksi SMS/Mobile Banking,Rp Miliar/ Billions of Rp,2015,12,2015-12,81402.515161088,SPIP-Desember-2025.xlsx
mobile_banking_total_value,7,Table 7. Proprietary Channel,26,20,Nilai Transaksi SMS/Mobile Banking,Rp Miliar/ Billions of Rp,2016,1,2016-01,80018.336120832,SPIP-Desember-2025.xlsx
mobile_banking_total_value,7,Table 7. Proprietary Channel,26,20,Nilai Transaksi SMS/Mobile Banking,Rp Miliar/ Billions of Rp,2016,2,2016-02,79549.33743616,SPIP-Desember-2025.xlsx
mobile_banking_total_value,7,Table 7. Proprietary Channel,26,20,Nilai Transaksi SMS/Mobile Banking,Rp Miliar/ Billions of Rp,2016,3,2016-03,88356.54536396799,SPIP-Desember-2025.xlsx
mobile_banking_total_value,7,Table 7. Proprietary Channel,26,20,Nilai Transaksi SMS/Mobile Banking,Rp Miliar/ Billions of Rp,2016,4,2016-04,88787.41782528,SPIP-Desember-2025.xlsx
mobile_banking_total_value,7,Table 7. Proprietary Channel,26,20,Nilai Transaksi SMS/Mobile Banking,Rp Miliar/ Billions of Rp,2016,5,2016-05,94527.82616576001,SPIP-Desember-2025.xlsx
mobile_banking_total_value,7,Table 7. Proprietary Channel,26,20,Nilai Transaksi SMS/Mobile Banking,Rp Miliar/ Billions of Rp,2016,6,2016-06,104874.34366156801,SPIP-Desember-2025.xlsx
mobile_banking_total_value,7,Table 7. Proprietary Channel,26,20,Nilai Transaksi SMS/Mobile Banking,Rp Miliar/ Billions of Rp,2016,7,2016-07,84775.087898624,SPIP-Desember-2025.xlsx
mobile_banking_total_value,7,Table 7. Proprietary Channel,26,20,Nilai Transaksi SMS/Mobile Banking,Rp Miliar/ Billions of Rp,2016,8,2016-08,104602.796032,SPIP-Desember-2025.xlsx
mobile_banking_total_value,7,Table 7. Proprietary Channel,26,20,Nilai Transaksi SMS/Mobile Banking,Rp Miliar/ Billions of Rp,2016,9,2016-09,97540.947050496,SPIP-Desember-2025.xlsx
mobile_banking_total_value,7,Table 7. Proprietary Channel,26,20,Nilai Transaksi SMS/Mobile Banking,Rp Miliar/ Billions of Rp,2016,10,2016-10,108708.465999872,SPIP-Desember-2025.xlsx
mobile_banking_total_value,7,Table 7. Proprietary Channel,26,20,Nilai Transaksi SMS/Mobile Banking,Rp Miliar/ Billions of Rp,2016,11,2016-11,110879.57196799999,SPIP-Desember-2025.xlsx
mobile_banking_total_value,7,Table 7. Proprietary Channel,26,20,Nilai Transaksi SMS/Mobile Banking,Rp Miliar/ Billions of Rp,2016,12,2016-12,116692.885700608,SPIP-Desember-2025.xlsx
mobile_banking_total_value,7,Table 7. Proprietary Channel,26,20,Nilai Transaksi SMS/Mobile Banking,Rp Miliar/ Billions of Rp,2017,1,2017-01,113546.889265152,SPIP-Desember-2025.xlsx
mobile_banking_total_value,7,Table 7. Proprietary Channel,26,20,Nilai Transaksi SMS/Mobile Banking,Rp Miliar/ Billions of Rp,2017,2,2017-02,106517.235761152,SPIP-Desember-2025.xlsx
mobile_banking_total_value,7,Table 7. Proprietary Channel,26,20,Nilai Transaksi SMS/Mobile Banking,Rp Miliar/ Billions of Rp,2017,3,2017-03,124903.822983168,SPIP-Desember-2025.xlsx
mobile_banking_total_value,7,Table 7. Proprietary Channel,26,20,Nilai Transaksi SMS/Mobile Banking,Rp Miliar/ Billions of Rp,2017,4,2017-04,119197.371727872,SPIP-Desember-2025.xlsx
mobile_banking_total_value,7,Table 7. Proprietary Channel,26,20,Nilai Transaksi SMS/Mobile Banking,Rp Miliar/ Billions of Rp,2017,5,2017-05,132453.09203251198,SPIP-Desember-2025.xlsx
mobile_banking_total_value,7,Table 7. Proprietary Channel,26,20,Nilai Transaksi SMS/Mobile Banking,Rp Miliar/ Billions of Rp,2017,6,2017-06,122650.961641472,SPIP-Desember-2025.xlsx
mobile_banking_total_value,7,Table 7. Proprietary Channel,26,20,Nilai Transaksi SMS/Mobile Banking,Rp Miliar/ Billions of Rp,2017,7,2017-07,126980.37256192001,SPIP-Desember-2025.xlsx
mobile_banking_total_value,7,Table 7. Proprietary Channel,26,20,Nilai Transaksi SMS/Mobile Banking,Rp Miliar/ Billions of Rp,2017,8,2017-08,145577.211854848,SPIP-Desember-2025.xlsx
mobile_banking_total_value,7,Table 7. Proprietary Channel,26,20,Nilai Transaksi SMS/Mobile Banking,Rp Miliar/ Billions of Rp,2017,9,2017-09,130623.737954304,SPIP-Desember-2025.xlsx
mobile_banking_total_value,7,Table 7. Proprietary Channel,26,20,Nilai Transaksi SMS/Mobile Banking,Rp Miliar/ Billions of Rp,2017,10,2017-10,218363.737407488,SPIP-Desember-2025.xlsx
mobile_banking_total_value,7,Table 7. Proprietary Channel,26,20,Nilai Transaksi SMS/Mobile Banking,Rp Miliar/ Billions of Rp,2017,11,2017-11,141623.77834495998,SPIP-Desember-2025.xlsx
mobile_banking_total_value,7,Table 7. Proprietary Channel,26,20,Nilai Transaksi SMS/Mobile Banking,Rp Miliar/ Billions of Rp,2017,12,2017-12,156069.86729062398,SPIP-Desember-2025.xlsx
mobile_banking_total_value,7,Table 7. Proprietary Channel,26,20,Nilai Transaksi SMS/Mobile Banking,Rp Miliar/ Billions of Rp,2018,1,2018-01,157253.449547776,SPIP-Desember-2025.xlsx
mobile_banking_total_value,7,Table 7. Proprietary Channel,26,20,Nilai Transaksi SMS/Mobile Banking,Rp Miliar/ Billions of Rp,2018,2,2018-02,146674.3914496,SPIP-Desember-2025.xlsx
mobile_banking_total_value,7,Table 7. Proprietary Channel,26,20,Nilai Transaksi SMS/Mobile Banking,Rp Miliar/ Billions of Rp,2018,3,2018-03,168369.999314944,SPIP-Desember-2025.xlsx
mobile_banking_total_value,7,Table 7. Proprietary Channel,26,20,Nilai Transaksi SMS/Mobile Banking,Rp Miliar/ Billions of Rp,2018,4,2018-04,170296.04048896,SPIP-Desember-2025.xlsx
mobile_banking_total_value,7,Table 7. Proprietary Channel,26,20,Nilai Transaksi SMS/Mobile Banking,Rp Miliar/ Billions of Rp,2018,5,2018-05,191172.467228672,SPIP-Desember-2025.xlsx
mobile_banking_total_value,7,Table 7. Proprietary Channel,26,20,Nilai Transaksi SMS/Mobile Banking,Rp Miliar/ Billions of Rp,2018,6,2018-06,164851.481575424,SPIP-Desember-2025.xlsx
mobile_banking_total_value,7,Table 7. Proprietary Channel,26,20,Nilai Transaksi SMS/Mobile Banking,Rp Miliar/ Billions of Rp,2018,7,2018-07,200490.935648256,SPIP-Desember-2025.xlsx
mobile_banking_total_value,7,Table 7. Proprietary Channel,26,20,Nilai Transaksi SMS/Mobile Banking,Rp Miliar/ Billions of Rp,2018,8,2018-08,220708.17976109002,SPIP-Desember-2025.xlsx
mobile_banking_total_value,7,Table 7. Proprietary Channel,26,20,Nilai Transaksi SMS/Mobile Banking,Rp Miliar/ Billions of Rp,2018,9,2018-09,203369.647639118,SPIP-Desember-2025.xlsx
mobile_banking_total_value,7,Table 7. Proprietary Channel,26,20,Nilai Transaksi SMS/Mobile Banking,Rp Miliar/ Billions of Rp,2018,10,2018-10,229684.95534073902,SPIP-Desember-2025.xlsx
mobile_banking_total_value,7,Table 7. Proprietary Channel,26,20,Nilai Transaksi SMS/Mobile Banking,Rp Miliar/ Billions of Rp,2018,11,2018-11,228236.236921679,SPIP-Desember-2025.xlsx
mobile_banking_total_value,7,Table 7. Proprietary Channel,26,20,Nilai Transaksi SMS/Mobile Banking,Rp Miliar/ Billions of Rp,2018,12,2018-12,247595.590649139,SPIP-Desember-2025.xlsx
mobile_banking_total_value,7,Table 7. Proprietary Channel,26,20,Nilai Transaksi SMS/Mobile Banking,Rp Miliar/ Billions of Rp,2019,1,2019-01,243295.132641416,SPIP-Desember-2025.xlsx
mobile_banking_total_value,7,Table 7. Proprietary Channel,26,20,Nilai Transaksi SMS/Mobile Banking,Rp Miliar/ Billions of Rp,2019,2,2019-02,250963.080802037,SPIP-Desember-2025.xlsx
mobile_banking_total_value,7,Table 7. Proprietary Channel,26,20,Nilai Transaksi SMS/Mobile Banking,Rp Miliar/ Billions of Rp,2019,3,2019-03,257818.591582013,SPIP-Desember-2025.xlsx
mobile_banking_total_value,7,Table 7. Proprietary Channel,26,20,Nilai Transaksi SMS/Mobile Banking,Rp Miliar/ Billions of Rp,2019,4,2019-04,276618.329144932,SPIP-Desember-2025.xlsx
mobile_banking_total_value,7,Table 7. Proprietary Channel,26,20,Nilai Transaksi SMS/Mobile Banking,Rp Miliar/ Billions of Rp,2019,5,2019-05,326798.75697,SPIP-Desember-2025.xlsx
mobile_banking_total_value,7,Table 7. Proprietary Channel,26,20,Nilai Transaksi SMS/Mobile Banking,Rp Miliar/ Billions of Rp,2019,6,2019-06,222804.11056414404,SPIP-Desember-2025.xlsx
mobile_banking_total_value,7,Table 7. Proprietary Channel,26,20,Nilai Transaksi SMS/Mobile Banking,Rp Miliar/ Billions of Rp,2019,7,2019-07,320961.46182,SPIP-Desember-2025.xlsx
mobile_banking_total_value,7,Table 7. Proprietary Channel,26,20,Nilai Transaksi SMS/Mobile Banking,Rp Miliar/ Billions of Rp,2019,8,2019-08,299928.92622,SPIP-Desember-2025.xlsx
mobile_banking_total_value,7,Table 7. Proprietary Channel,26,20,Nilai Transaksi SMS/Mobile Banking,Rp Miliar/ Billions of Rp,2019,9,2019-09,284777.12041,SPIP-Desember-2025.xlsx
mobile_banking_total_value,7,Table 7. Proprietary Channel,26,20,Nilai Transaksi SMS/Mobile Banking,Rp Miliar/ Billions of Rp,2019,10,2019-10,338756.43733999995,SPIP-Desember-2025.xlsx
mobile_banking_total_value,7,Table 7. Proprietary Channel,26,20,Nilai Transaksi SMS/Mobile Banking,Rp Miliar/ Billions of Rp,2019,11,2019-11,328743.31429999997,SPIP-Desember-2025.xlsx
mobile_banking_total_value,7,Table 7. Proprietary Channel,26,20,Nilai Transaksi SMS/Mobile Banking,Rp Miliar/ Billions of Rp,2019,12,2019-12,371026.11864999996,SPIP-Desember-2025.xlsx
mobile_banking_total_value,7,Table 7. Proprietary Channel,26,20,Nilai Transaksi SMS/Mobile Banking,Rp Miliar/ Billions of Rp,2020,1,2020-01,354705.17938999995,SPIP-Desember-2025.xlsx
mobile_banking_total_value,7,Table 7. Proprietary Channel,26,20,Nilai Transaksi SMS/Mobile Banking,Rp Miliar/ Billions of Rp,2020,2,2020-02,342219.13747,SPIP-Desember-2025.xlsx
mobile_banking_total_value,7,Table 7. Proprietary Channel,26,20,Nilai Transaksi SMS/Mobile Banking,Rp Miliar/ Billions of Rp,2020,3,2020-03,384266.35214,SPIP-Desember-2025.xlsx
mobile_banking_total_value,7,Table 7. Proprietary Channel,26,20,Nilai Transaksi SMS/Mobile Banking,Rp Miliar/ Billions of Rp,2020,4,2020-04,332767.92420999997,SPIP-Desember-2025.xlsx
mobile_banking_total_value,7,Table 7. Proprietary Channel,26,20,Nilai Transaksi SMS/Mobile Banking,Rp Miliar/ Billions of Rp,2020,5,2020-05,333102.75811,SPIP-Desember-2025.xlsx
mobile_banking_total_value,7,Table 7. Proprietary Channel,26,20,Nilai Transaksi SMS/Mobile Banking,Rp Miliar/ Billions of Rp,2020,6,2020-06,368678.5900400001,SPIP-Desember-2025.xlsx
mobile_banking_total_value,7,Table 7. Proprietary Channel,26,20,Nilai Transaksi SMS/Mobile Banking,Rp Miliar/ Billions of Rp,2020,7,2020-07,397997.88753999997,SPIP-Desember-2025.xlsx
mobile_banking_total_value,7,Table 7. Proprietary Channel,26,20,Nilai Transaksi SMS/Mobile Banking,Rp Miliar/ Billions of Rp,2020,8,2020-08,413055.02015,SPIP-Desember-2025.xlsx
mobile_banking_total_value,7,Table 7. Proprietary Channel,26,20,Nilai Transaksi SMS/Mobile Banking,Rp Miliar/ Billions of Rp,2020,9,2020-09,422985.8157700001,SPIP-Desember-2025.xlsx
mobile_banking_total_value,7,Table 7. Proprietary Channel,26,20,Nilai Transaksi SMS/Mobile Banking,Rp Miliar/ Billions of Rp,2020,10,2020-10,411423.48942000006,SPIP-Desember-2025.xlsx
mobile_banking_total_value,7,Table 7. Proprietary Channel,26,20,Nilai Transaksi SMS/Mobile Banking,Rp Miliar/ Billions of Rp,2020,11,2020-11,497734.80444000004,SPIP-Desember-2025.xlsx
mobile_banking_total_value,7,Table 7. Proprietary Channel,26,20,Nilai Transaksi SMS/Mobile Banking,Rp Miliar/ Billions of Rp,2020,12,2020-12,511185.32077,SPIP-Desember-2025.xlsx
mobile_banking_total_value,7,Table 7. Proprietary Channel,26,20,Nilai Transaksi SMS/Mobile Banking,Rp Miliar/ Billions of Rp,2021,1,2021-01,487135.22563,SPIP-Desember-2025.xlsx
mobile_banking_total_value,7,Table 7. Proprietary Channel,26,20,Nilai Transaksi SMS/Mobile Banking,Rp Miliar/ Billions of Rp,2021,2,2021-02,467921.8325400001,SPIP-Desember-2025.xlsx
mobile_banking_total_value,7,Table 7. Proprietary Channel,26,20,Nilai Transaksi SMS/Mobile Banking,Rp Miliar/ Billions of Rp,2021,3,2021-03,571089.198018505,SPIP-Desember-2025.xlsx
mobile_banking_total_value,7,Table 7. Proprietary Channel,26,20,Nilai Transaksi SMS/Mobile Banking,Rp Miliar/ Billions of Rp,2021,4,2021-04,607842.6455,SPIP-Desember-2025.xlsx
mobile_banking_total_value,7,Table 7. Proprietary Channel,26,20,Nilai Transaksi SMS/Mobile Banking,Rp Miliar/ Billions of Rp,2021,5,2021-05,570623.2165299999,SPIP-Desember-2025.xlsx
mobile_banking_total_value,7,Table 7. Proprietary Channel,26,20,Nilai Transaksi SMS/Mobile Banking,Rp Miliar/ Billions of Rp,2021,6,2021-06,637594.3430799998,SPIP-Desember-2025.xlsx
mobile_banking_total_value,7,Table 7. Proprietary Channel,26,20,Nilai Transaksi SMS/Mobile Banking,Rp Miliar/ Billions of Rp,2021,7,2021-07,649057.95078,SPIP-Desember-2025.xlsx
mobile_banking_total_value,7,Table 7. Proprietary Channel,26,20,Nilai Transaksi SMS/Mobile Banking,Rp Miliar/ Billions of Rp,2021,8,2021-08,693028.0140600002,SPIP-Desember-2025.xlsx
mobile_banking_total_value,7,Table 7. Proprietary Channel,26,20,Nilai Transaksi SMS/Mobile Banking,Rp Miliar/ Billions of Rp,2021,9,2021-09,717661.9931399999,SPIP-Desember-2025.xlsx
mobile_banking_total_value,7,Table 7. Proprietary Channel,26,20,Nilai Transaksi SMS/Mobile Banking,Rp Miliar/ Billions of Rp,2021,10,2021-10,726558.2063,SPIP-Desember-2025.xlsx
mobile_banking_total_value,7,Table 7. Proprietary Channel,26,20,Nilai Transaksi SMS/Mobile Banking,Rp Miliar/ Billions of Rp,2021,11,2021-11,750361.70591,SPIP-Desember-2025.xlsx
mobile_banking_total_value,7,Table 7. Proprietary Channel,26,20,Nilai Transaksi SMS/Mobile Banking,Rp Miliar/ Billions of Rp,2021,12,2021-12,851990.62615,SPIP-Desember-2025.xlsx
mobile_banking_total_value,7,Table 7. Proprietary Channel,26,20,Nilai Transaksi SMS/Mobile Banking,Rp Miliar/ Billions of Rp,2022,1,2022-01,780821.395820348,SPIP-Desember-2025.xlsx
mobile_banking_total_value,7,Table 7. Proprietary Channel,26,20,Nilai Transaksi SMS/Mobile Banking,Rp Miliar/ Billions of Rp,2022,2,2022-02,693528.7345809538,SPIP-Desember-2025.xlsx
mobile_banking_total_value,7,Table 7. Proprietary Channel,26,20,Nilai Transaksi SMS/Mobile Banking,Rp Miliar/ Billions of Rp,2022,3,2022-03,824446.2024022499,SPIP-Desember-2025.xlsx
mobile_banking_total_value,7,Table 7. Proprietary Channel,26,20,Nilai Transaksi SMS/Mobile Banking,Rp Miliar/ Billions of Rp,2022,4,2022-04,879513.1580786171,SPIP-Desember-2025.xlsx
mobile_banking_total_value,7,Table 7. Proprietary Channel,26,20,Nilai Transaksi SMS/Mobile Banking,Rp Miliar/ Billions of Rp,2022,5,2022-05,709781.151851929,SPIP-Desember-2025.xlsx
mobile_banking_total_value,7,Table 7. Proprietary Channel,26,20,Nilai Transaksi SMS/Mobile Banking,Rp Miliar/ Billions of Rp,2022,6,2022-06,801882.7367747521,SPIP-Desember-2025.xlsx
mobile_banking_total_value,7,Table 7. Proprietary Channel,26,20,Nilai Transaksi SMS/Mobile Banking,Rp Miliar/ Billions of Rp,2022,7,2022-07,838177.6319574238,SPIP-Desember-2025.xlsx
mobile_banking_total_value,7,Table 7. Proprietary Channel,26,20,Nilai Transaksi SMS/Mobile Banking,Rp Miliar/ Billions of Rp,2022,8,2022-08,861895.843964336,SPIP-Desember-2025.xlsx
mobile_banking_total_value,7,Table 7. Proprietary Channel,26,20,Nilai Transaksi SMS/Mobile Banking,Rp Miliar/ Billions of Rp,2022,9,2022-09,844570.0128736143,SPIP-Desember-2025.xlsx
mobile_banking_total_value,7,Table 7. Proprietary Channel,26,20,Nilai Transaksi SMS/Mobile Banking,Rp Miliar/ Billions of Rp,2022,10,2022-10,875946.4259599043,SPIP-Desember-2025.xlsx
mobile_banking_total_value,7,Table 7. Proprietary Channel,26,20,Nilai Transaksi SMS/Mobile Banking,Rp Miliar/ Billions of Rp,2022,11,2022-11,892072.1139006248,SPIP-Desember-2025.xlsx
mobile_banking_total_value,7,Table 7. Proprietary Channel,26,20,Nilai Transaksi SMS/Mobile Banking,Rp Miliar/ Billions of Rp,2022,12,2022-12,992603.1387238646,SPIP-Desember-2025.xlsx
mobile_banking_total_value,7,Table 7. Proprietary Channel,26,20,Nilai Transaksi SMS/Mobile Banking,Rp Miliar/ Billions of Rp,2023,1,2023-01,946588.9297441595,SPIP-Desember-2025.xlsx
mobile_banking_total_value,7,Table 7. Proprietary Channel,26,20,Nilai Transaksi SMS/Mobile Banking,Rp Miliar/ Billions of Rp,2023,2,2023-02,884377.0349262743,SPIP-Desember-2025.xlsx
mobile_banking_total_value,7,Table 7. Proprietary Channel,26,20,Nilai Transaksi SMS/Mobile Banking,Rp Miliar/ Billions of Rp,2023,3,2023-03,983593.87,SPIP-Desember-2025.xlsx
mobile_banking_total_value,7,Table 7. Proprietary Channel,26,20,Nilai Transaksi SMS/Mobile Banking,Rp Miliar/ Billions of Rp,2023,4,2023-04,968550.5057410382,SPIP-Desember-2025.xlsx
mobile_banking_total_value,7,Table 7. Proprietary Channel,26,20,Nilai Transaksi SMS/Mobile Banking,Rp Miliar/ Billions of Rp,2023,5,2023-05,978324.357647234,SPIP-Desember-2025.xlsx
mobile_banking_total_value,7,Table 7. Proprietary Channel,26,20,Nilai Transaksi SMS/Mobile Banking,Rp Miliar/ Billions of Rp,2023,6,2023-06,1012644.069785354,SPIP-Desember-2025.xlsx
mobile_banking_total_value,7,Table 7. Proprietary Channel,26,20,Nilai Transaksi SMS/Mobile Banking,Rp Miliar/ Billions of Rp,2023,7,2023-07,1074749.5549227302,SPIP-Desember-2025.xlsx
mobile_banking_total_value,7,Table 7. Proprietary Channel,26,20,Nilai Transaksi SMS/Mobile Banking,Rp Miliar/ Billions of Rp,2023,8,2023-08,1443839.5918471366,SPIP-Desember-2025.xlsx
mobile_banking_total_value,7,Table 7. Proprietary Channel,26,20,Nilai Transaksi SMS/Mobile Banking,Rp Miliar/ Billions of Rp,2023,9,2023-09,1439193.6069252018,SPIP-Desember-2025.xlsx
mobile_banking_total_value,7,Table 7. Proprietary Channel,26,20,Nilai Transaksi SMS/Mobile Banking,Rp Miliar/ Billions of Rp,2023,10,2023-10,1478569.2235863542,SPIP-Desember-2025.xlsx
mobile_banking_total_value,7,Table 7. Proprietary Channel,26,20,Nilai Transaksi SMS/Mobile Banking,Rp Miliar/ Billions of Rp,2023,11,2023-11,1527628.3423346116,SPIP-Desember-2025.xlsx
mobile_banking_total_value,7,Table 7. Proprietary Channel,26,20,Nilai Transaksi SMS/Mobile Banking,Rp Miliar/ Billions of Rp,2023,12,2023-12,1640293.9474973765,SPIP-Desember-2025.xlsx
mobile_banking_total_value,7,Table 7. Proprietary Channel,26,20,Nilai Transaksi SMS/Mobile Banking,Rp Miliar/ Billions of Rp,2024,1,2024-01,1691682.374772137,SPIP-Desember-2025.xlsx
mobile_banking_total_value,7,Table 7. Proprietary Channel,26,20,Nilai Transaksi SMS/Mobile Banking,Rp Miliar/ Billions of Rp,2024,2,2024-02,1657208.4579349319,SPIP-Desember-2025.xlsx
mobile_banking_total_value,7,Table 7. Proprietary Channel,26,20,Nilai Transaksi SMS/Mobile Banking,Rp Miliar/ Billions of Rp,2024,3,2024-03,1876525.4590938985,SPIP-Desember-2025.xlsx
mobile_banking_total_value,7,Table 7. Proprietary Channel,26,20,Nilai Transaksi SMS/Mobile Banking,Rp Miliar/ Billions of Rp,2024,4,2024-04,1715078.0060957163,SPIP-Desember-2025.xlsx
mobile_banking_total_value,7,Table 7. Proprietary Channel,26,20,Nilai Transaksi SMS/Mobile Banking,Rp Miliar/ Billions of Rp,2024,5,2024-05,1883015.279840882,SPIP-Desember-2025.xlsx
mobile_banking_total_value,7,Table 7. Proprietary Channel,26,20,Nilai Transaksi SMS/Mobile Banking,Rp Miliar/ Billions of Rp,2024,6,2024-06,1871232.7049863518,SPIP-Desember-2025.xlsx
mobile_banking_total_value,7,Table 7. Proprietary Channel,26,20,Nilai Transaksi SMS/Mobile Banking,Rp Miliar/ Billions of Rp,2024,7,2024-07,2029152.3325409726,SPIP-Desember-2025.xlsx
mobile_banking_total_value,7,Table 7. Proprietary Channel,26,20,Nilai Transaksi SMS/Mobile Banking,Rp Miliar/ Billions of Rp,2024,8,2024-08,2023147.0879241975,SPIP-Desember-2025.xlsx
mobile_banking_total_value,7,Table 7. Proprietary Channel,26,20,Nilai Transaksi SMS/Mobile Banking,Rp Miliar/ Billions of Rp,2024,9,2024-09,1978421.824097862,SPIP-Desember-2025.xlsx
mobile_banking_total_value,7,Table 7. Proprietary Channel,26,20,Nilai Transaksi SMS/Mobile Banking,Rp Miliar/ Billions of Rp,2024,10,2024-10,2113778.757985252,SPIP-Desember-2025.xlsx
mobile_banking_total_value,7,Table 7. Proprietary Channel,26,20,Nilai Transaksi SMS/Mobile Banking,Rp Miliar/ Billions of Rp,2024,11,2024-11,2031195.0040124133,SPIP-Desember-2025.xlsx
mobile_banking_total_value,7,Table 7. Proprietary Channel,26,20,Nilai Transaksi SMS/Mobile Banking,Rp Miliar/ Billions of Rp,2024,12,2024-12,2207036.073872274,SPIP-Desember-2025.xlsx
mobile_banking_total_value,7,Table 7. Proprietary Channel,26,20,Nilai Transaksi SMS/Mobile Banking,Rp Miliar/ Billions of Rp,2025,1,2025-01,2056774.440462756,SPIP-Desember-2025.xlsx
mobile_banking_total_value,7,Table 7. Proprietary Channel,26,20,Nilai Transaksi SMS/Mobile Banking,Rp Miliar/ Billions of Rp,2025,2,2025-02,2021330.5905389863,SPIP-Desember-2025.xlsx
mobile_banking_total_value,7,Table 7. Proprietary Channel,26,20,Nilai Transaksi SMS/Mobile Banking,Rp Miliar/ Billions of Rp,2025,3,2025-03,2372683.2050137576,SPIP-Desember-2025.xlsx
mobile_banking_total_value,7,Table 7. Proprietary Channel,26,20,Nilai Transaksi SMS/Mobile Banking,Rp Miliar/ Billions of Rp,2025,4,2025-04,1998306.9666929678,SPIP-Desember-2025.xlsx
mobile_banking_total_value,7,Table 7. Proprietary Channel,26,20,Nilai Transaksi SMS/Mobile Banking,Rp Miliar/ Billions of Rp,2025,5,2025-05,2231268.078290995,SPIP-Desember-2025.xlsx
mobile_banking_total_value,7,Table 7. Proprietary Channel,26,20,Nilai Transaksi SMS/Mobile Banking,Rp Miliar/ Billions of Rp,2025,6,2025-06,2216930.808045966,SPIP-Desember-2025.xlsx
mobile_banking_total_value,7,Table 7. Proprietary Channel,26,20,Nilai Transaksi SMS/Mobile Banking,Rp Miliar/ Billions of Rp,2025,7,2025-07,2382967.985486528,SPIP-Desember-2025.xlsx
mobile_banking_total_value,7,Table 7. Proprietary Channel,26,20,Nilai Transaksi SMS/Mobile Banking,Rp Miliar/ Billions of Rp,2025,8,2025-08,2333437.839320947,SPIP-Desember-2025.xlsx
mobile_banking_total_value,7,Table 7. Proprietary Channel,26,20,Nilai Transaksi SMS/Mobile Banking,Rp Miliar/ Billions of Rp,2025,9,2025-09,2361256.5027671224,SPIP-Desember-2025.xlsx
mobile_banking_total_value,7,Table 7. Proprietary Channel,26,20,Nilai Transaksi SMS/Mobile Banking,Rp Miliar/ Billions of Rp,2025,10,2025-10,2538722.1925429194,SPIP-Desember-2025.xlsx
mobile_banking_total_value,7,Table 7. Proprietary Channel,26,20,Nilai Transaksi SMS/Mobile Banking,Rp Miliar/ Billions of Rp,2025,11,2025-11,2470410.48190884,SPIP-Desember-2025.xlsx
mobile_banking_payment_purchase_value,7,Table 7. Proprietary Channel,27,21,Transaksi Pembayaran/Pembelian,Rp Miliar/ Billions of Rp,2018,8,2018-08,57451.743797398,SPIP-Desember-2025.xlsx
mobile_banking_payment_purchase_value,7,Table 7. Proprietary Channel,27,21,Transaksi Pembayaran/Pembelian,Rp Miliar/ Billions of Rp,2018,9,2018-09,40071.800336473,SPIP-Desember-2025.xlsx
mobile_banking_payment_purchase_value,7,Table 7. Proprietary Channel,27,21,Transaksi Pembayaran/Pembelian,Rp Miliar/ Billions of Rp,2018,10,2018-10,42417.769691465,SPIP-Desember-2025.xlsx
mobile_banking_payment_purchase_value,7,Table 7. Proprietary Channel,27,21,Transaksi Pembayaran/Pembelian,Rp Miliar/ Billions of Rp,2018,11,2018-11,50094.684204796,SPIP-Desember-2025.xlsx
mobile_banking_payment_purchase_value,7,Table 7. Proprietary Channel,27,21,Transaksi Pembayaran/Pembelian,Rp Miliar/ Billions of Rp,2018,12,2018-12,52899.322348386,SPIP-Desember-2025.xlsx
mobile_banking_payment_purchase_value,7,Table 7. Proprietary Channel,27,21,Transaksi Pembayaran/Pembelian,Rp Miliar/ Billions of Rp,2019,1,2019-01,55891.306764884,SPIP-Desember-2025.xlsx
mobile_banking_payment_purchase_value,7,Table 7. Proprietary Channel,27,21,Transaksi Pembayaran/Pembelian,Rp Miliar/ Billions of Rp,2019,2,2019-02,74760.480802037,SPIP-Desember-2025.xlsx
mobile_banking_payment_purchase_value,7,Table 7. Proprietary Channel,27,21,Transaksi Pembayaran/Pembelian,Rp Miliar/ Billions of Rp,2019,3,2019-03,14603.315744572,SPIP-Desember-2025.xlsx
mobile_banking_payment_purchase_value,7,Table 7. Proprietary Channel,27,21,Transaksi Pembayaran/Pembelian,Rp Miliar/ Billions of Rp,2019,4,2019-04,15551.822184012999,SPIP-Desember-2025.xlsx
mobile_banking_payment_purchase_value,7,Table 7. Proprietary Channel,27,21,Transaksi Pembayaran/Pembelian,Rp Miliar/ Billions of Rp,2019,5,2019-05,17850.4261,SPIP-Desember-2025.xlsx
mobile_banking_payment_purchase_value,7,Table 7. Proprietary Channel,27,21,Transaksi Pembayaran/Pembelian,Rp Miliar/ Billions of Rp,2019,6,2019-06,14015.516344407999,SPIP-Desember-2025.xlsx
mobile_banking_payment_purchase_value,7,Table 7. Proprietary Channel,27,21,Transaksi Pembayaran/Pembelian,Rp Miliar/ Billions of Rp,2019,7,2019-07,17227.43036,SPIP-Desember-2025.xlsx
mobile_banking_payment_purchase_value,7,Table 7. Proprietary Channel,27,21,Transaksi Pembayaran/Pembelian,Rp Miliar/ Billions of Rp,2019,8,2019-08,17172.14343,SPIP-Desember-2025.xlsx
mobile_banking_payment_purchase_value,7,Table 7. Proprietary Channel,27,21,Transaksi Pembayaran/Pembelian,Rp Miliar/ Billions of Rp,2019,9,2019-09,14312.10258,SPIP-Desember-2025.xlsx
mobile_banking_payment_purchase_value,7,Table 7. Proprietary Channel,27,21,Transaksi Pembayaran/Pembelian,Rp Miliar/ Billions of Rp,2019,10,2019-10,19165.25593,SPIP-Desember-2025.xlsx
mobile_banking_payment_purchase_value,7,Table 7. Proprietary Channel,27,21,Transaksi Pembayaran/Pembelian,Rp Miliar/ Billions of Rp,2019,11,2019-11,19598.37591,SPIP-Desember-2025.xlsx
mobile_banking_payment_purchase_value,7,Table 7. Proprietary Channel,27,21,Transaksi Pembayaran/Pembelian,Rp Miliar/ Billions of Rp,2019,12,2019-12,21062.27644,SPIP-Desember-2025.xlsx
mobile_banking_payment_purchase_value,7,Table 7. Proprietary Channel,27,21,Transaksi Pembayaran/Pembelian,Rp Miliar/ Billions of Rp,2020,1,2020-01,20707.99425,SPIP-Desember-2025.xlsx
mobile_banking_payment_purchase_value,7,Table 7. Proprietary Channel,27,21,Transaksi Pembayaran/Pembelian,Rp Miliar/ Billions of Rp,2020,2,2020-02,24656.70886,SPIP-Desember-2025.xlsx
mobile_banking_payment_purchase_value,7,Table 7. Proprietary Channel,27,21,Transaksi Pembayaran/Pembelian,Rp Miliar/ Billions of Rp,2020,3,2020-03,26675.44623,SPIP-Desember-2025.xlsx
mobile_banking_payment_purchase_value,7,Table 7. Proprietary Channel,27,21,Transaksi Pembayaran/Pembelian,Rp Miliar/ Billions of Rp,2020,4,2020-04,21541.5175,SPIP-Desember-2025.xlsx
mobile_banking_payment_purchase_value,7,Table 7. Proprietary Channel,27,21,Transaksi Pembayaran/Pembelian,Rp Miliar/ Billions of Rp,2020,5,2020-05,20782.7342,SPIP-Desember-2025.xlsx
mobile_banking_payment_purchase_value,7,Table 7. Proprietary Channel,27,21,Transaksi Pembayaran/Pembelian,Rp Miliar/ Billions of Rp,2020,6,2020-06,20998.926200000005,SPIP-Desember-2025.xlsx
mobile_banking_payment_purchase_value,7,Table 7. Proprietary Channel,27,21,Transaksi Pembayaran/Pembelian,Rp Miliar/ Billions of Rp,2020,7,2020-07,21225.89349,SPIP-Desember-2025.xlsx
mobile_banking_payment_purchase_value,7,Table 7. Proprietary Channel,27,21,Transaksi Pembayaran/Pembelian,Rp Miliar/ Billions of Rp,2020,8,2020-08,23269.10673,SPIP-Desember-2025.xlsx
mobile_banking_payment_purchase_value,7,Table 7. Proprietary Channel,27,21,Transaksi Pembayaran/Pembelian,Rp Miliar/ Billions of Rp,2020,9,2020-09,23019.295899999997,SPIP-Desember-2025.xlsx
mobile_banking_payment_purchase_value,7,Table 7. Proprietary Channel,27,21,Transaksi Pembayaran/Pembelian,Rp Miliar/ Billions of Rp,2020,10,2020-10,23255.91895,SPIP-Desember-2025.xlsx
mobile_banking_payment_purchase_value,7,Table 7. Proprietary Channel,27,21,Transaksi Pembayaran/Pembelian,Rp Miliar/ Billions of Rp,2020,11,2020-11,25199.486109999998,SPIP-Desember-2025.xlsx
mobile_banking_payment_purchase_value,7,Table 7. Proprietary Channel,27,21,Transaksi Pembayaran/Pembelian,Rp Miliar/ Billions of Rp,2020,12,2020-12,26935.420449999998,SPIP-Desember-2025.xlsx
mobile_banking_payment_purchase_value,7,Table 7. Proprietary Channel,27,21,Transaksi Pembayaran/Pembelian,Rp Miliar/ Billions of Rp,2021,1,2021-01,26504.15984,SPIP-Desember-2025.xlsx
mobile_banking_payment_purchase_value,7,Table 7. Proprietary Channel,27,21,Transaksi Pembayaran/Pembelian,Rp Miliar/ Billions of Rp,2021,2,2021-02,26996.768170000003,SPIP-Desember-2025.xlsx
mobile_banking_payment_purchase_value,7,Table 7. Proprietary Channel,27,21,Transaksi Pembayaran/Pembelian,Rp Miliar/ Billions of Rp,2021,3,2021-03,29243.645075959997,SPIP-Desember-2025.xlsx
mobile_banking_payment_purchase_value,7,Table 7. Proprietary Channel,27,21,Transaksi Pembayaran/Pembelian,Rp Miliar/ Billions of Rp,2021,4,2021-04,28436.84782,SPIP-Desember-2025.xlsx
mobile_banking_payment_purchase_value,7,Table 7. Proprietary Channel,27,21,Transaksi Pembayaran/Pembelian,Rp Miliar/ Billions of Rp,2021,5,2021-05,29662.518099999994,SPIP-Desember-2025.xlsx
mobile_banking_payment_purchase_value,7,Table 7. Proprietary Channel,27,21,Transaksi Pembayaran/Pembelian,Rp Miliar/ Billions of Rp,2021,6,2021-06,32194.420309999987,SPIP-Desember-2025.xlsx
mobile_banking_payment_purchase_value,7,Table 7. Proprietary Channel,27,21,Transaksi Pembayaran/Pembelian,Rp Miliar/ Billions of Rp,2021,7,2021-07,39596.970270000005,SPIP-Desember-2025.xlsx
mobile_banking_payment_purchase_value,7,Table 7. Proprietary Channel,27,21,Transaksi Pembayaran/Pembelian,Rp Miliar/ Billions of Rp,2021,8,2021-08,35511.23746,SPIP-Desember-2025.xlsx
mobile_banking_payment_purchase_value,7,Table 7. Proprietary Channel,27,21,Transaksi Pembayaran/Pembelian,Rp Miliar/ Billions of Rp,2021,9,2021-09,37736.714850000004,SPIP-Desember-2025.xlsx
mobile_banking_payment_purchase_value,7,Table 7. Proprietary Channel,27,21,Transaksi Pembayaran/Pembelian,Rp Miliar/ Billions of Rp,2021,10,2021-10,39861.01117999999,SPIP-Desember-2025.xlsx
mobile_banking_payment_purchase_value,7,Table 7. Proprietary Channel,27,21,Transaksi Pembayaran/Pembelian,Rp Miliar/ Billions of Rp,2021,11,2021-11,38375.116299999994,SPIP-Desember-2025.xlsx
mobile_banking_payment_purchase_value,7,Table 7. Proprietary Channel,27,21,Transaksi Pembayaran/Pembelian,Rp Miliar/ Billions of Rp,2021,12,2021-12,40048.20815,SPIP-Desember-2025.xlsx
mobile_banking_payment_purchase_value,7,Table 7. Proprietary Channel,27,21,Transaksi Pembayaran/Pembelian,Rp Miliar/ Billions of Rp,2022,1,2022-01,42203.450231309966,SPIP-Desember-2025.xlsx
mobile_banking_payment_purchase_value,7,Table 7. Proprietary Channel,27,21,Transaksi Pembayaran/Pembelian,Rp Miliar/ Billions of Rp,2022,2,2022-02,45072.727463523,SPIP-Desember-2025.xlsx
mobile_banking_payment_purchase_value,7,Table 7. Proprietary Channel,27,21,Transaksi Pembayaran/Pembelian,Rp Miliar/ Billions of Rp,2022,3,2022-03,46130.02985721699,SPIP-Desember-2025.xlsx
mobile_banking_payment_purchase_value,7,Table 7. Proprietary Channel,27,21,Transaksi Pembayaran/Pembelian,Rp Miliar/ Billions of Rp,2022,4,2022-04,45845.11684746799,SPIP-Desember-2025.xlsx
mobile_banking_payment_purchase_value,7,Table 7. Proprietary Channel,27,21,Transaksi Pembayaran/Pembelian,Rp Miliar/ Billions of Rp,2022,5,2022-05,42311.07758300697,SPIP-Desember-2025.xlsx
mobile_banking_payment_purchase_value,7,Table 7. Proprietary Channel,27,21,Transaksi Pembayaran/Pembelian,Rp Miliar/ Billions of Rp,2022,6,2022-06,48533.26716466102,SPIP-Desember-2025.xlsx
mobile_banking_payment_purchase_value,7,Table 7. Proprietary Channel,27,21,Transaksi Pembayaran/Pembelian,Rp Miliar/ Billions of Rp,2022,7,2022-07,48107.47877285297,SPIP-Desember-2025.xlsx
mobile_banking_payment_purchase_value,7,Table 7. Proprietary Channel,27,21,Transaksi Pembayaran/Pembelian,Rp Miliar/ Billions of Rp,2022,8,2022-08,52363.21577714698,SPIP-Desember-2025.xlsx
mobile_banking_payment_purchase_value,7,Table 7. Proprietary Channel,27,21,Transaksi Pembayaran/Pembelian,Rp Miliar/ Billions of Rp,2022,9,2022-09,51739.50250822401,SPIP-Desember-2025.xlsx
mobile_banking_payment_purchase_value,7,Table 7. Proprietary Channel,27,21,Transaksi Pembayaran/Pembelian,Rp Miliar/ Billions of Rp,2022,10,2022-10,52567.23717712801,SPIP-Desember-2025.xlsx
mobile_banking_payment_purchase_value,7,Table 7. Proprietary Channel,27,21,Transaksi Pembayaran/Pembelian,Rp Miliar/ Billions of Rp,2022,11,2022-11,53587.80574246896,SPIP-Desember-2025.xlsx
mobile_banking_payment_purchase_value,7,Table 7. Proprietary Channel,27,21,Transaksi Pembayaran/Pembelian,Rp Miliar/ Billions of Rp,2022,12,2022-12,57128.26707532298,SPIP-Desember-2025.xlsx
mobile_banking_payment_purchase_value,7,Table 7. Proprietary Channel,27,21,Transaksi Pembayaran/Pembelian,Rp Miliar/ Billions of Rp,2023,1,2023-01,61060.718351045994,SPIP-Desember-2025.xlsx
mobile_banking_payment_purchase_value,7,Table 7. Proprietary Channel,27,21,Transaksi Pembayaran/Pembelian,Rp Miliar/ Billions of Rp,2023,2,2023-02,55484.98747631696,SPIP-Desember-2025.xlsx
mobile_banking_payment_purchase_value,7,Table 7. Proprietary Channel,27,21,Transaksi Pembayaran/Pembelian,Rp Miliar/ Billions of Rp,2023,3,2023-03,59906.54,SPIP-Desember-2025.xlsx
mobile_banking_payment_purchase_value,7,Table 7. Proprietary Channel,27,21,Transaksi Pembayaran/Pembelian,Rp Miliar/ Billions of Rp,2023,4,2023-04,60586.80423608498,SPIP-Desember-2025.xlsx
mobile_banking_payment_purchase_value,7,Table 7. Proprietary Channel,27,21,Transaksi Pembayaran/Pembelian,Rp Miliar/ Billions of Rp,2023,5,2023-05,66101.60919803502,SPIP-Desember-2025.xlsx
mobile_banking_payment_purchase_value,7,Table 7. Proprietary Channel,27,21,Transaksi Pembayaran/Pembelian,Rp Miliar/ Billions of Rp,2023,6,2023-06,66583.40307413999,SPIP-Desember-2025.xlsx
mobile_banking_payment_purchase_value,7,Table 7. Proprietary Channel,27,21,Transaksi Pembayaran/Pembelian,Rp Miliar/ Billions of Rp,2023,7,2023-07,79350.19911283295,SPIP-Desember-2025.xlsx
mobile_banking_payment_purchase_value,7,Table 7. Proprietary Channel,27,21,Transaksi Pembayaran/Pembelian,Rp Miliar/ Billions of Rp,2023,8,2023-08,100646.671331858,SPIP-Desember-2025.xlsx
mobile_banking_payment_purchase_value,7,Table 7. Proprietary Channel,27,21,Transaksi Pembayaran/Pembelian,Rp Miliar/ Billions of Rp,2023,9,2023-09,106462.75517780098,SPIP-Desember-2025.xlsx
mobile_banking_payment_purchase_value,7,Table 7. Proprietary Channel,27,21,Transaksi Pembayaran/Pembelian,Rp Miliar/ Billions of Rp,2023,10,2023-10,105434.81831037898,SPIP-Desember-2025.xlsx
mobile_banking_payment_purchase_value,7,Table 7. Proprietary Channel,27,21,Transaksi Pembayaran/Pembelian,Rp Miliar/ Billions of Rp,2023,11,2023-11,111306.09503762702,SPIP-Desember-2025.xlsx
mobile_banking_payment_purchase_value,7,Table 7. Proprietary Channel,27,21,Transaksi Pembayaran/Pembelian,Rp Miliar/ Billions of Rp,2023,12,2023-12,116829.685268331,SPIP-Desember-2025.xlsx
mobile_banking_payment_purchase_value,7,Table 7. Proprietary Channel,27,21,Transaksi Pembayaran/Pembelian,Rp Miliar/ Billions of Rp,2024,1,2024-01,118584.66252202401,SPIP-Desember-2025.xlsx
mobile_banking_payment_purchase_value,7,Table 7. Proprietary Channel,27,21,Transaksi Pembayaran/Pembelian,Rp Miliar/ Billions of Rp,2024,2,2024-02,128829.43229609702,SPIP-Desember-2025.xlsx
mobile_banking_payment_purchase_value,7,Table 7. Proprietary Channel,27,21,Transaksi Pembayaran/Pembelian,Rp Miliar/ Billions of Rp,2024,3,2024-03,140504.4852852941,SPIP-Desember-2025.xlsx
mobile_banking_payment_purchase_value,7,Table 7. Proprietary Channel,27,21,Transaksi Pembayaran/Pembelian,Rp Miliar/ Billions of Rp,2024,4,2024-04,129441.38829701999,SPIP-Desember-2025.xlsx
mobile_banking_payment_purchase_value,7,Table 7. Proprietary Channel,27,21,Transaksi Pembayaran/Pembelian,Rp Miliar/ Billions of Rp,2024,5,2024-05,141314.6676682511,SPIP-Desember-2025.xlsx
mobile_banking_payment_purchase_value,7,Table 7. Proprietary Channel,27,21,Transaksi Pembayaran/Pembelian,Rp Miliar/ Billions of Rp,2024,6,2024-06,144706.17689248087,SPIP-Desember-2025.xlsx
mobile_banking_payment_purchase_value,7,Table 7. Proprietary Channel,27,21,Transaksi Pembayaran/Pembelian,Rp Miliar/ Billions of Rp,2024,7,2024-07,155930.968956297,SPIP-Desember-2025.xlsx
mobile_banking_payment_purchase_value,7,Table 7. Proprietary Channel,27,21,Transaksi Pembayaran/Pembelian,Rp Miliar/ Billions of Rp,2024,8,2024-08,159243.22720935888,SPIP-Desember-2025.xlsx
mobile_banking_payment_purchase_value,7,Table 7. Proprietary Channel,27,21,Transaksi Pembayaran/Pembelian,Rp Miliar/ Billions of Rp,2024,9,2024-09,164461.89365782507,SPIP-Desember-2025.xlsx
mobile_banking_payment_purchase_value,7,Table 7. Proprietary Channel,27,21,Transaksi Pembayaran/Pembelian,Rp Miliar/ Billions of Rp,2024,10,2024-10,171758.89048359706,SPIP-Desember-2025.xlsx
mobile_banking_payment_purchase_value,7,Table 7. Proprietary Channel,27,21,Transaksi Pembayaran/Pembelian,Rp Miliar/ Billions of Rp,2024,11,2024-11,169241.082304754,SPIP-Desember-2025.xlsx
mobile_banking_payment_purchase_value,7,Table 7. Proprietary Channel,27,21,Transaksi Pembayaran/Pembelian,Rp Miliar/ Billions of Rp,2024,12,2024-12,185691.62522237,SPIP-Desember-2025.xlsx
mobile_banking_payment_purchase_value,7,Table 7. Proprietary Channel,27,21,Transaksi Pembayaran/Pembelian,Rp Miliar/ Billions of Rp,2025,1,2025-01,175921.6868582579,SPIP-Desember-2025.xlsx
mobile_banking_payment_purchase_value,7,Table 7. Proprietary Channel,27,21,Transaksi Pembayaran/Pembelian,Rp Miliar/ Billions of Rp,2025,2,2025-02,183589.20959518696,SPIP-Desember-2025.xlsx
mobile_banking_payment_purchase_value,7,Table 7. Proprietary Channel,27,21,Transaksi Pembayaran/Pembelian,Rp Miliar/ Billions of Rp,2025,3,2025-03,211533.31516872297,SPIP-Desember-2025.xlsx
mobile_banking_payment_purchase_value,7,Table 7. Proprietary Channel,27,21,Transaksi Pembayaran/Pembelian,Rp Miliar/ Billions of Rp,2025,4,2025-04,189710.1477707371,SPIP-Desember-2025.xlsx
mobile_banking_payment_purchase_value,7,Table 7. Proprietary Channel,27,21,Transaksi Pembayaran/Pembelian,Rp Miliar/ Billions of Rp,2025,5,2025-05,206302.780113004,SPIP-Desember-2025.xlsx
mobile_banking_payment_purchase_value,7,Table 7. Proprietary Channel,27,21,Transaksi Pembayaran/Pembelian,Rp Miliar/ Billions of Rp,2025,6,2025-06,215271.73109088407,SPIP-Desember-2025.xlsx
mobile_banking_payment_purchase_value,7,Table 7. Proprietary Channel,27,21,Transaksi Pembayaran/Pembelian,Rp Miliar/ Billions of Rp,2025,7,2025-07,223595.64277443898,SPIP-Desember-2025.xlsx
mobile_banking_payment_purchase_value,7,Table 7. Proprietary Channel,27,21,Transaksi Pembayaran/Pembelian,Rp Miliar/ Billions of Rp,2025,8,2025-08,223113.326149586,SPIP-Desember-2025.xlsx
mobile_banking_payment_purchase_value,7,Table 7. Proprietary Channel,27,21,Transaksi Pembayaran/Pembelian,Rp Miliar/ Billions of Rp,2025,9,2025-09,221982.11478565892,SPIP-Desember-2025.xlsx
mobile_banking_payment_purchase_value,7,Table 7. Proprietary Channel,27,21,Transaksi Pembayaran/Pembelian,Rp Miliar/ Billions of Rp,2025,10,2025-10,241680.12082615693,SPIP-Desember-2025.xlsx
mobile_banking_payment_purchase_value,7,Table 7. Proprietary Channel,27,21,Transaksi Pembayaran/Pembelian,Rp Miliar/ Billions of Rp,2025,11,2025-11,239891.84333315602,SPIP-Desember-2025.xlsx
internet_banking_total_volume,7,Table 7. Proprietary Channel,32,26,Volume Transaksi Internet Banking,Ribu Transaksi/  Thousand Transaction ,2012,10,2012-10,117685.84,SPIP-Desember-2025.xlsx
internet_banking_total_volume,7,Table 7. Proprietary Channel,32,26,Volume Transaksi Internet Banking,Ribu Transaksi/  Thousand Transaction ,2012,11,2012-11,96121.456,SPIP-Desember-2025.xlsx
internet_banking_total_volume,7,Table 7. Proprietary Channel,32,26,Volume Transaksi Internet Banking,Ribu Transaksi/  Thousand Transaction ,2012,12,2012-12,88518.50838376945,SPIP-Desember-2025.xlsx
internet_banking_total_volume,7,Table 7. Proprietary Channel,32,26,Volume Transaksi Internet Banking,Ribu Transaksi/  Thousand Transaction ,2013,1,2013-01,86164.016,SPIP-Desember-2025.xlsx
internet_banking_total_volume,7,Table 7. Proprietary Channel,32,26,Volume Transaksi Internet Banking,Ribu Transaksi/  Thousand Transaction ,2013,2,2013-02,78734.792,SPIP-Desember-2025.xlsx
internet_banking_total_volume,7,Table 7. Proprietary Channel,32,26,Volume Transaksi Internet Banking,Ribu Transaksi/  Thousand Transaction ,2013,3,2013-03,86195.36,SPIP-Desember-2025.xlsx
internet_banking_total_volume,7,Table 7. Proprietary Channel,32,26,Volume Transaksi Internet Banking,Ribu Transaksi/  Thousand Transaction ,2013,4,2013-04,90092.25600000001,SPIP-Desember-2025.xlsx
internet_banking_total_volume,7,Table 7. Proprietary Channel,32,26,Volume Transaksi Internet Banking,Ribu Transaksi/  Thousand Transaction ,2013,5,2013-05,96905.064,SPIP-Desember-2025.xlsx
internet_banking_total_volume,7,Table 7. Proprietary Channel,32,26,Volume Transaksi Internet Banking,Ribu Transaksi/  Thousand Transaction ,2013,6,2013-06,93626.88,SPIP-Desember-2025.xlsx
internet_banking_total_volume,7,Table 7. Proprietary Channel,32,26,Volume Transaksi Internet Banking,Ribu Transaksi/  Thousand Transaction ,2013,7,2013-07,104051.888,SPIP-Desember-2025.xlsx
internet_banking_total_volume,7,Table 7. Proprietary Channel,32,26,Volume Transaksi Internet Banking,Ribu Transaksi/  Thousand Transaction ,2013,8,2013-08,87977.712,SPIP-Desember-2025.xlsx
internet_banking_total_volume,7,Table 7. Proprietary Channel,32,26,Volume Transaksi Internet Banking,Ribu Transaksi/  Thousand Transaction ,2013,9,2013-09,96811.576,SPIP-Desember-2025.xlsx
internet_banking_total_volume,7,Table 7. Proprietary Channel,32,26,Volume Transaksi Internet Banking,Ribu Transaksi/  Thousand Transaction ,2013,10,2013-10,103586.136,SPIP-Desember-2025.xlsx
internet_banking_total_volume,7,Table 7. Proprietary Channel,32,26,Volume Transaksi Internet Banking,Ribu Transaksi/  Thousand Transaction ,2013,11,2013-11,103617.864,SPIP-Desember-2025.xlsx
internet_banking_total_volume,7,Table 7. Proprietary Channel,32,26,Volume Transaksi Internet Banking,Ribu Transaksi/  Thousand Transaction ,2013,12,2013-12,112521.272,SPIP-Desember-2025.xlsx
internet_banking_total_volume,7,Table 7. Proprietary Channel,32,26,Volume Transaksi Internet Banking,Ribu Transaksi/  Thousand Transaction ,2014,1,2014-01,111832.792,SPIP-Desember-2025.xlsx
internet_banking_total_volume,7,Table 7. Proprietary Channel,32,26,Volume Transaksi Internet Banking,Ribu Transaksi/  Thousand Transaction ,2014,2,2014-02,108525.37599999999,SPIP-Desember-2025.xlsx
internet_banking_total_volume,7,Table 7. Proprietary Channel,32,26,Volume Transaksi Internet Banking,Ribu Transaksi/  Thousand Transaction ,2014,3,2014-03,119406.768,SPIP-Desember-2025.xlsx
internet_banking_total_volume,7,Table 7. Proprietary Channel,32,26,Volume Transaksi Internet Banking,Ribu Transaksi/  Thousand Transaction ,2014,4,2014-04,121830.16,SPIP-Desember-2025.xlsx
internet_banking_total_volume,7,Table 7. Proprietary Channel,32,26,Volume Transaksi Internet Banking,Ribu Transaksi/  Thousand Transaction ,2014,5,2014-05,129397.2,SPIP-Desember-2025.xlsx
internet_banking_total_volume,7,Table 7. Proprietary Channel,32,26,Volume Transaksi Internet Banking,Ribu Transaksi/  Thousand Transaction ,2014,6,2014-06,124993.488,SPIP-Desember-2025.xlsx
internet_banking_total_volume,7,Table 7. Proprietary Channel,32,26,Volume Transaksi Internet Banking,Ribu Transaksi/  Thousand Transaction ,2014,7,2014-07,131627.016,SPIP-Desember-2025.xlsx
internet_banking_total_volume,7,Table 7. Proprietary Channel,32,26,Volume Transaksi Internet Banking,Ribu Transaksi/  Thousand Transaction ,2014,8,2014-08,124889.584,SPIP-Desember-2025.xlsx
internet_banking_total_volume,7,Table 7. Proprietary Channel,32,26,Volume Transaksi Internet Banking,Ribu Transaksi/  Thousand Transaction ,2014,9,2014-09,129620.496,SPIP-Desember-2025.xlsx
internet_banking_total_volume,7,Table 7. Proprietary Channel,32,26,Volume Transaksi Internet Banking,Ribu Transaksi/  Thousand Transaction ,2014,10,2014-10,138448.736,SPIP-Desember-2025.xlsx
internet_banking_total_volume,7,Table 7. Proprietary Channel,32,26,Volume Transaksi Internet Banking,Ribu Transaksi/  Thousand Transaction ,2014,11,2014-11,142806.11200000002,SPIP-Desember-2025.xlsx
internet_banking_total_volume,7,Table 7. Proprietary Channel,32,26,Volume Transaksi Internet Banking,Ribu Transaksi/  Thousand Transaction ,2014,12,2014-12,152744.64,SPIP-Desember-2025.xlsx
internet_banking_total_volume,7,Table 7. Proprietary Channel,32,26,Volume Transaksi Internet Banking,Ribu Transaksi/  Thousand Transaction ,2015,1,2015-01,148069.664,SPIP-Desember-2025.xlsx
internet_banking_total_volume,7,Table 7. Proprietary Channel,32,26,Volume Transaksi Internet Banking,Ribu Transaksi/  Thousand Transaction ,2015,2,2015-02,132767.96,SPIP-Desember-2025.xlsx
internet_banking_total_volume,7,Table 7. Proprietary Channel,32,26,Volume Transaksi Internet Banking,Ribu Transaksi/  Thousand Transaction ,2015,3,2015-03,149530.67200000002,SPIP-Desember-2025.xlsx
internet_banking_total_volume,7,Table 7. Proprietary Channel,32,26,Volume Transaksi Internet Banking,Ribu Transaksi/  Thousand Transaction ,2015,4,2015-04,153759.808,SPIP-Desember-2025.xlsx
internet_banking_total_volume,7,Table 7. Proprietary Channel,32,26,Volume Transaksi Internet Banking,Ribu Transaksi/  Thousand Transaction ,2015,5,2015-05,155564.112,SPIP-Desember-2025.xlsx
internet_banking_total_volume,7,Table 7. Proprietary Channel,32,26,Volume Transaksi Internet Banking,Ribu Transaksi/  Thousand Transaction ,2015,6,2015-06,153930.64,SPIP-Desember-2025.xlsx
internet_banking_total_volume,7,Table 7. Proprietary Channel,32,26,Volume Transaksi Internet Banking,Ribu Transaksi/  Thousand Transaction ,2015,7,2015-07,150293.952,SPIP-Desember-2025.xlsx
internet_banking_total_volume,7,Table 7. Proprietary Channel,32,26,Volume Transaksi Internet Banking,Ribu Transaksi/  Thousand Transaction ,2015,8,2015-08,153207.79200000002,SPIP-Desember-2025.xlsx
internet_banking_total_volume,7,Table 7. Proprietary Channel,32,26,Volume Transaksi Internet Banking,Ribu Transaksi/  Thousand Transaction ,2015,9,2015-09,153588.624,SPIP-Desember-2025.xlsx
internet_banking_total_volume,7,Table 7. Proprietary Channel,32,26,Volume Transaksi Internet Banking,Ribu Transaksi/  Thousand Transaction ,2015,10,2015-10,158543.52,SPIP-Desember-2025.xlsx
internet_banking_total_volume,7,Table 7. Proprietary Channel,32,26,Volume Transaksi Internet Banking,Ribu Transaksi/  Thousand Transaction ,2015,11,2015-11,155480.816,SPIP-Desember-2025.xlsx
internet_banking_total_volume,7,Table 7. Proprietary Channel,32,26,Volume Transaksi Internet Banking,Ribu Transaksi/  Thousand Transaction ,2015,12,2015-12,169014.32,SPIP-Desember-2025.xlsx
internet_banking_total_volume,7,Table 7. Proprietary Channel,32,26,Volume Transaksi Internet Banking,Ribu Transaksi/  Thousand Transaction ,2016,1,2016-01,170542.4,SPIP-Desember-2025.xlsx
internet_banking_total_volume,7,Table 7. Proprietary Channel,32,26,Volume Transaksi Internet Banking,Ribu Transaksi/  Thousand Transaction ,2016,2,2016-02,162776.96,SPIP-Desember-2025.xlsx
internet_banking_total_volume,7,Table 7. Proprietary Channel,32,26,Volume Transaksi Internet Banking,Ribu Transaksi/  Thousand Transaction ,2016,3,2016-03,174664.16,SPIP-Desember-2025.xlsx
internet_banking_total_volume,7,Table 7. Proprietary Channel,32,26,Volume Transaksi Internet Banking,Ribu Transaksi/  Thousand Transaction ,2016,4,2016-04,177496.544,SPIP-Desember-2025.xlsx
internet_banking_total_volume,7,Table 7. Proprietary Channel,32,26,Volume Transaksi Internet Banking,Ribu Transaksi/  Thousand Transaction ,2016,5,2016-05,179398.76799999998,SPIP-Desember-2025.xlsx
internet_banking_total_volume,7,Table 7. Proprietary Channel,32,26,Volume Transaksi Internet Banking,Ribu Transaksi/  Thousand Transaction ,2016,6,2016-06,189900.35199999998,SPIP-Desember-2025.xlsx
internet_banking_total_volume,7,Table 7. Proprietary Channel,32,26,Volume Transaksi Internet Banking,Ribu Transaksi/  Thousand Transaction ,2016,7,2016-07,181505.472,SPIP-Desember-2025.xlsx
internet_banking_total_volume,7,Table 7. Proprietary Channel,32,26,Volume Transaksi Internet Banking,Ribu Transaksi/  Thousand Transaction ,2016,8,2016-08,188007.616,SPIP-Desember-2025.xlsx
internet_banking_total_volume,7,Table 7. Proprietary Channel,32,26,Volume Transaksi Internet Banking,Ribu Transaksi/  Thousand Transaction ,2016,9,2016-09,190571.53600000002,SPIP-Desember-2025.xlsx
internet_banking_total_volume,7,Table 7. Proprietary Channel,32,26,Volume Transaksi Internet Banking,Ribu Transaksi/  Thousand Transaction ,2016,10,2016-10,206598.976,SPIP-Desember-2025.xlsx
internet_banking_total_volume,7,Table 7. Proprietary Channel,32,26,Volume Transaksi Internet Banking,Ribu Transaksi/  Thousand Transaction ,2016,11,2016-11,204552.56,SPIP-Desember-2025.xlsx
internet_banking_total_volume,7,Table 7. Proprietary Channel,32,26,Volume Transaksi Internet Banking,Ribu Transaksi/  Thousand Transaction ,2016,12,2016-12,207358.384,SPIP-Desember-2025.xlsx
internet_banking_total_volume,7,Table 7. Proprietary Channel,32,26,Volume Transaksi Internet Banking,Ribu Transaksi/  Thousand Transaction ,2017,1,2017-01,211345.63199999998,SPIP-Desember-2025.xlsx
internet_banking_total_volume,7,Table 7. Proprietary Channel,32,26,Volume Transaksi Internet Banking,Ribu Transaksi/  Thousand Transaction ,2017,2,2017-02,195785.63199999998,SPIP-Desember-2025.xlsx
internet_banking_total_volume,7,Table 7. Proprietary Channel,32,26,Volume Transaksi Internet Banking,Ribu Transaksi/  Thousand Transaction ,2017,3,2017-03,223448.016,SPIP-Desember-2025.xlsx
internet_banking_total_volume,7,Table 7. Proprietary Channel,32,26,Volume Transaksi Internet Banking,Ribu Transaksi/  Thousand Transaction ,2017,4,2017-04,207307.04,SPIP-Desember-2025.xlsx
internet_banking_total_volume,7,Table 7. Proprietary Channel,32,26,Volume Transaksi Internet Banking,Ribu Transaksi/  Thousand Transaction ,2017,5,2017-05,212682.72,SPIP-Desember-2025.xlsx
internet_banking_total_volume,7,Table 7. Proprietary Channel,32,26,Volume Transaksi Internet Banking,Ribu Transaksi/  Thousand Transaction ,2017,6,2017-06,209400.848,SPIP-Desember-2025.xlsx
internet_banking_total_volume,7,Table 7. Proprietary Channel,32,26,Volume Transaksi Internet Banking,Ribu Transaksi/  Thousand Transaction ,2017,7,2017-07,224384.03199999998,SPIP-Desember-2025.xlsx
internet_banking_total_volume,7,Table 7. Proprietary Channel,32,26,Volume Transaksi Internet Banking,Ribu Transaksi/  Thousand Transaction ,2017,8,2017-08,223543.84,SPIP-Desember-2025.xlsx
internet_banking_total_volume,7,Table 7. Proprietary Channel,32,26,Volume Transaksi Internet Banking,Ribu Transaksi/  Thousand Transaction ,2017,9,2017-09,220445.248,SPIP-Desember-2025.xlsx
internet_banking_total_volume,7,Table 7. Proprietary Channel,32,26,Volume Transaksi Internet Banking,Ribu Transaksi/  Thousand Transaction ,2017,10,2017-10,227356.064,SPIP-Desember-2025.xlsx
internet_banking_total_volume,7,Table 7. Proprietary Channel,32,26,Volume Transaksi Internet Banking,Ribu Transaksi/  Thousand Transaction ,2017,11,2017-11,228171.424,SPIP-Desember-2025.xlsx
internet_banking_total_volume,7,Table 7. Proprietary Channel,32,26,Volume Transaksi Internet Banking,Ribu Transaksi/  Thousand Transaction ,2017,12,2017-12,238162.848,SPIP-Desember-2025.xlsx
internet_banking_total_volume,7,Table 7. Proprietary Channel,32,26,Volume Transaksi Internet Banking,Ribu Transaksi/  Thousand Transaction ,2018,1,2018-01,239003.344,SPIP-Desember-2025.xlsx
internet_banking_total_volume,7,Table 7. Proprietary Channel,32,26,Volume Transaksi Internet Banking,Ribu Transaksi/  Thousand Transaction ,2018,2,2018-02,216501.968,SPIP-Desember-2025.xlsx
internet_banking_total_volume,7,Table 7. Proprietary Channel,32,26,Volume Transaksi Internet Banking,Ribu Transaksi/  Thousand Transaction ,2018,3,2018-03,242500.544,SPIP-Desember-2025.xlsx
internet_banking_total_volume,7,Table 7. Proprietary Channel,32,26,Volume Transaksi Internet Banking,Ribu Transaksi/  Thousand Transaction ,2018,4,2018-04,238366.624,SPIP-Desember-2025.xlsx
internet_banking_total_volume,7,Table 7. Proprietary Channel,32,26,Volume Transaksi Internet Banking,Ribu Transaksi/  Thousand Transaction ,2018,5,2018-05,250590.752,SPIP-Desember-2025.xlsx
internet_banking_total_volume,7,Table 7. Proprietary Channel,32,26,Volume Transaksi Internet Banking,Ribu Transaksi/  Thousand Transaction ,2018,6,2018-06,231913.536,SPIP-Desember-2025.xlsx
internet_banking_total_volume,7,Table 7. Proprietary Channel,32,26,Volume Transaksi Internet Banking,Ribu Transaksi/  Thousand Transaction ,2018,7,2018-07,250326.624,SPIP-Desember-2025.xlsx
internet_banking_total_volume,7,Table 7. Proprietary Channel,32,26,Volume Transaksi Internet Banking,Ribu Transaksi/  Thousand Transaction ,2018,8,2018-08,108506.729,SPIP-Desember-2025.xlsx
internet_banking_total_volume,7,Table 7. Proprietary Channel,32,26,Volume Transaksi Internet Banking,Ribu Transaksi/  Thousand Transaction ,2018,9,2018-09,107306.816,SPIP-Desember-2025.xlsx
internet_banking_total_volume,7,Table 7. Proprietary Channel,32,26,Volume Transaksi Internet Banking,Ribu Transaksi/  Thousand Transaction ,2018,10,2018-10,119031.719,SPIP-Desember-2025.xlsx
internet_banking_total_volume,7,Table 7. Proprietary Channel,32,26,Volume Transaksi Internet Banking,Ribu Transaksi/  Thousand Transaction ,2018,11,2018-11,113274.865,SPIP-Desember-2025.xlsx
internet_banking_total_volume,7,Table 7. Proprietary Channel,32,26,Volume Transaksi Internet Banking,Ribu Transaksi/  Thousand Transaction ,2018,12,2018-12,121326.957,SPIP-Desember-2025.xlsx
internet_banking_total_volume,7,Table 7. Proprietary Channel,32,26,Volume Transaksi Internet Banking,Ribu Transaksi/  Thousand Transaction ,2019,1,2019-01,118267.537,SPIP-Desember-2025.xlsx
internet_banking_total_volume,7,Table 7. Proprietary Channel,32,26,Volume Transaksi Internet Banking,Ribu Transaksi/  Thousand Transaction ,2019,2,2019-02,105538.527,SPIP-Desember-2025.xlsx
internet_banking_total_volume,7,Table 7. Proprietary Channel,32,26,Volume Transaksi Internet Banking,Ribu Transaksi/  Thousand Transaction ,2019,3,2019-03,81827.195,SPIP-Desember-2025.xlsx
internet_banking_total_volume,7,Table 7. Proprietary Channel,32,26,Volume Transaksi Internet Banking,Ribu Transaksi/  Thousand Transaction ,2019,4,2019-04,86032.591,SPIP-Desember-2025.xlsx
internet_banking_total_volume,7,Table 7. Proprietary Channel,32,26,Volume Transaksi Internet Banking,Ribu Transaksi/  Thousand Transaction ,2019,5,2019-05,95109.311,SPIP-Desember-2025.xlsx
internet_banking_total_volume,7,Table 7. Proprietary Channel,32,26,Volume Transaksi Internet Banking,Ribu Transaksi/  Thousand Transaction ,2019,6,2019-06,73700.371,SPIP-Desember-2025.xlsx
internet_banking_total_volume,7,Table 7. Proprietary Channel,32,26,Volume Transaksi Internet Banking,Ribu Transaksi/  Thousand Transaction ,2019,7,2019-07,94986.97200000001,SPIP-Desember-2025.xlsx
internet_banking_total_volume,7,Table 7. Proprietary Channel,32,26,Volume Transaksi Internet Banking,Ribu Transaksi/  Thousand Transaction ,2019,8,2019-08,90556.99799999999,SPIP-Desember-2025.xlsx
internet_banking_total_volume,7,Table 7. Proprietary Channel,32,26,Volume Transaksi Internet Banking,Ribu Transaksi/  Thousand Transaction ,2019,9,2019-09,93799.41300000002,SPIP-Desember-2025.xlsx
internet_banking_total_volume,7,Table 7. Proprietary Channel,32,26,Volume Transaksi Internet Banking,Ribu Transaksi/  Thousand Transaction ,2019,10,2019-10,103056.61499999999,SPIP-Desember-2025.xlsx
internet_banking_total_volume,7,Table 7. Proprietary Channel,32,26,Volume Transaksi Internet Banking,Ribu Transaksi/  Thousand Transaction ,2019,11,2019-11,101295.141,SPIP-Desember-2025.xlsx
internet_banking_total_volume,7,Table 7. Proprietary Channel,32,26,Volume Transaksi Internet Banking,Ribu Transaksi/  Thousand Transaction ,2019,12,2019-12,107617.507,SPIP-Desember-2025.xlsx
internet_banking_total_volume,7,Table 7. Proprietary Channel,32,26,Volume Transaksi Internet Banking,Ribu Transaksi/  Thousand Transaction ,2020,1,2020-01,102288.721,SPIP-Desember-2025.xlsx
internet_banking_total_volume,7,Table 7. Proprietary Channel,32,26,Volume Transaksi Internet Banking,Ribu Transaksi/  Thousand Transaction ,2020,2,2020-02,108454.027,SPIP-Desember-2025.xlsx
internet_banking_total_volume,7,Table 7. Proprietary Channel,32,26,Volume Transaksi Internet Banking,Ribu Transaksi/  Thousand Transaction ,2020,3,2020-03,121399.548,SPIP-Desember-2025.xlsx
internet_banking_total_volume,7,Table 7. Proprietary Channel,32,26,Volume Transaksi Internet Banking,Ribu Transaksi/  Thousand Transaction ,2020,4,2020-04,111721.314,SPIP-Desember-2025.xlsx
internet_banking_total_volume,7,Table 7. Proprietary Channel,32,26,Volume Transaksi Internet Banking,Ribu Transaksi/  Thousand Transaction ,2020,5,2020-05,120243.458,SPIP-Desember-2025.xlsx
internet_banking_total_volume,7,Table 7. Proprietary Channel,32,26,Volume Transaksi Internet Banking,Ribu Transaksi/  Thousand Transaction ,2020,6,2020-06,120211.667,SPIP-Desember-2025.xlsx
internet_banking_total_volume,7,Table 7. Proprietary Channel,32,26,Volume Transaksi Internet Banking,Ribu Transaksi/  Thousand Transaction ,2020,7,2020-07,130102.19,SPIP-Desember-2025.xlsx
internet_banking_total_volume,7,Table 7. Proprietary Channel,32,26,Volume Transaksi Internet Banking,Ribu Transaksi/  Thousand Transaction ,2020,8,2020-08,135558.584,SPIP-Desember-2025.xlsx
internet_banking_total_volume,7,Table 7. Proprietary Channel,32,26,Volume Transaksi Internet Banking,Ribu Transaksi/  Thousand Transaction ,2020,9,2020-09,137781.328,SPIP-Desember-2025.xlsx
internet_banking_total_volume,7,Table 7. Proprietary Channel,32,26,Volume Transaksi Internet Banking,Ribu Transaksi/  Thousand Transaction ,2020,10,2020-10,135636.237,SPIP-Desember-2025.xlsx
internet_banking_total_volume,7,Table 7. Proprietary Channel,32,26,Volume Transaksi Internet Banking,Ribu Transaksi/  Thousand Transaction ,2020,11,2020-11,152782.13199999998,SPIP-Desember-2025.xlsx
internet_banking_total_volume,7,Table 7. Proprietary Channel,32,26,Volume Transaksi Internet Banking,Ribu Transaksi/  Thousand Transaction ,2020,12,2020-12,155660.166,SPIP-Desember-2025.xlsx
internet_banking_total_volume,7,Table 7. Proprietary Channel,32,26,Volume Transaksi Internet Banking,Ribu Transaksi/  Thousand Transaction ,2021,1,2021-01,127991.742,SPIP-Desember-2025.xlsx
internet_banking_total_volume,7,Table 7. Proprietary Channel,32,26,Volume Transaksi Internet Banking,Ribu Transaksi/  Thousand Transaction ,2021,2,2021-02,121818.59100000001,SPIP-Desember-2025.xlsx
internet_banking_total_volume,7,Table 7. Proprietary Channel,32,26,Volume Transaksi Internet Banking,Ribu Transaksi/  Thousand Transaction ,2021,3,2021-03,150771.93699999998,SPIP-Desember-2025.xlsx
internet_banking_total_volume,7,Table 7. Proprietary Channel,32,26,Volume Transaksi Internet Banking,Ribu Transaksi/  Thousand Transaction ,2021,4,2021-04,172509.894,SPIP-Desember-2025.xlsx
internet_banking_total_volume,7,Table 7. Proprietary Channel,32,26,Volume Transaksi Internet Banking,Ribu Transaksi/  Thousand Transaction ,2021,5,2021-05,186039.51299999998,SPIP-Desember-2025.xlsx
internet_banking_total_volume,7,Table 7. Proprietary Channel,32,26,Volume Transaksi Internet Banking,Ribu Transaksi/  Thousand Transaction ,2021,6,2021-06,179563.401,SPIP-Desember-2025.xlsx
internet_banking_total_volume,7,Table 7. Proprietary Channel,32,26,Volume Transaksi Internet Banking,Ribu Transaksi/  Thousand Transaction ,2021,7,2021-07,178845.426,SPIP-Desember-2025.xlsx
internet_banking_total_volume,7,Table 7. Proprietary Channel,32,26,Volume Transaksi Internet Banking,Ribu Transaksi/  Thousand Transaction ,2021,8,2021-08,189664.255,SPIP-Desember-2025.xlsx
internet_banking_total_volume,7,Table 7. Proprietary Channel,32,26,Volume Transaksi Internet Banking,Ribu Transaksi/  Thousand Transaction ,2021,9,2021-09,243704.46099999998,SPIP-Desember-2025.xlsx
internet_banking_total_volume,7,Table 7. Proprietary Channel,32,26,Volume Transaksi Internet Banking,Ribu Transaksi/  Thousand Transaction ,2021,10,2021-10,207762.678,SPIP-Desember-2025.xlsx
internet_banking_total_volume,7,Table 7. Proprietary Channel,32,26,Volume Transaksi Internet Banking,Ribu Transaksi/  Thousand Transaction ,2021,11,2021-11,272747.491,SPIP-Desember-2025.xlsx
internet_banking_total_volume,7,Table 7. Proprietary Channel,32,26,Volume Transaksi Internet Banking,Ribu Transaksi/  Thousand Transaction ,2021,12,2021-12,206344.59900000002,SPIP-Desember-2025.xlsx
internet_banking_total_volume,7,Table 7. Proprietary Channel,32,26,Volume Transaksi Internet Banking,Ribu Transaksi/  Thousand Transaction ,2022,1,2022-01,204015.40399999998,SPIP-Desember-2025.xlsx
internet_banking_total_volume,7,Table 7. Proprietary Channel,32,26,Volume Transaksi Internet Banking,Ribu Transaksi/  Thousand Transaction ,2022,2,2022-02,194870.96600000001,SPIP-Desember-2025.xlsx
internet_banking_total_volume,7,Table 7. Proprietary Channel,32,26,Volume Transaksi Internet Banking,Ribu Transaksi/  Thousand Transaction ,2022,3,2022-03,265885.267,SPIP-Desember-2025.xlsx
internet_banking_total_volume,7,Table 7. Proprietary Channel,32,26,Volume Transaksi Internet Banking,Ribu Transaksi/  Thousand Transaction ,2022,4,2022-04,160173.479,SPIP-Desember-2025.xlsx
internet_banking_total_volume,7,Table 7. Proprietary Channel,32,26,Volume Transaksi Internet Banking,Ribu Transaksi/  Thousand Transaction ,2022,5,2022-05,260107.786,SPIP-Desember-2025.xlsx
internet_banking_total_volume,7,Table 7. Proprietary Channel,32,26,Volume Transaksi Internet Banking,Ribu Transaksi/  Thousand Transaction ,2022,6,2022-06,282768.12700000004,SPIP-Desember-2025.xlsx
internet_banking_total_volume,7,Table 7. Proprietary Channel,32,26,Volume Transaksi Internet Banking,Ribu Transaksi/  Thousand Transaction ,2022,7,2022-07,328195.72,SPIP-Desember-2025.xlsx
internet_banking_total_volume,7,Table 7. Proprietary Channel,32,26,Volume Transaksi Internet Banking,Ribu Transaksi/  Thousand Transaction ,2022,8,2022-08,329172.468,SPIP-Desember-2025.xlsx
internet_banking_total_volume,7,Table 7. Proprietary Channel,32,26,Volume Transaksi Internet Banking,Ribu Transaksi/  Thousand Transaction ,2022,9,2022-09,316600.542,SPIP-Desember-2025.xlsx
internet_banking_total_volume,7,Table 7. Proprietary Channel,32,26,Volume Transaksi Internet Banking,Ribu Transaksi/  Thousand Transaction ,2022,10,2022-10,331716.18600000005,SPIP-Desember-2025.xlsx
internet_banking_total_volume,7,Table 7. Proprietary Channel,32,26,Volume Transaksi Internet Banking,Ribu Transaksi/  Thousand Transaction ,2022,11,2022-11,351515.533,SPIP-Desember-2025.xlsx
internet_banking_total_volume,7,Table 7. Proprietary Channel,32,26,Volume Transaksi Internet Banking,Ribu Transaksi/  Thousand Transaction ,2022,12,2022-12,384481.853,SPIP-Desember-2025.xlsx
internet_banking_total_volume,7,Table 7. Proprietary Channel,32,26,Volume Transaksi Internet Banking,Ribu Transaksi/  Thousand Transaction ,2023,1,2023-01,371777.442,SPIP-Desember-2025.xlsx
internet_banking_total_volume,7,Table 7. Proprietary Channel,32,26,Volume Transaksi Internet Banking,Ribu Transaksi/  Thousand Transaction ,2023,2,2023-02,348481.39700000006,SPIP-Desember-2025.xlsx
internet_banking_total_volume,7,Table 7. Proprietary Channel,32,26,Volume Transaksi Internet Banking,Ribu Transaksi/  Thousand Transaction ,2023,3,2023-03,409762.47,SPIP-Desember-2025.xlsx
internet_banking_total_volume,7,Table 7. Proprietary Channel,32,26,Volume Transaksi Internet Banking,Ribu Transaksi/  Thousand Transaction ,2023,4,2023-04,303143.813,SPIP-Desember-2025.xlsx
internet_banking_total_volume,7,Table 7. Proprietary Channel,32,26,Volume Transaksi Internet Banking,Ribu Transaksi/  Thousand Transaction ,2023,5,2023-05,447941.93200000003,SPIP-Desember-2025.xlsx
internet_banking_total_volume,7,Table 7. Proprietary Channel,32,26,Volume Transaksi Internet Banking,Ribu Transaksi/  Thousand Transaction ,2023,6,2023-06,471921.31799999997,SPIP-Desember-2025.xlsx
internet_banking_total_volume,7,Table 7. Proprietary Channel,32,26,Volume Transaksi Internet Banking,Ribu Transaksi/  Thousand Transaction ,2023,7,2023-07,483385.309,SPIP-Desember-2025.xlsx
internet_banking_total_volume,7,Table 7. Proprietary Channel,32,26,Volume Transaksi Internet Banking,Ribu Transaksi/  Thousand Transaction ,2023,8,2023-08,209031.771,SPIP-Desember-2025.xlsx
internet_banking_total_volume,7,Table 7. Proprietary Channel,32,26,Volume Transaksi Internet Banking,Ribu Transaksi/  Thousand Transaction ,2023,9,2023-09,162671.211,SPIP-Desember-2025.xlsx
internet_banking_total_volume,7,Table 7. Proprietary Channel,32,26,Volume Transaksi Internet Banking,Ribu Transaksi/  Thousand Transaction ,2023,10,2023-10,166325.11599999998,SPIP-Desember-2025.xlsx
internet_banking_total_volume,7,Table 7. Proprietary Channel,32,26,Volume Transaksi Internet Banking,Ribu Transaksi/  Thousand Transaction ,2023,11,2023-11,161262.73500000002,SPIP-Desember-2025.xlsx
internet_banking_total_volume,7,Table 7. Proprietary Channel,32,26,Volume Transaksi Internet Banking,Ribu Transaksi/  Thousand Transaction ,2023,12,2023-12,174491.448,SPIP-Desember-2025.xlsx
internet_banking_total_volume,7,Table 7. Proprietary Channel,32,26,Volume Transaksi Internet Banking,Ribu Transaksi/  Thousand Transaction ,2024,1,2024-01,175944.47,SPIP-Desember-2025.xlsx
internet_banking_total_volume,7,Table 7. Proprietary Channel,32,26,Volume Transaksi Internet Banking,Ribu Transaksi/  Thousand Transaction ,2024,2,2024-02,178636.01,SPIP-Desember-2025.xlsx
internet_banking_total_volume,7,Table 7. Proprietary Channel,32,26,Volume Transaksi Internet Banking,Ribu Transaksi/  Thousand Transaction ,2024,3,2024-03,201016.71000000002,SPIP-Desember-2025.xlsx
internet_banking_total_volume,7,Table 7. Proprietary Channel,32,26,Volume Transaksi Internet Banking,Ribu Transaksi/  Thousand Transaction ,2024,4,2024-04,207336.09600000002,SPIP-Desember-2025.xlsx
internet_banking_total_volume,7,Table 7. Proprietary Channel,32,26,Volume Transaksi Internet Banking,Ribu Transaksi/  Thousand Transaction ,2024,5,2024-05,216881.40499999997,SPIP-Desember-2025.xlsx
internet_banking_total_volume,7,Table 7. Proprietary Channel,32,26,Volume Transaksi Internet Banking,Ribu Transaksi/  Thousand Transaction ,2024,6,2024-06,205248.871,SPIP-Desember-2025.xlsx
internet_banking_total_volume,7,Table 7. Proprietary Channel,32,26,Volume Transaksi Internet Banking,Ribu Transaksi/  Thousand Transaction ,2024,7,2024-07,205593.009,SPIP-Desember-2025.xlsx
internet_banking_total_volume,7,Table 7. Proprietary Channel,32,26,Volume Transaksi Internet Banking,Ribu Transaksi/  Thousand Transaction ,2024,8,2024-08,208923.155,SPIP-Desember-2025.xlsx
internet_banking_total_volume,7,Table 7. Proprietary Channel,32,26,Volume Transaksi Internet Banking,Ribu Transaksi/  Thousand Transaction ,2024,9,2024-09,202920.035,SPIP-Desember-2025.xlsx
internet_banking_total_volume,7,Table 7. Proprietary Channel,32,26,Volume Transaksi Internet Banking,Ribu Transaksi/  Thousand Transaction ,2024,10,2024-10,216024.495,SPIP-Desember-2025.xlsx
internet_banking_total_volume,7,Table 7. Proprietary Channel,32,26,Volume Transaksi Internet Banking,Ribu Transaksi/  Thousand Transaction ,2024,11,2024-11,211674.815,SPIP-Desember-2025.xlsx
internet_banking_total_volume,7,Table 7. Proprietary Channel,32,26,Volume Transaksi Internet Banking,Ribu Transaksi/  Thousand Transaction ,2024,12,2024-12,223460.266,SPIP-Desember-2025.xlsx
internet_banking_total_volume,7,Table 7. Proprietary Channel,32,26,Volume Transaksi Internet Banking,Ribu Transaksi/  Thousand Transaction ,2025,1,2025-01,209936.11999999997,SPIP-Desember-2025.xlsx
internet_banking_total_volume,7,Table 7. Proprietary Channel,32,26,Volume Transaksi Internet Banking,Ribu Transaksi/  Thousand Transaction ,2025,2,2025-02,206413.96899999998,SPIP-Desember-2025.xlsx
internet_banking_total_volume,7,Table 7. Proprietary Channel,32,26,Volume Transaksi Internet Banking,Ribu Transaksi/  Thousand Transaction ,2025,3,2025-03,247264.963,SPIP-Desember-2025.xlsx
internet_banking_total_volume,7,Table 7. Proprietary Channel,32,26,Volume Transaksi Internet Banking,Ribu Transaksi/  Thousand Transaction ,2025,4,2025-04,208999.29,SPIP-Desember-2025.xlsx
internet_banking_total_volume,7,Table 7. Proprietary Channel,32,26,Volume Transaksi Internet Banking,Ribu Transaksi/  Thousand Transaction ,2025,5,2025-05,231249.531,SPIP-Desember-2025.xlsx
internet_banking_total_volume,7,Table 7. Proprietary Channel,32,26,Volume Transaksi Internet Banking,Ribu Transaksi/  Thousand Transaction ,2025,6,2025-06,230654.011,SPIP-Desember-2025.xlsx
internet_banking_total_volume,7,Table 7. Proprietary Channel,32,26,Volume Transaksi Internet Banking,Ribu Transaksi/  Thousand Transaction ,2025,7,2025-07,248027.778,SPIP-Desember-2025.xlsx
internet_banking_total_volume,7,Table 7. Proprietary Channel,32,26,Volume Transaksi Internet Banking,Ribu Transaksi/  Thousand Transaction ,2025,8,2025-08,241000.40499999997,SPIP-Desember-2025.xlsx
internet_banking_total_volume,7,Table 7. Proprietary Channel,32,26,Volume Transaksi Internet Banking,Ribu Transaksi/  Thousand Transaction ,2025,9,2025-09,237955.22400000002,SPIP-Desember-2025.xlsx
internet_banking_total_volume,7,Table 7. Proprietary Channel,32,26,Volume Transaksi Internet Banking,Ribu Transaksi/  Thousand Transaction ,2025,10,2025-10,246886.684,SPIP-Desember-2025.xlsx
internet_banking_total_volume,7,Table 7. Proprietary Channel,32,26,Volume Transaksi Internet Banking,Ribu Transaksi/  Thousand Transaction ,2025,11,2025-11,241879.21300000002,SPIP-Desember-2025.xlsx
internet_banking_payment_purchase_volume,7,Table 7. Proprietary Channel,33,27,Transaksi Pembayaran/Pembelian,Ribu Transaksi/  Thousand Transaction ,2018,8,2018-08,49897.679,SPIP-Desember-2025.xlsx
internet_banking_payment_purchase_volume,7,Table 7. Proprietary Channel,33,27,Transaksi Pembayaran/Pembelian,Ribu Transaksi/  Thousand Transaction ,2018,9,2018-09,51524.444,SPIP-Desember-2025.xlsx
internet_banking_payment_purchase_volume,7,Table 7. Proprietary Channel,33,27,Transaksi Pembayaran/Pembelian,Ribu Transaksi/  Thousand Transaction ,2018,10,2018-10,53389.361,SPIP-Desember-2025.xlsx
internet_banking_payment_purchase_volume,7,Table 7. Proprietary Channel,33,27,Transaksi Pembayaran/Pembelian,Ribu Transaksi/  Thousand Transaction ,2018,11,2018-11,50775.865,SPIP-Desember-2025.xlsx
internet_banking_payment_purchase_volume,7,Table 7. Proprietary Channel,33,27,Transaksi Pembayaran/Pembelian,Ribu Transaksi/  Thousand Transaction ,2018,12,2018-12,54205.523,SPIP-Desember-2025.xlsx
internet_banking_payment_purchase_volume,7,Table 7. Proprietary Channel,33,27,Transaksi Pembayaran/Pembelian,Ribu Transaksi/  Thousand Transaction ,2019,1,2019-01,53248.694,SPIP-Desember-2025.xlsx
internet_banking_payment_purchase_volume,7,Table 7. Proprietary Channel,33,27,Transaksi Pembayaran/Pembelian,Ribu Transaksi/  Thousand Transaction ,2019,2,2019-02,44293.981,SPIP-Desember-2025.xlsx
internet_banking_payment_purchase_volume,7,Table 7. Proprietary Channel,33,27,Transaksi Pembayaran/Pembelian,Ribu Transaksi/  Thousand Transaction ,2019,3,2019-03,13529.96,SPIP-Desember-2025.xlsx
internet_banking_payment_purchase_volume,7,Table 7. Proprietary Channel,33,27,Transaksi Pembayaran/Pembelian,Ribu Transaksi/  Thousand Transaction ,2019,4,2019-04,14233.979,SPIP-Desember-2025.xlsx
internet_banking_payment_purchase_volume,7,Table 7. Proprietary Channel,33,27,Transaksi Pembayaran/Pembelian,Ribu Transaksi/  Thousand Transaction ,2019,5,2019-05,16445.885,SPIP-Desember-2025.xlsx
internet_banking_payment_purchase_volume,7,Table 7. Proprietary Channel,33,27,Transaksi Pembayaran/Pembelian,Ribu Transaksi/  Thousand Transaction ,2019,6,2019-06,13915.065,SPIP-Desember-2025.xlsx
internet_banking_payment_purchase_volume,7,Table 7. Proprietary Channel,33,27,Transaksi Pembayaran/Pembelian,Ribu Transaksi/  Thousand Transaction ,2019,7,2019-07,17642.804,SPIP-Desember-2025.xlsx
internet_banking_payment_purchase_volume,7,Table 7. Proprietary Channel,33,27,Transaksi Pembayaran/Pembelian,Ribu Transaksi/  Thousand Transaction ,2019,8,2019-08,17155.801,SPIP-Desember-2025.xlsx
internet_banking_payment_purchase_volume,7,Table 7. Proprietary Channel,33,27,Transaksi Pembayaran/Pembelian,Ribu Transaksi/  Thousand Transaction ,2019,9,2019-09,18292.881,SPIP-Desember-2025.xlsx
internet_banking_payment_purchase_volume,7,Table 7. Proprietary Channel,33,27,Transaksi Pembayaran/Pembelian,Ribu Transaksi/  Thousand Transaction ,2019,10,2019-10,22539.112,SPIP-Desember-2025.xlsx
internet_banking_payment_purchase_volume,7,Table 7. Proprietary Channel,33,27,Transaksi Pembayaran/Pembelian,Ribu Transaksi/  Thousand Transaction ,2019,11,2019-11,24697.086,SPIP-Desember-2025.xlsx
internet_banking_payment_purchase_volume,7,Table 7. Proprietary Channel,33,27,Transaksi Pembayaran/Pembelian,Ribu Transaksi/  Thousand Transaction ,2019,12,2019-12,23634.256,SPIP-Desember-2025.xlsx
internet_banking_payment_purchase_volume,7,Table 7. Proprietary Channel,33,27,Transaksi Pembayaran/Pembelian,Ribu Transaksi/  Thousand Transaction ,2020,1,2020-01,25811.085,SPIP-Desember-2025.xlsx
internet_banking_payment_purchase_volume,7,Table 7. Proprietary Channel,33,27,Transaksi Pembayaran/Pembelian,Ribu Transaksi/  Thousand Transaction ,2020,2,2020-02,26034.926,SPIP-Desember-2025.xlsx
internet_banking_payment_purchase_volume,7,Table 7. Proprietary Channel,33,27,Transaksi Pembayaran/Pembelian,Ribu Transaksi/  Thousand Transaction ,2020,3,2020-03,29030.942,SPIP-Desember-2025.xlsx
internet_banking_payment_purchase_volume,7,Table 7. Proprietary Channel,33,27,Transaksi Pembayaran/Pembelian,Ribu Transaksi/  Thousand Transaction ,2020,4,2020-04,28930.632,SPIP-Desember-2025.xlsx
internet_banking_payment_purchase_volume,7,Table 7. Proprietary Channel,33,27,Transaksi Pembayaran/Pembelian,Ribu Transaksi/  Thousand Transaction ,2020,5,2020-05,31956.068,SPIP-Desember-2025.xlsx
internet_banking_payment_purchase_volume,7,Table 7. Proprietary Channel,33,27,Transaksi Pembayaran/Pembelian,Ribu Transaksi/  Thousand Transaction ,2020,6,2020-06,32152.265,SPIP-Desember-2025.xlsx
internet_banking_payment_purchase_volume,7,Table 7. Proprietary Channel,33,27,Transaksi Pembayaran/Pembelian,Ribu Transaksi/  Thousand Transaction ,2020,7,2020-07,35640.747,SPIP-Desember-2025.xlsx
internet_banking_payment_purchase_volume,7,Table 7. Proprietary Channel,33,27,Transaksi Pembayaran/Pembelian,Ribu Transaksi/  Thousand Transaction ,2020,8,2020-08,36605.202,SPIP-Desember-2025.xlsx
internet_banking_payment_purchase_volume,7,Table 7. Proprietary Channel,33,27,Transaksi Pembayaran/Pembelian,Ribu Transaksi/  Thousand Transaction ,2020,9,2020-09,36647.413,SPIP-Desember-2025.xlsx
internet_banking_payment_purchase_volume,7,Table 7. Proprietary Channel,33,27,Transaksi Pembayaran/Pembelian,Ribu Transaksi/  Thousand Transaction ,2020,10,2020-10,38761.224,SPIP-Desember-2025.xlsx
internet_banking_payment_purchase_volume,7,Table 7. Proprietary Channel,33,27,Transaksi Pembayaran/Pembelian,Ribu Transaksi/  Thousand Transaction ,2020,11,2020-11,40325.556,SPIP-Desember-2025.xlsx
internet_banking_payment_purchase_volume,7,Table 7. Proprietary Channel,33,27,Transaksi Pembayaran/Pembelian,Ribu Transaksi/  Thousand Transaction ,2020,12,2020-12,44150.857,SPIP-Desember-2025.xlsx
internet_banking_payment_purchase_volume,7,Table 7. Proprietary Channel,33,27,Transaksi Pembayaran/Pembelian,Ribu Transaksi/  Thousand Transaction ,2021,1,2021-01,28212.48,SPIP-Desember-2025.xlsx
internet_banking_payment_purchase_volume,7,Table 7. Proprietary Channel,33,27,Transaksi Pembayaran/Pembelian,Ribu Transaksi/  Thousand Transaction ,2021,2,2021-02,18763.093,SPIP-Desember-2025.xlsx
internet_banking_payment_purchase_volume,7,Table 7. Proprietary Channel,33,27,Transaksi Pembayaran/Pembelian,Ribu Transaksi/  Thousand Transaction ,2021,3,2021-03,21930.717,SPIP-Desember-2025.xlsx
internet_banking_payment_purchase_volume,7,Table 7. Proprietary Channel,33,27,Transaksi Pembayaran/Pembelian,Ribu Transaksi/  Thousand Transaction ,2021,4,2021-04,32369.916,SPIP-Desember-2025.xlsx
internet_banking_payment_purchase_volume,7,Table 7. Proprietary Channel,33,27,Transaksi Pembayaran/Pembelian,Ribu Transaksi/  Thousand Transaction ,2021,5,2021-05,43012.697,SPIP-Desember-2025.xlsx
internet_banking_payment_purchase_volume,7,Table 7. Proprietary Channel,33,27,Transaksi Pembayaran/Pembelian,Ribu Transaksi/  Thousand Transaction ,2021,6,2021-06,27822.055,SPIP-Desember-2025.xlsx
internet_banking_payment_purchase_volume,7,Table 7. Proprietary Channel,33,27,Transaksi Pembayaran/Pembelian,Ribu Transaksi/  Thousand Transaction ,2021,7,2021-07,28832.516,SPIP-Desember-2025.xlsx
internet_banking_payment_purchase_volume,7,Table 7. Proprietary Channel,33,27,Transaksi Pembayaran/Pembelian,Ribu Transaksi/  Thousand Transaction ,2021,8,2021-08,31392.385,SPIP-Desember-2025.xlsx
internet_banking_payment_purchase_volume,7,Table 7. Proprietary Channel,33,27,Transaksi Pembayaran/Pembelian,Ribu Transaksi/  Thousand Transaction ,2021,9,2021-09,47093.87,SPIP-Desember-2025.xlsx
internet_banking_payment_purchase_volume,7,Table 7. Proprietary Channel,33,27,Transaksi Pembayaran/Pembelian,Ribu Transaksi/  Thousand Transaction ,2021,10,2021-10,33238.36,SPIP-Desember-2025.xlsx
internet_banking_payment_purchase_volume,7,Table 7. Proprietary Channel,33,27,Transaksi Pembayaran/Pembelian,Ribu Transaksi/  Thousand Transaction ,2021,11,2021-11,72164.991,SPIP-Desember-2025.xlsx
internet_banking_payment_purchase_volume,7,Table 7. Proprietary Channel,33,27,Transaksi Pembayaran/Pembelian,Ribu Transaksi/  Thousand Transaction ,2021,12,2021-12,30265.401,SPIP-Desember-2025.xlsx
internet_banking_payment_purchase_volume,7,Table 7. Proprietary Channel,33,27,Transaksi Pembayaran/Pembelian,Ribu Transaksi/  Thousand Transaction ,2022,1,2022-01,30141.122,SPIP-Desember-2025.xlsx
internet_banking_payment_purchase_volume,7,Table 7. Proprietary Channel,33,27,Transaksi Pembayaran/Pembelian,Ribu Transaksi/  Thousand Transaction ,2022,2,2022-02,29779.945,SPIP-Desember-2025.xlsx
internet_banking_payment_purchase_volume,7,Table 7. Proprietary Channel,33,27,Transaksi Pembayaran/Pembelian,Ribu Transaksi/  Thousand Transaction ,2022,3,2022-03,19408.421,SPIP-Desember-2025.xlsx
internet_banking_payment_purchase_volume,7,Table 7. Proprietary Channel,33,27,Transaksi Pembayaran/Pembelian,Ribu Transaksi/  Thousand Transaction ,2022,4,2022-04,6169.073,SPIP-Desember-2025.xlsx
internet_banking_payment_purchase_volume,7,Table 7. Proprietary Channel,33,27,Transaksi Pembayaran/Pembelian,Ribu Transaksi/  Thousand Transaction ,2022,5,2022-05,54896.456,SPIP-Desember-2025.xlsx
internet_banking_payment_purchase_volume,7,Table 7. Proprietary Channel,33,27,Transaksi Pembayaran/Pembelian,Ribu Transaksi/  Thousand Transaction ,2022,6,2022-06,56930.273,SPIP-Desember-2025.xlsx
internet_banking_payment_purchase_volume,7,Table 7. Proprietary Channel,33,27,Transaksi Pembayaran/Pembelian,Ribu Transaksi/  Thousand Transaction ,2022,7,2022-07,67254.393,SPIP-Desember-2025.xlsx
internet_banking_payment_purchase_volume,7,Table 7. Proprietary Channel,33,27,Transaksi Pembayaran/Pembelian,Ribu Transaksi/  Thousand Transaction ,2022,8,2022-08,67372.818,SPIP-Desember-2025.xlsx
internet_banking_payment_purchase_volume,7,Table 7. Proprietary Channel,33,27,Transaksi Pembayaran/Pembelian,Ribu Transaksi/  Thousand Transaction ,2022,9,2022-09,70449.807,SPIP-Desember-2025.xlsx
internet_banking_payment_purchase_volume,7,Table 7. Proprietary Channel,33,27,Transaksi Pembayaran/Pembelian,Ribu Transaksi/  Thousand Transaction ,2022,10,2022-10,72734.306,SPIP-Desember-2025.xlsx
internet_banking_payment_purchase_volume,7,Table 7. Proprietary Channel,33,27,Transaksi Pembayaran/Pembelian,Ribu Transaksi/  Thousand Transaction ,2022,11,2022-11,74556.151,SPIP-Desember-2025.xlsx
internet_banking_payment_purchase_volume,7,Table 7. Proprietary Channel,33,27,Transaksi Pembayaran/Pembelian,Ribu Transaksi/  Thousand Transaction ,2022,12,2022-12,81124.206,SPIP-Desember-2025.xlsx
internet_banking_payment_purchase_volume,7,Table 7. Proprietary Channel,33,27,Transaksi Pembayaran/Pembelian,Ribu Transaksi/  Thousand Transaction ,2023,1,2023-01,79929.365,SPIP-Desember-2025.xlsx
internet_banking_payment_purchase_volume,7,Table 7. Proprietary Channel,33,27,Transaksi Pembayaran/Pembelian,Ribu Transaksi/  Thousand Transaction ,2023,2,2023-02,72957.263,SPIP-Desember-2025.xlsx
internet_banking_payment_purchase_volume,7,Table 7. Proprietary Channel,33,27,Transaksi Pembayaran/Pembelian,Ribu Transaksi/  Thousand Transaction ,2023,3,2023-03,87244.31,SPIP-Desember-2025.xlsx
internet_banking_payment_purchase_volume,7,Table 7. Proprietary Channel,33,27,Transaksi Pembayaran/Pembelian,Ribu Transaksi/  Thousand Transaction ,2023,4,2023-04,92881.069,SPIP-Desember-2025.xlsx
internet_banking_payment_purchase_volume,7,Table 7. Proprietary Channel,33,27,Transaksi Pembayaran/Pembelian,Ribu Transaksi/  Thousand Transaction ,2023,5,2023-05,95381.475,SPIP-Desember-2025.xlsx
internet_banking_payment_purchase_volume,7,Table 7. Proprietary Channel,33,27,Transaksi Pembayaran/Pembelian,Ribu Transaksi/  Thousand Transaction ,2023,6,2023-06,114328.366,SPIP-Desember-2025.xlsx
internet_banking_payment_purchase_volume,7,Table 7. Proprietary Channel,33,27,Transaksi Pembayaran/Pembelian,Ribu Transaksi/  Thousand Transaction ,2023,7,2023-07,110145.061,SPIP-Desember-2025.xlsx
internet_banking_payment_purchase_volume,7,Table 7. Proprietary Channel,33,27,Transaksi Pembayaran/Pembelian,Ribu Transaksi/  Thousand Transaction ,2023,8,2023-08,6354.896,SPIP-Desember-2025.xlsx
internet_banking_payment_purchase_volume,7,Table 7. Proprietary Channel,33,27,Transaksi Pembayaran/Pembelian,Ribu Transaksi/  Thousand Transaction ,2023,9,2023-09,5734.688,SPIP-Desember-2025.xlsx
internet_banking_payment_purchase_volume,7,Table 7. Proprietary Channel,33,27,Transaksi Pembayaran/Pembelian,Ribu Transaksi/  Thousand Transaction ,2023,10,2023-10,6027.114,SPIP-Desember-2025.xlsx
internet_banking_payment_purchase_volume,7,Table 7. Proprietary Channel,33,27,Transaksi Pembayaran/Pembelian,Ribu Transaksi/  Thousand Transaction ,2023,11,2023-11,6050.061,SPIP-Desember-2025.xlsx
internet_banking_payment_purchase_volume,7,Table 7. Proprietary Channel,33,27,Transaksi Pembayaran/Pembelian,Ribu Transaksi/  Thousand Transaction ,2023,12,2023-12,6050.056,SPIP-Desember-2025.xlsx
internet_banking_payment_purchase_volume,7,Table 7. Proprietary Channel,33,27,Transaksi Pembayaran/Pembelian,Ribu Transaksi/  Thousand Transaction ,2024,1,2024-01,6563.685,SPIP-Desember-2025.xlsx
internet_banking_payment_purchase_volume,7,Table 7. Proprietary Channel,33,27,Transaksi Pembayaran/Pembelian,Ribu Transaksi/  Thousand Transaction ,2024,2,2024-02,6353.765,SPIP-Desember-2025.xlsx
internet_banking_payment_purchase_volume,7,Table 7. Proprietary Channel,33,27,Transaksi Pembayaran/Pembelian,Ribu Transaksi/  Thousand Transaction ,2024,3,2024-03,6910.956,SPIP-Desember-2025.xlsx
internet_banking_payment_purchase_volume,7,Table 7. Proprietary Channel,33,27,Transaksi Pembayaran/Pembelian,Ribu Transaksi/  Thousand Transaction ,2024,4,2024-04,6625.526,SPIP-Desember-2025.xlsx
internet_banking_payment_purchase_volume,7,Table 7. Proprietary Channel,33,27,Transaksi Pembayaran/Pembelian,Ribu Transaksi/  Thousand Transaction ,2024,5,2024-05,6850.715,SPIP-Desember-2025.xlsx
internet_banking_payment_purchase_volume,7,Table 7. Proprietary Channel,33,27,Transaksi Pembayaran/Pembelian,Ribu Transaksi/  Thousand Transaction ,2024,6,2024-06,6656.643,SPIP-Desember-2025.xlsx
internet_banking_payment_purchase_volume,7,Table 7. Proprietary Channel,33,27,Transaksi Pembayaran/Pembelian,Ribu Transaksi/  Thousand Transaction ,2024,7,2024-07,6902.327,SPIP-Desember-2025.xlsx
internet_banking_payment_purchase_volume,7,Table 7. Proprietary Channel,33,27,Transaksi Pembayaran/Pembelian,Ribu Transaksi/  Thousand Transaction ,2024,8,2024-08,6692.964,SPIP-Desember-2025.xlsx
internet_banking_payment_purchase_volume,7,Table 7. Proprietary Channel,33,27,Transaksi Pembayaran/Pembelian,Ribu Transaksi/  Thousand Transaction ,2024,9,2024-09,6482.424,SPIP-Desember-2025.xlsx
internet_banking_payment_purchase_volume,7,Table 7. Proprietary Channel,33,27,Transaksi Pembayaran/Pembelian,Ribu Transaksi/  Thousand Transaction ,2024,10,2024-10,6723.388,SPIP-Desember-2025.xlsx
internet_banking_payment_purchase_volume,7,Table 7. Proprietary Channel,33,27,Transaksi Pembayaran/Pembelian,Ribu Transaksi/  Thousand Transaction ,2024,11,2024-11,6625.373,SPIP-Desember-2025.xlsx
internet_banking_payment_purchase_volume,7,Table 7. Proprietary Channel,33,27,Transaksi Pembayaran/Pembelian,Ribu Transaksi/  Thousand Transaction ,2024,12,2024-12,7218.738,SPIP-Desember-2025.xlsx
internet_banking_payment_purchase_volume,7,Table 7. Proprietary Channel,33,27,Transaksi Pembayaran/Pembelian,Ribu Transaksi/  Thousand Transaction ,2025,1,2025-01,5871.77,SPIP-Desember-2025.xlsx
internet_banking_payment_purchase_volume,7,Table 7. Proprietary Channel,33,27,Transaksi Pembayaran/Pembelian,Ribu Transaksi/  Thousand Transaction ,2025,2,2025-02,5444.68,SPIP-Desember-2025.xlsx
internet_banking_payment_purchase_volume,7,Table 7. Proprietary Channel,33,27,Transaksi Pembayaran/Pembelian,Ribu Transaksi/  Thousand Transaction ,2025,3,2025-03,6025.397,SPIP-Desember-2025.xlsx
internet_banking_payment_purchase_volume,7,Table 7. Proprietary Channel,33,27,Transaksi Pembayaran/Pembelian,Ribu Transaksi/  Thousand Transaction ,2025,4,2025-04,5468.445,SPIP-Desember-2025.xlsx
internet_banking_payment_purchase_volume,7,Table 7. Proprietary Channel,33,27,Transaksi Pembayaran/Pembelian,Ribu Transaksi/  Thousand Transaction ,2025,5,2025-05,5709.788,SPIP-Desember-2025.xlsx
internet_banking_payment_purchase_volume,7,Table 7. Proprietary Channel,33,27,Transaksi Pembayaran/Pembelian,Ribu Transaksi/  Thousand Transaction ,2025,6,2025-06,5934.179,SPIP-Desember-2025.xlsx
internet_banking_payment_purchase_volume,7,Table 7. Proprietary Channel,33,27,Transaksi Pembayaran/Pembelian,Ribu Transaksi/  Thousand Transaction ,2025,7,2025-07,6268.163,SPIP-Desember-2025.xlsx
internet_banking_payment_purchase_volume,7,Table 7. Proprietary Channel,33,27,Transaksi Pembayaran/Pembelian,Ribu Transaksi/  Thousand Transaction ,2025,8,2025-08,6179.658,SPIP-Desember-2025.xlsx
internet_banking_payment_purchase_volume,7,Table 7. Proprietary Channel,33,27,Transaksi Pembayaran/Pembelian,Ribu Transaksi/  Thousand Transaction ,2025,9,2025-09,6270.027,SPIP-Desember-2025.xlsx
internet_banking_payment_purchase_volume,7,Table 7. Proprietary Channel,33,27,Transaksi Pembayaran/Pembelian,Ribu Transaksi/  Thousand Transaction ,2025,10,2025-10,6451.231,SPIP-Desember-2025.xlsx
internet_banking_payment_purchase_volume,7,Table 7. Proprietary Channel,33,27,Transaksi Pembayaran/Pembelian,Ribu Transaksi/  Thousand Transaction ,2025,11,2025-11,6166.575,SPIP-Desember-2025.xlsx
internet_banking_total_value,7,Table 7. Proprietary Channel,36,30,Nilai Transaksi Internet Banking,Rp Miliar/ Billions of Rp,2012,10,2012-10,514408.87058,SPIP-Desember-2025.xlsx
internet_banking_total_value,7,Table 7. Proprietary Channel,36,30,Nilai Transaksi Internet Banking,Rp Miliar/ Billions of Rp,2012,11,2012-11,937186.49294,SPIP-Desember-2025.xlsx
internet_banking_total_value,7,Table 7. Proprietary Channel,36,30,Nilai Transaksi Internet Banking,Rp Miliar/ Billions of Rp,2012,12,2012-12,863057.572,SPIP-Desember-2025.xlsx
internet_banking_total_value,7,Table 7. Proprietary Channel,36,30,Nilai Transaksi Internet Banking,Rp Miliar/ Billions of Rp,2013,1,2013-01,1240383.46807705,SPIP-Desember-2025.xlsx
internet_banking_total_value,7,Table 7. Proprietary Channel,36,30,Nilai Transaksi Internet Banking,Rp Miliar/ Billions of Rp,2013,2,2013-02,1400413.01000192,SPIP-Desember-2025.xlsx
internet_banking_total_value,7,Table 7. Proprietary Channel,36,30,Nilai Transaksi Internet Banking,Rp Miliar/ Billions of Rp,2013,3,2013-03,636722.660507648,SPIP-Desember-2025.xlsx
internet_banking_total_value,7,Table 7. Proprietary Channel,36,30,Nilai Transaksi Internet Banking,Rp Miliar/ Billions of Rp,2013,4,2013-04,1157267.52940032,SPIP-Desember-2025.xlsx
internet_banking_total_value,7,Table 7. Proprietary Channel,36,30,Nilai Transaksi Internet Banking,Rp Miliar/ Billions of Rp,2013,5,2013-05,717866.269671424,SPIP-Desember-2025.xlsx
internet_banking_total_value,7,Table 7. Proprietary Channel,36,30,Nilai Transaksi Internet Banking,Rp Miliar/ Billions of Rp,2013,6,2013-06,724129.405730816,SPIP-Desember-2025.xlsx
internet_banking_total_value,7,Table 7. Proprietary Channel,36,30,Nilai Transaksi Internet Banking,Rp Miliar/ Billions of Rp,2013,7,2013-07,1437200.47863398,SPIP-Desember-2025.xlsx
internet_banking_total_value,7,Table 7. Proprietary Channel,36,30,Nilai Transaksi Internet Banking,Rp Miliar/ Billions of Rp,2013,8,2013-08,715487.730204672,SPIP-Desember-2025.xlsx
internet_banking_total_value,7,Table 7. Proprietary Channel,36,30,Nilai Transaksi Internet Banking,Rp Miliar/ Billions of Rp,2013,9,2013-09,812910.47337984,SPIP-Desember-2025.xlsx
internet_banking_total_value,7,Table 7. Proprietary Channel,36,30,Nilai Transaksi Internet Banking,Rp Miliar/ Billions of Rp,2013,10,2013-10,910181.214978048,SPIP-Desember-2025.xlsx
internet_banking_total_value,7,Table 7. Proprietary Channel,36,30,Nilai Transaksi Internet Banking,Rp Miliar/ Billions of Rp,2013,11,2013-11,1104330.71529984,SPIP-Desember-2025.xlsx
internet_banking_total_value,7,Table 7. Proprietary Channel,36,30,Nilai Transaksi Internet Banking,Rp Miliar/ Billions of Rp,2013,12,2013-12,1236937.4279106501,SPIP-Desember-2025.xlsx
internet_banking_total_value,7,Table 7. Proprietary Channel,36,30,Nilai Transaksi Internet Banking,Rp Miliar/ Billions of Rp,2014,1,2014-01,1356477.50782976,SPIP-Desember-2025.xlsx
internet_banking_total_value,7,Table 7. Proprietary Channel,36,30,Nilai Transaksi Internet Banking,Rp Miliar/ Billions of Rp,2014,2,2014-02,765810.318508032,SPIP-Desember-2025.xlsx
internet_banking_total_value,7,Table 7. Proprietary Channel,36,30,Nilai Transaksi Internet Banking,Rp Miliar/ Billions of Rp,2014,3,2014-03,799328.109068288,SPIP-Desember-2025.xlsx
internet_banking_total_value,7,Table 7. Proprietary Channel,36,30,Nilai Transaksi Internet Banking,Rp Miliar/ Billions of Rp,2014,4,2014-04,850714.90973696,SPIP-Desember-2025.xlsx
internet_banking_total_value,7,Table 7. Proprietary Channel,36,30,Nilai Transaksi Internet Banking,Rp Miliar/ Billions of Rp,2014,5,2014-05,826435.92937472,SPIP-Desember-2025.xlsx
internet_banking_total_value,7,Table 7. Proprietary Channel,36,30,Nilai Transaksi Internet Banking,Rp Miliar/ Billions of Rp,2014,6,2014-06,945571.544170496,SPIP-Desember-2025.xlsx
internet_banking_total_value,7,Table 7. Proprietary Channel,36,30,Nilai Transaksi Internet Banking,Rp Miliar/ Billions of Rp,2014,7,2014-07,868664.249155584,SPIP-Desember-2025.xlsx
internet_banking_total_value,7,Table 7. Proprietary Channel,36,30,Nilai Transaksi Internet Banking,Rp Miliar/ Billions of Rp,2014,8,2014-08,873435.890712576,SPIP-Desember-2025.xlsx
internet_banking_total_value,7,Table 7. Proprietary Channel,36,30,Nilai Transaksi Internet Banking,Rp Miliar/ Billions of Rp,2014,9,2014-09,916578.367438848,SPIP-Desember-2025.xlsx
internet_banking_total_value,7,Table 7. Proprietary Channel,36,30,Nilai Transaksi Internet Banking,Rp Miliar/ Billions of Rp,2014,10,2014-10,980128.515489792,SPIP-Desember-2025.xlsx
internet_banking_total_value,7,Table 7. Proprietary Channel,36,30,Nilai Transaksi Internet Banking,Rp Miliar/ Billions of Rp,2014,11,2014-11,864339.284197376,SPIP-Desember-2025.xlsx
internet_banking_total_value,7,Table 7. Proprietary Channel,36,30,Nilai Transaksi Internet Banking,Rp Miliar/ Billions of Rp,2014,12,2014-12,1026661.197807616,SPIP-Desember-2025.xlsx
internet_banking_total_value,7,Table 7. Proprietary Channel,36,30,Nilai Transaksi Internet Banking,Rp Miliar/ Billions of Rp,2015,1,2015-01,948116.849164288,SPIP-Desember-2025.xlsx
internet_banking_total_value,7,Table 7. Proprietary Channel,36,30,Nilai Transaksi Internet Banking,Rp Miliar/ Billions of Rp,2015,2,2015-02,824294.14998016,SPIP-Desember-2025.xlsx
internet_banking_total_value,7,Table 7. Proprietary Channel,36,30,Nilai Transaksi Internet Banking,Rp Miliar/ Billions of Rp,2015,3,2015-03,977060.4995543039,SPIP-Desember-2025.xlsx
internet_banking_total_value,7,Table 7. Proprietary Channel,36,30,Nilai Transaksi Internet Banking,Rp Miliar/ Billions of Rp,2015,4,2015-04,952669.313171456,SPIP-Desember-2025.xlsx
internet_banking_total_value,7,Table 7. Proprietary Channel,36,30,Nilai Transaksi Internet Banking,Rp Miliar/ Billions of Rp,2015,5,2015-05,900545.992720384,SPIP-Desember-2025.xlsx
internet_banking_total_value,7,Table 7. Proprietary Channel,36,30,Nilai Transaksi Internet Banking,Rp Miliar/ Billions of Rp,2015,6,2015-06,1000066.8274196481,SPIP-Desember-2025.xlsx
internet_banking_total_value,7,Table 7. Proprietary Channel,36,30,Nilai Transaksi Internet Banking,Rp Miliar/ Billions of Rp,2015,7,2015-07,953786.675757056,SPIP-Desember-2025.xlsx
internet_banking_total_value,7,Table 7. Proprietary Channel,36,30,Nilai Transaksi Internet Banking,Rp Miliar/ Billions of Rp,2015,8,2015-08,939989.563080704,SPIP-Desember-2025.xlsx
internet_banking_total_value,7,Table 7. Proprietary Channel,36,30,Nilai Transaksi Internet Banking,Rp Miliar/ Billions of Rp,2015,9,2015-09,986884.8345907199,SPIP-Desember-2025.xlsx
internet_banking_total_value,7,Table 7. Proprietary Channel,36,30,Nilai Transaksi Internet Banking,Rp Miliar/ Billions of Rp,2015,10,2015-10,999468.75322368,SPIP-Desember-2025.xlsx
internet_banking_total_value,7,Table 7. Proprietary Channel,36,30,Nilai Transaksi Internet Banking,Rp Miliar/ Billions of Rp,2015,11,2015-11,971534.822801408,SPIP-Desember-2025.xlsx
internet_banking_total_value,7,Table 7. Proprietary Channel,36,30,Nilai Transaksi Internet Banking,Rp Miliar/ Billions of Rp,2015,12,2015-12,1066768.005070848,SPIP-Desember-2025.xlsx
internet_banking_total_value,7,Table 7. Proprietary Channel,36,30,Nilai Transaksi Internet Banking,Rp Miliar/ Billions of Rp,2016,1,2016-01,991202.9544447999,SPIP-Desember-2025.xlsx
internet_banking_total_value,7,Table 7. Proprietary Channel,36,30,Nilai Transaksi Internet Banking,Rp Miliar/ Billions of Rp,2016,2,2016-02,1014334.4403415039,SPIP-Desember-2025.xlsx
internet_banking_total_value,7,Table 7. Proprietary Channel,36,30,Nilai Transaksi Internet Banking,Rp Miliar/ Billions of Rp,2016,3,2016-03,1125174.325805056,SPIP-Desember-2025.xlsx
internet_banking_total_value,7,Table 7. Proprietary Channel,36,30,Nilai Transaksi Internet Banking,Rp Miliar/ Billions of Rp,2016,4,2016-04,1019851.862704128,SPIP-Desember-2025.xlsx
internet_banking_total_value,7,Table 7. Proprietary Channel,36,30,Nilai Transaksi Internet Banking,Rp Miliar/ Billions of Rp,2016,5,2016-05,1139358.85795328,SPIP-Desember-2025.xlsx
internet_banking_total_value,7,Table 7. Proprietary Channel,36,30,Nilai Transaksi Internet Banking,Rp Miliar/ Billions of Rp,2016,6,2016-06,1203980.3990179838,SPIP-Desember-2025.xlsx
internet_banking_total_value,7,Table 7. Proprietary Channel,36,30,Nilai Transaksi Internet Banking,Rp Miliar/ Billions of Rp,2016,7,2016-07,951039.5073003521,SPIP-Desember-2025.xlsx
internet_banking_total_value,7,Table 7. Proprietary Channel,36,30,Nilai Transaksi Internet Banking,Rp Miliar/ Billions of Rp,2016,8,2016-08,1154161.462738944,SPIP-Desember-2025.xlsx
internet_banking_total_value,7,Table 7. Proprietary Channel,36,30,Nilai Transaksi Internet Banking,Rp Miliar/ Billions of Rp,2016,9,2016-09,1037970.652004352,SPIP-Desember-2025.xlsx
internet_banking_total_value,7,Table 7. Proprietary Channel,36,30,Nilai Transaksi Internet Banking,Rp Miliar/ Billions of Rp,2016,10,2016-10,1153778.002690048,SPIP-Desember-2025.xlsx
internet_banking_total_value,7,Table 7. Proprietary Channel,36,30,Nilai Transaksi Internet Banking,Rp Miliar/ Billions of Rp,2016,11,2016-11,1176543.0741893118,SPIP-Desember-2025.xlsx
internet_banking_total_value,7,Table 7. Proprietary Channel,36,30,Nilai Transaksi Internet Banking,Rp Miliar/ Billions of Rp,2016,12,2016-12,1256207.201337344,SPIP-Desember-2025.xlsx
internet_banking_total_value,7,Table 7. Proprietary Channel,36,30,Nilai Transaksi Internet Banking,Rp Miliar/ Billions of Rp,2017,1,2017-01,1134771.698663424,SPIP-Desember-2025.xlsx
internet_banking_total_value,7,Table 7. Proprietary Channel,36,30,Nilai Transaksi Internet Banking,Rp Miliar/ Billions of Rp,2017,2,2017-02,1241088.648019968,SPIP-Desember-2025.xlsx
internet_banking_total_value,7,Table 7. Proprietary Channel,36,30,Nilai Transaksi Internet Banking,Rp Miliar/ Billions of Rp,2017,3,2017-03,1243316.393869312,SPIP-Desember-2025.xlsx
internet_banking_total_value,7,Table 7. Proprietary Channel,36,30,Nilai Transaksi Internet Banking,Rp Miliar/ Billions of Rp,2017,4,2017-04,1183635.004719104,SPIP-Desember-2025.xlsx
internet_banking_total_value,7,Table 7. Proprietary Channel,36,30,Nilai Transaksi Internet Banking,Rp Miliar/ Billions of Rp,2017,5,2017-05,1340539.8237184,SPIP-Desember-2025.xlsx
internet_banking_total_value,7,Table 7. Proprietary Channel,36,30,Nilai Transaksi Internet Banking,Rp Miliar/ Billions of Rp,2017,6,2017-06,1164522.5344696322,SPIP-Desember-2025.xlsx
internet_banking_total_value,7,Table 7. Proprietary Channel,36,30,Nilai Transaksi Internet Banking,Rp Miliar/ Billions of Rp,2017,7,2017-07,1310126.220771328,SPIP-Desember-2025.xlsx
internet_banking_total_value,7,Table 7. Proprietary Channel,36,30,Nilai Transaksi Internet Banking,Rp Miliar/ Billions of Rp,2017,8,2017-08,1296671.43041024,SPIP-Desember-2025.xlsx
internet_banking_total_value,7,Table 7. Proprietary Channel,36,30,Nilai Transaksi Internet Banking,Rp Miliar/ Billions of Rp,2017,9,2017-09,1235999.782862848,SPIP-Desember-2025.xlsx
internet_banking_total_value,7,Table 7. Proprietary Channel,36,30,Nilai Transaksi Internet Banking,Rp Miliar/ Billions of Rp,2017,10,2017-10,1402266.825261056,SPIP-Desember-2025.xlsx
internet_banking_total_value,7,Table 7. Proprietary Channel,36,30,Nilai Transaksi Internet Banking,Rp Miliar/ Billions of Rp,2017,11,2017-11,1423752.264941568,SPIP-Desember-2025.xlsx
internet_banking_total_value,7,Table 7. Proprietary Channel,36,30,Nilai Transaksi Internet Banking,Rp Miliar/ Billions of Rp,2017,12,2017-12,1458878.2523187199,SPIP-Desember-2025.xlsx
internet_banking_total_value,7,Table 7. Proprietary Channel,36,30,Nilai Transaksi Internet Banking,Rp Miliar/ Billions of Rp,2018,1,2018-01,1422030.78836224,SPIP-Desember-2025.xlsx
internet_banking_total_value,7,Table 7. Proprietary Channel,36,30,Nilai Transaksi Internet Banking,Rp Miliar/ Billions of Rp,2018,2,2018-02,1285603.83655936,SPIP-Desember-2025.xlsx
internet_banking_total_value,7,Table 7. Proprietary Channel,36,30,Nilai Transaksi Internet Banking,Rp Miliar/ Billions of Rp,2018,3,2018-03,1440128.438370304,SPIP-Desember-2025.xlsx
internet_banking_total_value,7,Table 7. Proprietary Channel,36,30,Nilai Transaksi Internet Banking,Rp Miliar/ Billions of Rp,2018,4,2018-04,1480661.655355392,SPIP-Desember-2025.xlsx
internet_banking_total_value,7,Table 7. Proprietary Channel,36,30,Nilai Transaksi Internet Banking,Rp Miliar/ Billions of Rp,2018,5,2018-05,1609694.552522752,SPIP-Desember-2025.xlsx
internet_banking_total_value,7,Table 7. Proprietary Channel,36,30,Nilai Transaksi Internet Banking,Rp Miliar/ Billions of Rp,2018,6,2018-06,1422170.643234816,SPIP-Desember-2025.xlsx
internet_banking_total_value,7,Table 7. Proprietary Channel,36,30,Nilai Transaksi Internet Banking,Rp Miliar/ Billions of Rp,2018,7,2018-07,1573341.5466762239,SPIP-Desember-2025.xlsx
internet_banking_total_value,7,Table 7. Proprietary Channel,36,30,Nilai Transaksi Internet Banking,Rp Miliar/ Billions of Rp,2018,8,2018-08,1920788.873126554,SPIP-Desember-2025.xlsx
internet_banking_total_value,7,Table 7. Proprietary Channel,36,30,Nilai Transaksi Internet Banking,Rp Miliar/ Billions of Rp,2018,9,2018-09,1861996.212835073,SPIP-Desember-2025.xlsx
internet_banking_total_value,7,Table 7. Proprietary Channel,36,30,Nilai Transaksi Internet Banking,Rp Miliar/ Billions of Rp,2018,10,2018-10,2583424.8481830494,SPIP-Desember-2025.xlsx
internet_banking_total_value,7,Table 7. Proprietary Channel,36,30,Nilai Transaksi Internet Banking,Rp Miliar/ Billions of Rp,2018,11,2018-11,1785456.567582559,SPIP-Desember-2025.xlsx
internet_banking_total_value,7,Table 7. Proprietary Channel,36,30,Nilai Transaksi Internet Banking,Rp Miliar/ Billions of Rp,2018,12,2018-12,1856224.648969441,SPIP-Desember-2025.xlsx
internet_banking_total_value,7,Table 7. Proprietary Channel,36,30,Nilai Transaksi Internet Banking,Rp Miliar/ Billions of Rp,2019,1,2019-01,1939282.911736563,SPIP-Desember-2025.xlsx
internet_banking_total_value,7,Table 7. Proprietary Channel,36,30,Nilai Transaksi Internet Banking,Rp Miliar/ Billions of Rp,2019,2,2019-02,1667706,SPIP-Desember-2025.xlsx
internet_banking_total_value,7,Table 7. Proprietary Channel,36,30,Nilai Transaksi Internet Banking,Rp Miliar/ Billions of Rp,2019,3,2019-03,1749814.900863844,SPIP-Desember-2025.xlsx
internet_banking_total_value,7,Table 7. Proprietary Channel,36,30,Nilai Transaksi Internet Banking,Rp Miliar/ Billions of Rp,2019,4,2019-04,2500914.6254664403,SPIP-Desember-2025.xlsx
internet_banking_total_value,7,Table 7. Proprietary Channel,36,30,Nilai Transaksi Internet Banking,Rp Miliar/ Billions of Rp,2019,5,2019-05,2058950.77293,SPIP-Desember-2025.xlsx
internet_banking_total_value,7,Table 7. Proprietary Channel,36,30,Nilai Transaksi Internet Banking,Rp Miliar/ Billions of Rp,2019,6,2019-06,1523549.092947428,SPIP-Desember-2025.xlsx
internet_banking_total_value,7,Table 7. Proprietary Channel,36,30,Nilai Transaksi Internet Banking,Rp Miliar/ Billions of Rp,2019,7,2019-07,1986525.2924900001,SPIP-Desember-2025.xlsx
internet_banking_total_value,7,Table 7. Proprietary Channel,36,30,Nilai Transaksi Internet Banking,Rp Miliar/ Billions of Rp,2019,8,2019-08,2611323.12132,SPIP-Desember-2025.xlsx
internet_banking_total_value,7,Table 7. Proprietary Channel,36,30,Nilai Transaksi Internet Banking,Rp Miliar/ Billions of Rp,2019,9,2019-09,1830209.38793,SPIP-Desember-2025.xlsx
internet_banking_total_value,7,Table 7. Proprietary Channel,36,30,Nilai Transaksi Internet Banking,Rp Miliar/ Billions of Rp,2019,10,2019-10,1972794.89828,SPIP-Desember-2025.xlsx
internet_banking_total_value,7,Table 7. Proprietary Channel,36,30,Nilai Transaksi Internet Banking,Rp Miliar/ Billions of Rp,2019,11,2019-11,1859231.6228399999,SPIP-Desember-2025.xlsx
internet_banking_total_value,7,Table 7. Proprietary Channel,36,30,Nilai Transaksi Internet Banking,Rp Miliar/ Billions of Rp,2019,12,2019-12,2064593.84916,SPIP-Desember-2025.xlsx
internet_banking_total_value,7,Table 7. Proprietary Channel,36,30,Nilai Transaksi Internet Banking,Rp Miliar/ Billions of Rp,2020,1,2020-01,1879642.3834000002,SPIP-Desember-2025.xlsx
internet_banking_total_value,7,Table 7. Proprietary Channel,36,30,Nilai Transaksi Internet Banking,Rp Miliar/ Billions of Rp,2020,2,2020-02,1729899.55813,SPIP-Desember-2025.xlsx
internet_banking_total_value,7,Table 7. Proprietary Channel,36,30,Nilai Transaksi Internet Banking,Rp Miliar/ Billions of Rp,2020,3,2020-03,2008612.3643399999,SPIP-Desember-2025.xlsx
internet_banking_total_value,7,Table 7. Proprietary Channel,36,30,Nilai Transaksi Internet Banking,Rp Miliar/ Billions of Rp,2020,4,2020-04,1794931.10809,SPIP-Desember-2025.xlsx
internet_banking_total_value,7,Table 7. Proprietary Channel,36,30,Nilai Transaksi Internet Banking,Rp Miliar/ Billions of Rp,2020,5,2020-05,1540212.7038099999,SPIP-Desember-2025.xlsx
internet_banking_total_value,7,Table 7. Proprietary Channel,36,30,Nilai Transaksi Internet Banking,Rp Miliar/ Billions of Rp,2020,6,2020-06,1772741.1728599998,SPIP-Desember-2025.xlsx
internet_banking_total_value,7,Table 7. Proprietary Channel,36,30,Nilai Transaksi Internet Banking,Rp Miliar/ Billions of Rp,2020,7,2020-07,1829974.54279,SPIP-Desember-2025.xlsx
internet_banking_total_value,7,Table 7. Proprietary Channel,36,30,Nilai Transaksi Internet Banking,Rp Miliar/ Billions of Rp,2020,8,2020-08,1730556.0891200001,SPIP-Desember-2025.xlsx
internet_banking_total_value,7,Table 7. Proprietary Channel,36,30,Nilai Transaksi Internet Banking,Rp Miliar/ Billions of Rp,2020,9,2020-09,1914178.3797364803,SPIP-Desember-2025.xlsx
internet_banking_total_value,7,Table 7. Proprietary Channel,36,30,Nilai Transaksi Internet Banking,Rp Miliar/ Billions of Rp,2020,10,2020-10,1982993.2314434291,SPIP-Desember-2025.xlsx
internet_banking_total_value,7,Table 7. Proprietary Channel,36,30,Nilai Transaksi Internet Banking,Rp Miliar/ Billions of Rp,2020,11,2020-11,2138535.7044200003,SPIP-Desember-2025.xlsx
internet_banking_total_value,7,Table 7. Proprietary Channel,36,30,Nilai Transaksi Internet Banking,Rp Miliar/ Billions of Rp,2020,12,2020-12,2263296.02318,SPIP-Desember-2025.xlsx
internet_banking_total_value,7,Table 7. Proprietary Channel,36,30,Nilai Transaksi Internet Banking,Rp Miliar/ Billions of Rp,2021,1,2021-01,2162602.81962,SPIP-Desember-2025.xlsx
internet_banking_total_value,7,Table 7. Proprietary Channel,36,30,Nilai Transaksi Internet Banking,Rp Miliar/ Billions of Rp,2021,2,2021-02,2079624.8192600003,SPIP-Desember-2025.xlsx
internet_banking_total_value,7,Table 7. Proprietary Channel,36,30,Nilai Transaksi Internet Banking,Rp Miliar/ Billions of Rp,2021,3,2021-03,2454558.01728966,SPIP-Desember-2025.xlsx
internet_banking_total_value,7,Table 7. Proprietary Channel,36,30,Nilai Transaksi Internet Banking,Rp Miliar/ Billions of Rp,2021,4,2021-04,2506246.1355299996,SPIP-Desember-2025.xlsx
internet_banking_total_value,7,Table 7. Proprietary Channel,36,30,Nilai Transaksi Internet Banking,Rp Miliar/ Billions of Rp,2021,5,2021-05,2546846.9434199985,SPIP-Desember-2025.xlsx
internet_banking_total_value,7,Table 7. Proprietary Channel,36,30,Nilai Transaksi Internet Banking,Rp Miliar/ Billions of Rp,2021,6,2021-06,2809674.00791,SPIP-Desember-2025.xlsx
internet_banking_total_value,7,Table 7. Proprietary Channel,36,30,Nilai Transaksi Internet Banking,Rp Miliar/ Billions of Rp,2021,7,2021-07,2761622.49910291,SPIP-Desember-2025.xlsx
internet_banking_total_value,7,Table 7. Proprietary Channel,36,30,Nilai Transaksi Internet Banking,Rp Miliar/ Billions of Rp,2021,8,2021-08,2775384.5679329094,SPIP-Desember-2025.xlsx
internet_banking_total_value,7,Table 7. Proprietary Channel,36,30,Nilai Transaksi Internet Banking,Rp Miliar/ Billions of Rp,2021,9,2021-09,3186963.938259243,SPIP-Desember-2025.xlsx
internet_banking_total_value,7,Table 7. Proprietary Channel,36,30,Nilai Transaksi Internet Banking,Rp Miliar/ Billions of Rp,2021,10,2021-10,3019623.316706793,SPIP-Desember-2025.xlsx
internet_banking_total_value,7,Table 7. Proprietary Channel,36,30,Nilai Transaksi Internet Banking,Rp Miliar/ Billions of Rp,2021,11,2021-11,3254808.0661245333,SPIP-Desember-2025.xlsx
internet_banking_total_value,7,Table 7. Proprietary Channel,36,30,Nilai Transaksi Internet Banking,Rp Miliar/ Billions of Rp,2021,12,2021-12,3531436.46531,SPIP-Desember-2025.xlsx
internet_banking_total_value,7,Table 7. Proprietary Channel,36,30,Nilai Transaksi Internet Banking,Rp Miliar/ Billions of Rp,2022,1,2022-01,3049063.904509607,SPIP-Desember-2025.xlsx
internet_banking_total_value,7,Table 7. Proprietary Channel,36,30,Nilai Transaksi Internet Banking,Rp Miliar/ Billions of Rp,2022,2,2022-02,2681663.9538955544,SPIP-Desember-2025.xlsx
internet_banking_total_value,7,Table 7. Proprietary Channel,36,30,Nilai Transaksi Internet Banking,Rp Miliar/ Billions of Rp,2022,3,2022-03,3675081.7442530207,SPIP-Desember-2025.xlsx
internet_banking_total_value,7,Table 7. Proprietary Channel,36,30,Nilai Transaksi Internet Banking,Rp Miliar/ Billions of Rp,2022,4,2022-04,4458933.182878016,SPIP-Desember-2025.xlsx
internet_banking_total_value,7,Table 7. Proprietary Channel,36,30,Nilai Transaksi Internet Banking,Rp Miliar/ Billions of Rp,2022,5,2022-05,3056885.7270589764,SPIP-Desember-2025.xlsx
internet_banking_total_value,7,Table 7. Proprietary Channel,36,30,Nilai Transaksi Internet Banking,Rp Miliar/ Billions of Rp,2022,6,2022-06,3493272.801001596,SPIP-Desember-2025.xlsx
internet_banking_total_value,7,Table 7. Proprietary Channel,36,30,Nilai Transaksi Internet Banking,Rp Miliar/ Billions of Rp,2022,7,2022-07,3521370.403906119,SPIP-Desember-2025.xlsx
internet_banking_total_value,7,Table 7. Proprietary Channel,36,30,Nilai Transaksi Internet Banking,Rp Miliar/ Billions of Rp,2022,8,2022-08,3695469.098925998,SPIP-Desember-2025.xlsx
internet_banking_total_value,7,Table 7. Proprietary Channel,36,30,Nilai Transaksi Internet Banking,Rp Miliar/ Billions of Rp,2022,9,2022-09,3665051.5836989256,SPIP-Desember-2025.xlsx
internet_banking_total_value,7,Table 7. Proprietary Channel,36,30,Nilai Transaksi Internet Banking,Rp Miliar/ Billions of Rp,2022,10,2022-10,3553240.4187145443,SPIP-Desember-2025.xlsx
internet_banking_total_value,7,Table 7. Proprietary Channel,36,30,Nilai Transaksi Internet Banking,Rp Miliar/ Billions of Rp,2022,11,2022-11,3669169.539078828,SPIP-Desember-2025.xlsx
internet_banking_total_value,7,Table 7. Proprietary Channel,36,30,Nilai Transaksi Internet Banking,Rp Miliar/ Billions of Rp,2022,12,2022-12,4031379.988541446,SPIP-Desember-2025.xlsx
internet_banking_total_value,7,Table 7. Proprietary Channel,36,30,Nilai Transaksi Internet Banking,Rp Miliar/ Billions of Rp,2023,1,2023-01,3606033.0107177794,SPIP-Desember-2025.xlsx
internet_banking_total_value,7,Table 7. Proprietary Channel,36,30,Nilai Transaksi Internet Banking,Rp Miliar/ Billions of Rp,2023,2,2023-02,3378242.31414898,SPIP-Desember-2025.xlsx
internet_banking_total_value,7,Table 7. Proprietary Channel,36,30,Nilai Transaksi Internet Banking,Rp Miliar/ Billions of Rp,2023,3,2023-03,3855566.27,SPIP-Desember-2025.xlsx
internet_banking_total_value,7,Table 7. Proprietary Channel,36,30,Nilai Transaksi Internet Banking,Rp Miliar/ Billions of Rp,2023,4,2023-04,3296162.862127352,SPIP-Desember-2025.xlsx
internet_banking_total_value,7,Table 7. Proprietary Channel,36,30,Nilai Transaksi Internet Banking,Rp Miliar/ Billions of Rp,2023,5,2023-05,3987244.2120712954,SPIP-Desember-2025.xlsx
internet_banking_total_value,7,Table 7. Proprietary Channel,36,30,Nilai Transaksi Internet Banking,Rp Miliar/ Billions of Rp,2023,6,2023-06,3584125.6246516146,SPIP-Desember-2025.xlsx
internet_banking_total_value,7,Table 7. Proprietary Channel,36,30,Nilai Transaksi Internet Banking,Rp Miliar/ Billions of Rp,2023,7,2023-07,3960621.0558068096,SPIP-Desember-2025.xlsx
internet_banking_total_value,7,Table 7. Proprietary Channel,36,30,Nilai Transaksi Internet Banking,Rp Miliar/ Billions of Rp,2023,8,2023-08,3654620.237935508,SPIP-Desember-2025.xlsx
internet_banking_total_value,7,Table 7. Proprietary Channel,36,30,Nilai Transaksi Internet Banking,Rp Miliar/ Billions of Rp,2023,9,2023-09,3398260.546788983,SPIP-Desember-2025.xlsx
internet_banking_total_value,7,Table 7. Proprietary Channel,36,30,Nilai Transaksi Internet Banking,Rp Miliar/ Billions of Rp,2023,10,2023-10,3640325.7627043547,SPIP-Desember-2025.xlsx
internet_banking_total_value,7,Table 7. Proprietary Channel,36,30,Nilai Transaksi Internet Banking,Rp Miliar/ Billions of Rp,2023,11,2023-11,3636127.817592522,SPIP-Desember-2025.xlsx
internet_banking_total_value,7,Table 7. Proprietary Channel,36,30,Nilai Transaksi Internet Banking,Rp Miliar/ Billions of Rp,2023,12,2023-12,3947744.1957910145,SPIP-Desember-2025.xlsx
internet_banking_total_value,7,Table 7. Proprietary Channel,36,30,Nilai Transaksi Internet Banking,Rp Miliar/ Billions of Rp,2024,1,2024-01,4920716.757386868,SPIP-Desember-2025.xlsx
internet_banking_total_value,7,Table 7. Proprietary Channel,36,30,Nilai Transaksi Internet Banking,Rp Miliar/ Billions of Rp,2024,2,2024-02,4606269.575296814,SPIP-Desember-2025.xlsx
internet_banking_total_value,7,Table 7. Proprietary Channel,36,30,Nilai Transaksi Internet Banking,Rp Miliar/ Billions of Rp,2024,3,2024-03,4964662.2817659285,SPIP-Desember-2025.xlsx
internet_banking_total_value,7,Table 7. Proprietary Channel,36,30,Nilai Transaksi Internet Banking,Rp Miliar/ Billions of Rp,2024,4,2024-04,4989169.72164027,SPIP-Desember-2025.xlsx
internet_banking_total_value,7,Table 7. Proprietary Channel,36,30,Nilai Transaksi Internet Banking,Rp Miliar/ Billions of Rp,2024,5,2024-05,5185813.825373894,SPIP-Desember-2025.xlsx
internet_banking_total_value,7,Table 7. Proprietary Channel,36,30,Nilai Transaksi Internet Banking,Rp Miliar/ Billions of Rp,2024,6,2024-06,5152921.508111563,SPIP-Desember-2025.xlsx
internet_banking_total_value,7,Table 7. Proprietary Channel,36,30,Nilai Transaksi Internet Banking,Rp Miliar/ Billions of Rp,2024,7,2024-07,5768998.849764995,SPIP-Desember-2025.xlsx
internet_banking_total_value,7,Table 7. Proprietary Channel,36,30,Nilai Transaksi Internet Banking,Rp Miliar/ Billions of Rp,2024,8,2024-08,5604505.2299040435,SPIP-Desember-2025.xlsx
internet_banking_total_value,7,Table 7. Proprietary Channel,36,30,Nilai Transaksi Internet Banking,Rp Miliar/ Billions of Rp,2024,9,2024-09,5514383.466541583,SPIP-Desember-2025.xlsx
internet_banking_total_value,7,Table 7. Proprietary Channel,36,30,Nilai Transaksi Internet Banking,Rp Miliar/ Billions of Rp,2024,10,2024-10,5866820.371181278,SPIP-Desember-2025.xlsx
internet_banking_total_value,7,Table 7. Proprietary Channel,36,30,Nilai Transaksi Internet Banking,Rp Miliar/ Billions of Rp,2024,11,2024-11,5593396.8580977265,SPIP-Desember-2025.xlsx
internet_banking_total_value,7,Table 7. Proprietary Channel,36,30,Nilai Transaksi Internet Banking,Rp Miliar/ Billions of Rp,2024,12,2024-12,6620981.763800743,SPIP-Desember-2025.xlsx
internet_banking_total_value,7,Table 7. Proprietary Channel,36,30,Nilai Transaksi Internet Banking,Rp Miliar/ Billions of Rp,2025,1,2025-01,5599863.352728257,SPIP-Desember-2025.xlsx
internet_banking_total_value,7,Table 7. Proprietary Channel,36,30,Nilai Transaksi Internet Banking,Rp Miliar/ Billions of Rp,2025,2,2025-02,5280646.529566927,SPIP-Desember-2025.xlsx
internet_banking_total_value,7,Table 7. Proprietary Channel,36,30,Nilai Transaksi Internet Banking,Rp Miliar/ Billions of Rp,2025,3,2025-03,5991337.818082042,SPIP-Desember-2025.xlsx
internet_banking_total_value,7,Table 7. Proprietary Channel,36,30,Nilai Transaksi Internet Banking,Rp Miliar/ Billions of Rp,2025,4,2025-04,5616978.069235019,SPIP-Desember-2025.xlsx
internet_banking_total_value,7,Table 7. Proprietary Channel,36,30,Nilai Transaksi Internet Banking,Rp Miliar/ Billions of Rp,2025,5,2025-05,5437511.256296485,SPIP-Desember-2025.xlsx
internet_banking_total_value,7,Table 7. Proprietary Channel,36,30,Nilai Transaksi Internet Banking,Rp Miliar/ Billions of Rp,2025,6,2025-06,5935503.229498768,SPIP-Desember-2025.xlsx
internet_banking_total_value,7,Table 7. Proprietary Channel,36,30,Nilai Transaksi Internet Banking,Rp Miliar/ Billions of Rp,2025,7,2025-07,6796012.503233353,SPIP-Desember-2025.xlsx
internet_banking_total_value,7,Table 7. Proprietary Channel,36,30,Nilai Transaksi Internet Banking,Rp Miliar/ Billions of Rp,2025,8,2025-08,6044113.195461483,SPIP-Desember-2025.xlsx
internet_banking_total_value,7,Table 7. Proprietary Channel,36,30,Nilai Transaksi Internet Banking,Rp Miliar/ Billions of Rp,2025,9,2025-09,6507252.278503202,SPIP-Desember-2025.xlsx
internet_banking_total_value,7,Table 7. Proprietary Channel,36,30,Nilai Transaksi Internet Banking,Rp Miliar/ Billions of Rp,2025,10,2025-10,6837900.798095692,SPIP-Desember-2025.xlsx
internet_banking_total_value,7,Table 7. Proprietary Channel,36,30,Nilai Transaksi Internet Banking,Rp Miliar/ Billions of Rp,2025,11,2025-11,6189650.690674962,SPIP-Desember-2025.xlsx
internet_banking_payment_purchase_value,7,Table 7. Proprietary Channel,37,31,Transaksi Pembayaran/Pembelian,Rp Miliar/ Billions of Rp,2018,8,2018-08,119058.45805617,SPIP-Desember-2025.xlsx
internet_banking_payment_purchase_value,7,Table 7. Proprietary Channel,37,31,Transaksi Pembayaran/Pembelian,Rp Miliar/ Billions of Rp,2018,9,2018-09,116998.714451105,SPIP-Desember-2025.xlsx
internet_banking_payment_purchase_value,7,Table 7. Proprietary Channel,37,31,Transaksi Pembayaran/Pembelian,Rp Miliar/ Billions of Rp,2018,10,2018-10,101185.352882376,SPIP-Desember-2025.xlsx
internet_banking_payment_purchase_value,7,Table 7. Proprietary Channel,37,31,Transaksi Pembayaran/Pembelian,Rp Miliar/ Billions of Rp,2018,11,2018-11,119247.752969463,SPIP-Desember-2025.xlsx
internet_banking_payment_purchase_value,7,Table 7. Proprietary Channel,37,31,Transaksi Pembayaran/Pembelian,Rp Miliar/ Billions of Rp,2018,12,2018-12,135700.818752223,SPIP-Desember-2025.xlsx
internet_banking_payment_purchase_value,7,Table 7. Proprietary Channel,37,31,Transaksi Pembayaran/Pembelian,Rp Miliar/ Billions of Rp,2019,1,2019-01,122734.677951744,SPIP-Desember-2025.xlsx
internet_banking_payment_purchase_value,7,Table 7. Proprietary Channel,37,31,Transaksi Pembayaran/Pembelian,Rp Miliar/ Billions of Rp,2019,2,2019-02,113466,SPIP-Desember-2025.xlsx
internet_banking_payment_purchase_value,7,Table 7. Proprietary Channel,37,31,Transaksi Pembayaran/Pembelian,Rp Miliar/ Billions of Rp,2019,3,2019-03,51408.306395199004,SPIP-Desember-2025.xlsx
internet_banking_payment_purchase_value,7,Table 7. Proprietary Channel,37,31,Transaksi Pembayaran/Pembelian,Rp Miliar/ Billions of Rp,2019,4,2019-04,41302.572617288,SPIP-Desember-2025.xlsx
internet_banking_payment_purchase_value,7,Table 7. Proprietary Channel,37,31,Transaksi Pembayaran/Pembelian,Rp Miliar/ Billions of Rp,2019,5,2019-05,39201.16869,SPIP-Desember-2025.xlsx
internet_banking_payment_purchase_value,7,Table 7. Proprietary Channel,37,31,Transaksi Pembayaran/Pembelian,Rp Miliar/ Billions of Rp,2019,6,2019-06,33276.426550352,SPIP-Desember-2025.xlsx
internet_banking_payment_purchase_value,7,Table 7. Proprietary Channel,37,31,Transaksi Pembayaran/Pembelian,Rp Miliar/ Billions of Rp,2019,7,2019-07,42477.062549999995,SPIP-Desember-2025.xlsx
internet_banking_payment_purchase_value,7,Table 7. Proprietary Channel,37,31,Transaksi Pembayaran/Pembelian,Rp Miliar/ Billions of Rp,2019,8,2019-08,40104.0389,SPIP-Desember-2025.xlsx
internet_banking_payment_purchase_value,7,Table 7. Proprietary Channel,37,31,Transaksi Pembayaran/Pembelian,Rp Miliar/ Billions of Rp,2019,9,2019-09,37975.51975,SPIP-Desember-2025.xlsx
internet_banking_payment_purchase_value,7,Table 7. Proprietary Channel,37,31,Transaksi Pembayaran/Pembelian,Rp Miliar/ Billions of Rp,2019,10,2019-10,42041.294219999996,SPIP-Desember-2025.xlsx
internet_banking_payment_purchase_value,7,Table 7. Proprietary Channel,37,31,Transaksi Pembayaran/Pembelian,Rp Miliar/ Billions of Rp,2019,11,2019-11,38574.696,SPIP-Desember-2025.xlsx
internet_banking_payment_purchase_value,7,Table 7. Proprietary Channel,37,31,Transaksi Pembayaran/Pembelian,Rp Miliar/ Billions of Rp,2019,12,2019-12,40589.31799,SPIP-Desember-2025.xlsx
internet_banking_payment_purchase_value,7,Table 7. Proprietary Channel,37,31,Transaksi Pembayaran/Pembelian,Rp Miliar/ Billions of Rp,2020,1,2020-01,36342.181200000006,SPIP-Desember-2025.xlsx
internet_banking_payment_purchase_value,7,Table 7. Proprietary Channel,37,31,Transaksi Pembayaran/Pembelian,Rp Miliar/ Billions of Rp,2020,2,2020-02,30288.852629999998,SPIP-Desember-2025.xlsx
internet_banking_payment_purchase_value,7,Table 7. Proprietary Channel,37,31,Transaksi Pembayaran/Pembelian,Rp Miliar/ Billions of Rp,2020,3,2020-03,34900.782119999996,SPIP-Desember-2025.xlsx
internet_banking_payment_purchase_value,7,Table 7. Proprietary Channel,37,31,Transaksi Pembayaran/Pembelian,Rp Miliar/ Billions of Rp,2020,4,2020-04,41239.417700000005,SPIP-Desember-2025.xlsx
internet_banking_payment_purchase_value,7,Table 7. Proprietary Channel,37,31,Transaksi Pembayaran/Pembelian,Rp Miliar/ Billions of Rp,2020,5,2020-05,26979.25243,SPIP-Desember-2025.xlsx
internet_banking_payment_purchase_value,7,Table 7. Proprietary Channel,37,31,Transaksi Pembayaran/Pembelian,Rp Miliar/ Billions of Rp,2020,6,2020-06,28393.09681999999,SPIP-Desember-2025.xlsx
internet_banking_payment_purchase_value,7,Table 7. Proprietary Channel,37,31,Transaksi Pembayaran/Pembelian,Rp Miliar/ Billions of Rp,2020,7,2020-07,31011.41648,SPIP-Desember-2025.xlsx
internet_banking_payment_purchase_value,7,Table 7. Proprietary Channel,37,31,Transaksi Pembayaran/Pembelian,Rp Miliar/ Billions of Rp,2020,8,2020-08,28921.34813,SPIP-Desember-2025.xlsx
internet_banking_payment_purchase_value,7,Table 7. Proprietary Channel,37,31,Transaksi Pembayaran/Pembelian,Rp Miliar/ Billions of Rp,2020,9,2020-09,33914.450438291,SPIP-Desember-2025.xlsx
internet_banking_payment_purchase_value,7,Table 7. Proprietary Channel,37,31,Transaksi Pembayaran/Pembelian,Rp Miliar/ Billions of Rp,2020,10,2020-10,31981.175201235998,SPIP-Desember-2025.xlsx
internet_banking_payment_purchase_value,7,Table 7. Proprietary Channel,37,31,Transaksi Pembayaran/Pembelian,Rp Miliar/ Billions of Rp,2020,11,2020-11,34915.21607,SPIP-Desember-2025.xlsx
internet_banking_payment_purchase_value,7,Table 7. Proprietary Channel,37,31,Transaksi Pembayaran/Pembelian,Rp Miliar/ Billions of Rp,2020,12,2020-12,36554.93868,SPIP-Desember-2025.xlsx
internet_banking_payment_purchase_value,7,Table 7. Proprietary Channel,37,31,Transaksi Pembayaran/Pembelian,Rp Miliar/ Billions of Rp,2021,1,2021-01,32355.79564,SPIP-Desember-2025.xlsx
internet_banking_payment_purchase_value,7,Table 7. Proprietary Channel,37,31,Transaksi Pembayaran/Pembelian,Rp Miliar/ Billions of Rp,2021,2,2021-02,34081.40146,SPIP-Desember-2025.xlsx
internet_banking_payment_purchase_value,7,Table 7. Proprietary Channel,37,31,Transaksi Pembayaran/Pembelian,Rp Miliar/ Billions of Rp,2021,3,2021-03,36846.371181929,SPIP-Desember-2025.xlsx
internet_banking_payment_purchase_value,7,Table 7. Proprietary Channel,37,31,Transaksi Pembayaran/Pembelian,Rp Miliar/ Billions of Rp,2021,4,2021-04,63906.89725,SPIP-Desember-2025.xlsx
internet_banking_payment_purchase_value,7,Table 7. Proprietary Channel,37,31,Transaksi Pembayaran/Pembelian,Rp Miliar/ Billions of Rp,2021,5,2021-05,58520.27686,SPIP-Desember-2025.xlsx
internet_banking_payment_purchase_value,7,Table 7. Proprietary Channel,37,31,Transaksi Pembayaran/Pembelian,Rp Miliar/ Billions of Rp,2021,6,2021-06,41059.252239999994,SPIP-Desember-2025.xlsx
internet_banking_payment_purchase_value,7,Table 7. Proprietary Channel,37,31,Transaksi Pembayaran/Pembelian,Rp Miliar/ Billions of Rp,2021,7,2021-07,46194.155399999996,SPIP-Desember-2025.xlsx
internet_banking_payment_purchase_value,7,Table 7. Proprietary Channel,37,31,Transaksi Pembayaran/Pembelian,Rp Miliar/ Billions of Rp,2021,8,2021-08,48303.63659,SPIP-Desember-2025.xlsx
internet_banking_payment_purchase_value,7,Table 7. Proprietary Channel,37,31,Transaksi Pembayaran/Pembelian,Rp Miliar/ Billions of Rp,2021,9,2021-09,129598.34711,SPIP-Desember-2025.xlsx
internet_banking_payment_purchase_value,7,Table 7. Proprietary Channel,37,31,Transaksi Pembayaran/Pembelian,Rp Miliar/ Billions of Rp,2021,10,2021-10,136035.24783999997,SPIP-Desember-2025.xlsx
internet_banking_payment_purchase_value,7,Table 7. Proprietary Channel,37,31,Transaksi Pembayaran/Pembelian,Rp Miliar/ Billions of Rp,2021,11,2021-11,135416.29471000002,SPIP-Desember-2025.xlsx
internet_banking_payment_purchase_value,7,Table 7. Proprietary Channel,37,31,Transaksi Pembayaran/Pembelian,Rp Miliar/ Billions of Rp,2021,12,2021-12,136391.23506,SPIP-Desember-2025.xlsx
internet_banking_payment_purchase_value,7,Table 7. Proprietary Channel,37,31,Transaksi Pembayaran/Pembelian,Rp Miliar/ Billions of Rp,2022,1,2022-01,126064.78665708701,SPIP-Desember-2025.xlsx
internet_banking_payment_purchase_value,7,Table 7. Proprietary Channel,37,31,Transaksi Pembayaran/Pembelian,Rp Miliar/ Billions of Rp,2022,2,2022-02,113922.74713821197,SPIP-Desember-2025.xlsx
internet_banking_payment_purchase_value,7,Table 7. Proprietary Channel,37,31,Transaksi Pembayaran/Pembelian,Rp Miliar/ Billions of Rp,2022,3,2022-03,166059.248783741,SPIP-Desember-2025.xlsx
internet_banking_payment_purchase_value,7,Table 7. Proprietary Channel,37,31,Transaksi Pembayaran/Pembelian,Rp Miliar/ Billions of Rp,2022,4,2022-04,153659.02708456398,SPIP-Desember-2025.xlsx
internet_banking_payment_purchase_value,7,Table 7. Proprietary Channel,37,31,Transaksi Pembayaran/Pembelian,Rp Miliar/ Billions of Rp,2022,5,2022-05,141252.9903610171,SPIP-Desember-2025.xlsx
internet_banking_payment_purchase_value,7,Table 7. Proprietary Channel,37,31,Transaksi Pembayaran/Pembelian,Rp Miliar/ Billions of Rp,2022,6,2022-06,152495.89843834794,SPIP-Desember-2025.xlsx
internet_banking_payment_purchase_value,7,Table 7. Proprietary Channel,37,31,Transaksi Pembayaran/Pembelian,Rp Miliar/ Billions of Rp,2022,7,2022-07,148613.89406334498,SPIP-Desember-2025.xlsx
internet_banking_payment_purchase_value,7,Table 7. Proprietary Channel,37,31,Transaksi Pembayaran/Pembelian,Rp Miliar/ Billions of Rp,2022,8,2022-08,155231.4786790939,SPIP-Desember-2025.xlsx
internet_banking_payment_purchase_value,7,Table 7. Proprietary Channel,37,31,Transaksi Pembayaran/Pembelian,Rp Miliar/ Billions of Rp,2022,9,2022-09,155196.089964991,SPIP-Desember-2025.xlsx
internet_banking_payment_purchase_value,7,Table 7. Proprietary Channel,37,31,Transaksi Pembayaran/Pembelian,Rp Miliar/ Billions of Rp,2022,10,2022-10,155741.51502264806,SPIP-Desember-2025.xlsx
internet_banking_payment_purchase_value,7,Table 7. Proprietary Channel,37,31,Transaksi Pembayaran/Pembelian,Rp Miliar/ Billions of Rp,2022,11,2022-11,155840.1106517111,SPIP-Desember-2025.xlsx
internet_banking_payment_purchase_value,7,Table 7. Proprietary Channel,37,31,Transaksi Pembayaran/Pembelian,Rp Miliar/ Billions of Rp,2022,12,2022-12,161387.85912204196,SPIP-Desember-2025.xlsx
internet_banking_payment_purchase_value,7,Table 7. Proprietary Channel,37,31,Transaksi Pembayaran/Pembelian,Rp Miliar/ Billions of Rp,2023,1,2023-01,162826.85721662804,SPIP-Desember-2025.xlsx
internet_banking_payment_purchase_value,7,Table 7. Proprietary Channel,37,31,Transaksi Pembayaran/Pembelian,Rp Miliar/ Billions of Rp,2023,2,2023-02,148922.35654562907,SPIP-Desember-2025.xlsx
internet_banking_payment_purchase_value,7,Table 7. Proprietary Channel,37,31,Transaksi Pembayaran/Pembelian,Rp Miliar/ Billions of Rp,2023,3,2023-03,169996.05,SPIP-Desember-2025.xlsx
internet_banking_payment_purchase_value,7,Table 7. Proprietary Channel,37,31,Transaksi Pembayaran/Pembelian,Rp Miliar/ Billions of Rp,2023,4,2023-04,176777.36027347905,SPIP-Desember-2025.xlsx
internet_banking_payment_purchase_value,7,Table 7. Proprietary Channel,37,31,Transaksi Pembayaran/Pembelian,Rp Miliar/ Billions of Rp,2023,5,2023-05,181527.60505163792,SPIP-Desember-2025.xlsx
internet_banking_payment_purchase_value,7,Table 7. Proprietary Channel,37,31,Transaksi Pembayaran/Pembelian,Rp Miliar/ Billions of Rp,2023,6,2023-06,164984.074864837,SPIP-Desember-2025.xlsx
internet_banking_payment_purchase_value,7,Table 7. Proprietary Channel,37,31,Transaksi Pembayaran/Pembelian,Rp Miliar/ Billions of Rp,2023,7,2023-07,181055.88024123688,SPIP-Desember-2025.xlsx
internet_banking_payment_purchase_value,7,Table 7. Proprietary Channel,37,31,Transaksi Pembayaran/Pembelian,Rp Miliar/ Billions of Rp,2023,8,2023-08,164380.43462526295,SPIP-Desember-2025.xlsx
internet_banking_payment_purchase_value,7,Table 7. Proprietary Channel,37,31,Transaksi Pembayaran/Pembelian,Rp Miliar/ Billions of Rp,2023,9,2023-09,141748.91678618395,SPIP-Desember-2025.xlsx
internet_banking_payment_purchase_value,7,Table 7. Proprietary Channel,37,31,Transaksi Pembayaran/Pembelian,Rp Miliar/ Billions of Rp,2023,10,2023-10,147612.72488372395,SPIP-Desember-2025.xlsx
internet_banking_payment_purchase_value,7,Table 7. Proprietary Channel,37,31,Transaksi Pembayaran/Pembelian,Rp Miliar/ Billions of Rp,2023,11,2023-11,160427.913755065,SPIP-Desember-2025.xlsx
internet_banking_payment_purchase_value,7,Table 7. Proprietary Channel,37,31,Transaksi Pembayaran/Pembelian,Rp Miliar/ Billions of Rp,2023,12,2023-12,145058.98957708303,SPIP-Desember-2025.xlsx
internet_banking_payment_purchase_value,7,Table 7. Proprietary Channel,37,31,Transaksi Pembayaran/Pembelian,Rp Miliar/ Billions of Rp,2024,1,2024-01,217178.083053814,SPIP-Desember-2025.xlsx
internet_banking_payment_purchase_value,7,Table 7. Proprietary Channel,37,31,Transaksi Pembayaran/Pembelian,Rp Miliar/ Billions of Rp,2024,2,2024-02,200832.6899784521,SPIP-Desember-2025.xlsx
internet_banking_payment_purchase_value,7,Table 7. Proprietary Channel,37,31,Transaksi Pembayaran/Pembelian,Rp Miliar/ Billions of Rp,2024,3,2024-03,204916.114681535,SPIP-Desember-2025.xlsx
internet_banking_payment_purchase_value,7,Table 7. Proprietary Channel,37,31,Transaksi Pembayaran/Pembelian,Rp Miliar/ Billions of Rp,2024,4,2024-04,241593.68611192796,SPIP-Desember-2025.xlsx
internet_banking_payment_purchase_value,7,Table 7. Proprietary Channel,37,31,Transaksi Pembayaran/Pembelian,Rp Miliar/ Billions of Rp,2024,5,2024-05,214819.4198422099,SPIP-Desember-2025.xlsx
internet_banking_payment_purchase_value,7,Table 7. Proprietary Channel,37,31,Transaksi Pembayaran/Pembelian,Rp Miliar/ Billions of Rp,2024,6,2024-06,221515.147702616,SPIP-Desember-2025.xlsx
internet_banking_payment_purchase_value,7,Table 7. Proprietary Channel,37,31,Transaksi Pembayaran/Pembelian,Rp Miliar/ Billions of Rp,2024,7,2024-07,242980.84150030592,SPIP-Desember-2025.xlsx
internet_banking_payment_purchase_value,7,Table 7. Proprietary Channel,37,31,Transaksi Pembayaran/Pembelian,Rp Miliar/ Billions of Rp,2024,8,2024-08,242411.32225647496,SPIP-Desember-2025.xlsx
internet_banking_payment_purchase_value,7,Table 7. Proprietary Channel,37,31,Transaksi Pembayaran/Pembelian,Rp Miliar/ Billions of Rp,2024,9,2024-09,237478.952159318,SPIP-Desember-2025.xlsx
internet_banking_payment_purchase_value,7,Table 7. Proprietary Channel,37,31,Transaksi Pembayaran/Pembelian,Rp Miliar/ Billions of Rp,2024,10,2024-10,238694.038785848,SPIP-Desember-2025.xlsx
internet_banking_payment_purchase_value,7,Table 7. Proprietary Channel,37,31,Transaksi Pembayaran/Pembelian,Rp Miliar/ Billions of Rp,2024,11,2024-11,225720.82830134587,SPIP-Desember-2025.xlsx
internet_banking_payment_purchase_value,7,Table 7. Proprietary Channel,37,31,Transaksi Pembayaran/Pembelian,Rp Miliar/ Billions of Rp,2024,12,2024-12,265051.631754266,SPIP-Desember-2025.xlsx
internet_banking_payment_purchase_value,7,Table 7. Proprietary Channel,37,31,Transaksi Pembayaran/Pembelian,Rp Miliar/ Billions of Rp,2025,1,2025-01,222883.39096955096,SPIP-Desember-2025.xlsx
internet_banking_payment_purchase_value,7,Table 7. Proprietary Channel,37,31,Transaksi Pembayaran/Pembelian,Rp Miliar/ Billions of Rp,2025,2,2025-02,209913.021845404,SPIP-Desember-2025.xlsx
internet_banking_payment_purchase_value,7,Table 7. Proprietary Channel,37,31,Transaksi Pembayaran/Pembelian,Rp Miliar/ Billions of Rp,2025,3,2025-03,227469.6130417011,SPIP-Desember-2025.xlsx
internet_banking_payment_purchase_value,7,Table 7. Proprietary Channel,37,31,Transaksi Pembayaran/Pembelian,Rp Miliar/ Billions of Rp,2025,4,2025-04,257822.01346879202,SPIP-Desember-2025.xlsx
internet_banking_payment_purchase_value,7,Table 7. Proprietary Channel,37,31,Transaksi Pembayaran/Pembelian,Rp Miliar/ Billions of Rp,2025,5,2025-05,222164.538807082,SPIP-Desember-2025.xlsx
internet_banking_payment_purchase_value,7,Table 7. Proprietary Channel,37,31,Transaksi Pembayaran/Pembelian,Rp Miliar/ Billions of Rp,2025,6,2025-06,235005.85550563605,SPIP-Desember-2025.xlsx
internet_banking_payment_purchase_value,7,Table 7. Proprietary Channel,37,31,Transaksi Pembayaran/Pembelian,Rp Miliar/ Billions of Rp,2025,7,2025-07,244622.72144076598,SPIP-Desember-2025.xlsx
internet_banking_payment_purchase_value,7,Table 7. Proprietary Channel,37,31,Transaksi Pembayaran/Pembelian,Rp Miliar/ Billions of Rp,2025,8,2025-08,238002.67459920407,SPIP-Desember-2025.xlsx
internet_banking_payment_purchase_value,7,Table 7. Proprietary Channel,37,31,Transaksi Pembayaran/Pembelian,Rp Miliar/ Billions of Rp,2025,9,2025-09,254528.99936216406,SPIP-Desember-2025.xlsx
internet_banking_payment_purchase_value,7,Table 7. Proprietary Channel,37,31,Transaksi Pembayaran/Pembelian,Rp Miliar/ Billions of Rp,2025,10,2025-10,259083.66896162598,SPIP-Desember-2025.xlsx
internet_banking_payment_purchase_value,7,Table 7. Proprietary Channel,37,31,Transaksi Pembayaran/Pembelian,Rp Miliar/ Billions of Rp,2025,11,2025-11,248919.19381908304,SPIP-Desember-2025.xlsx
