record_id,platform,segment_scope,period,year,frequency,geography_scope,geography_evidence,transaction_measure,transaction_value,revenue_measure,revenue_value,currency,unit_scale,transaction_status,revenue_status,source_file,source_locator,source_url,reporting_vintage,period_match,scope_match,directness_class,sample_family,canonical_record,admission_status,admission_reason,structural_break,source_dataset,full_pair,positive_denominator,ratio_eligible
OBS-0001,Grab,country allocation,FY2021,2021.0,annual,Indonesia,explicit Indonesia anchor plus non-country allocation,GTV/GMV,1.879732,platform/segment revenue,0.079,USD,billion,derived_group_rate_proxy,direct_country_disclosure,,,,,yes,conditional,mixed_direct_derived_pair,conditional_indonesia_country_reconstruction,True,conditional_case,Uses original total-GMV reporting basis through FY2023 only; do not extend mechanically to FY2024 after Grab moved to on-demand-only GMV reporting.,,data/longitudinal/indonesia_platform_year_extension.csv,True,True,True
OBS-0002,Tokopedia e-commerce segment,e-commerce segment,FY2021,2021.0,annual,Indonesia-aligned business segment,Indonesia-aligned business segment; not explicit geographic line,GTV/GMV,230598613.0,platform/segment revenue,1997222.0,IDR,million,direct_business_segment_disclosure,direct_business_segment_net_revenue,,,,,yes,yes_with_segment_caveat,direct_pair_segment,indonesia_aligned_direct_segment,True,candidate_core,FY2021 revenue is from the FY2022 segment-reporting comparative; FY2022 revenue uses the FY2023 restated comparative.,,data/longitudinal/indonesia_platform_year_extension.csv,True,True,True
OBS-0003,Grab,country allocation,FY2022,2022.0,annual,Indonesia,explicit Indonesia anchor plus non-country allocation,GTV/GMV,3.826012,platform/segment revenue,0.275,USD,billion,derived_group_rate_proxy,direct_country_disclosure,,,,,yes,conditional,mixed_direct_derived_pair,conditional_indonesia_country_reconstruction,True,conditional_case,Uses original total-GMV reporting basis through FY2023 only; do not extend mechanically to FY2024 after Grab moved to on-demand-only GMV reporting.,,data/longitudinal/indonesia_platform_year_extension.csv,True,True,True
OBS-0004,Shopee,country allocation,FY2022,2022.0,annual,Indonesia,explicit Indonesia anchor plus non-country allocation,GTV/GMV,18.684,platform/segment revenue,1.569456,USD,billion,external_country_market_estimate,derived_using_disclosed_group_rate,,,,,yes,conditional,mixed_direct_derived_pair,conditional_indonesia_country_reconstruction,True,conditional_case,External country-market estimates combined with a company-wide monetization rate; not a Sea geographic disclosure.,,data/longitudinal/indonesia_platform_year_extension.csv,True,True,True
OBS-0005,Tokopedia e-commerce segment,e-commerce segment,FY2022,2022.0,annual,Indonesia-aligned business segment,Indonesia-aligned business segment; not explicit geographic line,GTV/GMV,273146166.0,platform/segment revenue,4030919.0,IDR,million,direct_business_segment_disclosure,direct_business_segment_net_revenue,,,,,yes,yes_with_segment_caveat,direct_pair_segment,indonesia_aligned_direct_segment,True,candidate_core,FY2021 revenue is from the FY2022 segment-reporting comparative; FY2022 revenue uses the FY2023 restated comparative.,,data/longitudinal/indonesia_platform_year_extension.csv,True,True,True
OBS-0006,Grab,country allocation,FY2023,2023.0,annual,Indonesia,explicit Indonesia anchor plus non-country allocation,GTV/GMV,5.381397,platform/segment revenue,0.605,USD,billion,derived_group_rate_proxy,direct_country_disclosure,,,,,yes,conditional,mixed_direct_derived_pair,conditional_indonesia_country_reconstruction,True,conditional_case,Uses original total-GMV reporting basis through FY2023 only; do not extend mechanically to FY2024 after Grab moved to on-demand-only GMV reporting.,,data/longitudinal/indonesia_platform_year_extension.csv,True,True,True
OBS-0007,Shopee,country allocation,FY2023,2023.0,annual,Indonesia,explicit Indonesia anchor plus non-country allocation,GTV/GMV,21.52,platform/segment revenue,2.152,USD,billion,external_country_market_estimate,derived_using_disclosed_group_rate,,,,,yes,conditional,mixed_direct_derived_pair,conditional_indonesia_country_reconstruction,True,conditional_case,External country-market estimates combined with a company-wide monetization rate; not a Sea geographic disclosure.,,data/longitudinal/indonesia_platform_year_extension.csv,True,True,True
OBS-0008,Tokopedia e-commerce segment,e-commerce segment,FY2023,2023.0,annual,Indonesia-aligned business segment,Indonesia-aligned business segment; not explicit geographic line,GTV/GMV,248836156.0,platform/segment revenue,6175190.0,IDR,million,direct_business_segment_disclosure,direct_business_segment_net_revenue,,,,,yes,yes_with_segment_caveat,direct_pair_segment,indonesia_aligned_direct_segment,True,candidate_core,FY2023 direct e-commerce-segment figures.,,data/longitudinal/indonesia_platform_year_extension.csv,True,True,True
OBS-0009,Shopee,country allocation,FY2024,2024.0,annual,Indonesia,explicit Indonesia anchor plus non-country allocation,GTV/GMV,25.99,platform/segment revenue,2.80692,USD,billion,external_country_market_estimate,derived_using_disclosed_group_rate,,,,,yes,conditional,mixed_direct_derived_pair,conditional_indonesia_country_reconstruction,True,conditional_case,External country-market estimates combined with a company-wide monetization rate; not a Sea geographic disclosure.,,data/longitudinal/indonesia_platform_year_extension.csv,True,True,True
OBS-0010,Blibli/GDN,1P Retail,2022Q4,2022.0,quarter,issuer/segment scope; geography under review,not confirmed as explicit Indonesia-only pair,TPV,2631.0,net revenue,2336.0,IDR,billion,direct issuer disclosure,direct issuer disclosure,raw_sources/blibli_fy2022_linked_0.pdf,page 2,https://asset-about.blibli.com/2023/03/Earnings-Release-FY22-PT-Global-Digital-Niaga-Tbk-1.pdf,blibli_fy2022_linked_0,yes,same issuer table; definition review pending,direct_pair_issuer_or_segment,blibli_reported_source_universe,True,candidate_pending_geography_and_scope,reported_cells_extracted; geography_and_scope_review_pending,,data/longitudinal/blibli_reported_pairs_all_vintages.csv,True,True,True
OBS-0011,Blibli/GDN,3P Retail,2022Q4,2022.0,quarter,issuer/segment scope; geography under review,not confirmed as explicit Indonesia-only pair,TPV,12776.0,net revenue,41.0,IDR,billion,direct issuer disclosure,direct issuer disclosure,raw_sources/blibli_fy2022_linked_0.pdf,page 2,https://asset-about.blibli.com/2023/03/Earnings-Release-FY22-PT-Global-Digital-Niaga-Tbk-1.pdf,blibli_fy2022_linked_0,yes,same issuer table; definition review pending,direct_pair_issuer_or_segment,blibli_reported_source_universe,True,candidate_pending_geography_and_scope,reported_cells_extracted; geography_and_scope_review_pending,,data/longitudinal/blibli_reported_pairs_all_vintages.csv,True,True,True
OBS-0012,Blibli/GDN,Institutions,2022Q4,2022.0,quarter,issuer/segment scope; geography under review,not confirmed as explicit Indonesia-only pair,TPV,4338.0,net revenue,1430.0,IDR,billion,direct issuer disclosure,direct issuer disclosure,raw_sources/blibli_fy2022_linked_0.pdf,page 2,https://asset-about.blibli.com/2023/03/Earnings-Release-FY22-PT-Global-Digital-Niaga-Tbk-1.pdf,blibli_fy2022_linked_0,yes,same issuer table; definition review pending,direct_pair_issuer_or_segment,blibli_reported_source_universe,True,candidate_pending_geography_and_scope,reported_cells_extracted; geography_and_scope_review_pending,,data/longitudinal/blibli_reported_pairs_all_vintages.csv,True,True,True
OBS-0013,Blibli/GDN,Physical Stores,2022Q4,2022.0,quarter,issuer/segment scope; geography under review,not confirmed as explicit Indonesia-only pair,TPV,1055.0,net revenue,939.0,IDR,billion,direct issuer disclosure,direct issuer disclosure,raw_sources/blibli_fy2022_linked_0.pdf,page 2,https://asset-about.blibli.com/2023/03/Earnings-Release-FY22-PT-Global-Digital-Niaga-Tbk-1.pdf,blibli_fy2022_linked_0,yes,same issuer table; definition review pending,direct_pair_issuer_or_segment,blibli_reported_source_universe,True,candidate_pending_geography_and_scope,reported_cells_extracted; geography_and_scope_review_pending,,data/longitudinal/blibli_reported_pairs_all_vintages.csv,True,True,True
OBS-0014,Blibli/GDN,Group,2022Q4,2022.0,quarter,issuer/segment scope; geography under review,not confirmed as explicit Indonesia-only pair,TPV,20800.0,net revenue,4746.0,IDR,billion,direct issuer disclosure,direct issuer disclosure,raw_sources/blibli_fy2022_linked_0.pdf,page 2,https://asset-about.blibli.com/2023/03/Earnings-Release-FY22-PT-Global-Digital-Niaga-Tbk-1.pdf,blibli_fy2022_linked_0,yes,same issuer table; definition review pending,direct_pair_issuer_or_segment,blibli_reported_source_universe,True,candidate_pending_geography_and_scope,reported_cells_extracted; geography_and_scope_review_pending,,data/longitudinal/blibli_reported_pairs_all_vintages.csv,True,True,True
OBS-0015,Blibli/GDN,1P Retail,2021Q4,2021.0,quarter,issuer/segment scope; geography under review,not confirmed as explicit Indonesia-only pair,TPV,2612.0,net revenue,2329.0,IDR,billion,direct issuer disclosure,direct issuer disclosure,raw_sources/blibli_fy2022_linked_0.pdf,page 2,https://asset-about.blibli.com/2023/03/Earnings-Release-FY22-PT-Global-Digital-Niaga-Tbk-1.pdf,blibli_fy2022_linked_0,yes,same issuer table; definition review pending,direct_pair_issuer_or_segment,blibli_reported_source_universe,True,candidate_pending_geography_and_scope,reported_cells_extracted; geography_and_scope_review_pending,,data/longitudinal/blibli_reported_pairs_all_vintages.csv,True,True,True
OBS-0016,Blibli/GDN,3P Retail,2021Q4,2021.0,quarter,issuer/segment scope; geography under review,not confirmed as explicit Indonesia-only pair,TPV,5772.0,net revenue,-0.0,IDR,billion,direct issuer disclosure,direct issuer disclosure,raw_sources/blibli_fy2022_linked_0.pdf,page 2,https://asset-about.blibli.com/2023/03/Earnings-Release-FY22-PT-Global-Digital-Niaga-Tbk-1.pdf,blibli_fy2022_linked_0,yes,same issuer table; definition review pending,direct_pair_issuer_or_segment,blibli_reported_source_universe,True,candidate_pending_geography_and_scope,reported_cells_extracted; geography_and_scope_review_pending,,data/longitudinal/blibli_reported_pairs_all_vintages.csv,True,False,False
OBS-0017,Blibli/GDN,Institutions,2021Q4,2021.0,quarter,issuer/segment scope; geography under review,not confirmed as explicit Indonesia-only pair,TPV,3313.0,net revenue,405.0,IDR,billion,direct issuer disclosure,direct issuer disclosure,raw_sources/blibli_fy2022_linked_0.pdf,page 2,https://asset-about.blibli.com/2023/03/Earnings-Release-FY22-PT-Global-Digital-Niaga-Tbk-1.pdf,blibli_fy2022_linked_0,yes,same issuer table; definition review pending,direct_pair_issuer_or_segment,blibli_reported_source_universe,True,candidate_pending_geography_and_scope,reported_cells_extracted; geography_and_scope_review_pending,,data/longitudinal/blibli_reported_pairs_all_vintages.csv,True,True,True
OBS-0018,Blibli/GDN,Physical Stores,2021Q4,2021.0,quarter,issuer/segment scope; geography under review,not confirmed as explicit Indonesia-only pair,TPV,898.0,net revenue,814.0,IDR,billion,direct issuer disclosure,direct issuer disclosure,raw_sources/blibli_fy2022_linked_0.pdf,page 2,https://asset-about.blibli.com/2023/03/Earnings-Release-FY22-PT-Global-Digital-Niaga-Tbk-1.pdf,blibli_fy2022_linked_0,yes,same issuer table; definition review pending,direct_pair_issuer_or_segment,blibli_reported_source_universe,True,candidate_pending_geography_and_scope,reported_cells_extracted; geography_and_scope_review_pending,,data/longitudinal/blibli_reported_pairs_all_vintages.csv,True,True,True
OBS-0019,Blibli/GDN,Group,2021Q4,2021.0,quarter,issuer/segment scope; geography under review,not confirmed as explicit Indonesia-only pair,TPV,12595.0,net revenue,3548.0,IDR,billion,direct issuer disclosure,direct issuer disclosure,raw_sources/blibli_fy2022_linked_0.pdf,page 2,https://asset-about.blibli.com/2023/03/Earnings-Release-FY22-PT-Global-Digital-Niaga-Tbk-1.pdf,blibli_fy2022_linked_0,yes,same issuer table; definition review pending,direct_pair_issuer_or_segment,blibli_reported_source_universe,True,candidate_pending_geography_and_scope,reported_cells_extracted; geography_and_scope_review_pending,,data/longitudinal/blibli_reported_pairs_all_vintages.csv,True,True,True
OBS-0020,Blibli/GDN,1P Retail,2022FY,2022.0,annual,issuer/segment scope; geography under review,not confirmed as explicit Indonesia-only pair,TPV,9940.0,net revenue,8902.0,IDR,billion,direct issuer disclosure,direct issuer disclosure,raw_sources/blibli_fy2022_linked_0.pdf,page 2,https://asset-about.blibli.com/2023/03/Earnings-Release-FY22-PT-Global-Digital-Niaga-Tbk-1.pdf,blibli_fy2022_linked_0,yes,same issuer table; definition review pending,direct_pair_issuer_or_segment,blibli_reported_source_universe,True,candidate_pending_geography_and_scope,reported_cells_extracted; geography_and_scope_review_pending,,data/longitudinal/blibli_reported_pairs_all_vintages.csv,True,True,True
OBS-0021,Blibli/GDN,3P Retail,2022FY,2022.0,annual,issuer/segment scope; geography under review,not confirmed as explicit Indonesia-only pair,TPV,37050.0,net revenue,199.0,IDR,billion,direct issuer disclosure,direct issuer disclosure,raw_sources/blibli_fy2022_linked_0.pdf,page 2,https://asset-about.blibli.com/2023/03/Earnings-Release-FY22-PT-Global-Digital-Niaga-Tbk-1.pdf,blibli_fy2022_linked_0,yes,same issuer table; definition review pending,direct_pair_issuer_or_segment,blibli_reported_source_universe,True,candidate_pending_geography_and_scope,reported_cells_extracted; geography_and_scope_review_pending,,data/longitudinal/blibli_reported_pairs_all_vintages.csv,True,True,True
OBS-0022,Blibli/GDN,Institutions,2022FY,2022.0,annual,issuer/segment scope; geography under review,not confirmed as explicit Indonesia-only pair,TPV,10433.0,net revenue,2615.0,IDR,billion,direct issuer disclosure,direct issuer disclosure,raw_sources/blibli_fy2022_linked_0.pdf,page 2,https://asset-about.blibli.com/2023/03/Earnings-Release-FY22-PT-Global-Digital-Niaga-Tbk-1.pdf,blibli_fy2022_linked_0,yes,same issuer table; definition review pending,direct_pair_issuer_or_segment,blibli_reported_source_universe,True,candidate_pending_geography_and_scope,reported_cells_extracted; geography_and_scope_review_pending,,data/longitudinal/blibli_reported_pairs_all_vintages.csv,True,True,True
OBS-0023,Blibli/GDN,Physical Stores,2022FY,2022.0,annual,issuer/segment scope; geography under review,not confirmed as explicit Indonesia-only pair,TPV,3973.0,net revenue,3553.0,IDR,billion,direct issuer disclosure,direct issuer disclosure,raw_sources/blibli_fy2022_linked_0.pdf,page 2,https://asset-about.blibli.com/2023/03/Earnings-Release-FY22-PT-Global-Digital-Niaga-Tbk-1.pdf,blibli_fy2022_linked_0,yes,same issuer table; definition review pending,direct_pair_issuer_or_segment,blibli_reported_source_universe,True,candidate_pending_geography_and_scope,reported_cells_extracted; geography_and_scope_review_pending,,data/longitudinal/blibli_reported_pairs_all_vintages.csv,True,True,True
OBS-0024,Blibli/GDN,Group,2022FY,2022.0,annual,issuer/segment scope; geography under review,not confirmed as explicit Indonesia-only pair,TPV,61396.0,net revenue,15269.0,IDR,billion,direct issuer disclosure,direct issuer disclosure,raw_sources/blibli_fy2022_linked_0.pdf,page 2,https://asset-about.blibli.com/2023/03/Earnings-Release-FY22-PT-Global-Digital-Niaga-Tbk-1.pdf,blibli_fy2022_linked_0,yes,same issuer table; definition review pending,direct_pair_issuer_or_segment,blibli_reported_source_universe,True,candidate_pending_geography_and_scope,reported_cells_extracted; geography_and_scope_review_pending,,data/longitudinal/blibli_reported_pairs_all_vintages.csv,True,True,True
OBS-0025,Blibli/GDN,1P Retail,2021FY,2021.0,annual,issuer/segment scope; geography under review,not confirmed as explicit Indonesia-only pair,TPV,7515.0,net revenue,6741.0,IDR,billion,direct issuer disclosure,direct issuer disclosure,raw_sources/blibli_fy2022_linked_0.pdf,page 2,https://asset-about.blibli.com/2023/03/Earnings-Release-FY22-PT-Global-Digital-Niaga-Tbk-1.pdf,blibli_fy2022_linked_0,yes,same issuer table; definition review pending,direct_pair_issuer_or_segment,blibli_reported_source_universe,True,candidate_pending_geography_and_scope,reported_cells_extracted; geography_and_scope_review_pending,,data/longitudinal/blibli_reported_pairs_all_vintages.csv,True,True,True
OBS-0026,Blibli/GDN,3P Retail,2021FY,2021.0,annual,issuer/segment scope; geography under review,not confirmed as explicit Indonesia-only pair,TPV,15746.0,net revenue,122.0,IDR,billion,direct issuer disclosure,direct issuer disclosure,raw_sources/blibli_fy2022_linked_0.pdf,page 2,https://asset-about.blibli.com/2023/03/Earnings-Release-FY22-PT-Global-Digital-Niaga-Tbk-1.pdf,blibli_fy2022_linked_0,yes,same issuer table; definition review pending,direct_pair_issuer_or_segment,blibli_reported_source_universe,True,candidate_pending_geography_and_scope,reported_cells_extracted; geography_and_scope_review_pending,,data/longitudinal/blibli_reported_pairs_all_vintages.csv,True,True,True
OBS-0027,Blibli/GDN,Institutions,2021FY,2021.0,annual,issuer/segment scope; geography under review,not confirmed as explicit Indonesia-only pair,TPV,8154.0,net revenue,1102.0,IDR,billion,direct issuer disclosure,direct issuer disclosure,raw_sources/blibli_fy2022_linked_0.pdf,page 2,https://asset-about.blibli.com/2023/03/Earnings-Release-FY22-PT-Global-Digital-Niaga-Tbk-1.pdf,blibli_fy2022_linked_0,yes,same issuer table; definition review pending,direct_pair_issuer_or_segment,blibli_reported_source_universe,True,candidate_pending_geography_and_scope,reported_cells_extracted; geography_and_scope_review_pending,,data/longitudinal/blibli_reported_pairs_all_vintages.csv,True,True,True
OBS-0028,Blibli/GDN,Physical Stores,2021FY,2021.0,annual,issuer/segment scope; geography under review,not confirmed as explicit Indonesia-only pair,TPV,988.0,net revenue,892.0,IDR,billion,direct issuer disclosure,direct issuer disclosure,raw_sources/blibli_fy2022_linked_0.pdf,page 2,https://asset-about.blibli.com/2023/03/Earnings-Release-FY22-PT-Global-Digital-Niaga-Tbk-1.pdf,blibli_fy2022_linked_0,yes,same issuer table; definition review pending,direct_pair_issuer_or_segment,blibli_reported_source_universe,True,candidate_pending_geography_and_scope,reported_cells_extracted; geography_and_scope_review_pending,,data/longitudinal/blibli_reported_pairs_all_vintages.csv,True,True,True
OBS-0029,Blibli/GDN,Group,2021FY,2021.0,annual,issuer/segment scope; geography under review,not confirmed as explicit Indonesia-only pair,TPV,32403.0,net revenue,8858.0,IDR,billion,direct issuer disclosure,direct issuer disclosure,raw_sources/blibli_fy2022_linked_0.pdf,page 2,https://asset-about.blibli.com/2023/03/Earnings-Release-FY22-PT-Global-Digital-Niaga-Tbk-1.pdf,blibli_fy2022_linked_0,yes,same issuer table; definition review pending,direct_pair_issuer_or_segment,blibli_reported_source_universe,True,candidate_pending_geography_and_scope,reported_cells_extracted; geography_and_scope_review_pending,,data/longitudinal/blibli_reported_pairs_all_vintages.csv,True,True,True
OBS-0030,Blibli/GDN,1P Retail,2024Q4,2024.0,quarter,issuer/segment scope; geography under review,not confirmed as explicit Indonesia-only pair,TPV,1429.0,net revenue,1122.0,IDR,billion,direct issuer disclosure,direct issuer disclosure,raw_sources/blibli_fy2024_linked_0.pdf,page 2,https://asset-about.blibli.com/2025/03/Earnings-Release-FY24-PT-Global-Digital-Niaga-Tbk.pdf,blibli_fy2024_linked_0,yes,same issuer table; definition review pending,direct_pair_issuer_or_segment,blibli_reported_source_universe,False,candidate_pending_geography_and_scope,reported_cells_extracted; geography_and_scope_review_pending,,data/longitudinal/blibli_reported_pairs_all_vintages.csv,True,True,True
OBS-0031,Blibli/GDN,3P Retail,2024Q4,2024.0,quarter,issuer/segment scope; geography under review,not confirmed as explicit Indonesia-only pair,TPV,14625.0,net revenue,424.0,IDR,billion,direct issuer disclosure,direct issuer disclosure,raw_sources/blibli_fy2024_linked_0.pdf,page 2,https://asset-about.blibli.com/2025/03/Earnings-Release-FY24-PT-Global-Digital-Niaga-Tbk.pdf,blibli_fy2024_linked_0,yes,same issuer table; definition review pending,direct_pair_issuer_or_segment,blibli_reported_source_universe,False,candidate_pending_geography_and_scope,reported_cells_extracted; geography_and_scope_review_pending,,data/longitudinal/blibli_reported_pairs_all_vintages.csv,True,True,True
OBS-0032,Blibli/GDN,Institutions,2024Q4,2024.0,quarter,issuer/segment scope; geography under review,not confirmed as explicit Indonesia-only pair,TPV,3440.0,net revenue,1635.0,IDR,billion,direct issuer disclosure,direct issuer disclosure,raw_sources/blibli_fy2024_linked_0.pdf,page 2,https://asset-about.blibli.com/2025/03/Earnings-Release-FY24-PT-Global-Digital-Niaga-Tbk.pdf,blibli_fy2024_linked_0,yes,same issuer table; definition review pending,direct_pair_issuer_or_segment,blibli_reported_source_universe,False,candidate_pending_geography_and_scope,reported_cells_extracted; geography_and_scope_review_pending,,data/longitudinal/blibli_reported_pairs_all_vintages.csv,True,True,True
OBS-0033,Blibli/GDN,Physical Stores,2024Q4,2024.0,quarter,issuer/segment scope; geography under review,not confirmed as explicit Indonesia-only pair,TPV,1650.0,net revenue,1403.0,IDR,billion,direct issuer disclosure,direct issuer disclosure,raw_sources/blibli_fy2024_linked_0.pdf,page 2,https://asset-about.blibli.com/2025/03/Earnings-Release-FY24-PT-Global-Digital-Niaga-Tbk.pdf,blibli_fy2024_linked_0,yes,same issuer table; definition review pending,direct_pair_issuer_or_segment,blibli_reported_source_universe,False,candidate_pending_geography_and_scope,reported_cells_extracted; geography_and_scope_review_pending,,data/longitudinal/blibli_reported_pairs_all_vintages.csv,True,True,True
OBS-0034,Blibli/GDN,Group,2024Q4,2024.0,quarter,issuer/segment scope; geography under review,not confirmed as explicit Indonesia-only pair,TPV,21144.0,net revenue,4584.0,IDR,billion,direct issuer disclosure,direct issuer disclosure,raw_sources/blibli_fy2024_linked_0.pdf,page 2,https://asset-about.blibli.com/2025/03/Earnings-Release-FY24-PT-Global-Digital-Niaga-Tbk.pdf,blibli_fy2024_linked_0,yes,same issuer table; definition review pending,direct_pair_issuer_or_segment,blibli_reported_source_universe,False,candidate_pending_geography_and_scope,reported_cells_extracted; geography_and_scope_review_pending,,data/longitudinal/blibli_reported_pairs_all_vintages.csv,True,True,True
OBS-0035,Blibli/GDN,1P Retail,2023Q4,2023.0,quarter,issuer/segment scope; geography under review,not confirmed as explicit Indonesia-only pair,TPV,1142.0,net revenue,956.0,IDR,billion,direct issuer disclosure,direct issuer disclosure,raw_sources/blibli_fy2024_linked_0.pdf,page 2,https://asset-about.blibli.com/2025/03/Earnings-Release-FY24-PT-Global-Digital-Niaga-Tbk.pdf,blibli_fy2024_linked_0,yes,same issuer table; definition review pending,direct_pair_issuer_or_segment,blibli_reported_source_universe,True,candidate_pending_geography_and_scope,reported_cells_extracted; geography_and_scope_review_pending,,data/longitudinal/blibli_reported_pairs_all_vintages.csv,True,True,True
OBS-0036,Blibli/GDN,3P Retail,2023Q4,2023.0,quarter,issuer/segment scope; geography under review,not confirmed as explicit Indonesia-only pair,TPV,11965.0,net revenue,279.0,IDR,billion,direct issuer disclosure,direct issuer disclosure,raw_sources/blibli_fy2024_linked_0.pdf,page 2,https://asset-about.blibli.com/2025/03/Earnings-Release-FY24-PT-Global-Digital-Niaga-Tbk.pdf,blibli_fy2024_linked_0,yes,same issuer table; definition review pending,direct_pair_issuer_or_segment,blibli_reported_source_universe,True,candidate_pending_geography_and_scope,reported_cells_extracted; geography_and_scope_review_pending,,data/longitudinal/blibli_reported_pairs_all_vintages.csv,True,True,True
OBS-0037,Blibli/GDN,Institutions,2023Q4,2023.0,quarter,issuer/segment scope; geography under review,not confirmed as explicit Indonesia-only pair,TPV,3120.0,net revenue,898.0,IDR,billion,direct issuer disclosure,direct issuer disclosure,raw_sources/blibli_fy2024_linked_0.pdf,page 2,https://asset-about.blibli.com/2025/03/Earnings-Release-FY24-PT-Global-Digital-Niaga-Tbk.pdf,blibli_fy2024_linked_0,yes,same issuer table; definition review pending,direct_pair_issuer_or_segment,blibli_reported_source_universe,True,candidate_pending_geography_and_scope,reported_cells_extracted; geography_and_scope_review_pending,,data/longitudinal/blibli_reported_pairs_all_vintages.csv,True,True,True
OBS-0038,Blibli/GDN,Physical Stores,2023Q4,2023.0,quarter,issuer/segment scope; geography under review,not confirmed as explicit Indonesia-only pair,TPV,1281.0,net revenue,1122.0,IDR,billion,direct issuer disclosure,direct issuer disclosure,raw_sources/blibli_fy2024_linked_0.pdf,page 2,https://asset-about.blibli.com/2025/03/Earnings-Release-FY24-PT-Global-Digital-Niaga-Tbk.pdf,blibli_fy2024_linked_0,yes,same issuer table; definition review pending,direct_pair_issuer_or_segment,blibli_reported_source_universe,True,candidate_pending_geography_and_scope,reported_cells_extracted; geography_and_scope_review_pending,,data/longitudinal/blibli_reported_pairs_all_vintages.csv,True,True,True
OBS-0039,Blibli/GDN,Group,2023Q4,2023.0,quarter,issuer/segment scope; geography under review,not confirmed as explicit Indonesia-only pair,TPV,17508.0,net revenue,3255.0,IDR,billion,direct issuer disclosure,direct issuer disclosure,raw_sources/blibli_fy2024_linked_0.pdf,page 2,https://asset-about.blibli.com/2025/03/Earnings-Release-FY24-PT-Global-Digital-Niaga-Tbk.pdf,blibli_fy2024_linked_0,yes,same issuer table; definition review pending,direct_pair_issuer_or_segment,blibli_reported_source_universe,True,candidate_pending_geography_and_scope,reported_cells_extracted; geography_and_scope_review_pending,,data/longitudinal/blibli_reported_pairs_all_vintages.csv,True,True,True
OBS-0040,Blibli/GDN,1P Retail,2024FY,2024.0,annual,issuer/segment scope; geography under review,not confirmed as explicit Indonesia-only pair,TPV,5301.0,net revenue,4269.0,IDR,billion,direct issuer disclosure,direct issuer disclosure,raw_sources/blibli_fy2024_linked_0.pdf,page 2,https://asset-about.blibli.com/2025/03/Earnings-Release-FY24-PT-Global-Digital-Niaga-Tbk.pdf,blibli_fy2024_linked_0,yes,same issuer table; definition review pending,direct_pair_issuer_or_segment,blibli_reported_source_universe,False,candidate_pending_geography_and_scope,reported_cells_extracted; geography_and_scope_review_pending,,data/longitudinal/blibli_reported_pairs_all_vintages.csv,True,True,True
OBS-0041,Blibli/GDN,3P Retail,2024FY,2024.0,annual,issuer/segment scope; geography under review,not confirmed as explicit Indonesia-only pair,TPV,54210.0,net revenue,1384.0,IDR,billion,direct issuer disclosure,direct issuer disclosure,raw_sources/blibli_fy2024_linked_0.pdf,page 2,https://asset-about.blibli.com/2025/03/Earnings-Release-FY24-PT-Global-Digital-Niaga-Tbk.pdf,blibli_fy2024_linked_0,yes,same issuer table; definition review pending,direct_pair_issuer_or_segment,blibli_reported_source_universe,False,candidate_pending_geography_and_scope,reported_cells_extracted; geography_and_scope_review_pending,,data/longitudinal/blibli_reported_pairs_all_vintages.csv,True,True,True
OBS-0042,Blibli/GDN,Institutions,2024FY,2024.0,annual,issuer/segment scope; geography under review,not confirmed as explicit Indonesia-only pair,TPV,11649.0,net revenue,5671.0,IDR,billion,direct issuer disclosure,direct issuer disclosure,raw_sources/blibli_fy2024_linked_0.pdf,page 2,https://asset-about.blibli.com/2025/03/Earnings-Release-FY24-PT-Global-Digital-Niaga-Tbk.pdf,blibli_fy2024_linked_0,yes,same issuer table; definition review pending,direct_pair_issuer_or_segment,blibli_reported_source_universe,False,candidate_pending_geography_and_scope,reported_cells_extracted; geography_and_scope_review_pending,,data/longitudinal/blibli_reported_pairs_all_vintages.csv,True,True,True
OBS-0043,Blibli/GDN,Physical Stores,2024FY,2024.0,annual,issuer/segment scope; geography under review,not confirmed as explicit Indonesia-only pair,TPV,6250.0,net revenue,5392.0,IDR,billion,direct issuer disclosure,direct issuer disclosure,raw_sources/blibli_fy2024_linked_0.pdf,page 2,https://asset-about.blibli.com/2025/03/Earnings-Release-FY24-PT-Global-Digital-Niaga-Tbk.pdf,blibli_fy2024_linked_0,yes,same issuer table; definition review pending,direct_pair_issuer_or_segment,blibli_reported_source_universe,False,candidate_pending_geography_and_scope,reported_cells_extracted; geography_and_scope_review_pending,,data/longitudinal/blibli_reported_pairs_all_vintages.csv,True,True,True
OBS-0044,Blibli/GDN,Group,2024FY,2024.0,annual,issuer/segment scope; geography under review,not confirmed as explicit Indonesia-only pair,TPV,77410.0,net revenue,16716.0,IDR,billion,direct issuer disclosure,direct issuer disclosure,raw_sources/blibli_fy2024_linked_0.pdf,page 2,https://asset-about.blibli.com/2025/03/Earnings-Release-FY24-PT-Global-Digital-Niaga-Tbk.pdf,blibli_fy2024_linked_0,yes,same issuer table; definition review pending,direct_pair_issuer_or_segment,blibli_reported_source_universe,False,candidate_pending_geography_and_scope,reported_cells_extracted; geography_and_scope_review_pending,,data/longitudinal/blibli_reported_pairs_all_vintages.csv,True,True,True
OBS-0045,Blibli/GDN,1P Retail,2023FY,2023.0,annual,issuer/segment scope; geography under review,not confirmed as explicit Indonesia-only pair,TPV,7385.0,net revenue,6386.0,IDR,billion,direct issuer disclosure,direct issuer disclosure,raw_sources/blibli_fy2024_linked_0.pdf,page 2,https://asset-about.blibli.com/2025/03/Earnings-Release-FY24-PT-Global-Digital-Niaga-Tbk.pdf,blibli_fy2024_linked_0,yes,same issuer table; definition review pending,direct_pair_issuer_or_segment,blibli_reported_source_universe,True,candidate_pending_geography_and_scope,reported_cells_extracted; geography_and_scope_review_pending,,data/longitudinal/blibli_reported_pairs_all_vintages.csv,True,True,True
OBS-0046,Blibli/GDN,3P Retail,2023FY,2023.0,annual,issuer/segment scope; geography under review,not confirmed as explicit Indonesia-only pair,TPV,49912.0,net revenue,1125.0,IDR,billion,direct issuer disclosure,direct issuer disclosure,raw_sources/blibli_fy2024_linked_0.pdf,page 2,https://asset-about.blibli.com/2025/03/Earnings-Release-FY24-PT-Global-Digital-Niaga-Tbk.pdf,blibli_fy2024_linked_0,yes,same issuer table; definition review pending,direct_pair_issuer_or_segment,blibli_reported_source_universe,True,candidate_pending_geography_and_scope,reported_cells_extracted; geography_and_scope_review_pending,,data/longitudinal/blibli_reported_pairs_all_vintages.csv,True,True,True
OBS-0047,Blibli/GDN,Institutions,2023FY,2023.0,annual,issuer/segment scope; geography under review,not confirmed as explicit Indonesia-only pair,TPV,10066.0,net revenue,3008.0,IDR,billion,direct issuer disclosure,direct issuer disclosure,raw_sources/blibli_fy2024_linked_0.pdf,page 2,https://asset-about.blibli.com/2025/03/Earnings-Release-FY24-PT-Global-Digital-Niaga-Tbk.pdf,blibli_fy2024_linked_0,yes,same issuer table; definition review pending,direct_pair_issuer_or_segment,blibli_reported_source_universe,True,candidate_pending_geography_and_scope,reported_cells_extracted; geography_and_scope_review_pending,,data/longitudinal/blibli_reported_pairs_all_vintages.csv,True,True,True
OBS-0048,Blibli/GDN,Physical Stores,2023FY,2023.0,annual,issuer/segment scope; geography under review,not confirmed as explicit Indonesia-only pair,TPV,4773.0,net revenue,4199.0,IDR,billion,direct issuer disclosure,direct issuer disclosure,raw_sources/blibli_fy2024_linked_0.pdf,page 2,https://asset-about.blibli.com/2025/03/Earnings-Release-FY24-PT-Global-Digital-Niaga-Tbk.pdf,blibli_fy2024_linked_0,yes,same issuer table; definition review pending,direct_pair_issuer_or_segment,blibli_reported_source_universe,True,candidate_pending_geography_and_scope,reported_cells_extracted; geography_and_scope_review_pending,,data/longitudinal/blibli_reported_pairs_all_vintages.csv,True,True,True
OBS-0049,Blibli/GDN,Group,2023FY,2023.0,annual,issuer/segment scope; geography under review,not confirmed as explicit Indonesia-only pair,TPV,72136.0,net revenue,14718.0,IDR,billion,direct issuer disclosure,direct issuer disclosure,raw_sources/blibli_fy2024_linked_0.pdf,page 2,https://asset-about.blibli.com/2025/03/Earnings-Release-FY24-PT-Global-Digital-Niaga-Tbk.pdf,blibli_fy2024_linked_0,yes,same issuer table; definition review pending,direct_pair_issuer_or_segment,blibli_reported_source_universe,True,candidate_pending_geography_and_scope,reported_cells_extracted; geography_and_scope_review_pending,,data/longitudinal/blibli_reported_pairs_all_vintages.csv,True,True,True
OBS-0050,Blibli/GDN,1P Retail,2025Q4,2025.0,quarter,issuer/segment scope; geography under review,not confirmed as explicit Indonesia-only pair,TPV,1791.0,net revenue,1344.0,IDR,billion,direct issuer disclosure,direct issuer disclosure,raw_sources/blibli_fy2025_linked_0.pdf,page 2,https://asset-about.blibli.com/2026/03/Earnings-Release-FY25-PT-Global-Digital-Niaga-Tbk-.pdf,blibli_fy2025_linked_0,yes,same issuer table; definition review pending,direct_pair_issuer_or_segment,blibli_reported_source_universe,True,candidate_pending_geography_and_scope,reported_cells_extracted; geography_and_scope_review_pending,,data/longitudinal/blibli_reported_pairs_all_vintages.csv,True,True,True
OBS-0051,Blibli/GDN,3P Retail,2025Q4,2025.0,quarter,issuer/segment scope; geography under review,not confirmed as explicit Indonesia-only pair,TPV,13023.0,net revenue,449.0,IDR,billion,direct issuer disclosure,direct issuer disclosure,raw_sources/blibli_fy2025_linked_0.pdf,page 2,https://asset-about.blibli.com/2026/03/Earnings-Release-FY25-PT-Global-Digital-Niaga-Tbk-.pdf,blibli_fy2025_linked_0,yes,same issuer table; definition review pending,direct_pair_issuer_or_segment,blibli_reported_source_universe,True,candidate_pending_geography_and_scope,reported_cells_extracted; geography_and_scope_review_pending,,data/longitudinal/blibli_reported_pairs_all_vintages.csv,True,True,True
OBS-0052,Blibli/GDN,Institutions,2025Q4,2025.0,quarter,issuer/segment scope; geography under review,not confirmed as explicit Indonesia-only pair,TPV,5335.0,net revenue,3130.0,IDR,billion,direct issuer disclosure,direct issuer disclosure,raw_sources/blibli_fy2025_linked_0.pdf,page 2,https://asset-about.blibli.com/2026/03/Earnings-Release-FY25-PT-Global-Digital-Niaga-Tbk-.pdf,blibli_fy2025_linked_0,yes,same issuer table; definition review pending,direct_pair_issuer_or_segment,blibli_reported_source_universe,True,candidate_pending_geography_and_scope,reported_cells_extracted; geography_and_scope_review_pending,,data/longitudinal/blibli_reported_pairs_all_vintages.csv,True,True,True
OBS-0053,Blibli/GDN,Physical Stores,2025Q4,2025.0,quarter,issuer/segment scope; geography under review,not confirmed as explicit Indonesia-only pair,TPV,2554.0,net revenue,2199.0,IDR,billion,direct issuer disclosure,direct issuer disclosure,raw_sources/blibli_fy2025_linked_0.pdf,page 2,https://asset-about.blibli.com/2026/03/Earnings-Release-FY25-PT-Global-Digital-Niaga-Tbk-.pdf,blibli_fy2025_linked_0,yes,same issuer table; definition review pending,direct_pair_issuer_or_segment,blibli_reported_source_universe,True,candidate_pending_geography_and_scope,reported_cells_extracted; geography_and_scope_review_pending,,data/longitudinal/blibli_reported_pairs_all_vintages.csv,True,True,True
OBS-0054,Blibli/GDN,Group,2025Q4,2025.0,quarter,issuer/segment scope; geography under review,not confirmed as explicit Indonesia-only pair,TPV,22703.0,net revenue,7122.0,IDR,billion,direct issuer disclosure,direct issuer disclosure,raw_sources/blibli_fy2025_linked_0.pdf,page 2,https://asset-about.blibli.com/2026/03/Earnings-Release-FY25-PT-Global-Digital-Niaga-Tbk-.pdf,blibli_fy2025_linked_0,yes,same issuer table; definition review pending,direct_pair_issuer_or_segment,blibli_reported_source_universe,True,candidate_pending_geography_and_scope,reported_cells_extracted; geography_and_scope_review_pending,,data/longitudinal/blibli_reported_pairs_all_vintages.csv,True,True,True
OBS-0055,Blibli/GDN,1P Retail,2024Q4,2024.0,quarter,issuer/segment scope; geography under review,not confirmed as explicit Indonesia-only pair,TPV,1423.0,net revenue,1122.0,IDR,billion,direct issuer disclosure,direct issuer disclosure,raw_sources/blibli_fy2025_linked_0.pdf,page 2,https://asset-about.blibli.com/2026/03/Earnings-Release-FY25-PT-Global-Digital-Niaga-Tbk-.pdf,blibli_fy2025_linked_0,yes,same issuer table; definition review pending,direct_pair_issuer_or_segment,blibli_reported_source_universe,True,candidate_pending_geography_and_scope,reported_cells_extracted; geography_and_scope_review_pending,,data/longitudinal/blibli_reported_pairs_all_vintages.csv,True,True,True
OBS-0056,Blibli/GDN,3P Retail,2024Q4,2024.0,quarter,issuer/segment scope; geography under review,not confirmed as explicit Indonesia-only pair,TPV,14630.0,net revenue,424.0,IDR,billion,direct issuer disclosure,direct issuer disclosure,raw_sources/blibli_fy2025_linked_0.pdf,page 2,https://asset-about.blibli.com/2026/03/Earnings-Release-FY25-PT-Global-Digital-Niaga-Tbk-.pdf,blibli_fy2025_linked_0,yes,same issuer table; definition review pending,direct_pair_issuer_or_segment,blibli_reported_source_universe,True,candidate_pending_geography_and_scope,reported_cells_extracted; geography_and_scope_review_pending,,data/longitudinal/blibli_reported_pairs_all_vintages.csv,True,True,True
OBS-0057,Blibli/GDN,Institutions,2024Q4,2024.0,quarter,issuer/segment scope; geography under review,not confirmed as explicit Indonesia-only pair,TPV,3341.0,net revenue,1635.0,IDR,billion,direct issuer disclosure,direct issuer disclosure,raw_sources/blibli_fy2025_linked_0.pdf,page 2,https://asset-about.blibli.com/2026/03/Earnings-Release-FY25-PT-Global-Digital-Niaga-Tbk-.pdf,blibli_fy2025_linked_0,yes,same issuer table; definition review pending,direct_pair_issuer_or_segment,blibli_reported_source_universe,True,candidate_pending_geography_and_scope,reported_cells_extracted; geography_and_scope_review_pending,,data/longitudinal/blibli_reported_pairs_all_vintages.csv,True,True,True
OBS-0058,Blibli/GDN,Physical Stores,2024Q4,2024.0,quarter,issuer/segment scope; geography under review,not confirmed as explicit Indonesia-only pair,TPV,1650.0,net revenue,1403.0,IDR,billion,direct issuer disclosure,direct issuer disclosure,raw_sources/blibli_fy2025_linked_0.pdf,page 2,https://asset-about.blibli.com/2026/03/Earnings-Release-FY25-PT-Global-Digital-Niaga-Tbk-.pdf,blibli_fy2025_linked_0,yes,same issuer table; definition review pending,direct_pair_issuer_or_segment,blibli_reported_source_universe,True,candidate_pending_geography_and_scope,reported_cells_extracted; geography_and_scope_review_pending,,data/longitudinal/blibli_reported_pairs_all_vintages.csv,True,True,True
OBS-0059,Blibli/GDN,Group,2024Q4,2024.0,quarter,issuer/segment scope; geography under review,not confirmed as explicit Indonesia-only pair,TPV,21044.0,net revenue,4584.0,IDR,billion,direct issuer disclosure,direct issuer disclosure,raw_sources/blibli_fy2025_linked_0.pdf,page 2,https://asset-about.blibli.com/2026/03/Earnings-Release-FY25-PT-Global-Digital-Niaga-Tbk-.pdf,blibli_fy2025_linked_0,yes,same issuer table; definition review pending,direct_pair_issuer_or_segment,blibli_reported_source_universe,True,candidate_pending_geography_and_scope,reported_cells_extracted; geography_and_scope_review_pending,,data/longitudinal/blibli_reported_pairs_all_vintages.csv,True,True,True
OBS-0060,Blibli/GDN,1P Retail,2025FY,2025.0,annual,issuer/segment scope; geography under review,not confirmed as explicit Indonesia-only pair,TPV,6413.0,net revenue,4829.0,IDR,billion,direct issuer disclosure,direct issuer disclosure,raw_sources/blibli_fy2025_linked_0.pdf,page 2,https://asset-about.blibli.com/2026/03/Earnings-Release-FY25-PT-Global-Digital-Niaga-Tbk-.pdf,blibli_fy2025_linked_0,yes,same issuer table; definition review pending,direct_pair_issuer_or_segment,blibli_reported_source_universe,True,candidate_pending_geography_and_scope,reported_cells_extracted; geography_and_scope_review_pending,,data/longitudinal/blibli_reported_pairs_all_vintages.csv,True,True,True
OBS-0061,Blibli/GDN,3P Retail,2025FY,2025.0,annual,issuer/segment scope; geography under review,not confirmed as explicit Indonesia-only pair,TPV,53187.0,net revenue,1551.0,IDR,billion,direct issuer disclosure,direct issuer disclosure,raw_sources/blibli_fy2025_linked_0.pdf,page 2,https://asset-about.blibli.com/2026/03/Earnings-Release-FY25-PT-Global-Digital-Niaga-Tbk-.pdf,blibli_fy2025_linked_0,yes,same issuer table; definition review pending,direct_pair_issuer_or_segment,blibli_reported_source_universe,True,candidate_pending_geography_and_scope,reported_cells_extracted; geography_and_scope_review_pending,,data/longitudinal/blibli_reported_pairs_all_vintages.csv,True,True,True
OBS-0062,Blibli/GDN,Institutions,2025FY,2025.0,annual,issuer/segment scope; geography under review,not confirmed as explicit Indonesia-only pair,TPV,15291.0,net revenue,8955.0,IDR,billion,direct issuer disclosure,direct issuer disclosure,raw_sources/blibli_fy2025_linked_0.pdf,page 2,https://asset-about.blibli.com/2026/03/Earnings-Release-FY25-PT-Global-Digital-Niaga-Tbk-.pdf,blibli_fy2025_linked_0,yes,same issuer table; definition review pending,direct_pair_issuer_or_segment,blibli_reported_source_universe,True,candidate_pending_geography_and_scope,reported_cells_extracted; geography_and_scope_review_pending,,data/longitudinal/blibli_reported_pairs_all_vintages.csv,True,True,True
OBS-0063,Blibli/GDN,Physical Stores,2025FY,2025.0,annual,issuer/segment scope; geography under review,not confirmed as explicit Indonesia-only pair,TPV,8425.0,net revenue,7026.0,IDR,billion,direct issuer disclosure,direct issuer disclosure,raw_sources/blibli_fy2025_linked_0.pdf,page 2,https://asset-about.blibli.com/2026/03/Earnings-Release-FY25-PT-Global-Digital-Niaga-Tbk-.pdf,blibli_fy2025_linked_0,yes,same issuer table; definition review pending,direct_pair_issuer_or_segment,blibli_reported_source_universe,True,candidate_pending_geography_and_scope,reported_cells_extracted; geography_and_scope_review_pending,,data/longitudinal/blibli_reported_pairs_all_vintages.csv,True,True,True
OBS-0064,Blibli/GDN,Group,2025FY,2025.0,annual,issuer/segment scope; geography under review,not confirmed as explicit Indonesia-only pair,TPV,83316.0,net revenue,22361.0,IDR,billion,direct issuer disclosure,direct issuer disclosure,raw_sources/blibli_fy2025_linked_0.pdf,page 2,https://asset-about.blibli.com/2026/03/Earnings-Release-FY25-PT-Global-Digital-Niaga-Tbk-.pdf,blibli_fy2025_linked_0,yes,same issuer table; definition review pending,direct_pair_issuer_or_segment,blibli_reported_source_universe,True,candidate_pending_geography_and_scope,reported_cells_extracted; geography_and_scope_review_pending,,data/longitudinal/blibli_reported_pairs_all_vintages.csv,True,True,True
OBS-0065,Blibli/GDN,1P Retail,2024FY,2024.0,annual,issuer/segment scope; geography under review,not confirmed as explicit Indonesia-only pair,TPV,5301.0,net revenue,4269.0,IDR,billion,direct issuer disclosure,direct issuer disclosure,raw_sources/blibli_fy2025_linked_0.pdf,page 2,https://asset-about.blibli.com/2026/03/Earnings-Release-FY25-PT-Global-Digital-Niaga-Tbk-.pdf,blibli_fy2025_linked_0,yes,same issuer table; definition review pending,direct_pair_issuer_or_segment,blibli_reported_source_universe,True,candidate_pending_geography_and_scope,reported_cells_extracted; geography_and_scope_review_pending,,data/longitudinal/blibli_reported_pairs_all_vintages.csv,True,True,True
OBS-0066,Blibli/GDN,3P Retail,2024FY,2024.0,annual,issuer/segment scope; geography under review,not confirmed as explicit Indonesia-only pair,TPV,54210.0,net revenue,1384.0,IDR,billion,direct issuer disclosure,direct issuer disclosure,raw_sources/blibli_fy2025_linked_0.pdf,page 2,https://asset-about.blibli.com/2026/03/Earnings-Release-FY25-PT-Global-Digital-Niaga-Tbk-.pdf,blibli_fy2025_linked_0,yes,same issuer table; definition review pending,direct_pair_issuer_or_segment,blibli_reported_source_universe,True,candidate_pending_geography_and_scope,reported_cells_extracted; geography_and_scope_review_pending,,data/longitudinal/blibli_reported_pairs_all_vintages.csv,True,True,True
OBS-0067,Blibli/GDN,Institutions,2024FY,2024.0,annual,issuer/segment scope; geography under review,not confirmed as explicit Indonesia-only pair,TPV,11649.0,net revenue,5671.0,IDR,billion,direct issuer disclosure,direct issuer disclosure,raw_sources/blibli_fy2025_linked_0.pdf,page 2,https://asset-about.blibli.com/2026/03/Earnings-Release-FY25-PT-Global-Digital-Niaga-Tbk-.pdf,blibli_fy2025_linked_0,yes,same issuer table; definition review pending,direct_pair_issuer_or_segment,blibli_reported_source_universe,True,candidate_pending_geography_and_scope,reported_cells_extracted; geography_and_scope_review_pending,,data/longitudinal/blibli_reported_pairs_all_vintages.csv,True,True,True
OBS-0068,Blibli/GDN,Physical Stores,2024FY,2024.0,annual,issuer/segment scope; geography under review,not confirmed as explicit Indonesia-only pair,TPV,6250.0,net revenue,5392.0,IDR,billion,direct issuer disclosure,direct issuer disclosure,raw_sources/blibli_fy2025_linked_0.pdf,page 2,https://asset-about.blibli.com/2026/03/Earnings-Release-FY25-PT-Global-Digital-Niaga-Tbk-.pdf,blibli_fy2025_linked_0,yes,same issuer table; definition review pending,direct_pair_issuer_or_segment,blibli_reported_source_universe,True,candidate_pending_geography_and_scope,reported_cells_extracted; geography_and_scope_review_pending,,data/longitudinal/blibli_reported_pairs_all_vintages.csv,True,True,True
OBS-0069,Blibli/GDN,Group,2024FY,2024.0,annual,issuer/segment scope; geography under review,not confirmed as explicit Indonesia-only pair,TPV,77410.0,net revenue,16716.0,IDR,billion,direct issuer disclosure,direct issuer disclosure,raw_sources/blibli_fy2025_linked_0.pdf,page 2,https://asset-about.blibli.com/2026/03/Earnings-Release-FY25-PT-Global-Digital-Niaga-Tbk-.pdf,blibli_fy2025_linked_0,yes,same issuer table; definition review pending,direct_pair_issuer_or_segment,blibli_reported_source_universe,True,candidate_pending_geography_and_scope,reported_cells_extracted; geography_and_scope_review_pending,,data/longitudinal/blibli_reported_pairs_all_vintages.csv,True,True,True
OBS-0070,Blibli/GDN,1P Retail,2023Q1,2023.0,quarter,issuer/segment scope; geography under review,not confirmed as explicit Indonesia-only pair,TPV,9940.0,net revenue,8902.0,IDR,billion,direct issuer disclosure,direct issuer disclosure,raw_sources/blibli_q12023_linked_0.pdf,page 2,https://asset-about.blibli.com/2023/05/Earnings-Release-1Q23-PT-Global-Digital-Niaga-Tbk.pdf,blibli_q12023_linked_0,yes,same issuer table; definition review pending,direct_pair_issuer_or_segment,blibli_reported_source_universe,False,exclude_extraction_mapping_error,"The table columns FY22, 1Q23, and 1Q22 were shifted in the legacy extraction; use the manually verified replacement extract.",,data/longitudinal/blibli_reported_pairs_all_vintages.csv,True,True,True
OBS-0071,Blibli/GDN,3P Retail,2023Q1,2023.0,quarter,issuer/segment scope; geography under review,not confirmed as explicit Indonesia-only pair,TPV,37050.0,net revenue,199.0,IDR,billion,direct issuer disclosure,direct issuer disclosure,raw_sources/blibli_q12023_linked_0.pdf,page 2,https://asset-about.blibli.com/2023/05/Earnings-Release-1Q23-PT-Global-Digital-Niaga-Tbk.pdf,blibli_q12023_linked_0,yes,same issuer table; definition review pending,direct_pair_issuer_or_segment,blibli_reported_source_universe,False,exclude_extraction_mapping_error,"The table columns FY22, 1Q23, and 1Q22 were shifted in the legacy extraction; use the manually verified replacement extract.",,data/longitudinal/blibli_reported_pairs_all_vintages.csv,True,True,True
OBS-0072,Blibli/GDN,Institutions,2023Q1,2023.0,quarter,issuer/segment scope; geography under review,not confirmed as explicit Indonesia-only pair,TPV,10433.0,net revenue,2615.0,IDR,billion,direct issuer disclosure,direct issuer disclosure,raw_sources/blibli_q12023_linked_0.pdf,page 2,https://asset-about.blibli.com/2023/05/Earnings-Release-1Q23-PT-Global-Digital-Niaga-Tbk.pdf,blibli_q12023_linked_0,yes,same issuer table; definition review pending,direct_pair_issuer_or_segment,blibli_reported_source_universe,False,exclude_extraction_mapping_error,"The table columns FY22, 1Q23, and 1Q22 were shifted in the legacy extraction; use the manually verified replacement extract.",,data/longitudinal/blibli_reported_pairs_all_vintages.csv,True,True,True
OBS-0073,Blibli/GDN,Physical Stores,2023Q1,2023.0,quarter,issuer/segment scope; geography under review,not confirmed as explicit Indonesia-only pair,TPV,3973.0,net revenue,3553.0,IDR,billion,direct issuer disclosure,direct issuer disclosure,raw_sources/blibli_q12023_linked_0.pdf,page 2,https://asset-about.blibli.com/2023/05/Earnings-Release-1Q23-PT-Global-Digital-Niaga-Tbk.pdf,blibli_q12023_linked_0,yes,same issuer table; definition review pending,direct_pair_issuer_or_segment,blibli_reported_source_universe,False,exclude_extraction_mapping_error,"The table columns FY22, 1Q23, and 1Q22 were shifted in the legacy extraction; use the manually verified replacement extract.",,data/longitudinal/blibli_reported_pairs_all_vintages.csv,True,True,True
OBS-0074,Blibli/GDN,Group,2023Q1,2023.0,quarter,issuer/segment scope; geography under review,not confirmed as explicit Indonesia-only pair,TPV,61396.0,net revenue,15269.0,IDR,billion,direct issuer disclosure,direct issuer disclosure,raw_sources/blibli_q12023_linked_0.pdf,page 2,https://asset-about.blibli.com/2023/05/Earnings-Release-1Q23-PT-Global-Digital-Niaga-Tbk.pdf,blibli_q12023_linked_0,yes,same issuer table; definition review pending,direct_pair_issuer_or_segment,blibli_reported_source_universe,False,exclude_extraction_mapping_error,"The table columns FY22, 1Q23, and 1Q22 were shifted in the legacy extraction; use the manually verified replacement extract.",,data/longitudinal/blibli_reported_pairs_all_vintages.csv,True,True,True
OBS-0075,Blibli/GDN,1P Retail,2022Q1,2022.0,quarter,issuer/segment scope; geography under review,not confirmed as explicit Indonesia-only pair,TPV,2399.0,net revenue,2094.0,IDR,billion,direct issuer disclosure,direct issuer disclosure,raw_sources/blibli_q12023_linked_0.pdf,page 2,https://asset-about.blibli.com/2023/05/Earnings-Release-1Q23-PT-Global-Digital-Niaga-Tbk.pdf,blibli_q12023_linked_0,yes,same issuer table; definition review pending,direct_pair_issuer_or_segment,blibli_reported_source_universe,False,exclude_extraction_mapping_error,"The table columns FY22, 1Q23, and 1Q22 were shifted in the legacy extraction; use the manually verified replacement extract.",,data/longitudinal/blibli_reported_pairs_all_vintages.csv,True,True,True
OBS-0076,Blibli/GDN,3P Retail,2022Q1,2022.0,quarter,issuer/segment scope; geography under review,not confirmed as explicit Indonesia-only pair,TPV,13316.0,net revenue,275.0,IDR,billion,direct issuer disclosure,direct issuer disclosure,raw_sources/blibli_q12023_linked_0.pdf,page 2,https://asset-about.blibli.com/2023/05/Earnings-Release-1Q23-PT-Global-Digital-Niaga-Tbk.pdf,blibli_q12023_linked_0,yes,same issuer table; definition review pending,direct_pair_issuer_or_segment,blibli_reported_source_universe,False,exclude_extraction_mapping_error,"The table columns FY22, 1Q23, and 1Q22 were shifted in the legacy extraction; use the manually verified replacement extract.",,data/longitudinal/blibli_reported_pairs_all_vintages.csv,True,True,True
OBS-0077,Blibli/GDN,Institutions,2022Q1,2022.0,quarter,issuer/segment scope; geography under review,not confirmed as explicit Indonesia-only pair,TPV,1074.0,net revenue,461.0,IDR,billion,direct issuer disclosure,direct issuer disclosure,raw_sources/blibli_q12023_linked_0.pdf,page 2,https://asset-about.blibli.com/2023/05/Earnings-Release-1Q23-PT-Global-Digital-Niaga-Tbk.pdf,blibli_q12023_linked_0,yes,same issuer table; definition review pending,direct_pair_issuer_or_segment,blibli_reported_source_universe,False,exclude_extraction_mapping_error,"The table columns FY22, 1Q23, and 1Q22 were shifted in the legacy extraction; use the manually verified replacement extract.",,data/longitudinal/blibli_reported_pairs_all_vintages.csv,True,True,True
OBS-0078,Blibli/GDN,Physical Stores,2022Q1,2022.0,quarter,issuer/segment scope; geography under review,not confirmed as explicit Indonesia-only pair,TPV,1126.0,net revenue,1000.0,IDR,billion,direct issuer disclosure,direct issuer disclosure,raw_sources/blibli_q12023_linked_0.pdf,page 2,https://asset-about.blibli.com/2023/05/Earnings-Release-1Q23-PT-Global-Digital-Niaga-Tbk.pdf,blibli_q12023_linked_0,yes,same issuer table; definition review pending,direct_pair_issuer_or_segment,blibli_reported_source_universe,False,exclude_extraction_mapping_error,"The table columns FY22, 1Q23, and 1Q22 were shifted in the legacy extraction; use the manually verified replacement extract.",,data/longitudinal/blibli_reported_pairs_all_vintages.csv,True,True,True
OBS-0079,Blibli/GDN,Group,2022Q1,2022.0,quarter,issuer/segment scope; geography under review,not confirmed as explicit Indonesia-only pair,TPV,17915.0,net revenue,3830.0,IDR,billion,direct issuer disclosure,direct issuer disclosure,raw_sources/blibli_q12023_linked_0.pdf,page 2,https://asset-about.blibli.com/2023/05/Earnings-Release-1Q23-PT-Global-Digital-Niaga-Tbk.pdf,blibli_q12023_linked_0,yes,same issuer table; definition review pending,direct_pair_issuer_or_segment,blibli_reported_source_universe,False,exclude_extraction_mapping_error,"The table columns FY22, 1Q23, and 1Q22 were shifted in the legacy extraction; use the manually verified replacement extract.",,data/longitudinal/blibli_reported_pairs_all_vintages.csv,True,True,True
OBS-0080,Blibli/GDN,1P Retail,2023Q3,2023.0,quarter,issuer/segment scope; geography under review,not confirmed as explicit Indonesia-only pair,TPV,1745.0,net revenue,1503.0,IDR,billion,direct issuer disclosure,direct issuer disclosure,raw_sources/blibli_q32023_linked_0.pdf,page 2,https://asset-about.blibli.com/2023/11/Earnings-Release-9M23-PT-Global-Digital-Niaga-Tbk-1.pdf,blibli_q32023_linked_0,yes,same issuer table; definition review pending,direct_pair_issuer_or_segment,blibli_reported_source_universe,True,candidate_pending_geography_and_scope,reported_cells_extracted; geography_and_scope_review_pending,,data/longitudinal/blibli_reported_pairs_all_vintages.csv,True,True,True
OBS-0081,Blibli/GDN,3P Retail,2023Q3,2023.0,quarter,issuer/segment scope; geography under review,not confirmed as explicit Indonesia-only pair,TPV,12141.0,net revenue,279.0,IDR,billion,direct issuer disclosure,direct issuer disclosure,raw_sources/blibli_q32023_linked_0.pdf,page 2,https://asset-about.blibli.com/2023/11/Earnings-Release-9M23-PT-Global-Digital-Niaga-Tbk-1.pdf,blibli_q32023_linked_0,yes,same issuer table; definition review pending,direct_pair_issuer_or_segment,blibli_reported_source_universe,True,candidate_pending_geography_and_scope,reported_cells_extracted; geography_and_scope_review_pending,,data/longitudinal/blibli_reported_pairs_all_vintages.csv,True,True,True
OBS-0082,Blibli/GDN,Institutions,2023Q3,2023.0,quarter,issuer/segment scope; geography under review,not confirmed as explicit Indonesia-only pair,TPV,2793.0,net revenue,889.0,IDR,billion,direct issuer disclosure,direct issuer disclosure,raw_sources/blibli_q32023_linked_0.pdf,page 2,https://asset-about.blibli.com/2023/11/Earnings-Release-9M23-PT-Global-Digital-Niaga-Tbk-1.pdf,blibli_q32023_linked_0,yes,same issuer table; definition review pending,direct_pair_issuer_or_segment,blibli_reported_source_universe,True,candidate_pending_geography_and_scope,reported_cells_extracted; geography_and_scope_review_pending,,data/longitudinal/blibli_reported_pairs_all_vintages.csv,True,True,True
OBS-0083,Blibli/GDN,Physical Stores,2023Q3,2023.0,quarter,issuer/segment scope; geography under review,not confirmed as explicit Indonesia-only pair,TPV,1165.0,net revenue,1016.0,IDR,billion,direct issuer disclosure,direct issuer disclosure,raw_sources/blibli_q32023_linked_0.pdf,page 2,https://asset-about.blibli.com/2023/11/Earnings-Release-9M23-PT-Global-Digital-Niaga-Tbk-1.pdf,blibli_q32023_linked_0,yes,same issuer table; definition review pending,direct_pair_issuer_or_segment,blibli_reported_source_universe,True,candidate_pending_geography_and_scope,reported_cells_extracted; geography_and_scope_review_pending,,data/longitudinal/blibli_reported_pairs_all_vintages.csv,True,True,True
OBS-0084,Blibli/GDN,Group,2023Q3,2023.0,quarter,issuer/segment scope; geography under review,not confirmed as explicit Indonesia-only pair,TPV,17845.0,net revenue,3687.0,IDR,billion,direct issuer disclosure,direct issuer disclosure,raw_sources/blibli_q32023_linked_0.pdf,page 2,https://asset-about.blibli.com/2023/11/Earnings-Release-9M23-PT-Global-Digital-Niaga-Tbk-1.pdf,blibli_q32023_linked_0,yes,same issuer table; definition review pending,direct_pair_issuer_or_segment,blibli_reported_source_universe,True,candidate_pending_geography_and_scope,reported_cells_extracted; geography_and_scope_review_pending,,data/longitudinal/blibli_reported_pairs_all_vintages.csv,True,True,True
OBS-0085,Blibli/GDN,1P Retail,2022Q3,2022.0,quarter,issuer/segment scope; geography under review,not confirmed as explicit Indonesia-only pair,TPV,2697.0,net revenue,2408.0,IDR,billion,direct issuer disclosure,direct issuer disclosure,raw_sources/blibli_q32023_linked_0.pdf,page 2,https://asset-about.blibli.com/2023/11/Earnings-Release-9M23-PT-Global-Digital-Niaga-Tbk-1.pdf,blibli_q32023_linked_0,yes,same issuer table; definition review pending,direct_pair_issuer_or_segment,blibli_reported_source_universe,True,candidate_pending_geography_and_scope,reported_cells_extracted; geography_and_scope_review_pending,,data/longitudinal/blibli_reported_pairs_all_vintages.csv,True,True,True
OBS-0086,Blibli/GDN,3P Retail,2022Q3,2022.0,quarter,issuer/segment scope; geography under review,not confirmed as explicit Indonesia-only pair,TPV,10045.0,net revenue,87.0,IDR,billion,direct issuer disclosure,direct issuer disclosure,raw_sources/blibli_q32023_linked_0.pdf,page 2,https://asset-about.blibli.com/2023/11/Earnings-Release-9M23-PT-Global-Digital-Niaga-Tbk-1.pdf,blibli_q32023_linked_0,yes,same issuer table; definition review pending,direct_pair_issuer_or_segment,blibli_reported_source_universe,True,candidate_pending_geography_and_scope,reported_cells_extracted; geography_and_scope_review_pending,,data/longitudinal/blibli_reported_pairs_all_vintages.csv,True,True,True
OBS-0087,Blibli/GDN,Institutions,2022Q3,2022.0,quarter,issuer/segment scope; geography under review,not confirmed as explicit Indonesia-only pair,TPV,2741.0,net revenue,455.0,IDR,billion,direct issuer disclosure,direct issuer disclosure,raw_sources/blibli_q32023_linked_0.pdf,page 2,https://asset-about.blibli.com/2023/11/Earnings-Release-9M23-PT-Global-Digital-Niaga-Tbk-1.pdf,blibli_q32023_linked_0,yes,same issuer table; definition review pending,direct_pair_issuer_or_segment,blibli_reported_source_universe,True,candidate_pending_geography_and_scope,reported_cells_extracted; geography_and_scope_review_pending,,data/longitudinal/blibli_reported_pairs_all_vintages.csv,True,True,True
OBS-0088,Blibli/GDN,Physical Stores,2022Q3,2022.0,quarter,issuer/segment scope; geography under review,not confirmed as explicit Indonesia-only pair,TPV,968.0,net revenue,862.0,IDR,billion,direct issuer disclosure,direct issuer disclosure,raw_sources/blibli_q32023_linked_0.pdf,page 2,https://asset-about.blibli.com/2023/11/Earnings-Release-9M23-PT-Global-Digital-Niaga-Tbk-1.pdf,blibli_q32023_linked_0,yes,same issuer table; definition review pending,direct_pair_issuer_or_segment,blibli_reported_source_universe,True,candidate_pending_geography_and_scope,reported_cells_extracted; geography_and_scope_review_pending,,data/longitudinal/blibli_reported_pairs_all_vintages.csv,True,True,True
OBS-0089,Blibli/GDN,Group,2022Q3,2022.0,quarter,issuer/segment scope; geography under review,not confirmed as explicit Indonesia-only pair,TPV,16451.0,net revenue,3812.0,IDR,billion,direct issuer disclosure,direct issuer disclosure,raw_sources/blibli_q32023_linked_0.pdf,page 2,https://asset-about.blibli.com/2023/11/Earnings-Release-9M23-PT-Global-Digital-Niaga-Tbk-1.pdf,blibli_q32023_linked_0,yes,same issuer table; definition review pending,direct_pair_issuer_or_segment,blibli_reported_source_universe,True,candidate_pending_geography_and_scope,reported_cells_extracted; geography_and_scope_review_pending,,data/longitudinal/blibli_reported_pairs_all_vintages.csv,True,True,True
OBS-0090,Blibli/GDN,1P Retail,2023M9,2023.0,cumulative_9m,issuer/segment scope; geography under review,not confirmed as explicit Indonesia-only pair,TPV,6242.0,net revenue,5430.0,IDR,billion,direct issuer disclosure,direct issuer disclosure,raw_sources/blibli_q32023_linked_0.pdf,page 2,https://asset-about.blibli.com/2023/11/Earnings-Release-9M23-PT-Global-Digital-Niaga-Tbk-1.pdf,blibli_q32023_linked_0,yes,same issuer table; definition review pending,direct_pair_issuer_or_segment,blibli_reported_source_universe,True,candidate_pending_geography_and_scope,reported_cells_extracted; geography_and_scope_review_pending,,data/longitudinal/blibli_reported_pairs_all_vintages.csv,True,True,True
OBS-0091,Blibli/GDN,3P Retail,2023M9,2023.0,cumulative_9m,issuer/segment scope; geography under review,not confirmed as explicit Indonesia-only pair,TPV,37948.0,net revenue,845.0,IDR,billion,direct issuer disclosure,direct issuer disclosure,raw_sources/blibli_q32023_linked_0.pdf,page 2,https://asset-about.blibli.com/2023/11/Earnings-Release-9M23-PT-Global-Digital-Niaga-Tbk-1.pdf,blibli_q32023_linked_0,yes,same issuer table; definition review pending,direct_pair_issuer_or_segment,blibli_reported_source_universe,True,candidate_pending_geography_and_scope,reported_cells_extracted; geography_and_scope_review_pending,,data/longitudinal/blibli_reported_pairs_all_vintages.csv,True,True,True
OBS-0092,Blibli/GDN,Institutions,2023M9,2023.0,cumulative_9m,issuer/segment scope; geography under review,not confirmed as explicit Indonesia-only pair,TPV,6941.0,net revenue,2110.0,IDR,billion,direct issuer disclosure,direct issuer disclosure,raw_sources/blibli_q32023_linked_0.pdf,page 2,https://asset-about.blibli.com/2023/11/Earnings-Release-9M23-PT-Global-Digital-Niaga-Tbk-1.pdf,blibli_q32023_linked_0,yes,same issuer table; definition review pending,direct_pair_issuer_or_segment,blibli_reported_source_universe,True,candidate_pending_geography_and_scope,reported_cells_extracted; geography_and_scope_review_pending,,data/longitudinal/blibli_reported_pairs_all_vintages.csv,True,True,True
OBS-0093,Blibli/GDN,Physical Stores,2023M9,2023.0,cumulative_9m,issuer/segment scope; geography under review,not confirmed as explicit Indonesia-only pair,TPV,3493.0,net revenue,3077.0,IDR,billion,direct issuer disclosure,direct issuer disclosure,raw_sources/blibli_q32023_linked_0.pdf,page 2,https://asset-about.blibli.com/2023/11/Earnings-Release-9M23-PT-Global-Digital-Niaga-Tbk-1.pdf,blibli_q32023_linked_0,yes,same issuer table; definition review pending,direct_pair_issuer_or_segment,blibli_reported_source_universe,True,candidate_pending_geography_and_scope,reported_cells_extracted; geography_and_scope_review_pending,,data/longitudinal/blibli_reported_pairs_all_vintages.csv,True,True,True
OBS-0094,Blibli/GDN,Group,2023M9,2023.0,cumulative_9m,issuer/segment scope; geography under review,not confirmed as explicit Indonesia-only pair,TPV,54624.0,net revenue,11462.0,IDR,billion,direct issuer disclosure,direct issuer disclosure,raw_sources/blibli_q32023_linked_0.pdf,page 2,https://asset-about.blibli.com/2023/11/Earnings-Release-9M23-PT-Global-Digital-Niaga-Tbk-1.pdf,blibli_q32023_linked_0,yes,same issuer table; definition review pending,direct_pair_issuer_or_segment,blibli_reported_source_universe,True,candidate_pending_geography_and_scope,reported_cells_extracted; geography_and_scope_review_pending,,data/longitudinal/blibli_reported_pairs_all_vintages.csv,True,True,True
OBS-0095,Blibli/GDN,1P Retail,2022M9,2022.0,cumulative_9m,issuer/segment scope; geography under review,not confirmed as explicit Indonesia-only pair,TPV,7310.0,net revenue,6567.0,IDR,billion,direct issuer disclosure,direct issuer disclosure,raw_sources/blibli_q32023_linked_0.pdf,page 2,https://asset-about.blibli.com/2023/11/Earnings-Release-9M23-PT-Global-Digital-Niaga-Tbk-1.pdf,blibli_q32023_linked_0,yes,same issuer table; definition review pending,direct_pair_issuer_or_segment,blibli_reported_source_universe,True,candidate_pending_geography_and_scope,reported_cells_extracted; geography_and_scope_review_pending,,data/longitudinal/blibli_reported_pairs_all_vintages.csv,True,True,True
OBS-0096,Blibli/GDN,3P Retail,2022M9,2022.0,cumulative_9m,issuer/segment scope; geography under review,not confirmed as explicit Indonesia-only pair,TPV,24274.0,net revenue,157.0,IDR,billion,direct issuer disclosure,direct issuer disclosure,raw_sources/blibli_q32023_linked_0.pdf,page 2,https://asset-about.blibli.com/2023/11/Earnings-Release-9M23-PT-Global-Digital-Niaga-Tbk-1.pdf,blibli_q32023_linked_0,yes,same issuer table; definition review pending,direct_pair_issuer_or_segment,blibli_reported_source_universe,True,candidate_pending_geography_and_scope,reported_cells_extracted; geography_and_scope_review_pending,,data/longitudinal/blibli_reported_pairs_all_vintages.csv,True,True,True
OBS-0097,Blibli/GDN,Institutions,2022M9,2022.0,cumulative_9m,issuer/segment scope; geography under review,not confirmed as explicit Indonesia-only pair,TPV,6095.0,net revenue,1185.0,IDR,billion,direct issuer disclosure,direct issuer disclosure,raw_sources/blibli_q32023_linked_0.pdf,page 2,https://asset-about.blibli.com/2023/11/Earnings-Release-9M23-PT-Global-Digital-Niaga-Tbk-1.pdf,blibli_q32023_linked_0,yes,same issuer table; definition review pending,direct_pair_issuer_or_segment,blibli_reported_source_universe,True,candidate_pending_geography_and_scope,reported_cells_extracted; geography_and_scope_review_pending,,data/longitudinal/blibli_reported_pairs_all_vintages.csv,True,True,True
OBS-0098,Blibli/GDN,Physical Stores,2022M9,2022.0,cumulative_9m,issuer/segment scope; geography under review,not confirmed as explicit Indonesia-only pair,TPV,2918.0,net revenue,2614.0,IDR,billion,direct issuer disclosure,direct issuer disclosure,raw_sources/blibli_q32023_linked_0.pdf,page 2,https://asset-about.blibli.com/2023/11/Earnings-Release-9M23-PT-Global-Digital-Niaga-Tbk-1.pdf,blibli_q32023_linked_0,yes,same issuer table; definition review pending,direct_pair_issuer_or_segment,blibli_reported_source_universe,True,candidate_pending_geography_and_scope,reported_cells_extracted; geography_and_scope_review_pending,,data/longitudinal/blibli_reported_pairs_all_vintages.csv,True,True,True
OBS-0099,Blibli/GDN,Group,2022M9,2022.0,cumulative_9m,issuer/segment scope; geography under review,not confirmed as explicit Indonesia-only pair,TPV,40597.0,net revenue,10523.0,IDR,billion,direct issuer disclosure,direct issuer disclosure,raw_sources/blibli_q32023_linked_0.pdf,page 2,https://asset-about.blibli.com/2023/11/Earnings-Release-9M23-PT-Global-Digital-Niaga-Tbk-1.pdf,blibli_q32023_linked_0,yes,same issuer table; definition review pending,direct_pair_issuer_or_segment,blibli_reported_source_universe,True,candidate_pending_geography_and_scope,reported_cells_extracted; geography_and_scope_review_pending,,data/longitudinal/blibli_reported_pairs_all_vintages.csv,True,True,True
OBS-0100,Blibli/GDN,1P Retail,FY2022,2022.0,annual,issuer/segment scope; geography under review,not confirmed as explicit Indonesia-only pair,TPV,9940.0,net revenue,8902.0,IDR,billion,direct issuer disclosure; manually remapped,direct issuer disclosure; manually remapped,sources/core_public_documents/blibli_q12023_verified.pdf,page 2; FY22,https://asset-about.blibli.com/2023/05/Earnings-Release-1Q23-PT-Global-Digital-Niaga-Tbk.pdf,blibli_q12023_verified,yes,same issuer table; definition review pending,direct_pair_issuer_or_segment,blibli_q1_verified_replacement,False,lineage_duplicate_of_fy2022_release,Annual comparative; overlaps FY2022 release.,,data/longitudinal/blibli_q1_2023_corrected_extract.csv,True,True,True
OBS-0101,Blibli/GDN,3P Retail,FY2022,2022.0,annual,issuer/segment scope; geography under review,not confirmed as explicit Indonesia-only pair,TPV,37050.0,net revenue,199.0,IDR,billion,direct issuer disclosure; manually remapped,direct issuer disclosure; manually remapped,sources/core_public_documents/blibli_q12023_verified.pdf,page 2; FY22,https://asset-about.blibli.com/2023/05/Earnings-Release-1Q23-PT-Global-Digital-Niaga-Tbk.pdf,blibli_q12023_verified,yes,same issuer table; definition review pending,direct_pair_issuer_or_segment,blibli_q1_verified_replacement,False,lineage_duplicate_of_fy2022_release,3P includes e-commerce and online travel agent platforms.,,data/longitudinal/blibli_q1_2023_corrected_extract.csv,True,True,True
OBS-0102,Blibli/GDN,Institutions,FY2022,2022.0,annual,issuer/segment scope; geography under review,not confirmed as explicit Indonesia-only pair,TPV,10433.0,net revenue,2615.0,IDR,billion,direct issuer disclosure; manually remapped,direct issuer disclosure; manually remapped,sources/core_public_documents/blibli_q12023_verified.pdf,page 2; FY22,https://asset-about.blibli.com/2023/05/Earnings-Release-1Q23-PT-Global-Digital-Niaga-Tbk.pdf,blibli_q12023_verified,yes,same issuer table; definition review pending,direct_pair_issuer_or_segment,blibli_q1_verified_replacement,False,lineage_duplicate_of_fy2022_release,Annual comparative; overlaps FY2022 release.,,data/longitudinal/blibli_q1_2023_corrected_extract.csv,True,True,True
OBS-0103,Blibli/GDN,Physical Stores,FY2022,2022.0,annual,issuer/segment scope; geography under review,not confirmed as explicit Indonesia-only pair,TPV,3973.0,net revenue,3553.0,IDR,billion,direct issuer disclosure; manually remapped,direct issuer disclosure; manually remapped,sources/core_public_documents/blibli_q12023_verified.pdf,page 2; FY22,https://asset-about.blibli.com/2023/05/Earnings-Release-1Q23-PT-Global-Digital-Niaga-Tbk.pdf,blibli_q12023_verified,yes,same issuer table; definition review pending,direct_pair_issuer_or_segment,blibli_q1_verified_replacement,False,lineage_duplicate_of_fy2022_release,Annual comparative; overlaps FY2022 release.,,data/longitudinal/blibli_q1_2023_corrected_extract.csv,True,True,True
OBS-0104,Blibli/GDN,Group,FY2022,2022.0,annual,issuer/segment scope; geography under review,not confirmed as explicit Indonesia-only pair,TPV,61396.0,net revenue,15269.0,IDR,billion,direct issuer disclosure; manually remapped,direct issuer disclosure; manually remapped,sources/core_public_documents/blibli_q12023_verified.pdf,page 2; FY22,https://asset-about.blibli.com/2023/05/Earnings-Release-1Q23-PT-Global-Digital-Niaga-Tbk.pdf,blibli_q12023_verified,yes,same issuer table; definition review pending,direct_pair_issuer_or_segment,blibli_q1_verified_replacement,False,lineage_duplicate_of_fy2022_release,Annual total; do not add to segments as another independent observation.,,data/longitudinal/blibli_q1_2023_corrected_extract.csv,True,True,True
OBS-0105,Blibli/GDN,1P Retail,2023Q1,2023.0,quarter,issuer/segment scope; geography under review,not confirmed as explicit Indonesia-only pair,TPV,2399.0,net revenue,2094.0,IDR,billion,direct issuer disclosure; manually remapped,direct issuer disclosure; manually remapped,sources/core_public_documents/blibli_q12023_verified.pdf,page 2; 1Q23,https://asset-about.blibli.com/2023/05/Earnings-Release-1Q23-PT-Global-Digital-Niaga-Tbk.pdf,blibli_q12023_verified,yes,same issuer table; definition review pending,direct_pair_issuer_or_segment,blibli_q1_verified_replacement,True,candidate_pending_geography_and_scope,Quarterly flow.,,data/longitudinal/blibli_q1_2023_corrected_extract.csv,True,True,True
OBS-0106,Blibli/GDN,3P Retail,2023Q1,2023.0,quarter,issuer/segment scope; geography under review,not confirmed as explicit Indonesia-only pair,TPV,13316.0,net revenue,275.0,IDR,billion,direct issuer disclosure; manually remapped,direct issuer disclosure; manually remapped,sources/core_public_documents/blibli_q12023_verified.pdf,page 2; 1Q23,https://asset-about.blibli.com/2023/05/Earnings-Release-1Q23-PT-Global-Digital-Niaga-Tbk.pdf,blibli_q12023_verified,yes,same issuer table; definition review pending,direct_pair_issuer_or_segment,blibli_q1_verified_replacement,True,candidate_pending_geography_and_scope,3P includes e-commerce and online travel agent platforms.,,data/longitudinal/blibli_q1_2023_corrected_extract.csv,True,True,True
OBS-0107,Blibli/GDN,Institutions,2023Q1,2023.0,quarter,issuer/segment scope; geography under review,not confirmed as explicit Indonesia-only pair,TPV,1074.0,net revenue,461.0,IDR,billion,direct issuer disclosure; manually remapped,direct issuer disclosure; manually remapped,sources/core_public_documents/blibli_q12023_verified.pdf,page 2; 1Q23,https://asset-about.blibli.com/2023/05/Earnings-Release-1Q23-PT-Global-Digital-Niaga-Tbk.pdf,blibli_q12023_verified,yes,same issuer table; definition review pending,direct_pair_issuer_or_segment,blibli_q1_verified_replacement,True,candidate_pending_geography_and_scope,Quarterly flow.,,data/longitudinal/blibli_q1_2023_corrected_extract.csv,True,True,True
OBS-0108,Blibli/GDN,Physical Stores,2023Q1,2023.0,quarter,issuer/segment scope; geography under review,not confirmed as explicit Indonesia-only pair,TPV,1126.0,net revenue,1000.0,IDR,billion,direct issuer disclosure; manually remapped,direct issuer disclosure; manually remapped,sources/core_public_documents/blibli_q12023_verified.pdf,page 2; 1Q23,https://asset-about.blibli.com/2023/05/Earnings-Release-1Q23-PT-Global-Digital-Niaga-Tbk.pdf,blibli_q12023_verified,yes,same issuer table; definition review pending,direct_pair_issuer_or_segment,blibli_q1_verified_replacement,True,candidate_pending_geography_and_scope,Quarterly flow.,,data/longitudinal/blibli_q1_2023_corrected_extract.csv,True,True,True
OBS-0109,Blibli/GDN,Group,2023Q1,2023.0,quarter,issuer/segment scope; geography under review,not confirmed as explicit Indonesia-only pair,TPV,17915.0,net revenue,3830.0,IDR,billion,direct issuer disclosure; manually remapped,direct issuer disclosure; manually remapped,sources/core_public_documents/blibli_q12023_verified.pdf,page 2; 1Q23,https://asset-about.blibli.com/2023/05/Earnings-Release-1Q23-PT-Global-Digital-Niaga-Tbk.pdf,blibli_q12023_verified,yes,same issuer table; definition review pending,direct_pair_issuer_or_segment,blibli_q1_verified_replacement,True,candidate_pending_geography_and_scope,Quarterly total; do not add to segments as another independent observation.,,data/longitudinal/blibli_q1_2023_corrected_extract.csv,True,True,True
OBS-0110,Blibli/GDN,1P Retail,2022Q1,2022.0,quarter,issuer/segment scope; geography under review,not confirmed as explicit Indonesia-only pair,TPV,2129.0,net revenue,1909.0,IDR,billion,direct issuer disclosure; manually remapped,direct issuer disclosure; manually remapped,sources/core_public_documents/blibli_q12023_verified.pdf,page 2; 1Q22,https://asset-about.blibli.com/2023/05/Earnings-Release-1Q23-PT-Global-Digital-Niaga-Tbk.pdf,blibli_q12023_verified,yes,same issuer table; definition review pending,direct_pair_issuer_or_segment,blibli_q1_verified_replacement,True,candidate_pending_geography_and_scope,Quarterly comparative.,,data/longitudinal/blibli_q1_2023_corrected_extract.csv,True,True,True
OBS-0111,Blibli/GDN,3P Retail,2022Q1,2022.0,quarter,issuer/segment scope; geography under review,not confirmed as explicit Indonesia-only pair,TPV,5632.0,net revenue,40.0,IDR,billion,direct issuer disclosure; manually remapped,direct issuer disclosure; manually remapped,sources/core_public_documents/blibli_q12023_verified.pdf,page 2; 1Q22,https://asset-about.blibli.com/2023/05/Earnings-Release-1Q23-PT-Global-Digital-Niaga-Tbk.pdf,blibli_q12023_verified,yes,same issuer table; definition review pending,direct_pair_issuer_or_segment,blibli_q1_verified_replacement,True,candidate_pending_geography_and_scope,3P includes e-commerce and online travel agent platforms.,,data/longitudinal/blibli_q1_2023_corrected_extract.csv,True,True,True
OBS-0112,Blibli/GDN,Institutions,2022Q1,2022.0,quarter,issuer/segment scope; geography under review,not confirmed as explicit Indonesia-only pair,TPV,1354.0,net revenue,370.0,IDR,billion,direct issuer disclosure; manually remapped,direct issuer disclosure; manually remapped,sources/core_public_documents/blibli_q12023_verified.pdf,page 2; 1Q22,https://asset-about.blibli.com/2023/05/Earnings-Release-1Q23-PT-Global-Digital-Niaga-Tbk.pdf,blibli_q12023_verified,yes,same issuer table; definition review pending,direct_pair_issuer_or_segment,blibli_q1_verified_replacement,True,candidate_pending_geography_and_scope,Quarterly comparative.,,data/longitudinal/blibli_q1_2023_corrected_extract.csv,True,True,True
OBS-0113,Blibli/GDN,Physical Stores,2022Q1,2022.0,quarter,issuer/segment scope; geography under review,not confirmed as explicit Indonesia-only pair,TPV,938.0,net revenue,849.0,IDR,billion,direct issuer disclosure; manually remapped,direct issuer disclosure; manually remapped,sources/core_public_documents/blibli_q12023_verified.pdf,page 2; 1Q22,https://asset-about.blibli.com/2023/05/Earnings-Release-1Q23-PT-Global-Digital-Niaga-Tbk.pdf,blibli_q12023_verified,yes,same issuer table; definition review pending,direct_pair_issuer_or_segment,blibli_q1_verified_replacement,True,candidate_pending_geography_and_scope,Quarterly comparative.,,data/longitudinal/blibli_q1_2023_corrected_extract.csv,True,True,True
OBS-0114,Blibli/GDN,Group,2022Q1,2022.0,quarter,issuer/segment scope; geography under review,not confirmed as explicit Indonesia-only pair,TPV,10053.0,net revenue,3168.0,IDR,billion,direct issuer disclosure; manually remapped,direct issuer disclosure; manually remapped,sources/core_public_documents/blibli_q12023_verified.pdf,page 2; 1Q22,https://asset-about.blibli.com/2023/05/Earnings-Release-1Q23-PT-Global-Digital-Niaga-Tbk.pdf,blibli_q12023_verified,yes,same issuer table; definition review pending,direct_pair_issuer_or_segment,blibli_q1_verified_replacement,True,candidate_pending_geography_and_scope,Quarterly total; do not add to segments as another independent observation.,,data/longitudinal/blibli_q1_2023_corrected_extract.csv,True,True,True
OBS-0115,Blibli/GDN,1P Retail,FY2019,2019.0,annual,issuer/segment scope; geography under review,Prospectus p88 states historical revenue from Indonesian operations; transaction-location scope still to assess,TPV,4331469.0,net revenue,3721903.0,IDR,million,direct prospectus transcription,direct prospectus transcription,raw_sources/blibli_prospectus.pdf,Operating metrics printed p32 (PDF p58); Revenue components printed p38,,,yes,same segment and year,direct_pair_segment_or_group,blibli_prospectus_candidates,True,candidate_pending_geography_and_scope,source_transcription_pending_scope_review,,data/longitudinal/blibli_prospectus_2019_2020_candidates.csv,True,True,True
OBS-0116,Blibli/GDN,3P Retail,FY2019,2019.0,annual,issuer/segment scope; geography under review,Includes online travel; do not equate booked travel abroad with transactions produced within Indonesia,TPV,29160785.0,net revenue,-219189.0,IDR,million,direct prospectus transcription,direct prospectus transcription,raw_sources/blibli_prospectus.pdf,Operating metrics printed p32 (PDF p58); Revenue components printed pp38-39,,,yes,same segment and year,direct_pair_segment_or_group,blibli_prospectus_candidates,True,candidate_pending_geography_and_scope,source_transcription_negative_revenue_no_positive_ratio,,data/longitudinal/blibli_prospectus_2019_2020_candidates.csv,True,False,False
OBS-0117,Blibli/GDN,Institutions,FY2019,2019.0,annual,issuer/segment scope; geography under review,Domestic operations description; business model includes wholesale/direct selling,TPV,917541.0,net revenue,678734.0,IDR,million,direct prospectus transcription,direct prospectus transcription,raw_sources/blibli_prospectus.pdf,Operating metrics printed p32 (PDF p58); Revenue components printed p39,,,yes,same segment and year,direct_pair_segment_or_group,blibli_prospectus_candidates,True,candidate_pending_geography_and_scope,source_transcription_pending_scope_review,,data/longitudinal/blibli_prospectus_2019_2020_candidates.csv,True,True,True
OBS-0118,Blibli/GDN,Group,FY2019,2019.0,annual,issuer/segment scope; geography under review,Overlaps all segments; not an additional independent firm,TPV,34409796.0,net revenue,4181448.0,IDR,million,direct prospectus transcription,direct prospectus transcription,raw_sources/blibli_prospectus.pdf,Operating metrics printed p32 (PDF p58); Revenue components printed p39,,,yes,same segment and year,direct_pair_segment_or_group,blibli_prospectus_candidates,True,candidate_pending_geography_and_scope,source_transcription_pending_scope_review,,data/longitudinal/blibli_prospectus_2019_2020_candidates.csv,True,True,True
OBS-0119,Blibli/GDN,1P Retail,FY2020,2020.0,annual,issuer/segment scope; geography under review,Prospectus p88 states historical revenue from Indonesian operations; transaction-location scope still to assess,TPV,3871543.0,net revenue,3426895.0,IDR,million,direct prospectus transcription,direct prospectus transcription,raw_sources/blibli_prospectus.pdf,Operating metrics printed p32 (PDF p58); Revenue components printed p38,,,yes,same segment and year,direct_pair_segment_or_group,blibli_prospectus_candidates,True,candidate_pending_geography_and_scope,source_transcription_pending_scope_review,,data/longitudinal/blibli_prospectus_2019_2020_candidates.csv,True,True,True
OBS-0120,Blibli/GDN,3P Retail,FY2020,2020.0,annual,issuer/segment scope; geography under review,Includes online travel; do not equate booked travel abroad with transactions produced within Indonesia,TPV,13708846.0,net revenue,169633.0,IDR,million,direct prospectus transcription,direct prospectus transcription,raw_sources/blibli_prospectus.pdf,Operating metrics printed p32 (PDF p58); Revenue components printed pp38-39,,,yes,same segment and year,direct_pair_segment_or_group,blibli_prospectus_candidates,True,candidate_pending_geography_and_scope,source_transcription_pending_scope_review,,data/longitudinal/blibli_prospectus_2019_2020_candidates.csv,True,True,True
OBS-0121,Blibli/GDN,Institutions,FY2020,2020.0,annual,issuer/segment scope; geography under review,Domestic operations description; business model includes wholesale/direct selling,TPV,4813274.0,net revenue,702322.0,IDR,million,direct prospectus transcription,direct prospectus transcription,raw_sources/blibli_prospectus.pdf,Operating metrics printed p32 (PDF p58); Revenue components printed p39,,,yes,same segment and year,direct_pair_segment_or_group,blibli_prospectus_candidates,True,candidate_pending_geography_and_scope,source_transcription_pending_scope_review,,data/longitudinal/blibli_prospectus_2019_2020_candidates.csv,True,True,True
OBS-0122,Blibli/GDN,Group,FY2020,2020.0,annual,issuer/segment scope; geography under review,Overlaps all segments; not an additional independent firm,TPV,22393663.0,net revenue,4298850.0,IDR,million,direct prospectus transcription,direct prospectus transcription,raw_sources/blibli_prospectus.pdf,Operating metrics printed p32 (PDF p58); Revenue components printed p39,,,yes,same segment and year,direct_pair_segment_or_group,blibli_prospectus_candidates,True,candidate_pending_geography_and_scope,source_transcription_pending_scope_review,,data/longitudinal/blibli_prospectus_2019_2020_candidates.csv,True,True,True
OBS-0123,Bukalapak,Group,FY2020,2020.0,annual,Group; overseas operations disclosed,Group data; overseas operations disclosed in later annual report,TPV,85081843.0,revenue,1351664.0,IDR,million,direct issuer disclosure,direct issuer disclosure,raw_sources/bukalapak_sr2021_mirror.pdf,Sustainability performance table,,,yes,group pair; geography pending,direct_pair_group,bukalapak_annual_candidates,True,candidate_pending_geography,reported_pair_geography_review_pending,,data/longitudinal/bukalapak_annual_candidates.csv,True,True,True
OBS-0124,Bukalapak,Group,FY2021,2021.0,annual,Group; overseas operations disclosed,Group data; overseas operations disclosed in later annual report,TPV,122618794.0,revenue,1869122.0,IDR,million,direct issuer disclosure,direct issuer disclosure,raw_sources/bukalapak_sr2021_mirror.pdf,Sustainability performance table,,,yes,group pair; geography pending,direct_pair_group,bukalapak_annual_candidates,True,candidate_pending_geography,reported_pair_geography_review_pending,,data/longitudinal/bukalapak_annual_candidates.csv,True,True,True
OBS-0125,Bukalapak,Group,FY2022,2022.0,annual,Group; overseas operations disclosed,AR2023 printed p65 identifies operations in Indonesia and four other countries,TPV,153738958.0,revenue,3618366.0,IDR,million,direct issuer disclosure,direct issuer disclosure,raw_sources/bukalapak_sr2024_mirror.pdf,PDF p6 economic performance table,,,yes,group pair; geography pending,direct_pair_group,bukalapak_annual_candidates,True,candidate_pending_geography,reported_pair_geography_review_pending,,data/longitudinal/bukalapak_annual_candidates.csv,True,True,True
OBS-0126,Bukalapak,Group,FY2023,2023.0,annual,Group; overseas operations disclosed,AR2023 printed p65 identifies operations in Indonesia and four other countries,TPV,164380065.0,revenue,4438269.0,IDR,million,direct issuer disclosure,direct issuer disclosure,raw_sources/bukalapak_sr2024_mirror.pdf,PDF p6 economic performance table,,,yes,group pair; geography pending,direct_pair_group,bukalapak_annual_candidates,True,candidate_pending_geography,reported_pair_geography_review_pending,,data/longitudinal/bukalapak_annual_candidates.csv,True,True,True
OBS-0127,Bukalapak,Group,9M2024_vs_FY2024,2024.0,period_mismatch,Group; overseas operations disclosed,TPV reporting stopped Q4 2024; find matched 9M revenue separately,TPV,124076664.0,revenue,4460266.0,IDR,million,direct issuer disclosure,direct issuer disclosure,raw_sources/bukalapak_sr2024_mirror.pdf,PDF p6 economic performance table and footnote,,,no,group pair; geography pending,invalid_period_pair,bukalapak_annual_candidates,True,exclude,EXCLUDE_PERIOD_MISMATCH,,data/longitudinal/bukalapak_annual_candidates.csv,True,True,False
OBS-0128,Grab,Mobility plus Deliveries segments,FY2019,2019.0,annual,company/segment scope,not country-specific,GMV/GTV,8662.0,matched platform revenue,-629.0,USD,million,direct company historical extract,direct company historical extract,,,,,yes,yes within stated company/segment scope,direct_pair_company_or_segment,historical_company_segment,True,exclude_ratio_negative_denominator,Negative 2019 segment revenue makes a ratio non-interpretable; it is retained as a source observation rather than converted into a ratio.,,data/longitudinal/historical_within_platform_ratios.csv,True,False,False
OBS-0129,Grab,Mobility plus Deliveries segments,FY2020,2020.0,annual,company/segment scope,not country-specific,GMV/GTV,8700.0,matched platform revenue,443.0,USD,million,direct company historical extract,direct company historical extract,,,,,yes,yes within stated company/segment scope,direct_pair_company_or_segment,historical_company_segment,True,supporting,Negative 2019 segment revenue makes a ratio non-interpretable; it is retained as a source observation rather than converted into a ratio.,,data/longitudinal/historical_within_platform_ratios.csv,True,True,True
OBS-0130,Grab,Mobility plus Deliveries segments,FY2021,2021.0,annual,company/segment scope,not country-specific,GMV/GTV,11317.0,matched platform revenue,604.0,USD,million,direct company historical extract,direct company historical extract,,,,,yes,yes within stated company/segment scope,direct_pair_company_or_segment,historical_company_segment,True,supporting,Negative 2019 segment revenue makes a ratio non-interpretable; it is retained as a source observation rather than converted into a ratio.,,data/longitudinal/historical_within_platform_ratios.csv,True,True,True
OBS-0131,Sea / Shopee,Shopee GMV / e-commerce segment revenue,FY2017,2017.0,annual,company/segment scope,not country-specific,GMV/GTV,4112.9,matched platform revenue,9.034,USD,million,direct company historical extract,direct company historical extract,,,,,yes,yes within stated company/segment scope,direct_pair_company_or_segment,historical_company_segment,True,supporting,GMV is summed from four directly extracted quarterly observations; revenue is the annual e-commerce segment disclosure.,,data/longitudinal/historical_within_platform_ratios.csv,True,True,True
OBS-0132,Sea / Shopee,Shopee GMV / e-commerce segment revenue,FY2018,2018.0,annual,company/segment scope,not country-specific,GMV/GTV,10279.3,matched platform revenue,269.578,USD,million,direct company historical extract,direct company historical extract,,,,,yes,yes within stated company/segment scope,direct_pair_company_or_segment,historical_company_segment,True,supporting,GMV is summed from four directly extracted quarterly observations; revenue is the annual e-commerce segment disclosure.,,data/longitudinal/historical_within_platform_ratios.csv,True,True,True
OBS-0133,Sea / Shopee,Shopee GMV / e-commerce segment revenue,FY2019,2019.0,annual,company/segment scope,not country-specific,GMV/GTV,17576.2,matched platform revenue,834.295,USD,million,direct company historical extract,direct company historical extract,,,,,yes,yes within stated company/segment scope,direct_pair_company_or_segment,historical_company_segment,True,supporting,GMV is summed from four directly extracted quarterly observations; revenue is the annual e-commerce segment disclosure.,,data/longitudinal/historical_within_platform_ratios.csv,True,True,True
OBS-0134,Sea / Shopee,Shopee GMV / e-commerce segment revenue,FY2020,2020.0,annual,company/segment scope,not country-specific,GMV/GTV,35400.0,matched platform revenue,2167.149,USD,million,direct company historical extract,direct company historical extract,,,,,yes,yes within stated company/segment scope,direct_pair_company_or_segment,historical_company_segment,True,supporting,GMV is summed from four directly extracted quarterly observations; revenue is the annual e-commerce segment disclosure.,,data/longitudinal/historical_within_platform_ratios.csv,True,True,True
OBS-0135,Sea / Shopee,Shopee GMV / e-commerce segment revenue,FY2021,2021.0,annual,company/segment scope,not country-specific,GMV/GTV,62600.0,matched platform revenue,5122.959,USD,million,direct company historical extract,direct company historical extract,,,,,yes,yes within stated company/segment scope,direct_pair_company_or_segment,historical_company_segment,True,supporting,GMV is summed from four directly extracted quarterly observations; revenue is the annual e-commerce segment disclosure.,,data/longitudinal/historical_within_platform_ratios.csv,True,True,True
OBS-0136,Grab,company historical restatement / scope-matched On-Demand GMV and Mobility+Deliveries revenue,FY2022,2022.0,annual,company/segment scope,not country-specific,GMV/GTV,14.113,matched revenue,1.367,USD,billions,reported/reconstructed from issuer annual inputs,reported/reconstructed from issuer annual inputs,,,,,yes,as documented; structural breaks retained,company_annual_pair_reconstructed,recent_company_annual,True,supporting_preliminary,,,data/longitudinal/annual_extension_panel_preliminary.csv,True,True,True
OBS-0137,Grab,company historical restatement / scope-matched On-Demand GMV and Mobility+Deliveries revenue,FY2023,2023.0,annual,company/segment scope,not country-specific,GMV/GTV,15.785,matched revenue,2.181,USD,billions,reported/reconstructed from issuer annual inputs,reported/reconstructed from issuer annual inputs,,,,,yes,as documented; structural breaks retained,company_annual_pair_reconstructed,recent_company_annual,True,supporting_preliminary,,,data/longitudinal/annual_extension_panel_preliminary.csv,True,True,True
OBS-0138,Grab,sum of clean contemporaneous quarter inputs,FY2024,2024.0,annual,company/segment scope,not country-specific,GMV/GTV,18.363,matched revenue,2.54,USD,billions,reported/reconstructed from issuer annual inputs,reported/reconstructed from issuer annual inputs,,,,,yes,as documented; structural breaks retained,company_annual_pair_reconstructed,recent_company_annual,True,supporting_preliminary,Prefer later company-restated FY comparable figures if independently verified before final Table 3C.,,data/longitudinal/annual_extension_panel_preliminary.csv,True,True,True
OBS-0139,Grab,sum of clean contemporaneous quarter inputs,FY2025,2025.0,annual,company/segment scope,not country-specific,GMV/GTV,22.139,matched revenue,3.019,USD,billions,reported/reconstructed from issuer annual inputs,reported/reconstructed from issuer annual inputs,,,,,yes,as documented; structural breaks retained,company_annual_pair_reconstructed,recent_company_annual,True,supporting_preliminary,Prefer later company-restated FY comparable figures if independently verified before final Table 3C.,,data/longitudinal/annual_extension_panel_preliminary.csv,True,True,True
OBS-0140,Sea,scope-matched FY Shopee GMV / Shopee revenue,FY2022,2022.0,annual,company/segment scope,not country-specific,GMV/GTV,73.5,matched revenue,7.3,USD,billions,reported/reconstructed from issuer annual inputs,reported/reconstructed from issuer annual inputs,,,,,yes,as documented; structural breaks retained,company_annual_pair_reconstructed,recent_company_annual,True,supporting_preliminary,,,data/longitudinal/annual_extension_panel_preliminary.csv,True,True,True
OBS-0141,Sea,scope-matched FY Shopee GMV / Shopee revenue,FY2023,2023.0,annual,company/segment scope,not country-specific,GMV/GTV,78.5,matched revenue,9.0,USD,billions,reported/reconstructed from issuer annual inputs,reported/reconstructed from issuer annual inputs,,,,,yes,as documented; structural breaks retained,company_annual_pair_reconstructed,recent_company_annual,True,supporting_preliminary,,,data/longitudinal/annual_extension_panel_preliminary.csv,True,True,True
OBS-0142,Sea,scope-matched FY Shopee GMV / Shopee revenue,FY2024,2024.0,annual,company/segment scope,not country-specific,GMV/GTV,100.5,matched revenue,12.4,USD,billions,reported/reconstructed from issuer annual inputs,reported/reconstructed from issuer annual inputs,,,,,yes,as documented; structural breaks retained,company_annual_pair_reconstructed,recent_company_annual,True,supporting_preliminary,,,data/longitudinal/annual_extension_panel_preliminary.csv,True,True,True
OBS-0143,Sea,scope-matched FY Shopee GMV / Shopee revenue,FY2025,2025.0,annual,company/segment scope,not country-specific,GMV/GTV,127.4,matched revenue,16.6,USD,billions,reported/reconstructed from issuer annual inputs,reported/reconstructed from issuer annual inputs,,,,,yes,as documented; structural breaks retained,company_annual_pair_reconstructed,recent_company_annual,True,supporting_preliminary,,,data/longitudinal/annual_extension_panel_preliminary.csv,True,True,True
OBS-0144,GoTo,FY actual,FY2022,2022.0,annual,company/segment scope,not country-specific,GMV/GTV,613.362,matched revenue,11.349,IDR,trillions,reported/reconstructed from issuer annual inputs,reported/reconstructed from issuer annual inputs,,,,,yes,as documented; structural breaks retained,company_annual_pair_reconstructed,recent_company_annual,True,supporting_preliminary,Early monetization/revenue-recognition regime; interpret with caution,,data/longitudinal/annual_extension_panel_preliminary.csv,True,True,True
OBS-0145,GoTo,FY actual / later comparable disclosure,FY2023,2023.0,annual,company/segment scope,not country-specific,GMV/GTV,607.361,matched revenue,14.785,IDR,trillions,reported/reconstructed from issuer annual inputs,reported/reconstructed from issuer annual inputs,,,,,yes,as documented; structural breaks retained,company_annual_pair_reconstructed,recent_company_annual,True,supporting_preliminary,,,data/longitudinal/annual_extension_panel_preliminary.csv,True,True,True
OBS-0146,GoTo,FY actual,FY2024,2024.0,annual,company/segment scope,not country-specific,GMV/GTV,538.2,matched revenue,15.894,IDR,trillions,reported/reconstructed from issuer annual inputs,reported/reconstructed from issuer annual inputs,,,,,yes,as documented; structural breaks retained,company_annual_pair_reconstructed,recent_company_annual,True,supporting_preliminary,Tokopedia deconsolidation structural break; do not silently compare as continuous,Tokopedia deconsolidation,data/longitudinal/annual_extension_panel_preliminary.csv,True,True,True
OBS-0147,GoTo,FY pro-forma comparable,FY2024,2024.0,annual,company/segment scope,not country-specific,GMV/GTV,519.784,matched revenue,14.753,IDR,trillions,reported/reconstructed from issuer annual inputs,reported/reconstructed from issuer annual inputs,,,,,yes,as documented; structural breaks retained,company_annual_pair_reconstructed,recent_company_annual,False,supporting_preliminary,"Alternative 2024 basis; label separately, never mix with actual",Tokopedia deconsolidation,data/longitudinal/annual_extension_panel_preliminary.csv,True,True,True
OBS-0148,GoTo,FY actual,FY2025,2025.0,annual,company/segment scope,not country-specific,GMV/GTV,685.649,matched revenue,18.322,IDR,trillions,reported/reconstructed from issuer annual inputs,reported/reconstructed from issuer annual inputs,,,,,yes,as documented; structural breaks retained,company_annual_pair_reconstructed,recent_company_annual,True,supporting_preliminary,,Tokopedia deconsolidation,data/longitudinal/annual_extension_panel_preliminary.csv,True,True,True
OBS-0149,GoTo,contemporaneous clean event input,2022Q2,2022.0,quarterly,company/segment scope,not country-specific,GMV/GTV,150.537,matched revenue,1.903,IDR,trillions,reported Group GTV (basis must be read from the individual release),reported Group net revenue (basis must be read from the individual release),01_RAW_SOURCES/quarterly_releases/goto_q2_2022_pr.pdf,reconciled source document,,,yes,2022-2023 pre-deconsolidation Group reporting; geography is Group rather than Indonesia-only,reported Group-level fields; exact actual/pro-forma label remains a row-by-row extraction check,quarterly_company_accounting,True,supporting_source_reconciled_inventory,Q2 net revenue precision should be primary-source rechecked before final manuscript lock,reporting/scope caveat,data/quarterly/quarterly_panel_source_coverage.csv,True,True,True
OBS-0150,GoTo,contemporaneous clean event input,2022Q3,2022.0,quarterly,company/segment scope,not country-specific,GMV/GTV,160.941,matched revenue,4.569,IDR,trillions,reported Group GTV (basis must be read from the individual release),reported Group net revenue (basis must be read from the individual release),01_RAW_SOURCES/quarterly_releases/GOTO_2022Q3_primary_results_release.pdf,reconciled source document,https://content.goinfra.co.id/asts/Press%20Release%20-%20GoTo%20Group%20Reports%20Third%20Quarter%202022%20Financial%20Results_Bilingual.pdf,,yes,2022-2023 pre-deconsolidation Group reporting; geography is Group rather than Indonesia-only,reported Group-level fields; exact actual/pro-forma label remains a row-by-row extraction check,quarterly_company_accounting,True,supporting_source_reconciled_inventory,,,data/quarterly/quarterly_panel_source_coverage.csv,True,True,True
OBS-0151,GoTo,contemporaneous clean event input,2022Q4,2022.0,quarterly,company/segment scope,not country-specific,GMV/GTV,161.924,matched revenue,3.38,IDR,trillions,reported Group GTV (basis must be read from the individual release),reported Group net revenue (basis must be read from the individual release),01_RAW_SOURCES/quarterly_releases/GOTO_2022Q4_primary_presentation.pdf,reconciled source document,https://content.goinfra.co.id/asts/FINAL_2023.03.20_4Q22%20Earnings%20Presentation%20vSentB.pdf,,yes,2022-2023 pre-deconsolidation Group reporting; geography is Group rather than Indonesia-only,reported Group-level fields; exact actual/pro-forma label remains a row-by-row extraction check,quarterly_company_accounting,True,supporting_source_reconciled_inventory,,,data/quarterly/quarterly_panel_source_coverage.csv,True,True,True
OBS-0152,GoTo,contemporaneous clean event input,2023Q1,2023.0,quarterly,company/segment scope,not country-specific,GMV/GTV,148.538,matched revenue,3.332,IDR,trillions,reported Group GTV (basis must be read from the individual release),reported Group net revenue (basis must be read from the individual release),01_RAW_SOURCES/quarterly_releases/GOTO_2023Q1_primary_presentation.pdf,reconciled source document,https://content.goinfra.co.id/asts/1Q23%20Earnings%20Presentation%20PT%20GoTo%20Gojek%20Tokopedia%20Tbk%20%281%29.pdf,,yes,2022-2023 pre-deconsolidation Group reporting; geography is Group rather than Indonesia-only,reported Group-level fields; exact actual/pro-forma label remains a row-by-row extraction check,quarterly_company_accounting,True,supporting_source_reconciled_inventory,,,data/quarterly/quarterly_panel_source_coverage.csv,True,True,True
OBS-0153,GoTo,contemporaneous clean event input,2023Q2,2023.0,quarterly,company/segment scope,not country-specific,GMV/GTV,143.739,matched revenue,3.552,IDR,trillions,reported Group GTV (basis must be read from the individual release),reported Group net revenue (basis must be read from the individual release),01_RAW_SOURCES/quarterly_releases/GOTO_2023Q2_primary_presentation.pdf,reconciled source document,https://content.goinfra.co.id/asts/2Q23%20Earnings%20Presentation%20PT%20GoTo%20Gojek%20Tokopedia%20Tbk.pdf,,yes,2022-2023 pre-deconsolidation Group reporting; geography is Group rather than Indonesia-only,reported Group-level fields; exact actual/pro-forma label remains a row-by-row extraction check,quarterly_company_accounting,True,supporting_source_reconciled_inventory,,,data/quarterly/quarterly_panel_source_coverage.csv,True,True,True
OBS-0154,GoTo,contemporaneous clean event input,2023Q3,2023.0,quarterly,company/segment scope,not country-specific,GMV/GTV,151.25,matched revenue,3.627,IDR,trillions,reported Group GTV (basis must be read from the individual release),reported Group net revenue (basis must be read from the individual release),01_RAW_SOURCES/quarterly_releases/GOTO_2023Q3_primary_presentation.pdf,reconciled source document,https://content.goinfra.co.id/asts/3Q23%20Earnings%20Presentation%20PT%20GoTo%20Gojek%20Tokopedia%20Tbk.pdf,,yes,2022-2023 pre-deconsolidation Group reporting; geography is Group rather than Indonesia-only,reported Group-level fields; exact actual/pro-forma label remains a row-by-row extraction check,quarterly_company_accounting,True,supporting_source_reconciled_inventory,Contemporaneous GTV; later comparative disclosure restated this to ~151.494,reporting/scope caveat,data/quarterly/quarterly_panel_source_coverage.csv,True,True,True
OBS-0155,GoTo,contemporaneous clean event input,2023Q4,2023.0,quarterly,company/segment scope,not country-specific,GMV/GTV,163.0,matched revenue,4.274,IDR,trillions,reported Group GTV (basis must be read from the individual release),reported Group net revenue (basis must be read from the individual release),01_RAW_SOURCES/quarterly_releases/GOTO_2023Q4_primary_presentation.pdf,reconciled source document,https://content.goinfra.co.id/asts/%5BFinal%5D%202024.03.19_4Q23%20Earnings%20Presentation.pdf,,yes,2022-2023 pre-deconsolidation Group reporting; geography is Group rather than Indonesia-only,reported Group-level fields; exact actual/pro-forma label remains a row-by-row extraction check,quarterly_company_accounting,True,supporting_source_reconciled_inventory,,,data/quarterly/quarterly_panel_source_coverage.csv,True,True,True
OBS-0156,GoTo,contemporaneous clean event input,2024Q1,2024.0,quarterly,company/segment scope,not country-specific,GMV/GTV,116.506,matched revenue,3.078,IDR,trillions,reported Group GTV (basis must be read from the individual release),reported Group net revenue (basis must be read from the individual release),01_RAW_SOURCES/quarterly_releases/GOTO_2024Q1_primary_presentation.pdf,reconciled source document,https://content.goinfra.co.id/asts/InvestorRelation/QuarterlyReport/GOTO%201Q24%20Earnings%20Presentation.pdf,,yes,2024 rows are post-Tokopedia-deconsolidation and may use disclosed comparable/pro-forma group information; do not pool mechanically with pre-2024 rows,reported Group-level fields; exact actual/pro-forma label remains a row-by-row extraction check,quarterly_company_accounting,True,supporting_source_reconciled_inventory,Post-Tokopedia deconsolidation structural break; event ratio uses comparable/pro-forma basis,reporting/scope caveat,data/quarterly/quarterly_panel_source_coverage.csv,True,True,True
OBS-0157,GoTo,contemporaneous clean event input,2024Q2,2024.0,quarterly,company/segment scope,not country-specific,GMV/GTV,121.451,matched revenue,3.518,IDR,trillions,reported Group GTV (basis must be read from the individual release),reported Group net revenue (basis must be read from the individual release),01_RAW_SOURCES/quarterly_releases/GOTO_2024Q2_primary_presentation.pdf,reconciled source document,https://content.goinfra.co.id/asts/2024-07-30/2Q24%20Earnings%20Presentation%20PT%20GoTo%20Gojek%20Tokopedia%20Tbk.pdf,,yes,2024 rows are post-Tokopedia-deconsolidation and may use disclosed comparable/pro-forma group information; do not pool mechanically with pre-2024 rows,reported Group-level fields; exact actual/pro-forma label remains a row-by-row extraction check,quarterly_company_accounting,True,supporting_source_reconciled_inventory,Post-Tokopedia deconsolidation structural break; comparable/pro-forma basis,reporting/scope caveat,data/quarterly/quarterly_panel_source_coverage.csv,True,True,True
OBS-0158,GoTo,contemporaneous clean event input,2024Q3,2024.0,quarterly,company/segment scope,not country-specific,GMV/GTV,137.363,matched revenue,3.926,IDR,trillions,reported Group GTV (basis must be read from the individual release),reported Group net revenue (basis must be read from the individual release),01_RAW_SOURCES/quarterly_releases/GOTO_2024Q3_primary_presentation.pdf,reconciled source document,https://content.goinfra.co.id/asts/2024-10-30/3Q24%20Earnings%20Presentation%20PT%20GoTo%20Gojek%20Tokopedia%20Tbk.pdf,,yes,2024 rows are post-Tokopedia-deconsolidation and may use disclosed comparable/pro-forma group information; do not pool mechanically with pre-2024 rows,reported Group-level fields; exact actual/pro-forma label remains a row-by-row extraction check,quarterly_company_accounting,True,supporting_source_reconciled_inventory,Post-Tokopedia deconsolidation structural break; comparable/pro-forma basis,reporting/scope caveat,data/quarterly/quarterly_panel_source_coverage.csv,True,True,True
OBS-0159,GoTo,contemporaneous clean event input,2024Q4,2024.0,quarterly,company/segment scope,not country-specific,GMV/GTV,144.464,matched revenue,4.231,IDR,trillions,reported Group GTV (basis must be read from the individual release),reported Group net revenue (basis must be read from the individual release),01_RAW_SOURCES/quarterly_releases/GOTO_2024Q4_primary_presentation.pdf,reconciled source document,https://content.goinfra.co.id/asts/InvestorRelation/QuarterlyReport/%5BFINAL%5D%202025.03.12_4Q24%20%26%20FY24%20Earnings%20Presentation.pdf,,yes,2024 rows are post-Tokopedia-deconsolidation and may use disclosed comparable/pro-forma group information; do not pool mechanically with pre-2024 rows,reported Group-level fields; exact actual/pro-forma label remains a row-by-row extraction check,quarterly_company_accounting,True,supporting_source_reconciled_inventory,Post-Tokopedia deconsolidation structural break; comparable/pro-forma basis,reporting/scope caveat,data/quarterly/quarterly_panel_source_coverage.csv,True,True,True
OBS-0160,GoTo,contemporaneous clean event input,2025Q1,2025.0,quarterly,company/segment scope,not country-specific,GMV/GTV,144.56,matched revenue,4.231,IDR,trillions,reported Group GTV (basis must be read from the individual release),reported Group net revenue (basis must be read from the individual release),01_RAW_SOURCES/quarterly_releases/GOTO_2025Q1_primary_presentation.pdf,reconciled source document,https://content.goinfra.co.id/asts/InvestorRelation/FinancialInformation/GOTO%201Q25%20Earnings%20Presentation.pdf,,yes,post-deconsolidation Group reporting; geography is Group rather than Indonesia-only,reported Group-level fields; exact actual/pro-forma label remains a row-by-row extraction check,quarterly_company_accounting,True,supporting_source_reconciled_inventory,,,data/quarterly/quarterly_panel_source_coverage.csv,True,True,True
OBS-0161,GoTo,contemporaneous clean event input,2025Q2,2025.0,quarterly,company/segment scope,not country-specific,GMV/GTV,152.873,matched revenue,4.328,IDR,trillions,reported Group GTV (basis must be read from the individual release),reported Group net revenue (basis must be read from the individual release),01_RAW_SOURCES/quarterly_releases/GOTO_2025Q2_primary_presentation.pdf,reconciled source document,https://content.goinfra.co.id/asts/InvestorRelation/FinancialInformation/2025-08-13/GOTO%202Q25%20Earnings%20Presentation.pdf,,yes,post-deconsolidation Group reporting; geography is Group rather than Indonesia-only,reported Group-level fields; exact actual/pro-forma label remains a row-by-row extraction check,quarterly_company_accounting,True,supporting_source_reconciled_inventory,,,data/quarterly/quarterly_panel_source_coverage.csv,True,True,True
OBS-0162,GoTo,contemporaneous clean event input,2025Q3,2025.0,quarterly,company/segment scope,not country-specific,GMV/GTV,176.484,matched revenue,4.736,IDR,trillions,reported Group GTV (basis must be read from the individual release),reported Group net revenue (basis must be read from the individual release),01_RAW_SOURCES/quarterly_releases/GOTO_2025Q3_primary_presentation.pdf,reconciled source document,https://content.goinfra.co.id/asts/InvestorRelation/FinancialInformation/2025-10-29/GOTO%203Q25%20Earnings%20Presentation.pdf,,yes,post-deconsolidation Group reporting; geography is Group rather than Indonesia-only,reported Group-level fields; exact actual/pro-forma label remains a row-by-row extraction check,quarterly_company_accounting,True,supporting_source_reconciled_inventory,,,data/quarterly/quarterly_panel_source_coverage.csv,True,True,True
OBS-0163,GoTo,contemporaneous clean event input,2025Q4,2025.0,quarterly,company/segment scope,not country-specific,GMV/GTV,211.732,matched revenue,5.027,IDR,trillions,reported Group GTV (basis must be read from the individual release),reported Group net revenue (basis must be read from the individual release),01_RAW_SOURCES/quarterly_releases/GOTO_2025Q4_primary_presentation.pdf,reconciled source document,https://content.goinfra.co.id/asts/InvestorRelation/FinancialInformation/2026-03-11/GOTO%20Q4%20FY25%20Earnings%20Presentation.pdf,,yes,post-deconsolidation Group reporting; geography is Group rather than Indonesia-only,reported Group-level fields; exact actual/pro-forma label remains a row-by-row extraction check,quarterly_company_accounting,True,supporting_source_reconciled_inventory,,,data/quarterly/quarterly_panel_source_coverage.csv,True,True,True
OBS-0164,GoTo,contemporaneous clean event input,2026Q1,2026.0,quarterly,company/segment scope,not country-specific,GMV/GTV,236.316,matched revenue,5.341,IDR,trillions,reported Group GTV (basis must be read from the individual release),reported Group net revenue (basis must be read from the individual release),01_RAW_SOURCES/quarterly_releases/GOTO_2026Q1_primary_presentation.pdf,reconciled source document,https://content.goinfra.co.id/asts/InvestorRelation/FinancialInformation/2026-04-28/GOTO%201Q26%20Earnings%20Presentation.pdf,,yes,post-deconsolidation Group reporting; geography is Group rather than Indonesia-only,reported Group-level fields; exact actual/pro-forma label remains a row-by-row extraction check,quarterly_company_accounting,True,supporting_source_reconciled_inventory,,,data/quarterly/quarterly_panel_source_coverage.csv,True,True,True
OBS-0165,Grab,contemporaneous clean event input,2022Q1,2022.0,quarterly,company/segment scope,not country-specific,GMV/GTV,3396.0,matched revenue,203.0,USD,millions,Mobility GMV + Deliveries GMV from the same release,Mobility revenue + Deliveries revenue from the same release,01_RAW_SOURCES/quarterly_releases/GRAB_2022Q1_sec_primary_exhibit.html,reconciled source document,https://www.sec.gov/Archives/edgar/data/1855612/000119312522154516/d480353dex991.htm,,yes,2022Q4 revenue-recognition/business-model change is an existing break flag; do not treat the time series as definition-invariant,both panel fields mechanically summed from reported segment values,quarterly_company_accounting,True,supporting_source_reconciled_inventory,,,data/quarterly/quarterly_panel_source_coverage.csv,True,True,True
OBS-0166,Grab,contemporaneous clean event input,2022Q2,2022.0,quarterly,company/segment scope,not country-specific,GMV/GTV,3511.0,matched revenue,295.0,USD,millions,Mobility GMV + Deliveries GMV from the same release,Mobility revenue + Deliveries revenue from the same release,01_RAW_SOURCES/quarterly_releases/GRAB_2022Q2_sec_primary_exhibit.html,reconciled source document,https://www.sec.gov/Archives/edgar/data/1855612/000119312522229152/d387827dex991.htm,,yes,2022Q4 revenue-recognition/business-model change is an existing break flag; do not treat the time series as definition-invariant,both panel fields mechanically summed from reported segment values,quarterly_company_accounting,True,supporting_source_reconciled_inventory,,,data/quarterly/quarterly_panel_source_coverage.csv,True,True,True
OBS-0167,Grab,contemporaneous clean event input,2022Q3,2022.0,quarterly,company/segment scope,not country-specific,GMV/GTV,3525.0,matched revenue,347.0,USD,millions,Mobility GMV + Deliveries GMV from the same release,Mobility revenue + Deliveries revenue from the same release,01_RAW_SOURCES/quarterly_releases/GRAB_2022Q3_sec_primary_exhibit.html,reconciled source document,https://www.sec.gov/Archives/edgar/data/1855612/000119312522286220/d420282dex991.htm,,yes,2022Q4 revenue-recognition/business-model change is an existing break flag; do not treat the time series as definition-invariant,both panel fields mechanically summed from reported segment values,quarterly_company_accounting,True,supporting_source_reconciled_inventory,,,data/quarterly/quarterly_panel_source_coverage.csv,True,True,True
OBS-0168,Grab,contemporaneous clean event input,2022Q4,2022.0,quarterly,company/segment scope,not country-specific,GMV/GTV,3499.0,matched revenue,457.0,USD,millions,Mobility GMV + Deliveries GMV from the same release,Mobility revenue + Deliveries revenue from the same release,01_RAW_SOURCES/quarterly_releases/GRAB_2022Q4_sec_primary_exhibit.html,reconciled source document,https://www.sec.gov/Archives/edgar/data/1855612/000119312523045533/d449524dex991.htm,,yes,2022Q4 revenue-recognition/business-model change is an existing break flag; do not treat the time series as definition-invariant,both panel fields mechanically summed from reported segment values,quarterly_company_accounting,True,supporting_source_reconciled_inventory,Deliveries business-model/revenue-recognition break caveat,reporting/scope caveat,data/quarterly/quarterly_panel_source_coverage.csv,True,True,True
OBS-0169,Grab,contemporaneous clean event input,2023Q1,2023.0,quarterly,company/segment scope,not country-specific,GMV/GTV,3562.0,matched revenue,469.0,USD,millions,Mobility GMV + Deliveries GMV from the same release,Mobility revenue + Deliveries revenue from the same release,01_RAW_SOURCES/quarterly_releases/GRAB_2023Q1_sec_primary_exhibit.html,reconciled source document,https://www.sec.gov/Archives/edgar/data/1855612/000095017023022877/ck0001855612-ex99_1.htm,,yes,2022Q4 revenue-recognition/business-model change is an existing break flag; do not treat the time series as definition-invariant,both panel fields mechanically summed from reported segment values,quarterly_company_accounting,True,supporting_source_reconciled_inventory,,,data/quarterly/quarterly_panel_source_coverage.csv,True,True,True
OBS-0170,Grab,contemporaneous clean event input,2023Q2,2023.0,quarterly,company/segment scope,not country-specific,GMV/GTV,3893.0,matched revenue,500.0,USD,millions,Mobility GMV + Deliveries GMV from the same release,Mobility revenue + Deliveries revenue from the same release,01_RAW_SOURCES/quarterly_releases/GRAB_2023Q2_sec_primary_exhibit.html,reconciled source document,https://www.sec.gov/Archives/edgar/data/1855612/000095017023044020/ck0001855612-ex99_1.htm,,yes,2022Q4 revenue-recognition/business-model change is an existing break flag; do not treat the time series as definition-invariant,both panel fields mechanically summed from reported segment values,quarterly_company_accounting,True,supporting_source_reconciled_inventory,,,data/quarterly/quarterly_panel_source_coverage.csv,True,True,True
OBS-0171,Grab,contemporaneous clean event input,2023Q3,2023.0,quarterly,company/segment scope,not country-specific,GMV/GTV,4015.0,matched revenue,537.0,USD,millions,Mobility GMV + Deliveries GMV from the same release,Mobility revenue + Deliveries revenue from the same release,01_RAW_SOURCES/quarterly_releases/GRAB_2023Q3_sec_primary_exhibit.html,reconciled source document,https://www.sec.gov/Archives/edgar/data/1855612/000095017023061499/ck0001855612-ex99_1.htm,,yes,2022Q4 revenue-recognition/business-model change is an existing break flag; do not treat the time series as definition-invariant,both panel fields mechanically summed from reported segment values,quarterly_company_accounting,True,supporting_source_reconciled_inventory,,,data/quarterly/quarterly_panel_source_coverage.csv,True,True,True
OBS-0172,Grab,contemporaneous clean event input,2023Q4,2023.0,quarterly,company/segment scope,not country-specific,GMV/GTV,4122.0,matched revenue,558.0,USD,millions,reported On-Demand GMV; issuer presents this as the combined operating scope,Mobility revenue + Deliveries revenue from the same release,01_RAW_SOURCES/quarterly_releases/GRAB_2023Q4_sec_primary_exhibit.html,reconciled source document,https://www.sec.gov/Archives/edgar/data/1855612/000095017024018412/ck0001855612-ex99_1.htm,,yes,2022Q4 revenue-recognition/business-model change is an existing break flag; do not treat the time series as definition-invariant,GMV directly reported at On-Demand scope; revenue mechanically summed from reported segments,quarterly_company_accounting,True,supporting_source_reconciled_inventory,,,data/quarterly/quarterly_panel_source_coverage.csv,True,True,True
OBS-0173,Grab,contemporaneous clean event input,2024Q1,2024.0,quarterly,company/segment scope,not country-specific,GMV/GTV,4242.0,matched revenue,597.0,USD,millions,reported On-Demand GMV; issuer presents this as the combined operating scope,Mobility revenue + Deliveries revenue from the same release,01_RAW_SOURCES/quarterly_releases/GRAB_2024Q1_sec_primary_exhibit.html,reconciled source document,https://www.sec.gov/Archives/edgar/data/1855612/000095017024060727/ck0001855612-ex99_1.htm,,yes,2022Q4 revenue-recognition/business-model change is an existing break flag; do not treat the time series as definition-invariant,GMV directly reported at On-Demand scope; revenue mechanically summed from reported segments,quarterly_company_accounting,True,supporting_source_reconciled_inventory,,,data/quarterly/quarterly_panel_source_coverage.csv,True,True,True
OBS-0174,Grab,contemporaneous clean event input,2024Q2,2024.0,quarterly,company/segment scope,not country-specific,GMV/GTV,4434.0,matched revenue,603.0,USD,millions,reported On-Demand GMV; issuer presents this as the combined operating scope,Mobility revenue + Deliveries revenue from the same release,01_RAW_SOURCES/quarterly_releases/GRAB_2024Q2_sec_primary_exhibit.html,reconciled source document,https://www.sec.gov/Archives/edgar/data/1855612/000095017024097373/ck0001855612-ex99_1.htm,,yes,2022Q4 revenue-recognition/business-model change is an existing break flag; do not treat the time series as definition-invariant,GMV directly reported at On-Demand scope; revenue mechanically summed from reported segments,quarterly_company_accounting,True,supporting_source_reconciled_inventory,,,data/quarterly/quarterly_panel_source_coverage.csv,True,True,True
OBS-0175,Grab,contemporaneous clean event input,2024Q3,2024.0,quarterly,company/segment scope,not country-specific,GMV/GTV,4659.0,matched revenue,651.0,USD,millions,reported On-Demand GMV; issuer presents this as the combined operating scope,Mobility revenue + Deliveries revenue from the same release,01_RAW_SOURCES/quarterly_releases/GRAB_2024Q3_sec_primary_exhibit.html,reconciled source document,https://www.sec.gov/Archives/edgar/data/1855612/000185561224000004/grab-20240930xex991fx3.htm,,yes,2022Q4 revenue-recognition/business-model change is an existing break flag; do not treat the time series as definition-invariant,GMV directly reported at On-Demand scope; revenue mechanically summed from reported segments,quarterly_company_accounting,True,supporting_source_reconciled_inventory,,,data/quarterly/quarterly_panel_source_coverage.csv,True,True,True
OBS-0176,Grab,contemporaneous clean event input,2024Q4,2024.0,quarterly,company/segment scope,not country-specific,GMV/GTV,5028.0,matched revenue,689.0,USD,millions,reported On-Demand GMV; issuer presents this as the combined operating scope,Mobility revenue + Deliveries revenue from the same release,01_RAW_SOURCES/quarterly_releases/GRAB_2024Q4_sec_primary_exhibit.html,reconciled source document,https://www.sec.gov/Archives/edgar/data/1855612/000185561225000005/exhibit991.htm,,yes,2022Q4 revenue-recognition/business-model change is an existing break flag; do not treat the time series as definition-invariant,GMV directly reported at On-Demand scope; revenue mechanically summed from reported segments,quarterly_company_accounting,True,supporting_source_reconciled_inventory,,,data/quarterly/quarterly_panel_source_coverage.csv,True,True,True
OBS-0177,Grab,contemporaneous clean event input,2025Q1,2025.0,quarterly,company/segment scope,not country-specific,GMV/GTV,4933.0,matched revenue,697.0,USD,millions,reported On-Demand GMV; issuer presents this as the combined operating scope,Mobility revenue + Deliveries revenue from the same release,01_RAW_SOURCES/quarterly_releases/GRAB_2025Q1_sec_primary_exhibit.html,reconciled source document,https://www.sec.gov/Archives/edgar/data/1855612/000185561225000026/exhibit991-earningsrelease.htm,,yes,2022Q4 revenue-recognition/business-model change is an existing break flag; do not treat the time series as definition-invariant,GMV directly reported at On-Demand scope; revenue mechanically summed from reported segments,quarterly_company_accounting,True,supporting_source_reconciled_inventory,,,data/quarterly/quarterly_panel_source_coverage.csv,True,True,True
OBS-0178,Grab,contemporaneous clean event input,2025Q2,2025.0,quarterly,company/segment scope,not country-specific,GMV/GTV,5354.0,matched revenue,734.0,USD,millions,reported On-Demand GMV; issuer presents this as the combined operating scope,Mobility revenue + Deliveries revenue from the same release,01_RAW_SOURCES/quarterly_releases/GRAB_2025Q2_sec_primary_exhibit.html,reconciled source document,https://www.sec.gov/Archives/edgar/data/1855612/000185561225000047/a2025q2-earningspressrelea.htm,,yes,2022Q4 revenue-recognition/business-model change is an existing break flag; do not treat the time series as definition-invariant,GMV directly reported at On-Demand scope; revenue mechanically summed from reported segments,quarterly_company_accounting,True,supporting_source_reconciled_inventory,,,data/quarterly/quarterly_panel_source_coverage.csv,True,True,True
OBS-0179,Grab,contemporaneous clean event input,2025Q3,2025.0,quarterly,company/segment scope,not country-specific,GMV/GTV,5774.0,matched revenue,782.0,USD,millions,reported On-Demand GMV; issuer presents this as the combined operating scope,Mobility revenue + Deliveries revenue from the same release,01_RAW_SOURCES/quarterly_releases/GRAB_2025Q3_sec_primary_exhibit.html,reconciled source document,https://www.sec.gov/Archives/edgar/data/1855612/000185561225000059/a2025q3-earningspressrelea.htm,,yes,2022Q4 revenue-recognition/business-model change is an existing break flag; do not treat the time series as definition-invariant,GMV directly reported at On-Demand scope; revenue mechanically summed from reported segments,quarterly_company_accounting,True,supporting_source_reconciled_inventory,,,data/quarterly/quarterly_panel_source_coverage.csv,True,True,True
OBS-0180,Grab,contemporaneous clean event input,2025Q4,2025.0,quarterly,company/segment scope,not country-specific,GMV/GTV,6078.0,matched revenue,806.0,USD,millions,reported On-Demand GMV; issuer presents this as the combined operating scope,Mobility revenue + Deliveries revenue from the same release,01_RAW_SOURCES/quarterly_releases/GRAB_2025Q4_sec_primary_exhibit.html,reconciled source document,https://www.sec.gov/Archives/edgar/data/1855612/000185561226000012/a2025q4-earningspressrelea.htm,,yes,2022Q4 revenue-recognition/business-model change is an existing break flag; do not treat the time series as definition-invariant,GMV directly reported at On-Demand scope; revenue mechanically summed from reported segments,quarterly_company_accounting,True,supporting_source_reconciled_inventory,,,data/quarterly/quarterly_panel_source_coverage.csv,True,True,True
OBS-0181,Grab,contemporaneous clean event input,2026Q1,2026.0,quarterly,company/segment scope,not country-specific,GMV/GTV,6131.0,matched revenue,847.0,USD,millions,reported On-Demand GMV; issuer presents this as the combined operating scope,Mobility revenue + Deliveries revenue from the same release,01_RAW_SOURCES/quarterly_releases/GRAB_2026Q1_sec_primary_exhibit.html,reconciled source document,https://www.sec.gov/Archives/edgar/data/1855612/000185561226000078/a42026q1-earningspressrele.htm,,yes,2022Q4 revenue-recognition/business-model change is an existing break flag; do not treat the time series as definition-invariant,GMV directly reported at On-Demand scope; revenue mechanically summed from reported segments,quarterly_company_accounting,True,supporting_source_reconciled_inventory,,,data/quarterly/quarterly_panel_source_coverage.csv,True,True,True
OBS-0182,Sea,contemporaneous clean event input,2022Q1,2022.0,quarterly,company/segment scope,not country-specific,GMV/GTV,17.4,matched revenue,1.5,USD,billions,reported Shopee/e-commerce GMV,reported Shopee/e-commerce GAAP revenue,01_RAW_SOURCES/quarterly_releases/SEA_2022Q1_sec_primary_exhibit.html,reconciled source document,https://www.sec.gov/Archives/edgar/data/1703399/000110465922061936/tm2215818d1_ex99-1.htm,,yes,2023Q1-Q3 are absent because the retained panel does not treat unavailable quarterly GMV as observed; remaining rows are a gapped series,both panel fields directly reported at e-commerce segment scope,quarterly_company_accounting,True,supporting_source_reconciled_inventory,,,data/quarterly/quarterly_panel_source_coverage.csv,True,True,True
OBS-0183,Sea,contemporaneous clean event input,2022Q2,2022.0,quarterly,company/segment scope,not country-specific,GMV/GTV,19.0,matched revenue,1.7,USD,billions,reported Shopee/e-commerce GMV,reported Shopee/e-commerce GAAP revenue,01_RAW_SOURCES/quarterly_releases/SEA_2022Q2_sec_primary_exhibit.html,reconciled source document,https://www.sec.gov/Archives/edgar/data/1703399/000110465922091743/tm2223563d1_ex99-1.htm,,yes,2023Q1-Q3 are absent because the retained panel does not treat unavailable quarterly GMV as observed; remaining rows are a gapped series,both panel fields directly reported at e-commerce segment scope,quarterly_company_accounting,True,supporting_source_reconciled_inventory,,,data/quarterly/quarterly_panel_source_coverage.csv,True,True,True
OBS-0184,Sea,contemporaneous clean event input,2022Q3,2022.0,quarterly,company/segment scope,not country-specific,GMV/GTV,19.1,matched revenue,1.9,USD,billions,reported Shopee/e-commerce GMV,reported Shopee/e-commerce GAAP revenue,01_RAW_SOURCES/quarterly_releases/SEA_2022Q3_sec_primary_exhibit.html,reconciled source document,https://www.sec.gov/Archives/edgar/data/1703399/000110465922119122/tm2230567d1_ex99-1.htm,,yes,2023Q1-Q3 are absent because the retained panel does not treat unavailable quarterly GMV as observed; remaining rows are a gapped series,both panel fields directly reported at e-commerce segment scope,quarterly_company_accounting,True,supporting_source_reconciled_inventory,,,data/quarterly/quarterly_panel_source_coverage.csv,True,True,True
OBS-0185,Sea,contemporaneous clean event input,2022Q4,2022.0,quarterly,company/segment scope,not country-specific,GMV/GTV,18.0,matched revenue,2.1,USD,billions,reported Shopee/e-commerce GMV,reported Shopee/e-commerce GAAP revenue,01_RAW_SOURCES/quarterly_releases/SEA_2022Q4_sec_primary_exhibit.html,reconciled source document,https://www.sec.gov/Archives/edgar/data/1703399/000110465923029545/tm238717d1_ex99-1.htm,,yes,2023Q1-Q3 are absent because the retained panel does not treat unavailable quarterly GMV as observed; remaining rows are a gapped series,both panel fields directly reported at e-commerce segment scope,quarterly_company_accounting,True,supporting_source_reconciled_inventory,,,data/quarterly/quarterly_panel_source_coverage.csv,True,True,True
OBS-0186,Sea,contemporaneous clean event input,2023Q4,2023.0,quarterly,company/segment scope,not country-specific,GMV/GTV,23.1,matched revenue,2.6,USD,billions,reported Shopee/e-commerce GMV,reported Shopee/e-commerce GAAP revenue,01_RAW_SOURCES/quarterly_releases/SEA_2023Q4_sec_primary_exhibit.html,reconciled source document,https://www.sec.gov/Archives/edgar/data/1703399/000110465924030484/tm247857d1_ex99-1.htm,,yes,2023Q1-Q3 are absent because the retained panel does not treat unavailable quarterly GMV as observed; remaining rows are a gapped series,both panel fields directly reported at e-commerce segment scope,quarterly_company_accounting,True,supporting_source_reconciled_inventory,2023Q1-Q2 excluded: Sea moved from quarterly to annual GMV disclosure,reporting/scope caveat,data/quarterly/quarterly_panel_source_coverage.csv,True,True,True
OBS-0187,Sea,contemporaneous clean event input,2024Q1,2024.0,quarterly,company/segment scope,not country-specific,GMV/GTV,23.6,matched revenue,2.7,USD,billions,reported Shopee/e-commerce GMV,reported Shopee/e-commerce GAAP revenue,01_RAW_SOURCES/quarterly_releases/SEA_2024Q1_sec_primary_exhibit.html,reconciled source document,https://www.sec.gov/Archives/edgar/data/1703399/000119312524138204/d838689dex991.htm,,yes,2023Q1-Q3 are absent because the retained panel does not treat unavailable quarterly GMV as observed; remaining rows are a gapped series,both panel fields directly reported at e-commerce segment scope,quarterly_company_accounting,True,supporting_source_reconciled_inventory,,,data/quarterly/quarterly_panel_source_coverage.csv,True,True,True
OBS-0188,Sea,contemporaneous clean event input,2024Q2,2024.0,quarterly,company/segment scope,not country-specific,GMV/GTV,23.3,matched revenue,2.8,USD,billions,reported Shopee/e-commerce GMV,reported Shopee/e-commerce GAAP revenue,01_RAW_SOURCES/quarterly_releases/SEA_2024Q2_sec_primary_exhibit.html,reconciled source document,https://www.sec.gov/Archives/edgar/data/1703399/000110465924088947/tm2421549d1_ex99-1.htm,,yes,2023Q1-Q3 are absent because the retained panel does not treat unavailable quarterly GMV as observed; remaining rows are a gapped series,both panel fields directly reported at e-commerce segment scope,quarterly_company_accounting,True,supporting_source_reconciled_inventory,,,data/quarterly/quarterly_panel_source_coverage.csv,True,True,True
OBS-0189,Sea,contemporaneous clean event input,2024Q3,2024.0,quarterly,company/segment scope,not country-specific,GMV/GTV,25.1,matched revenue,3.2,USD,billions,reported Shopee/e-commerce GMV,reported Shopee/e-commerce GAAP revenue,01_RAW_SOURCES/quarterly_releases/SEA_2024Q3_sec_primary_exhibit.html,reconciled source document,https://www.sec.gov/Archives/edgar/data/1703399/000110465924116768/tm2428140d1_ex99-1.htm,,yes,2023Q1-Q3 are absent because the retained panel does not treat unavailable quarterly GMV as observed; remaining rows are a gapped series,both panel fields directly reported at e-commerce segment scope,quarterly_company_accounting,True,supporting_source_reconciled_inventory,,,data/quarterly/quarterly_panel_source_coverage.csv,True,True,True
OBS-0190,Sea,contemporaneous clean event input,2024Q4,2024.0,quarterly,company/segment scope,not country-specific,GMV/GTV,28.6,matched revenue,3.7,USD,billions,reported Shopee/e-commerce GMV,reported Shopee/e-commerce GAAP revenue,01_RAW_SOURCES/quarterly_releases/SEA_2024Q4_sec_primary_exhibit.html,reconciled source document,https://www.sec.gov/Archives/edgar/data/1703399/000119312525045576/d930776dex991.htm,,yes,2023Q1-Q3 are absent because the retained panel does not treat unavailable quarterly GMV as observed; remaining rows are a gapped series,both panel fields directly reported at e-commerce segment scope,quarterly_company_accounting,True,supporting_source_reconciled_inventory,,,data/quarterly/quarterly_panel_source_coverage.csv,True,True,True
OBS-0191,Sea,contemporaneous clean event input,2025Q1,2025.0,quarterly,company/segment scope,not country-specific,GMV/GTV,28.6,matched revenue,3.5,USD,billions,reported Shopee/e-commerce GMV,reported Shopee/e-commerce GAAP revenue,01_RAW_SOURCES/quarterly_releases/SEA_2025Q1_sec_primary_exhibit.html,reconciled source document,https://www.sec.gov/Archives/edgar/data/1703399/000119312525118807/d80392dex991.htm,,yes,2023Q1-Q3 are absent because the retained panel does not treat unavailable quarterly GMV as observed; remaining rows are a gapped series,both panel fields directly reported at e-commerce segment scope,quarterly_company_accounting,True,supporting_source_reconciled_inventory,Corrected denominator; old lineage used a mixed segment/consolidated denominator around this transition,reporting/scope caveat,data/quarterly/quarterly_panel_source_coverage.csv,True,True,True
OBS-0192,Sea,contemporaneous clean event input,2025Q2,2025.0,quarterly,company/segment scope,not country-specific,GMV/GTV,29.8,matched revenue,3.8,USD,billions,reported Shopee/e-commerce GMV,reported Shopee/e-commerce GAAP revenue,01_RAW_SOURCES/quarterly_releases/SEA_2025Q2_sec_primary_exhibit.html,reconciled source document,https://www.sec.gov/Archives/edgar/data/1703399/000119312525178935/d411448dex991.htm,,yes,2023Q1-Q3 are absent because the retained panel does not treat unavailable quarterly GMV as observed; remaining rows are a gapped series,both panel fields directly reported at e-commerce segment scope,quarterly_company_accounting,True,supporting_source_reconciled_inventory,,,data/quarterly/quarterly_panel_source_coverage.csv,True,True,True
OBS-0193,Sea,contemporaneous clean event input,2025Q3,2025.0,quarterly,company/segment scope,not country-specific,GMV/GTV,32.2,matched revenue,4.3,USD,billions,reported Shopee/e-commerce GMV,reported Shopee/e-commerce GAAP revenue,01_RAW_SOURCES/quarterly_releases/SEA_2025Q3_sec_primary_exhibit.html,reconciled source document,https://www.sec.gov/Archives/edgar/data/1703399/000119312525275616/d75589dex991.htm,,yes,2023Q1-Q3 are absent because the retained panel does not treat unavailable quarterly GMV as observed; remaining rows are a gapped series,both panel fields directly reported at e-commerce segment scope,quarterly_company_accounting,True,supporting_source_reconciled_inventory,,,data/quarterly/quarterly_panel_source_coverage.csv,True,True,True
OBS-0194,Sea,contemporaneous clean event input,2025Q4,2025.0,quarterly,company/segment scope,not country-specific,GMV/GTV,36.7,matched revenue,5.0,USD,billions,reported Shopee/e-commerce GMV,reported Shopee/e-commerce GAAP revenue,01_RAW_SOURCES/quarterly_releases/SEA_2025Q4_sec_primary_exhibit.html,reconciled source document,https://www.sec.gov/Archives/edgar/data/1703399/000119312526088151/d106475dex991.htm,,yes,2023Q1-Q3 are absent because the retained panel does not treat unavailable quarterly GMV as observed; remaining rows are a gapped series,both panel fields directly reported at e-commerce segment scope,quarterly_company_accounting,True,supporting_source_reconciled_inventory,,,data/quarterly/quarterly_panel_source_coverage.csv,True,True,True
OBS-0195,Sea,contemporaneous clean event input,2026Q1,2026.0,quarterly,company/segment scope,not country-specific,GMV/GTV,37.3,matched revenue,5.1,USD,billions,reported Shopee/e-commerce GMV,reported Shopee/e-commerce GAAP revenue,01_RAW_SOURCES/quarterly_releases/SEA_2026Q1_sec_primary_exhibit.html,reconciled source document,https://www.sec.gov/Archives/edgar/data/1703399/000119312526219378/d78490dex991.htm,,yes,2023Q1-Q3 are absent because the retained panel does not treat unavailable quarterly GMV as observed; remaining rows are a gapped series,both panel fields directly reported at e-commerce segment scope,quarterly_company_accounting,True,supporting_source_reconciled_inventory,,,data/quarterly/quarterly_panel_source_coverage.csv,True,True,True
