module,label,file,bytes,sha256,url,parent,retrieved_utc,text_file
sea,official quarterly resource API,raw/sea/7cc7b97cefab_resource.json,34175,96bdddf3e9aeb6b55f3badb1a17b72e82f461a3eca282d43bc8d68322c71c3e7,https://www.sea.com/api/financial/resource,,2026-09-09T05:37:34.623687+00:00,
goto,quarter selector,raw/goto/776f165b4c1c_quarterly-results.html,104304,fd793b0fcdd4716dedd02d6913334438b256c0bd1b85ab97d8ed8e199c5eb449,https://www.gotocompany.com/investor-relations/en/quarterly-results?year=2021&item=Q3,,2026-09-09T05:37:34.879856+00:00,
goto,quarter selector,raw/goto/e6cb8278c7f1_quarterly-results.html,104304,bde027f14ae6890e550540b632fd46c5a9016cf0d9997c0a8a105e587233e72a,https://www.gotocompany.com/investor-relations/en/quarterly-results?year=2021&item=Q1,,2026-09-09T05:37:34.878312+00:00,
goto,quarter selector,raw/goto/435a60e335fc_quarterly-results.html,104304,c22a3999b84aecee94c46a0699778c39714c5d9c3f5e39434f77b503f0c53772,https://www.gotocompany.com/investor-relations/en/quarterly-results?year=2021&item=Q4,,2026-09-09T05:37:34.880075+00:00,
goto,quarter selector,raw/goto/e00c20aa9432_quarterly-results.html,104304,a3735aa827c3880993117b83feccef2f944542a5d882027c856a85820aa32046,https://www.gotocompany.com/investor-relations/en/quarterly-results?year=2021&item=Q2,,2026-09-09T05:37:34.879164+00:00,
goto,quarter selector,raw/goto/3914de138afe_quarterly-results.html,121411,a007dbfd79ba3241d544abf6e3a6619b2f2af50701e701297668ad57c5b4f78d,https://www.gotocompany.com/investor-relations/en/quarterly-results?year=2022&item=Q1,,2026-09-09T05:37:35.441316+00:00,
goto,quarter selector,raw/goto/655938cdedf7_quarterly-results.html,121342,c28110268362358e4e5dae98b701c95ab09f3b41807a219d4f64d288b3d525e5,https://www.gotocompany.com/investor-relations/en/quarterly-results?year=2022&item=Q3,,2026-09-09T05:37:35.459808+00:00,
goto,quarter selector,raw/goto/fe5be47b2254_quarterly-results.html,121337,6a98429fbe9d2f9d1d1be6147a797f50f19e857227dfc2744767d5a0fafab768,https://www.gotocompany.com/investor-relations/en/quarterly-results?year=2022&item=Q2,,2026-09-09T05:37:35.448113+00:00,
goto,quarter selector,raw/goto/2879baa3585a_quarterly-results.html,121413,c0866afa34df3855b959812208a31c4516bd9d235ce250350791a3dd9bcde3db,https://www.gotocompany.com/investor-relations/en/quarterly-results?year=2022&item=Q4,,2026-09-09T05:37:35.474347+00:00,
goto,quarter selector,raw/goto/647f22cca482_quarterly-results.html,120298,09165b5c033b0fca1f9404bfe295937107378d241cd2b17b993d7bb11818adf0,https://www.gotocompany.com/investor-relations/en/quarterly-results?year=2023&item=Q1,,2026-09-09T05:37:35.935374+00:00,
goto,quarter selector,raw/goto/b63dc952f50e_quarterly-results.html,120318,e5815b04ba92a4c63656747e1ab049295ac056c3590705e8a5af899c107fe25f,https://www.gotocompany.com/investor-relations/en/quarterly-results?year=2023&item=Q2,,2026-09-09T05:37:35.968795+00:00,
goto,quarter selector,raw/goto/ce0facdf3ad1_quarterly-results.html,120372,f5cbd59f0f1efba8d0f9a562d80de66338d82fa3bc1936a916df88dc80565396,https://www.gotocompany.com/investor-relations/en/quarterly-results?year=2023&item=Q3,,2026-09-09T05:37:35.983462+00:00,
goto,quarter selector,raw/goto/a552d743a936_quarterly-results.html,120257,14b4b8b05a5391c020203b983acb66462c481683e4891713e19ed29a7e44f331,https://www.gotocompany.com/investor-relations/en/quarterly-results?year=2023&item=Q4,,2026-09-09T05:37:35.987489+00:00,
goto,quarter selector,raw/goto/f5535d16d484_quarterly-results.html,120320,a4ae0d166e42157dd7dbc053df2b0dd195966443bee75817065d2041c3301134,https://www.gotocompany.com/investor-relations/en/quarterly-results?year=2024&item=Q1,,2026-09-09T05:37:36.415681+00:00,
goto,quarter selector,raw/goto/32b5a298435e_quarterly-results.html,120263,cb7df9310061e6339813612576932d7ba02c1b484dc4e60f4fb91534677684df,https://www.gotocompany.com/investor-relations/en/quarterly-results?year=2024&item=Q2,,2026-09-09T05:37:36.450995+00:00,
goto,quarter selector,raw/goto/d31738fa8506_quarterly-results.html,120261,e804fdff7432b822d4bdf76b7db6e7138b7469a7f00177e24743c8ee453441c5,https://www.gotocompany.com/investor-relations/en/quarterly-results?year=2024&item=Q3,,2026-09-09T05:37:36.465394+00:00,
goto,quarter selector,raw/goto/9e9229838c77_quarterly-results.html,120390,ae964c277eb4040940be0499eea9d8b9b45535f714d980c0542a10594a801ee2,https://www.gotocompany.com/investor-relations/en/quarterly-results?year=2024&item=Q4,,2026-09-09T05:37:36.473112+00:00,
goto,quarter selector,raw/goto/9f990dfd1c4e_quarterly-results.html,123796,4ce39d47128766ecf1ba19e740443e0fa730636bbb2bf82a3078539a4e1f217c,https://www.gotocompany.com/investor-relations/en/quarterly-results?year=2025&item=Q1,,2026-09-09T05:37:36.913649+00:00,
goto,quarter selector,raw/goto/2eedefbd96ce_quarterly-results.html,123843,b378a080afbb9a44350d04d4ffe5a0e0979a0a0296c122b8f3201182ef93ce81,https://www.gotocompany.com/investor-relations/en/quarterly-results?year=2025&item=Q3,,2026-09-09T05:37:36.948824+00:00,
goto,quarter selector,raw/goto/2209bd341a27_quarterly-results.html,123829,173ec4dfd77e103b1cf1a2ca05065330f3f63a453bdf5ca78ad6ff5eab18f4d4,https://www.gotocompany.com/investor-relations/en/quarterly-results?year=2025&item=Q2,,2026-09-09T05:37:36.937109+00:00,
goto,quarter selector,raw/goto/64901560209e_quarterly-results.html,123860,d4478fe778a9e3056a77c34eaed53c681bdb45919c65c13b466a38ae11c0d5c5,https://www.gotocompany.com/investor-relations/en/quarterly-results?year=2025&item=Q4,,2026-09-09T05:37:36.960497+00:00,
goto,quarter selector,raw/goto/c71915086b56_quarterly-results.html,121490,a4eef94de1b26dc85717ca548e4febc03e118fae3fed48d2c05d68e7188f4e4e,https://www.gotocompany.com/investor-relations/en/quarterly-results?year=2026&item=Q1,,2026-09-09T05:37:37.460403+00:00,
goto,quarter selector,raw/goto/d730ff5c3351_quarterly-results.html,121521,ea41ac041e8a2382644aa80a2d3e25a0fd24faac0132978204410f7f49a0b311,https://www.gotocompany.com/investor-relations/en/quarterly-results?year=2026&item=Q2,,2026-09-09T05:37:37.466872+00:00,
sea,2026 Q2 press_release,raw/sea/d2406e347724_2026.08.11_20Sea_20Second_20Quarter_202026_20Results.pdf.pdf,477968,ffe48c038dae02aab9639804e65cd03f6300faffb0f19c1879848cbcfed00cb0,https://cdn.sea.com/investor/2Q2026/wFBC39MbqnfLb3MGY6LP/2026.08.11%20Sea%20Second%20Quarter%202026%20Results.pdf,https://www.sea.com/api/financial/resource,2026-09-09T05:37:38.134325+00:00,text/sea/d2406e347724_2026.08.11_20Sea_20Second_20Quarter_202026_20Results.pdf.txt
sea,2026 Q2 transcript,raw/sea/8b3bb1c0cdbf_2026.08.11_20Sea_20Second_20Quarter_202026_20Earnings_20Call_20Transcript.pdf.pdf,114276,ebeb800b102d972fc4fb3ff1269c4d603c5018a2f916ce851115caff33177f11,https://cdn.sea.com/investor/2Q2026/wFBC39MbqnfLb3MGY6LP/2026.08.11%20Sea%20Second%20Quarter%202026%20Earnings%20Call%20Transcript.pdf,https://www.sea.com/api/financial/resource,2026-09-09T05:37:38.135337+00:00,text/sea/8b3bb1c0cdbf_2026.08.11_20Sea_20Second_20Quarter_202026_20Earnings_20Call_20Transcript.pdf.txt
sea,2026 Q2 presentation,raw/sea/af29d0f78ab5_2026.08.11_20Sea_20Second_20Quarter_202026_20Results_20Deck.pdf.pdf,865310,fca50e56dc5a370dd8238a4c245960584eacd8856dd2a20594b158d44706add7,https://cdn.sea.com/investor/2Q2026/wFBC39MbqnfLb3MGY6LP/2026.08.11%20Sea%20Second%20Quarter%202026%20Results%20Deck.pdf,https://www.sea.com/api/financial/resource,2026-09-09T05:37:38.134555+00:00,text/sea/af29d0f78ab5_2026.08.11_20Sea_20Second_20Quarter_202026_20Results_20Deck.pdf.txt
sea,2026 Q1 presentation,raw/sea/cd8a77c7d5fb_2026.05.12_20Sea_20First_20Quarter_202026_20Results_20Deck.pdf.pdf,868617,d3d5a775633de68ddf33efeae3e5a4c041b254f523e498c705c9433bcea6f5e7,https://cdn.sea.com/investor/1Q2026/HEEdeRDe0NyiZ1PrWIvH/2026.05.12%20Sea%20First%20Quarter%202026%20Results%20Deck.pdf,https://www.sea.com/api/financial/resource,2026-09-09T05:37:39.042505+00:00,text/sea/cd8a77c7d5fb_2026.05.12_20Sea_20First_20Quarter_202026_20Results_20Deck.pdf.txt
sea,2026 Q2 infographic,raw/sea/d2ee546be115_2026.08.11_20Sea_20Second_20Quarter_202026_20Results_20Infographic.pdf.pdf,1328447,99241bbe725d73e3210e5d5a2d1fe824893711b89fbdda44e7e60cf44232bc86,https://cdn.sea.com/investor/2Q2026/wFBC39MbqnfLb3MGY6LP/2026.08.11%20Sea%20Second%20Quarter%202026%20Results%20Infographic.pdf,https://www.sea.com/api/financial/resource,2026-09-09T05:37:38.135146+00:00,text/sea/d2ee546be115_2026.08.11_20Sea_20Second_20Quarter_202026_20Results_20Infographic.pdf.txt
sea,2026 Q1 press_release,raw/sea/c8e5c701fd0f_2026.05.12_20Sea_20First_20Quarter_202026_20Results.pdf.pdf,417737,606addba4fd80701c03f88469755ad2d07062dcec7ac057a69ca52ebebfef382,https://cdn.sea.com/investor/1Q2026/HEEdeRDe0NyiZ1PrWIvH/2026.05.12%20Sea%20First%20Quarter%202026%20Results.pdf,https://www.sea.com/api/financial/resource,2026-09-09T05:37:39.034226+00:00,text/sea/c8e5c701fd0f_2026.05.12_20Sea_20First_20Quarter_202026_20Results.pdf.txt
sea,2026 Q1 infographic,raw/sea/f7f8304396d9_2026.05.12_20Sea_20First_20Quarter_202026_20Results_20Infographic.pdf.pdf,945106,30f6938559cc234004384f3a11bf8254a9ca61ec3d3e3a56f026b1b9d301eefa,https://cdn.sea.com/investor/1Q2026/HEEdeRDe0NyiZ1PrWIvH/2026.05.12%20Sea%20First%20Quarter%202026%20Results%20Infographic.pdf,https://www.sea.com/api/financial/resource,2026-09-09T05:37:39.056862+00:00,text/sea/f7f8304396d9_2026.05.12_20Sea_20First_20Quarter_202026_20Results_20Infographic.pdf.txt
sea,2025 Q4 presentation,raw/sea/0446e8d33a9e_2026.03.03_20Sea_20Fourth_20Quarter_20and_20Full_20Year_202025_20Results_20Deck.pdf.pdf,824447,d57b1f26d7cc3f156af2727b0f90707038ceba18c3c29fe42e8cee73bc5b8146,https://cdn.sea.com/investor/4Q2025/JcKns4LaJC8bxcQdJwXz/2026.03.03%20Sea%20Fourth%20Quarter%20and%20Full%20Year%202025%20Results%20Deck.pdf,https://www.sea.com/api/financial/resource,2026-09-09T05:37:40.346288+00:00,text/sea/0446e8d33a9e_2026.03.03_20Sea_20Fourth_20Quarter_20and_20Full_20Year_202025_20Results_20Deck.pdf.txt
sea,2026 Q1 transcript,raw/sea/235817d1ce18_2026.05.12_20Sea_20First_20Quarter_202026_20Earnings_20Call_20Transcript.pdf.pdf,120818,640bce9e3d05676ff275292927c879d0a5938b97e2377ea3b3d0839bcea2cf5a,https://cdn.sea.com/investor/1Q2026/HEEdeRDe0NyiZ1PrWIvH/2026.05.12%20Sea%20First%20Quarter%202026%20Earnings%20Call%20Transcript.pdf,https://www.sea.com/api/financial/resource,2026-09-09T05:37:39.547181+00:00,text/sea/235817d1ce18_2026.05.12_20Sea_20First_20Quarter_202026_20Earnings_20Call_20Transcript.pdf.txt
sea,2025 Q4 press_release,raw/sea/7fa19f416d57_2026.03.03_20Sea_20Fourth_20Quarter_20and_20Full_20Year_202025_20Results.pdf.pdf,477849,a67bfadfbeef24314b063f9030dc0e7ac14f7d4560e897b0552e748e5fe029e3,https://cdn.sea.com/investor/4Q2025/JcKns4LaJC8bxcQdJwXz/2026.03.03%20Sea%20Fourth%20Quarter%20and%20Full%20Year%202025%20Results.pdf,https://www.sea.com/api/financial/resource,2026-09-09T05:37:40.217755+00:00,text/sea/7fa19f416d57_2026.03.03_20Sea_20Fourth_20Quarter_20and_20Full_20Year_202025_20Results.pdf.txt
sea,2025 Q4 transcript,raw/sea/748eb497282c_2026.03.03_20Sea_20Fourth_20Quarter_20and_20Full_20Year_202025_20Earnings_20Call_20Transcript.p.pdf,112538,2e5818880348a46c6b107a0cbc1317e213f4d149e1831ad9fe1b61de00460689,https://cdn.sea.com/investor/4Q2025/JcKns4LaJC8bxcQdJwXz/2026.03.03%20Sea%20Fourth%20Quarter%20and%20Full%20Year%202025%20Earnings%20Call%20Transcript.pdf,https://www.sea.com/api/financial/resource,2026-09-09T05:37:40.860862+00:00,text/sea/748eb497282c_2026.03.03_20Sea_20Fourth_20Quarter_20and_20Full_20Year_202025_20Earnings_20Call_20Transcript.p.txt
sea,2025 Q4 infographic,raw/sea/c1b2234b8301_2026.03.03_20Sea_20Fourth_20Quarter_20and_20Full_20Year_202025_20Results_20Infographic.pdf.pdf,1858873,86dbdca89fbc5298d40af1d71fb6253275992298de081e2d54316e65a0d09047,https://cdn.sea.com/investor/4Q2025/JcKns4LaJC8bxcQdJwXz/2026.03.03%20Sea%20Fourth%20Quarter%20and%20Full%20Year%202025%20Results%20Infographic.pdf,https://www.sea.com/api/financial/resource,2026-09-09T05:37:40.621984+00:00,text/sea/c1b2234b8301_2026.03.03_20Sea_20Fourth_20Quarter_20and_20Full_20Year_202025_20Results_20Infographic.pdf.txt
sea,2025 Q4 full_year_report,raw/sea/37a2e75cb6fe_2026-04-17_20-_20Form_2020-F.pdf.pdf,1285056,c72fcc970edcdb2338817f02ad1aeecb8605b3938cbb46091f9338e4be637ffb,https://cdn.sea.com/investor/AR2025/Z9KxpcxWs2jjxakikkr3/2026-04-17%20-%20Form%2020-F.pdf,https://www.sea.com/api/financial/resource,2026-09-09T05:37:40.895194+00:00,text/sea/37a2e75cb6fe_2026-04-17_20-_20Form_2020-F.pdf.txt
sea,2025 Q3 press_release,raw/sea/b497c581eb44_2025.11.11_20Sea_20Third_20Quarter_202025_20Results.pdf.pdf,393171,85fd613cd5b5e12377d848c2a642e73cd29ad70f0132f9b38ec442e01bbc5be3,https://cdn.sea.com/investor/3Q2025/VCQyb53nURvpodOR3CpG/2025.11.11%20Sea%20Third%20Quarter%202025%20Results.pdf,https://www.sea.com/api/financial/resource,2026-09-09T05:37:41.083899+00:00,text/sea/b497c581eb44_2025.11.11_20Sea_20Third_20Quarter_202025_20Results.pdf.txt
sea,2025 Q3 transcript,raw/sea/01f0de4be988_2025.11.11_20Sea_20Third_20Quarter_202025_20Earnings_20Call_20Transcript.pdf.pdf,126970,b1425051026fca63183f0ec9d8d3799b77f60679e142df12aa0826afae38d114,https://cdn.sea.com/investor/3Q2025/VCQyb53nURvpodOR3CpG/2025.11.11%20Sea%20Third%20Quarter%202025%20Earnings%20Call%20Transcript.pdf,https://www.sea.com/api/financial/resource,2026-09-09T05:37:41.946814+00:00,text/sea/01f0de4be988_2025.11.11_20Sea_20Third_20Quarter_202025_20Earnings_20Call_20Transcript.pdf.txt
sea,2025 Q3 infographic,raw/sea/f7ffdbec4802_2025.11.11_20Sea_20Third_20Quarter_202025_20Results_20Infographic.pdf.pdf,1499433,6481e93617cfbb1bae39defc04bb9817ca50955472d7a10c950654e209e8da03,https://cdn.sea.com/investor/3Q2025/VCQyb53nURvpodOR3CpG/2025.11.11%20Sea%20Third%20Quarter%202025%20Results%20Infographic.pdf,https://www.sea.com/api/financial/resource,2026-09-09T05:37:41.571811+00:00,text/sea/f7ffdbec4802_2025.11.11_20Sea_20Third_20Quarter_202025_20Results_20Infographic.pdf.txt
sea,2025 Q3 presentation,raw/sea/20de08e6aaa1_2025.11.11_20Sea_20Third_20Quarter_202025_20Results_20Deck.pdf.pdf,730053,1088f3470528536fb912702f79059060b526377f67ead285732636600934af28,https://cdn.sea.com/investor/3Q2025/VCQyb53nURvpodOR3CpG/2025.11.11%20Sea%20Third%20Quarter%202025%20Results%20Deck.pdf,https://www.sea.com/api/financial/resource,2026-09-09T05:37:41.413600+00:00,text/sea/20de08e6aaa1_2025.11.11_20Sea_20Third_20Quarter_202025_20Results_20Deck.pdf.txt
sea,2025 Q2 presentation,raw/sea/6c7c756640bc_2025.08.12_20Sea_20Second_20Quarter_202025_20Results_20Deck.pdf.pdf,746083,011d3220a6ee0bceb2edd64f9e0965386c6183751b0ea212de34e975d231b9d9,https://cdn.sea.com/webmain/static/resource/seagroup/website/investornews/2Q2025/ael196LSsTKP3uVZYuCA/2025.08.12%20Sea%20Second%20Quarter%202025%20Results%20Deck.pdf,https://www.sea.com/api/financial/resource,2026-09-09T05:37:42.414540+00:00,text/sea/6c7c756640bc_2025.08.12_20Sea_20Second_20Quarter_202025_20Results_20Deck.pdf.txt
sea,2025 Q2 infographic,raw/sea/f9ee8875ac1e_2025.08.12_20Sea_20Second_20Quarter_202025_20Results_20Infographic.pdf.pdf,778831,b8d61775978e9858b675be7668b946b185687b968b2e28a02936000929fd736b,https://cdn.sea.com/webmain/static/resource/seagroup/website/investornews/2Q2025/ael196LSsTKP3uVZYuCA/2025.08.12%20Sea%20Second%20Quarter%202025%20Results%20Infographic.pdf,https://www.sea.com/api/financial/resource,2026-09-09T05:37:42.584580+00:00,text/sea/f9ee8875ac1e_2025.08.12_20Sea_20Second_20Quarter_202025_20Results_20Infographic.pdf.txt
sea,2025 Q2 transcript,raw/sea/6197c77488ec_2025.08.12_20Sea_20Second_20Quarter_202025_20Earnings_20Call_20Transcript.pdf.pdf,116786,c1dc18d87cdb31b992f82ecf53abfd7f85bcccb3f0479bb4a88b710461e6e1e4,https://cdn.sea.com/webmain/static/resource/seagroup/website/investornews/2Q2025/ael196LSsTKP3uVZYuCA/2025.08.12%20Sea%20Second%20Quarter%202025%20Earnings%20Call%20Transcript.pdf,https://www.sea.com/api/financial/resource,2026-09-09T05:37:42.721140+00:00,text/sea/6197c77488ec_2025.08.12_20Sea_20Second_20Quarter_202025_20Earnings_20Call_20Transcript.pdf.txt
sea,2025 Q2 press_release,raw/sea/c90b613716f7_2025.08.12_20Sea_20Second_20Quarter_202025_20Results.pdf.pdf,392554,874cbc5b6a37852f046152868a429df49534baa9e666f9400d920bfd5582fa5c,https://cdn.sea.com/webmain/static/resource/seagroup/website/investornews/2Q2025/ael196LSsTKP3uVZYuCA/2025.08.12%20Sea%20Second%20Quarter%202025%20Results.pdf,https://www.sea.com/api/financial/resource,2026-09-09T05:37:42.334194+00:00,text/sea/c90b613716f7_2025.08.12_20Sea_20Second_20Quarter_202025_20Results.pdf.txt
sea,2025 Q1 press_release,raw/sea/ef7ce37ba8c8_2025.05.13_20Sea_20First_20Quarter_202025_20Results.pdf.pdf,369701,3ba63a193bbabdeb6664e65ad01ef3bcc3c656405225f04ce544b6c6a0027980,https://cdn.sea.com/webmain/static/resource/seagroup/website/investornews/1Q2025/QHZ189TXIR0Fivp2PfCZ/2025.05.13%20Sea%20First%20Quarter%202025%20Results.pdf,https://www.sea.com/api/financial/resource,2026-09-09T05:37:43.178065+00:00,text/sea/ef7ce37ba8c8_2025.05.13_20Sea_20First_20Quarter_202025_20Results.pdf.txt
sea,2025 Q1 presentation,raw/sea/5a9726acd46d_2025.05.13_20Sea_20First_20Quarter_202025_20Results_20Deck.pdf.pdf,724191,54731b40673f9190f34a224827cbf62cb8fd405d8c00ee7beb78f076137035ae,https://cdn.sea.com/webmain/static/resource/seagroup/website/investornews/1Q2025/QHZ189TXIR0Fivp2PfCZ/2025.05.13%20Sea%20First%20Quarter%202025%20Results%20Deck.pdf,https://www.sea.com/api/financial/resource,2026-09-09T05:37:43.244665+00:00,text/sea/5a9726acd46d_2025.05.13_20Sea_20First_20Quarter_202025_20Results_20Deck.pdf.txt
sea,2025 Q1 transcript,raw/sea/7193729cff82_2025.05.13_20Sea_20First_20Quarter_202025_20Earnings_20Call_20Transcript.pdf.pdf,108304,8bd348fd5c8fee04413e6998560d4df40404ec5599aec12c541559fcea2b9929,https://cdn.sea.com/webmain/static/resource/seagroup/website/investornews/1Q2025/QHZ189TXIR0Fivp2PfCZ/2025.05.13%20Sea%20First%20Quarter%202025%20Earnings%20Call%20Transcript.pdf,https://www.sea.com/api/financial/resource,2026-09-09T05:37:43.617612+00:00,text/sea/7193729cff82_2025.05.13_20Sea_20First_20Quarter_202025_20Earnings_20Call_20Transcript.pdf.txt
sea,2025 Q1 infographic,raw/sea/009df3e3e3a7_2025.05.13_20Sea_20First_20Quarter_202025_20Results_20Infographic.pdf.pdf,1004666,39acf29f1c06527f40f0e39f92a641211998487b98e3da4d13b8796977fdaef3,https://cdn.sea.com/webmain/static/resource/seagroup/website/investornews/1Q2025/QHZ189TXIR0Fivp2PfCZ/2025.05.13%20Sea%20First%20Quarter%202025%20Results%20Infographic.pdf,https://www.sea.com/api/financial/resource,2026-09-09T05:37:43.332630+00:00,text/sea/009df3e3e3a7_2025.05.13_20Sea_20First_20Quarter_202025_20Results_20Infographic.pdf.txt
sea,2024 Q4 presentation,raw/sea/475c683e5c5a_2025.03.04_20Sea_20Fourth_20Quarter_20and_20Full_20Year_202024_20Results_20Deck.pdf.pdf,717296,cab13380997cea1810102d9fa575e6df354621e91e54f853e0176d7308e0ee47,https://cdn.sea.com/webmain/static/resource/seagroup/website/investornews/4Q2024/PiuK2bhIyLtug8iucOux/2025.03.04%20Sea%20Fourth%20Quarter%20and%20Full%20Year%202024%20Results%20Deck.pdf,https://www.sea.com/api/financial/resource,2026-09-09T05:37:43.832989+00:00,text/sea/475c683e5c5a_2025.03.04_20Sea_20Fourth_20Quarter_20and_20Full_20Year_202024_20Results_20Deck.pdf.txt
sea,2024 Q4 infographic,raw/sea/640695be5b04_2025.03.04_20Sea_20Fourth_20Quarter_20and_20Full_20Year_202024_20Results_20Infographic.pdf.pdf,1626312,13fa274cc1bbd46566679a3b8c0954597faed0e0c0b14969fd36b0b5421de877,https://cdn.sea.com/webmain/static/resource/seagroup/website/investornews/4Q2024/PiuK2bhIyLtug8iucOux/2025.03.04%20Sea%20Fourth%20Quarter%20and%20Full%20Year%202024%20Results%20Infographic.pdf,https://www.sea.com/api/financial/resource,2026-09-09T05:37:44.123670+00:00,text/sea/640695be5b04_2025.03.04_20Sea_20Fourth_20Quarter_20and_20Full_20Year_202024_20Results_20Infographic.pdf.txt
sea,2024 Q4 transcript,raw/sea/b85f5c24a2c7_2025.03.04_20Sea_20Fourth_20Quarter_20and_20Full_20Year_202024_20Earnings_20Call_20Transcript.p.pdf,109949,2f658f6e82a7003121a327f6c36ab1c065f3c0762029ca6ece949befa85c1b3c,https://cdn.sea.com/webmain/static/resource/seagroup/website/investornews/4Q2024/PiuK2bhIyLtug8iucOux/2025.03.04%20Sea%20Fourth%20Quarter%20and%20Full%20Year%202024%20Earnings%20Call%20Transcript.pdf,https://www.sea.com/api/financial/resource,2026-09-09T05:37:44.518558+00:00,text/sea/b85f5c24a2c7_2025.03.04_20Sea_20Fourth_20Quarter_20and_20Full_20Year_202024_20Earnings_20Call_20Transcript.p.txt
sea,2024 Q4 press_release,raw/sea/416795914b61_2025.03.04_20Sea_20Fourth_20Quarter_20and_20Full_20Year_202024_20Results.pdf.pdf,439261,dbeb25f69fb2d5675bf2ec2d3a89cfeb561018e9464ae956765a37afe506ee8c,https://cdn.sea.com/webmain/static/resource/seagroup/website/investornews/4Q2024/PiuK2bhIyLtug8iucOux/2025.03.04%20Sea%20Fourth%20Quarter%20and%20Full%20Year%202024%20Results.pdf,https://www.sea.com/api/financial/resource,2026-09-09T05:37:43.687664+00:00,text/sea/416795914b61_2025.03.04_20Sea_20Fourth_20Quarter_20and_20Full_20Year_202024_20Results.pdf.txt
sea,2024 Q3 press_release,raw/sea/ca33eaf97292_2024.11.12_20Sea_20Third_20Quarter_202024_20Results.pdf.pdf,346875,70cd59e74fd7196d0d0f6a37e507e77105a23219299ea5545159a282088861f3,https://cdn.sea.com/webmain/static/resource/seagroup/website/investornews/3Q2024/RP8KKr0FKNxCwFHgBOUJ/2024.11.12%20Sea%20Third%20Quarter%202024%20Results.pdf,https://www.sea.com/api/financial/resource,2026-09-09T05:37:44.888832+00:00,text/sea/ca33eaf97292_2024.11.12_20Sea_20Third_20Quarter_202024_20Results.pdf.txt
sea,2024 Q3 presentation,raw/sea/4400f063cdc1_2024.11.12_20Sea_20Third_20Quarter_202024_20Results_20Deck.pdf.pdf,634043,2a317bcebc3a556364bd3f38216d828e19c372f2374ba324a4696d3cda0b486d,https://cdn.sea.com/webmain/static/resource/seagroup/website/investornews/3Q2024/RP8KKr0FKNxCwFHgBOUJ/2024.11.12%20Sea%20Third%20Quarter%202024%20Results%20Deck.pdf,https://www.sea.com/api/financial/resource,2026-09-09T05:37:45.005090+00:00,text/sea/4400f063cdc1_2024.11.12_20Sea_20Third_20Quarter_202024_20Results_20Deck.pdf.txt
sea,2024 Q4 full_year_report,raw/sea/30fae72f0d0e_2025-04-17_20-_20Form_2020-F.pdf.pdf,715614,f2d529785f987440b461c2b2166141a63e3fa9df0d731848366f818e1843926e,https://cdn.sea.com/webmain/static/resource/seagroup/pressrelease/2024AR/NT8CQURDcqzIyTpTQ0SN/2025-04-17%20-%20Form%2020-F.pdf,https://www.sea.com/api/financial/resource,2026-09-09T05:37:44.615314+00:00,text/sea/30fae72f0d0e_2025-04-17_20-_20Form_2020-F.pdf.txt
sea,2024 Q3 transcript,raw/sea/0f16094a63ac_2024.11.12_20Sea_20Third_20Quarter_202024_20Earnings_20Call_20Transcript.pdf.pdf,95696,b03571e4c684a1da0473085a46d13fc2b58beef2d2e6bc68fef1a64921139f16,https://cdn.sea.com/webmain/static/resource/seagroup/website/investornews/3Q2024/RP8KKr0FKNxCwFHgBOUJ/2024.11.12%20Sea%20Third%20Quarter%202024%20Earnings%20Call%20Transcript.pdf,https://www.sea.com/api/financial/resource,2026-09-09T05:37:45.484564+00:00,text/sea/0f16094a63ac_2024.11.12_20Sea_20Third_20Quarter_202024_20Earnings_20Call_20Transcript.pdf.txt
sea,2024 Q2 presentation,raw/sea/619bad78e19f_2024.08.13_20Sea_20Second_20Quarter_202024_20Results_20Deck.pdf.pdf,586585,cf593849da606dbedd1895c6f94347d8b6543618ee70d2c21da7d5bcf486939b,https://cdn.sea.com/webmain/static/resource/seagroup/website/investornews/2Q2024/TWIFPvNsKrWONCEaa711/2024.08.13%20Sea%20Second%20Quarter%202024%20Results%20Deck.pdf,https://www.sea.com/api/financial/resource,2026-09-09T05:37:45.612582+00:00,text/sea/619bad78e19f_2024.08.13_20Sea_20Second_20Quarter_202024_20Results_20Deck.pdf.txt
sea,2024 Q3 infographic,raw/sea/9fff321a530a_2024.11.12_20Sea_20Third_20Quarter_202024_20Results_20Infographic.pdf.pdf,1094437,5b6d71b1bb50e32acd113b7246652e6f16f2ca5fcec803b21ff5e77d71af6d19,https://cdn.sea.com/webmain/static/resource/seagroup/website/investornews/3Q2024/RP8KKr0FKNxCwFHgBOUJ/2024.11.12%20Sea%20Third%20Quarter%202024%20Results%20Infographic.pdf,https://www.sea.com/api/financial/resource,2026-09-09T05:37:45.333154+00:00,text/sea/9fff321a530a_2024.11.12_20Sea_20Third_20Quarter_202024_20Results_20Infographic.pdf.txt
sea,2024 Q2 press_release,raw/sea/8d0dfcfb39aa_2024.08.13_20Sea_20Second_20Quarter_202024_20Results.pdf.pdf,341364,de32e621e9ce2c0153fd3c8a8ce9fe46406fd5561aee4672a9b00ded2ee47d3a,https://cdn.sea.com/webmain/static/resource/seagroup/website/investornews/2Q2024/TWIFPvNsKrWONCEaa711/2024.08.13%20Sea%20Second%20Quarter%202024%20Results.pdf,https://www.sea.com/api/financial/resource,2026-09-09T05:37:45.576783+00:00,text/sea/8d0dfcfb39aa_2024.08.13_20Sea_20Second_20Quarter_202024_20Results.pdf.txt
sea,2024 Q2 infographic,raw/sea/bdf7f2ae606f_2024.08.13_20Sea_20Second_20Quarter_202024_20Results_20Infographic.pdf.pdf,1099188,a9da47a03966dc49d9d39c30aef68bff555ef5bd6ac44bb96496924e4d851b5b,https://cdn.sea.com/webmain/static/resource/seagroup/website/investornews/2Q2024/TWIFPvNsKrWONCEaa711/2024.08.13%20Sea%20Second%20Quarter%202024%20Results%20Infographic.pdf,https://www.sea.com/api/financial/resource,2026-09-09T05:37:45.963213+00:00,text/sea/bdf7f2ae606f_2024.08.13_20Sea_20Second_20Quarter_202024_20Results_20Infographic.pdf.txt
sea,2024 Q2 transcript,raw/sea/6ef3b4a3f8d7_2024.08.13_20Sea_20Second_20Quarter_202024_20Results_20Transcript.pdf.pdf,106194,1d1c0f1f57375f2dc1fc65538be8cb124ccb68023a3ef4118f82987db5c4b166,https://cdn.sea.com/webmain/static/resource/seagroup/website/investornews/2Q2024/TWIFPvNsKrWONCEaa711/2024.08.13%20Sea%20Second%20Quarter%202024%20Results%20Transcript.pdf,https://www.sea.com/api/financial/resource,2026-09-09T05:37:46.242054+00:00,text/sea/6ef3b4a3f8d7_2024.08.13_20Sea_20Second_20Quarter_202024_20Results_20Transcript.pdf.txt
sea,2024 Q1 press_release,raw/sea/e9304242e8e0_2024.05.14_20Sea_20First_20Quarter_202024_20Results.pdf.pdf,349793,797186ac72cba5a5d7da8179f85b2797af397c87e71ebfd3a9a1b5504c14093d,https://cdn.sea.com/webmain/static/resource/seagroup/website/investornews/1Q2024/RaOK5KBcEryjDR0lKovo/2024.05.14%20Sea%20First%20Quarter%202024%20Results.pdf,https://www.sea.com/api/financial/resource,2026-09-09T05:37:46.244638+00:00,text/sea/e9304242e8e0_2024.05.14_20Sea_20First_20Quarter_202024_20Results.pdf.txt
sea,2024 Q1 presentation,raw/sea/f3de98e073ff_2024.05.14_20Sea_20First_20Quarter_202024_20Results_20Deck.pdf.pdf,504692,117bc631de53d387b3e872e58536bce410df8f05b0ed6cc1512b9ef36d83d97e,https://cdn.sea.com/webmain/static/resource/seagroup/website/investornews/1Q2024/RaOK5KBcEryjDR0lKovo/2024.05.14%20Sea%20First%20Quarter%202024%20Results%20Deck.pdf,https://www.sea.com/api/financial/resource,2026-09-09T05:37:46.326732+00:00,text/sea/f3de98e073ff_2024.05.14_20Sea_20First_20Quarter_202024_20Results_20Deck.pdf.txt
sea,2024 Q1 transcript,raw/sea/669904c1ac87_2024.05.14_20Sea_20First_20Quarter_202024_20Earnings_20Call_20Transcript.pdf.pdf,96979,0168a29f87f33fa3720c2d634f83ad8fb915b16ffbbe8e7004fdb2865dc2fef5,https://cdn.sea.com/webmain/static/resource/seagroup/website/investornews/1Q2024/RaOK5KBcEryjDR0lKovo/2024.05.14%20Sea%20First%20Quarter%202024%20Earnings%20Call%20Transcript.pdf,https://www.sea.com/api/financial/resource,2026-09-09T05:37:46.778010+00:00,text/sea/669904c1ac87_2024.05.14_20Sea_20First_20Quarter_202024_20Earnings_20Call_20Transcript.pdf.txt
sea,2024 Q1 infographic,raw/sea/737b94ef214d_2024.05.14_20Sea_20First_20Quarter_202024_20Results_20Infographic.pdf.pdf,1107001,646564ca3e91c5ccc34381f4fdb0f7514af1c7cc4d5dfa5823f0d1fc543987aa,https://cdn.sea.com/webmain/static/resource/seagroup/website/investornews/1Q2024/RaOK5KBcEryjDR0lKovo/2024.05.14%20Sea%20First%20Quarter%202024%20Results%20Infographic.pdf,https://www.sea.com/api/financial/resource,2026-09-09T05:37:46.592656+00:00,text/sea/737b94ef214d_2024.05.14_20Sea_20First_20Quarter_202024_20Results_20Infographic.pdf.txt
sea,2023 Q4 presentation,raw/sea/72ee3a364177_2024.03.04_20Sea_20Fourth_20Quarter_20and_20Full_20Year_202023_20Results_20Deck.pdf.pdf,251924,ab82c4006e97c0c34be49147fc548a6013b07cfceae0c00a02b4bb6765a3b210,https://cdn.sea.com/webmain/static/resource/seagroup/website/investornews/4Q2023/STWdlYqdqwmJntN4lrDk/2024.03.04%20Sea%20Fourth%20Quarter%20and%20Full%20Year%202023%20Results%20Deck.pdf,https://www.sea.com/api/financial/resource,2026-09-09T05:37:46.845226+00:00,text/sea/72ee3a364177_2024.03.04_20Sea_20Fourth_20Quarter_20and_20Full_20Year_202023_20Results_20Deck.pdf.txt
sea,2023 Q4 press_release,raw/sea/c3e589b29fdc_2024.03.04_20Sea_20Fourth_20Quarter_20and_20Full_20Year_202023_20Results.pdf.pdf,451593,3cfe7a605e381508afbf18e560527ea1e4dd9101d0131907c3944af39403ee56,https://cdn.sea.com/webmain/static/resource/seagroup/website/investornews/4Q2023/STWdlYqdqwmJntN4lrDk/2024.03.04%20Sea%20Fourth%20Quarter%20and%20Full%20Year%202023%20Results.pdf,https://www.sea.com/api/financial/resource,2026-09-09T05:37:46.797141+00:00,text/sea/c3e589b29fdc_2024.03.04_20Sea_20Fourth_20Quarter_20and_20Full_20Year_202023_20Results.pdf.txt
sea,2023 Q4 transcript,raw/sea/117c4f9a6fd7_2024.03.04_20Sea_20Fourth_20Quarter_20and_20Full_20Year_202023_20Earnings_20Call_20Transcript.p.pdf,126686,427cebbee53074bc6945ddcb8ce7588f460f8e87ea4bdd60b49858f9b306c61b,https://cdn.sea.com/webmain/static/resource/seagroup/website/investornews/4Q2023/STWdlYqdqwmJntN4lrDk/2024.03.04%20Sea%20Fourth%20Quarter%20and%20Full%20Year%202023%20Earnings%20Call%20Transcript.pdf,https://www.sea.com/api/financial/resource,2026-09-09T05:37:47.316858+00:00,text/sea/117c4f9a6fd7_2024.03.04_20Sea_20Fourth_20Quarter_20and_20Full_20Year_202023_20Earnings_20Call_20Transcript.p.txt
sea,2023 Q4 infographic,raw/sea/832e7e22a8d8_2024.03.04_20Sea_20Fourth_20Quarter_20and_20Full_20Year_202023_20Results_20Infographic.pdf.pdf,1263365,298b7621224d0638211dd2ff5284cafacb1b3eff1813eac47530e0a74c43aa12,https://cdn.sea.com/webmain/static/resource/seagroup/website/investornews/4Q2023/STWdlYqdqwmJntN4lrDk/2024.03.04%20Sea%20Fourth%20Quarter%20and%20Full%20Year%202023%20Results%20Infographic.pdf,https://www.sea.com/api/financial/resource,2026-09-09T05:37:47.285029+00:00,text/sea/832e7e22a8d8_2024.03.04_20Sea_20Fourth_20Quarter_20and_20Full_20Year_202023_20Results_20Infographic.pdf.txt
sea,2023 Q3 press_release,raw/sea/207edfe549ab_2023.11.14_20Sea_20Third_20Quarter_202023_20Results.pdf.pdf,345835,175805dbbc0d33699c5f8dadb55938b51deb5c3e571771471d467aaac47fb937,https://cdn.sea.com/webmain/static/resource/seagroup/website/investornews/3Q2023/IHSjOkqngRV7jsWYPwh4/2023.11.14%20Sea%20Third%20Quarter%202023%20Results.pdf,https://www.sea.com/api/financial/resource,2026-09-09T05:37:47.464082+00:00,text/sea/207edfe549ab_2023.11.14_20Sea_20Third_20Quarter_202023_20Results.pdf.txt
sea,2023 Q3 presentation,raw/sea/0230b4897d2a_2023.11.14_20Sea_20Third_20Quarter_202023_20Results_20Deck.pdf.pdf,234874,38eadde847a1e81a9dd4d867124a3ead2aed520bf1aa3458dd5a2688a75a00b8,https://cdn.sea.com/webmain/static/resource/seagroup/website/investornews/3Q2023/IHSjOkqngRV7jsWYPwh4/2023.11.14%20Sea%20Third%20Quarter%202023%20Results%20Deck.pdf,https://www.sea.com/api/financial/resource,2026-09-09T05:37:47.791600+00:00,text/sea/0230b4897d2a_2023.11.14_20Sea_20Third_20Quarter_202023_20Results_20Deck.pdf.txt
sea,2023 Q4 full_year_report,raw/sea/762c09a7f668_2024-04-26_20-_20Form_2020-F.pdf.pdf,1337091,66bea63b8eb47adfe0eeb33f0be740638575337b1bddc372f25931c28e213141,https://cdn.sea.com/webmain/static/resource/seagroup/pressrelease/2023AR/FdMSmBixSlNFi2KM9oBH/2024-04-26%20-%20Form%2020-F.pdf,https://www.sea.com/api/financial/resource,2026-09-09T05:37:47.331379+00:00,text/sea/762c09a7f668_2024-04-26_20-_20Form_2020-F.pdf.txt
sea,2023 Q3 transcript,raw/sea/b7485c298aff_2023.11.14_20Sea_20Third_20Quarter_202023_20Earnings_20Call_20Transcript.pdf.pdf,131831,9ee8fb6a7f363bec55a53744f7c32867ca792043e66936e8902b5a5f3e3b51c0,https://cdn.sea.com/webmain/static/resource/seagroup/website/investornews/3Q2023/IHSjOkqngRV7jsWYPwh4/2023.11.14%20Sea%20Third%20Quarter%202023%20Earnings%20Call%20Transcript.pdf,https://www.sea.com/api/financial/resource,2026-09-09T05:37:47.985985+00:00,text/sea/b7485c298aff_2023.11.14_20Sea_20Third_20Quarter_202023_20Earnings_20Call_20Transcript.pdf.txt
sea,2023 Q3 infographic,raw/sea/14c6ec1642e3_2023.11.14_20Sea_20Third_20Quarter_202023_20Results_20Infographic.pdf.pdf,901132,8099e95624383a5f05a97be916de43868ec95aa3d5dd28eba06cd95d0bafe574,https://cdn.sea.com/webmain/static/resource/seagroup/website/investornews/3Q2023/IHSjOkqngRV7jsWYPwh4/2023.11.14%20Sea%20Third%20Quarter%202023%20Results%20Infographic.pdf,https://www.sea.com/api/financial/resource,2026-09-09T05:37:47.983586+00:00,text/sea/14c6ec1642e3_2023.11.14_20Sea_20Third_20Quarter_202023_20Results_20Infographic.pdf.txt
sea,2023 Q2 press_release,raw/sea/2f2b673096b6_2023.08.15_20Sea_20Second_20Quarter_202023_20Results.pdf.pdf,350806,bc2767e434c05c165f11d23378f5df293b4f664d5e9a7adb2637c4712ed3c3d3,https://cdn.sea.com/webmain/static/resource/seagroup/website/investornews/2Q2023/AunOts8JieQFRO6ILoKT/2023.08.15%20Sea%20Second%20Quarter%202023%20Results.pdf,https://www.sea.com/api/financial/resource,2026-09-09T05:37:48.317211+00:00,text/sea/2f2b673096b6_2023.08.15_20Sea_20Second_20Quarter_202023_20Results.pdf.txt
sea,2023 Q2 presentation,raw/sea/2fca7527cd49_2023.08.15_20Sea_20Second_20Quarter_202023_20Results_20Deck.pdf.pdf,239969,dbcbcee9070954e61ddda97970a3509f62e30afcf738136baf8ae0fafcc1971f,https://cdn.sea.com/webmain/static/resource/seagroup/website/investornews/2Q2023/AunOts8JieQFRO6ILoKT/2023.08.15%20Sea%20Second%20Quarter%202023%20Results%20Deck.pdf,https://www.sea.com/api/financial/resource,2026-09-09T05:37:48.382619+00:00,text/sea/2fca7527cd49_2023.08.15_20Sea_20Second_20Quarter_202023_20Results_20Deck.pdf.txt
sea,2023 Q2 infographic,raw/sea/5dfce8a5a9d8_2023.08.15_20Sea_20Second_20Quarter_202023_20Results_20Infographic.pdf.pdf,868923,abad144280cd701d7ef7419e7707934017cdb8d1264f0de2a8e655f7ed6ae6a9,https://cdn.sea.com/webmain/static/resource/seagroup/website/investornews/2Q2023/AunOts8JieQFRO6ILoKT/2023.08.15%20Sea%20Second%20Quarter%202023%20Results%20Infographic.pdf,https://www.sea.com/api/financial/resource,2026-09-09T05:37:48.466656+00:00,text/sea/5dfce8a5a9d8_2023.08.15_20Sea_20Second_20Quarter_202023_20Results_20Infographic.pdf.txt
sea,2023 Q2 transcript,raw/sea/a0e2ceef3073_2023.08.15_20Sea_20Second_20Quarter_202023_20Earnings_20Call_20Transcript.pdf.pdf,136881,063187193544fc7025b498bd08d86ef11ea8e653878e7d790dce743f30ba04a7,https://cdn.sea.com/webmain/static/resource/seagroup/website/investornews/2Q2023/AunOts8JieQFRO6ILoKT/2023.08.15%20Sea%20Second%20Quarter%202023%20Earnings%20Call%20Transcript.pdf,https://www.sea.com/api/financial/resource,2026-09-09T05:37:48.543877+00:00,text/sea/a0e2ceef3073_2023.08.15_20Sea_20Second_20Quarter_202023_20Earnings_20Call_20Transcript.pdf.txt
sea,2023 Q1 press_release,raw/sea/af52a8d211f9_2023.05.16_20Sea_20First_20Quarter_202023_20Results.pdf.pdf,348902,22f81dfd6bbd035b53a7240f9cfd1eaf8e6b54e7dec34602ff4ec8eb1ee6a75f,https://cdn.sea.com/webmain/static/resource/seagroup/website/investornews/1Q2023/9eYlHSjopOzT8jARLGXc/2023.05.16%20Sea%20First%20Quarter%202023%20Results.pdf,https://www.sea.com/api/financial/resource,2026-09-09T05:37:48.840496+00:00,text/sea/af52a8d211f9_2023.05.16_20Sea_20First_20Quarter_202023_20Results.pdf.txt
sea,2023 Q1 presentation,raw/sea/5007e8706e0f_2023.05.16_20Sea_20First_20Quarter_202023_20Results_20Deck.pdf.pdf,278484,2d92373359a7417feb9cfcd11007324915b395c418da242814aeb547c42f2ad3,https://cdn.sea.com/webmain/static/resource/seagroup/website/investornews/1Q2023/9eYlHSjopOzT8jARLGXc/2023.05.16%20Sea%20First%20Quarter%202023%20Results%20Deck.pdf,https://www.sea.com/api/financial/resource,2026-09-09T05:37:48.849314+00:00,text/sea/5007e8706e0f_2023.05.16_20Sea_20First_20Quarter_202023_20Results_20Deck.pdf.txt
sea,2023 Q1 transcript,raw/sea/f99989b186bb_2023.05.16_20Sea_20First_20Quarter_202023_20Earnings_20Call_20Transcript.pdf.pdf,134633,dab3719ac00655b734316d39ac91e40d5e8c11df2c625635b240e793b9698424,https://cdn.sea.com/webmain/static/resource/seagroup/website/investornews/1Q2023/9eYlHSjopOzT8jARLGXc/2023.05.16%20Sea%20First%20Quarter%202023%20Earnings%20Call%20Transcript.pdf,https://www.sea.com/api/financial/resource,2026-09-09T05:37:49.023350+00:00,text/sea/f99989b186bb_2023.05.16_20Sea_20First_20Quarter_202023_20Earnings_20Call_20Transcript.pdf.txt
sea,2023 Q1 infographic,raw/sea/47829241ec1c_2023.05.16_20Sea_20First_20Quarter_202023_20Results_20Infographic.pdf.pdf,771246,29d329e39c6adb1ea7abfc544186e69733cb1b60937acd12bc6737c8a44a9901,https://cdn.sea.com/webmain/static/resource/seagroup/website/investornews/1Q2023/9eYlHSjopOzT8jARLGXc/2023.05.16%20Sea%20First%20Quarter%202023%20Results%20Infographic.pdf,https://www.sea.com/api/financial/resource,2026-09-09T05:37:49.017809+00:00,text/sea/47829241ec1c_2023.05.16_20Sea_20First_20Quarter_202023_20Results_20Infographic.pdf.txt
sea,2022 Q4 presentation,raw/sea/2db0956ae508_2023.03.07_20Sea_20Fourth_20Quarter_20and_20Full_20Year_202022_20Results_20Deck.pdf.pdf,304280,d2a7daa26216b7ff77025a0a9631b22eb03c529b71d84953771b8bad8930fe95,https://cdn.sea.com/webmain/static/resource/seagroup/website/investornews/4Q2022/ul1GKrCrOCOe0FFQKjXq/2023.03.07%20Sea%20Fourth%20Quarter%20and%20Full%20Year%202022%20Results%20Deck.pdf,https://www.sea.com/api/financial/resource,2026-09-09T05:37:49.451075+00:00,text/sea/2db0956ae508_2023.03.07_20Sea_20Fourth_20Quarter_20and_20Full_20Year_202022_20Results_20Deck.pdf.txt
sea,2022 Q4 press_release,raw/sea/bdb371f5f1cd_2023.03.07_20Sea_20Fourth_20Quarter_20and_20Full_20Year_202022_20Results.pdf.pdf,443651,19bdbc5726023a9e024ed4bc6de20da446ac79437b8a856aa036a979ae921b66,https://cdn.sea.com/webmain/static/resource/seagroup/website/investornews/4Q2022/ul1GKrCrOCOe0FFQKjXq/2023.03.07%20Sea%20Fourth%20Quarter%20and%20Full%20Year%202022%20Results.pdf,https://www.sea.com/api/financial/resource,2026-09-09T05:37:49.421823+00:00,text/sea/bdb371f5f1cd_2023.03.07_20Sea_20Fourth_20Quarter_20and_20Full_20Year_202022_20Results.pdf.txt
sea,2022 Q4 transcript,raw/sea/27417ea486a3_2023.03.07_20Sea_20Fourth_20Quarter_20and_20Full_20Year_202022_20Earnings_20Call_20Transcript.p.pdf,132212,8ab4f648baac04dd150330576a0adf111cec89ae282d75a051a63d014abe8dd3,https://cdn.sea.com/webmain/static/resource/seagroup/website/investornews/4Q2022/ul1GKrCrOCOe0FFQKjXq/2023.03.07%20Sea%20Fourth%20Quarter%20and%20Full%20Year%202022%20Earnings%20Call%20Transcript.pdf,https://www.sea.com/api/financial/resource,2026-09-09T05:37:49.610941+00:00,text/sea/27417ea486a3_2023.03.07_20Sea_20Fourth_20Quarter_20and_20Full_20Year_202022_20Earnings_20Call_20Transcript.p.txt
sea,2022 Q4 infographic,raw/sea/984e368d75b3_2023.03.07_20Sea_20Fourth_20Quarter_20and_20Full_20Year_202022_20Results_20Infographic.pdf.pdf,1200554,78c31fa18e78be595985bb2a2daf49ee5cb7335a98684b396fc4a854d5316b88,https://cdn.sea.com/webmain/static/resource/seagroup/website/investornews/4Q2022/ul1GKrCrOCOe0FFQKjXq/2023.03.07%20Sea%20Fourth%20Quarter%20and%20Full%20Year%202022%20Results%20Infographic.pdf,https://www.sea.com/api/financial/resource,2026-09-09T05:37:49.497606+00:00,text/sea/984e368d75b3_2023.03.07_20Sea_20Fourth_20Quarter_20and_20Full_20Year_202022_20Results_20Infographic.pdf.txt
sea,2022 Q3 press_release,raw/sea/5287a9ae9ac1_2022.11.15_20Sea_20Third_20Quarter_202022_20Results.pdf.pdf,366368,8f71cbb3fe33b3543143f114ed126f173a44a6b7cc70b4e04d5c88580157f943,https://cdn.sea.com/webmain/static/resource/seagroup/website/investornews/3Q2022/v1uggNmedOBljU9mEeiU/2022.11.15%20Sea%20Third%20Quarter%202022%20Results.pdf,https://www.sea.com/api/financial/resource,2026-09-09T05:37:50.035508+00:00,text/sea/5287a9ae9ac1_2022.11.15_20Sea_20Third_20Quarter_202022_20Results.pdf.txt
sea,2022 Q3 presentation,raw/sea/55bfecfb4f16_2022.11.15_20Sea_20Third_20Quarter_202022_20Results_20Deck.pdf.pdf,313560,5bf112da9ff04d0aa10ada7c8d763b9c77d1d5f09806afa3fd10edf4e7addc8b,https://cdn.sea.com/webmain/static/resource/seagroup/website/investornews/3Q2022/v1uggNmedOBljU9mEeiU/2022.11.15%20Sea%20Third%20Quarter%202022%20Results%20Deck.pdf,https://www.sea.com/api/financial/resource,2026-09-09T05:37:50.111398+00:00,text/sea/55bfecfb4f16_2022.11.15_20Sea_20Third_20Quarter_202022_20Results_20Deck.pdf.txt
sea,2022 Q3 infographic,raw/sea/6e6f99672662_2022.11.15_20Sea_20Third_20Quarter_202022_20Results_20Infographic.pdf.pdf,208731,d4da6a3afc0cf70e5e54fea6901d38c74d92898b019f05e86ee125145965f3aa,https://cdn.sea.com/webmain/static/resource/seagroup/website/investornews/3Q2022/v1uggNmedOBljU9mEeiU/2022.11.15%20Sea%20Third%20Quarter%202022%20Results%20Infographic.pdf,https://www.sea.com/api/financial/resource,2026-09-09T05:37:50.202047+00:00,text/sea/6e6f99672662_2022.11.15_20Sea_20Third_20Quarter_202022_20Results_20Infographic.pdf.txt
sea,2022 Q4 full_year_report,raw/sea/6e03f72caf77_2023-04-06_20-_20Form_2020-F.pdf.pdf,1306059,55f801ef6ee19ec772f65152b95d790fdf751735bfb4cbbb5ebf1fa3ee318ae8,https://cdn.sea.com/webmain/static/resource/seagroup/pressrelease/2022AR/6XNmuGkDrCopmdEwH15M/2023-04-06%20-%20Form%2020-F.pdf,https://www.sea.com/api/financial/resource,2026-09-09T05:37:49.971407+00:00,text/sea/6e03f72caf77_2023-04-06_20-_20Form_2020-F.pdf.txt
sea,2022 Q3 transcript,raw/sea/99199a06c74a_2022.11.15_20Sea_20Third_20Quarter_202022_20Earnings_20Call_20Transcript.pdf.pdf,135613,12ca6c575ac710bce99e7859024f171338380939b94bbbb046f40e491755d9eb,https://cdn.sea.com/webmain/static/resource/seagroup/website/investornews/3Q2022/v1uggNmedOBljU9mEeiU/2022.11.15%20Sea%20Third%20Quarter%202022%20Earnings%20Call%20Transcript.pdf,https://www.sea.com/api/financial/resource,2026-09-09T05:37:50.590844+00:00,text/sea/99199a06c74a_2022.11.15_20Sea_20Third_20Quarter_202022_20Earnings_20Call_20Transcript.pdf.txt
sea,2022 Q2 presentation,raw/sea/98180f183408_2022.08.16_20Sea_20Second_20Quarter_202022_20Results_20Deck.pdf.pdf,281805,3b7879740c5f59191a841d65c12f574b28886ad93ef6d4e8a7a880fbf37718fb,https://cdn.sea.com/webmain/static/resource/seagroup/website/investornews/2Q2022/uXxGiCr8oTGxOFTPhBUB/2022.08.16%20Sea%20Second%20Quarter%202022%20Results%20Deck.pdf,https://www.sea.com/api/financial/resource,2026-09-09T05:37:50.697656+00:00,text/sea/98180f183408_2022.08.16_20Sea_20Second_20Quarter_202022_20Results_20Deck.pdf.txt
sea,2022 Q2 press_release,raw/sea/de71fd3ff88a_2022.08.16_20Sea_20Second_20Quarter_202022_20Results.pdf.pdf,375438,c120db3767ac1a3a1a3d3a62dd7ce6f95df270e6157325f3e2e1d13a8202fbc8,https://cdn.sea.com/webmain/static/resource/seagroup/website/investornews/2Q2022/uXxGiCr8oTGxOFTPhBUB/2022.08.16%20Sea%20Second%20Quarter%202022%20Results.pdf,https://www.sea.com/api/financial/resource,2026-09-09T05:37:50.595862+00:00,text/sea/de71fd3ff88a_2022.08.16_20Sea_20Second_20Quarter_202022_20Results.pdf.txt
sea,2022 Q2 infographic,raw/sea/7353541abb60_2022.08.16_20Sea_20Second_20Quarter_202022_20Results_20Infographic.pdf.pdf,198226,945419fdd81611328bd87ff061326a8e6350d0afa1820fdb4b683915dfeede26,https://cdn.sea.com/webmain/static/resource/seagroup/website/investornews/2Q2022/uXxGiCr8oTGxOFTPhBUB/2022.08.16%20Sea%20Second%20Quarter%202022%20Results%20Infographic.pdf,https://www.sea.com/api/financial/resource,2026-09-09T05:37:51.007843+00:00,text/sea/7353541abb60_2022.08.16_20Sea_20Second_20Quarter_202022_20Results_20Infographic.pdf.txt
sea,2022 Q2 transcript,raw/sea/a9efdf0e109d_2022.08.16_20Sea_20Second_20Quarter_202022_20Earnings_20Call_20Transcript.pdf.pdf,133801,fbcf5fcfbf81f6d9509aa6755cf8aa0929185a5266644d6a8ef5bacbf73d9292,https://cdn.sea.com/webmain/static/resource/seagroup/website/investornews/2Q2022/uXxGiCr8oTGxOFTPhBUB/2022.08.16%20Sea%20Second%20Quarter%202022%20Earnings%20Call%20Transcript.pdf,https://www.sea.com/api/financial/resource,2026-09-09T05:37:51.046231+00:00,text/sea/a9efdf0e109d_2022.08.16_20Sea_20Second_20Quarter_202022_20Earnings_20Call_20Transcript.pdf.txt
sea,2022 Q1 presentation,raw/sea/af0d7573c461_2022.05.17_20Sea_20First_20Quarter_202022_20Results_20Deck.pdf.pdf,315639,87350064b89cf22b22465e84d2666daeae055c93827701fc8c9900659db860b3,https://cdn.sea.com/webmain/static/resource/seagroup/website/investornews/1Q2022/jMwu2u17Tp3acr3vcL1m/2022.05.17%20Sea%20First%20Quarter%202022%20Results%20Deck.pdf,https://www.sea.com/api/financial/resource,2026-09-09T05:37:51.268821+00:00,text/sea/af0d7573c461_2022.05.17_20Sea_20First_20Quarter_202022_20Results_20Deck.pdf.txt
sea,2022 Q1 infographic,raw/sea/c9c2b0cb3a39_2022.05.17_20Sea_20First_20Quarter_202022_20Results_20Infographic.pdf.pdf,221060,2c2306b5c1e6f84d18965c7924f49af8c5c0574569c1997ea2bef49d20acfd4a,https://cdn.sea.com/webmain/static/resource/seagroup/website/investornews/1Q2022/jMwu2u17Tp3acr3vcL1m/2022.05.17%20Sea%20First%20Quarter%202022%20Results%20Infographic.pdf,https://www.sea.com/api/financial/resource,2026-09-09T05:37:51.470783+00:00,text/sea/c9c2b0cb3a39_2022.05.17_20Sea_20First_20Quarter_202022_20Results_20Infographic.pdf.txt
sea,2022 Q1 press_release,raw/sea/4444194407a0_2022.05.17_20Sea_20First_20Quarter_202022_20Results.pdf.pdf,373683,42603f84f0859c08335d46b65809f32eb084f89a3f2a00a3599f0cf362fc9cd4,https://cdn.sea.com/webmain/static/resource/seagroup/website/investornews/1Q2022/jMwu2u17Tp3acr3vcL1m/2022.05.17%20Sea%20First%20Quarter%202022%20Results.pdf,https://www.sea.com/api/financial/resource,2026-09-09T05:37:51.189668+00:00,text/sea/4444194407a0_2022.05.17_20Sea_20First_20Quarter_202022_20Results.pdf.txt
sea,2022 Q1 transcript,raw/sea/116ded3b4e82_2022.05.17_20Sea_20First_20Quarter_202022_20Earnings_20Call_20Transcript.pdf.pdf,144449,da203a3eda7aa559f51d3e623350a4be55a2562a355ae13b1a9bff4e328d3379,https://cdn.sea.com/webmain/static/resource/seagroup/website/investornews/1Q2022/jMwu2u17Tp3acr3vcL1m/2022.05.17%20Sea%20First%20Quarter%202022%20Earnings%20Call%20Transcript.pdf,https://www.sea.com/api/financial/resource,2026-09-09T05:37:51.537533+00:00,text/sea/116ded3b4e82_2022.05.17_20Sea_20First_20Quarter_202022_20Earnings_20Call_20Transcript.pdf.txt
sea,2021 Q4 press_release,raw/sea/e075761cd350_2022.03.01_20Sea_20Fourth_20Quarter_20and_20Full_20Year_202021_20Results.pdf.pdf,454205,2d42977cb6becc117b39539702155c1174bcacaf0576eb9b30252c88e2c55bd4,https://cdn.sea.com/webmain/static/resource/seagroup/website/investornews/4Q2021/7xN3dPdXRT0z3Oe5/2022.03.01%20Sea%20Fourth%20Quarter%20and%20Full%20Year%202021%20Results.pdf,https://www.sea.com/api/financial/resource,2026-09-09T05:37:51.810881+00:00,text/sea/e075761cd350_2022.03.01_20Sea_20Fourth_20Quarter_20and_20Full_20Year_202021_20Results.pdf.txt
sea,2021 Q4 infographic,raw/sea/e3f20f1c13cb_2022.03.01_20Sea_20Fourth_20Quarter_20and_20Full_20Year_202021_20Results_20Infographic.pdf.pdf,300113,9261128f7ea4e9ad909affd19525b80ea97fdc275fcda0ea5876c90004f68a18,https://cdn.sea.com/webmain/static/resource/seagroup/website/investornews/4Q2021/7xN3dPdXRT0z3Oe5/2022.03.01%20Sea%20Fourth%20Quarter%20and%20Full%20Year%202021%20Results%20Infographic.pdf,https://www.sea.com/api/financial/resource,2026-09-09T05:37:51.954115+00:00,text/sea/e3f20f1c13cb_2022.03.01_20Sea_20Fourth_20Quarter_20and_20Full_20Year_202021_20Results_20Infographic.pdf.txt
sea,2021 Q4 presentation,raw/sea/4beed36205c7_2022.03.01_20Sea_20Fourth_20Quarter_20and_20Full_20Year_202021_20Results_20Deck.pdf.pdf,312888,ee4e1e4e76efb24c4039eaad123f009fd83086bf18f5be8b0fcbbe69e5a05d34,https://cdn.sea.com/webmain/static/resource/seagroup/website/investornews/4Q2021/7xN3dPdXRT0z3Oe5/2022.03.01%20Sea%20Fourth%20Quarter%20and%20Full%20Year%202021%20Results%20Deck.pdf,https://www.sea.com/api/financial/resource,2026-09-09T05:37:51.948040+00:00,text/sea/4beed36205c7_2022.03.01_20Sea_20Fourth_20Quarter_20and_20Full_20Year_202021_20Results_20Deck.pdf.txt
sea,2021 Q4 transcript,raw/sea/c7dd750533a5_2022.03.01_20Sea_20Fourth_20Quarter_20and_20Full_20Year_202021_20Earnings_20Call_20Transcript.p.pdf,152370,e589f587dadfcb6c2740bebe0346fee965f226e274bbba924269f438f5618ae5,https://cdn.sea.com/webmain/static/resource/seagroup/website/investornews/4Q2021/7xN3dPdXRT0z3Oe5/2022.03.01%20Sea%20Fourth%20Quarter%20and%20Full%20Year%202021%20Earnings%20Call%20Transcript.pdf,https://www.sea.com/api/financial/resource,2026-09-09T05:37:52.143042+00:00,text/sea/c7dd750533a5_2022.03.01_20Sea_20Fourth_20Quarter_20and_20Full_20Year_202021_20Earnings_20Call_20Transcript.p.txt
sea,2021 Q3 press_release,raw/sea/3105e2588e86_2021.11.16_20Sea_20Third_20Quarter_202021_20Results.pdf.pdf,354949,c18a6fc9aa18616bd96ee23a00f889132d96e5b5ee17cc1dea7a3c838bb45330,https://cdn.sea.com/webmain/static/resource/seagroup/website/investornews/3Q2021/8cedKv6Ir8rbcPLPT91S/2021.11.16%20Sea%20Third%20Quarter%202021%20Results.pdf,https://www.sea.com/api/financial/resource,2026-09-09T05:37:52.447431+00:00,text/sea/3105e2588e86_2021.11.16_20Sea_20Third_20Quarter_202021_20Results.pdf.txt
sea,2021 Q3 presentation,raw/sea/45c01d178b39_2021.11.16_20Sea_20Third_20Quarter_202021_20Results_20Deck.pdf.pdf,266245,f9e599b8fabab092c4b9ca50b831f296fe1ae2c7da3d8252f5a76d1aee4e1735,https://cdn.sea.com/webmain/static/resource/seagroup/website/investornews/3Q2021/8cedKv6Ir8rbcPLPT91S/2021.11.16%20Sea%20Third%20Quarter%202021%20Results%20Deck.pdf,https://www.sea.com/api/financial/resource,2026-09-09T05:37:52.475176+00:00,text/sea/45c01d178b39_2021.11.16_20Sea_20Third_20Quarter_202021_20Results_20Deck.pdf.txt
sea,2021 Q3 infographic,raw/sea/bcf5028c4987_2021.11.16_20Sea_20Third_20Quarter_202021_20Results_20Infographic.pdf.pdf,199861,59fc6f9db18ca03d90d6d817b353d5cff84356344de46f3c6a087e8144b7f1d4,https://cdn.sea.com/webmain/static/resource/seagroup/website/investornews/3Q2021/8cedKv6Ir8rbcPLPT91S/2021.11.16%20Sea%20Third%20Quarter%202021%20Results%20Infographic.pdf,https://www.sea.com/api/financial/resource,2026-09-09T05:37:52.700497+00:00,text/sea/bcf5028c4987_2021.11.16_20Sea_20Third_20Quarter_202021_20Results_20Infographic.pdf.txt
sea,2021 Q4 full_year_report,raw/sea/f8a524abdf1d_2022-04-22_20-_20Form_2020-F.pdf.pdf,1324619,bc23330187979abc828c3a88a719aa6f6d6193c03af447314f6e6785a8c58799,https://cdn.sea.com/webmain/static/resource/seagroup/pressrelease/2021AR/9OnCqBAnsNMu6SWhHzoP/2022-04-22%20-%20Form%2020-F.pdf,https://www.sea.com/api/financial/resource,2026-09-09T05:37:52.374647+00:00,text/sea/f8a524abdf1d_2022-04-22_20-_20Form_2020-F.pdf.txt
sea,2021 Q3 transcript,raw/sea/fc84e0c97f16_2021.11.16_20Sea_20Third_20Quarter_202021_20Earnings_20Call_20Transcript.pdf.pdf,130722,486dabd7051e4071c41ed52a8c1e28652c171c84026a401ae685b29665f9a242,https://cdn.sea.com/webmain/static/resource/seagroup/website/investornews/3Q2021/8cedKv6Ir8rbcPLPT91S/2021.11.16%20Sea%20Third%20Quarter%202021%20Earnings%20Call%20Transcript.pdf,https://www.sea.com/api/financial/resource,2026-09-09T05:37:52.991162+00:00,text/sea/fc84e0c97f16_2021.11.16_20Sea_20Third_20Quarter_202021_20Earnings_20Call_20Transcript.pdf.txt
sea,2021 Q2 presentation,raw/sea/6115dbb149ae_2021.08.17_20Sea_20Second_20Quarter_202021_20Results_20Deck.pdf.pdf,268883,e5b4b22938d4108460e0b62fb06d88a415ba4d9a4f72be58635cb4b617f3dfd2,https://cdn.sea.com/webmain/static/resource/seagroup/website/investornews/2Q2021/47wCdeAwhAgboSEWXvRo/2021.08.17%20Sea%20Second%20Quarter%202021%20Results%20Deck.pdf,https://www.sea.com/api/financial/resource,2026-09-09T05:37:53.266719+00:00,text/sea/6115dbb149ae_2021.08.17_20Sea_20Second_20Quarter_202021_20Results_20Deck.pdf.txt
sea,2021 Q2 infographic,raw/sea/52247dbf1d25_2021.08.17_20Sea_20Second_20Quarter_202021_20Results_20Infographic.pdf.pdf,205983,699a2d85d60ee9c4700ceb5a6c9531baea9bb14b998b463e515031b0a9044fee,https://cdn.sea.com/webmain/static/resource/seagroup/website/investornews/2Q2021/47wCdeAwhAgboSEWXvRo/2021.08.17%20Sea%20Second%20Quarter%202021%20Results%20Infographic.pdf,https://www.sea.com/api/financial/resource,2026-09-09T05:37:53.382829+00:00,text/sea/52247dbf1d25_2021.08.17_20Sea_20Second_20Quarter_202021_20Results_20Infographic.pdf.txt
sea,2021 Q2 transcript,raw/sea/18ee2defc7cd_2021.08.17_20Sea_20Second_20Quarter_202021_20Earnings_20Call_20Transcript.pdf.pdf,130295,bbfe5906295dda4ff511bf2cb03c432682bed950e5c8a3339f80b9eed96c7b91,https://cdn.sea.com/webmain/static/resource/seagroup/website/investornews/2Q2021/47wCdeAwhAgboSEWXvRo/2021.08.17%20Sea%20Second%20Quarter%202021%20Earnings%20Call%20Transcript.pdf,https://www.sea.com/api/financial/resource,2026-09-09T05:37:53.540736+00:00,text/sea/18ee2defc7cd_2021.08.17_20Sea_20Second_20Quarter_202021_20Earnings_20Call_20Transcript.pdf.txt
sea,2021 Q2 press_release,raw/sea/f795335ec54e_2021.08.17_20Sea_20Second_20Quarter_202021_20Results.pdf.pdf,361475,6132fef7f2dd2bf37b825e7b1b6692691a553842e3c44008383ab873cec7b55c,http://cdn.sea.com/webmain/static/resource/seagroup/website/investornews/2Q2021/47wCdeAwhAgboSEWXvRo/2021.08.17%20Sea%20Second%20Quarter%202021%20Results.pdf,https://www.sea.com/api/financial/resource,2026-09-09T05:37:52.994590+00:00,text/sea/f795335ec54e_2021.08.17_20Sea_20Second_20Quarter_202021_20Results.pdf.txt
sea,2021 Q1 press_release,raw/sea/4b7408ef89af_2021.05.18_20Sea_20First_20Quarter_202021_20Results.pdf.pdf,357089,81cc2a3d998218f978dd2f0a7d2dccfe16025fe9f2a516289af83429062b97e2,https://cdn.sea.com/webmain/static/resource/seagroup/website/investornews/1Q2021/yweIaI9GpS/2021.05.18%20Sea%20First%20Quarter%202021%20Results.pdf,https://www.sea.com/api/financial/resource,2026-09-09T05:37:53.756312+00:00,text/sea/4b7408ef89af_2021.05.18_20Sea_20First_20Quarter_202021_20Results.pdf.txt
sea,2021 Q1 presentation,raw/sea/52649c7002f9_2021.05.18_20Sea_20First_20Quarter_202021_20Results_20Deck.pdf.pdf,273780,bdf5ffbac2c9061ccb6d64b83398592ffd63ed4942ace1e55f0406c425bb7a3c,https://cdn.sea.com/webmain/static/resource/seagroup/website/investornews/1Q2021/yweIaI9GpS/2021.05.18%20Sea%20First%20Quarter%202021%20Results%20Deck.pdf,https://www.sea.com/api/financial/resource,2026-09-09T05:37:53.866486+00:00,text/sea/52649c7002f9_2021.05.18_20Sea_20First_20Quarter_202021_20Results_20Deck.pdf.txt
sea,2021 Q1 infographic,raw/sea/7aa42a1cb2d9_2021.05.18_20Sea_20First_20Quarter_202021_20Results_20Infographic.pdf.pdf,181509,c9df651dfb4404a115c166daa961059587f8d81a1c31ce9329e1ff5954eb6139,https://cdn.sea.com/webmain/static/resource/seagroup/website/investornews/1Q2021/yweIaI9GpS/2021.05.18%20Sea%20First%20Quarter%202021%20Results%20Infographic.pdf,https://www.sea.com/api/financial/resource,2026-09-09T05:37:54.012140+00:00,text/sea/7aa42a1cb2d9_2021.05.18_20Sea_20First_20Quarter_202021_20Results_20Infographic.pdf.txt
sea,2021 Q1 transcript,raw/sea/12d31c0912de_2021.05.18_20Sea_20First_20Quarter_202021_20Earnings_20Call_20Transcript.pdf.pdf,123808,9544e10610e5fc3a63f630430fa6fc0eaecd2f3202fd464b727aae37a34de5bd,https://cdn.sea.com/webmain/static/resource/seagroup/website/investornews/1Q2021/yweIaI9GpS/2021.05.18%20Sea%20First%20Quarter%202021%20Earnings%20Call%20Transcript.pdf,https://www.sea.com/api/financial/resource,2026-09-09T05:37:54.262085+00:00,text/sea/12d31c0912de_2021.05.18_20Sea_20First_20Quarter_202021_20Earnings_20Call_20Transcript.pdf.txt
sea,2020 Q4 press_release,raw/sea/78ff8c774aea_2021.03.02_20Sea_20Fourth_20Quarter_20and_20Full_20Year_202020_20Results.pdf.pdf,446169,20126ac38a0a3d459558615dc7236cd3dd034171004c59e6ad902bf1fe672682,https://cdn.sea.com/webmain/static/resource/seagroup/website/investornews/4Q2020/khiWHUxulNOmaecf/2021.03.02%20Sea%20Fourth%20Quarter%20and%20Full%20Year%202020%20Results.pdf,https://www.sea.com/api/financial/resource,2026-09-09T05:37:54.296546+00:00,text/sea/78ff8c774aea_2021.03.02_20Sea_20Fourth_20Quarter_20and_20Full_20Year_202020_20Results.pdf.txt
sea,2020 Q4 infographic,raw/sea/a2549b033c6b_2021.03.02_20Sea_20Fourth_20Quarter_20and_20Full_20Year_202020_20Results_20Infographic.pdf.pdf,256881,8496cec367aab66160b62e4d83b375708b057e7775ecd2957ae0c66f9540a1d3,https://cdn.sea.com/webmain/static/resource/seagroup/website/investornews/4Q2020/khiWHUxulNOmaecf/2021.03.02%20Sea%20Fourth%20Quarter%20and%20Full%20Year%202020%20Results%20Infographic.pdf,https://www.sea.com/api/financial/resource,2026-09-09T05:37:54.506555+00:00,text/sea/a2549b033c6b_2021.03.02_20Sea_20Fourth_20Quarter_20and_20Full_20Year_202020_20Results_20Infographic.pdf.txt
sea,2020 Q4 presentation,raw/sea/255728726595_2021.03.02_20Sea_20Fourth_20Quarter_20and_20Full_20Year_202020_20Results_20Deck.pdf.pdf,1533790,ea9bc15fe8d05158ec8212c4f95376deca7fc1b64b72f8631f7fa63d01e05c6d,https://cdn.sea.com/webmain/static/resource/seagroup/website/investornews/4Q2020/khiWHUxulNOmaecf/2021.03.02%20Sea%20Fourth%20Quarter%20and%20Full%20Year%202020%20Results%20Deck.pdf,https://www.sea.com/api/financial/resource,2026-09-09T05:37:54.361706+00:00,text/sea/255728726595_2021.03.02_20Sea_20Fourth_20Quarter_20and_20Full_20Year_202020_20Results_20Deck.pdf.txt
sea,2020 Q4 transcript,raw/sea/105abffb210d_2021.03.02_20Sea_20Fourth_20Quarter_20and_20Full_20Year_202020_20Earnings_20Call_20Transcript.p.pdf,129256,61efc47bd9232e9f03b6f875c0098b3ffd83ae64b2298831e45a7d0e0e8bf01e,https://cdn.sea.com/webmain/static/resource/seagroup/website/investornews/4Q2020/JJR7uL3b2LJAPKLl/2021.03.02%20Sea%20Fourth%20Quarter%20and%20Full%20Year%202020%20Earnings%20Call%20Transcript.pdf,https://www.sea.com/api/financial/resource,2026-09-09T05:37:54.717593+00:00,text/sea/105abffb210d_2021.03.02_20Sea_20Fourth_20Quarter_20and_20Full_20Year_202020_20Earnings_20Call_20Transcript.p.txt
sea,2020 Q3 presentation,raw/sea/2b96cab3f7fc_2020.11.17_20Sea_20Third_20Quarter_202020_20Results_20Deck..pdf.pdf,283044,bc86302a166cbeb8afd5dbe8ff48374a7d1911fb9ea3f993f235ded94101dbd6,https://cdn.sea.com/webmain/static/resource/seagroup/website/investornews/3Q2020/2020.11.17%20Sea%20Third%20Quarter%202020%20Results%20Deck..pdf,https://www.sea.com/api/financial/resource,2026-09-09T05:37:55.038392+00:00,text/sea/2b96cab3f7fc_2020.11.17_20Sea_20Third_20Quarter_202020_20Results_20Deck..pdf.txt
sea,2020 Q3 press_release,raw/sea/e89e948ab40e_2020.11.17_20Sea_20Third_20Quarter_202020_20Results..pdf.pdf,359540,4549362439f6e8d96397a11b17b9aad55b504ba0adf94c061a0f88f93689d583,https://cdn.sea.com/webmain/static/resource/seagroup/website/investornews/3Q2020/2020.11.17%20Sea%20Third%20Quarter%202020%20Results..pdf,https://www.sea.com/api/financial/resource,2026-09-09T05:37:55.002350+00:00,text/sea/e89e948ab40e_2020.11.17_20Sea_20Third_20Quarter_202020_20Results..pdf.txt
sea,2020 Q3 infographic,raw/sea/909ff5cdb1ae_2020-11-17_20Sea_20Third_20Quarter_202020_20Results_20Infographic..pdf.pdf,369406,3540752b1ee501a74665c7b1e06ce49e2ce87b0f05cb8d5538174c09d50bce7c,https://cdn.sea.com/webmain/static/resource/seagroup/website/investornews/3Q2020/2020-11-17%20Sea%20Third%20Quarter%202020%20Results%20Infographic..pdf,https://www.sea.com/api/financial/resource,2026-09-09T05:37:55.173857+00:00,text/sea/909ff5cdb1ae_2020-11-17_20Sea_20Third_20Quarter_202020_20Results_20Infographic..pdf.txt
sea,2020 Q4 full_year_report,raw/sea/11332dfe2468_2021-04-16_20-_20Form_2020-F.pdf.pdf,1369492,ccf08c02916a437549c1ef41d20c236654ee6154bdf25e6565b3d3d31211cf94,https://cdn.sea.com/webmain/static/resource/seagroup/pressrelease/2021-04-17%20Sea%20Limited%20Files%20Annual%20Report%20on%20Form%2020-F/2021-04-16%20-%20Form%2020-F.pdf,https://www.sea.com/api/financial/resource,2026-09-09T05:37:54.865705+00:00,text/sea/11332dfe2468_2021-04-16_20-_20Form_2020-F.pdf.txt
sea,2020 Q3 transcript,raw/sea/be706be6ffc7_2020-11-17_20Sea_20Third_20Quarter_202020_20Earnings_20Call_20Transcript.pdf.pdf,119100,1ae953c3f702290a9d827582eba864b4696eeeeedb84cf6b8b4c93cbcbe983e1,https://cdn.sea.com/webmain/static/resource/seagroup/website/investornews/3Q2020/2020-11-17%20Sea%20Third%20Quarter%202020%20Earnings%20Call%20Transcript.pdf,https://www.sea.com/api/financial/resource,2026-09-09T05:37:55.518978+00:00,text/sea/be706be6ffc7_2020-11-17_20Sea_20Third_20Quarter_202020_20Earnings_20Call_20Transcript.pdf.txt
sea,2020 Q2 press_release,raw/sea/2962b4c7c585_2020-08-18_20Sea_20Second_20Quarter_202020_20Results.pdf.pdf,401316,2d43a78f74627d39a5e2db6aa61b82e1db1b102f8e026d7605ec1db97b1358b4,https://cdn.sea.com/webmain/static/resource/seagroup/pressrelease/2020-08-18%20Sea%20Second%20Quarter%202020%20Results.pdf,https://www.sea.com/api/financial/resource,2026-09-09T05:37:55.534622+00:00,text/sea/2962b4c7c585_2020-08-18_20Sea_20Second_20Quarter_202020_20Results.pdf.txt
sea,2020 Q2 presentation,raw/sea/feaea6fa2d7e_2020-08-18_20Sea_20Second_20Quarter_202020_20Results_20Deck.pdf.pdf,364840,8a836364b0a0a7e2fdc0ec0d351fe90425195d0e37d25255e2ec9abb6ecc9354,https://cdn.sea.com/webmain/static/resource/seagroup/presentation/2020-08-18%20Sea%20Second%20Quarter%202020%20Results%20Deck.pdf,https://www.sea.com/api/financial/resource,2026-09-09T05:37:55.678098+00:00,text/sea/feaea6fa2d7e_2020-08-18_20Sea_20Second_20Quarter_202020_20Results_20Deck.pdf.txt
sea,2020 Q2 infographic,raw/sea/9647336606b5_2020-08-18_20Sea_20Second_20Quarter_202020_20Results_20Infographic.pdf.pdf,374674,8fe52db52384f8f332a2e52f230c72745be354c643bbfb1df51d3700b7829883,https://cdn.sea.com/webmain/static/resource/seagroup/infographic/2020-08-18%20Sea%20Second%20Quarter%202020%20Results%20Infographic.pdf,https://www.sea.com/api/financial/resource,2026-09-09T05:37:55.881210+00:00,text/sea/9647336606b5_2020-08-18_20Sea_20Second_20Quarter_202020_20Results_20Infographic.pdf.txt
sea,2020 Q2 transcript,raw/sea/e404e93452b8_2020-08-18_20Sea_20Second_20Quarter_202020_20Earnings_20Call_20Transcript.pdf.pdf,143164,29275dc92851a9ed36ceb80901458c48489944d29cad166a1dc1fabd0d5f00f9,https://cdn.sea.com/webmain/static/resource/seagroup/transcript/2020-08-18%20Sea%20Second%20Quarter%202020%20Earnings%20Call%20Transcript.pdf,https://www.sea.com/api/financial/resource,2026-09-09T05:37:55.974817+00:00,text/sea/e404e93452b8_2020-08-18_20Sea_20Second_20Quarter_202020_20Earnings_20Call_20Transcript.pdf.txt
sea,2020 Q1 press_release,raw/sea/1eb1317ab4ed_2020-05-18_20Sea_20First_20Quarter_202020_20Results.pdf.pdf,378502,524c6cd5fed832e2728d34815d6a8006c11cca43f62cd4afa695488e82b55fb1,https://cdn.sea.com/webmain/static/resource/seagroup/pressrelease/2020-05-18%20Sea%20First%20Quarter%202020%20Results.pdf,https://www.sea.com/api/financial/resource,2026-09-09T05:37:56.044409+00:00,text/sea/1eb1317ab4ed_2020-05-18_20Sea_20First_20Quarter_202020_20Results.pdf.txt
sea,2020 Q1 presentation,raw/sea/becdb79f70fc_2020-05-18_20Sea_20First_20Quarter_202020_20Results_20Deck.pdf.pdf,354258,564336171228111f52784ee7d82bb5cd87c703c47425129cbae9dd7cf046c4ed,https://cdn.sea.com/webmain/static/resource/seagroup/presentation/2020-05-18%20Sea%20First%20Quarter%202020%20Results%20Deck.pdf,https://www.sea.com/api/financial/resource,2026-09-09T05:37:56.232261+00:00,text/sea/becdb79f70fc_2020-05-18_20Sea_20First_20Quarter_202020_20Results_20Deck.pdf.txt
sea,2020 Q1 transcript,raw/sea/a8eb737fa2dc_2020-05-18_20Sea_20First_20Quarter_202020_20Earnings_20Call_20Transcript_20.pdf.pdf,136994,d3095fb58d91c68e981049f35bee2f6bcbf93613f21da06f070a3c2f26d52f3e,https://cdn.sea.com/webmain/static/resource/seagroup/transcript/2020-05-18%20Sea%20First%20Quarter%202020%20Earnings%20Call%20Transcript%20.pdf,https://www.sea.com/api/financial/resource,2026-09-09T05:37:56.463386+00:00,text/sea/a8eb737fa2dc_2020-05-18_20Sea_20First_20Quarter_202020_20Earnings_20Call_20Transcript_20.pdf.txt
sea,2020 Q1 infographic,raw/sea/b139f003a2f1_2020-05-18_20Sea_20First_20Quarter_202020_20Results_20Infographic.pdf.pdf,366339,3061a2d408505a0eb27d709875d55156039ebc8f89562e185b1b9be6ab84e265,https://cdn.sea.com/webmain/static/resource/seagroup/infographic/2020-05-18%20Sea%20First%20Quarter%202020%20Results%20Infographic.pdf,https://www.sea.com/api/financial/resource,2026-09-09T05:37:56.397070+00:00,text/sea/b139f003a2f1_2020-05-18_20Sea_20First_20Quarter_202020_20Results_20Infographic.pdf.txt
sea,2019 Q4 transcript,raw/sea/cbab413150ca_2020-03-03_20Sea_20Fourth_20Quarter_20and_20Full_20Year_202019_20Earnings_20Call_20Transcript.p.pdf,131273,1e971f56ddf056776eadd16535b10ea04d393749545b7c844fe83d0ab8490304,https://cdn.seagroup.com/webmain/static/resource/seagroup/press/2020-03-03%20Sea%20Fourth%20Quarter%20and%20Full%20Year%202019%20Earnings%20Call%20Transcript.pdf,https://www.sea.com/api/financial/resource,2026-09-09T05:37:56.975143+00:00,text/sea/cbab413150ca_2020-03-03_20Sea_20Fourth_20Quarter_20and_20Full_20Year_202019_20Earnings_20Call_20Transcript.p.txt
sea,2019 Q4 infographic,raw/sea/f50f4c8c22ff_2020-03-03_20Sea_20Fourth_20Quarter_20and_20Full_20Year_202019_20Results_20Infographic_20.pdf.pdf,437119,548c5f7728ab83bf9d291ee1c4504a522fbb6d7839c0855721d61c72e089ebb5,https://cdn.seagroup.com/webmain/static/resource/seagroup/press/2020-03-03%20Sea%20Fourth%20Quarter%20and%20Full%20Year%202019%20Results%20Infographic%20.pdf,https://www.sea.com/api/financial/resource,2026-09-09T05:37:56.972956+00:00,text/sea/f50f4c8c22ff_2020-03-03_20Sea_20Fourth_20Quarter_20and_20Full_20Year_202019_20Results_20Infographic_20.pdf.txt
sea,2019 Q3 press_release,raw/sea/7b74385d3169_2019-11-12_20Sea_20Third_20Quarter_202019_20Results_20.pdf.pdf,372699,7afa20cf91bc263e8c6883c4df3d1e2b50adc61461d9bde426e3b3d1ca59c9c7,https://cdn.seagroup.com/webmain/static/resource/seagroup/press/2019-11-12%20Sea%20Third%20Quarter%202019%20Results%20.pdf,https://www.sea.com/api/financial/resource,2026-09-09T05:37:57.590746+00:00,text/sea/7b74385d3169_2019-11-12_20Sea_20Third_20Quarter_202019_20Results_20.pdf.txt
sea,2019 Q4 full_year_report,raw/sea/770616d596bd_2020-04-14_20-_20Form_2020-F.PDF.pdf,1512372,bec56074fe6dae92bc05437f6da53a75f02fe572f0f0f26fa21b67bce2e3bf5f,https://cdn.seagroup.com/webmain/static/resource/seagroup/press/2020-04-14%20-%20Form%2020-F.PDF,https://www.sea.com/api/financial/resource,2026-09-09T05:37:57.497099+00:00,text/sea/770616d596bd_2020-04-14_20-_20Form_2020-F.PDF.txt
sea,2019 Q4 presentation,raw/sea/c683708f28b0_2020-03-03_20Sea_20Fourth_20Quarter_20and_20Full_20Year_202019_20Results_20Deck_20.pdf.pdf,662617,64d45d148e5be30cbca91d7e04c0b7dee79054e33eed8add0be29f95f3177ca6,https://cdn.seagroup.com/webmain/static/resource/seagroup/press/2020-03-03%20Sea%20Fourth%20Quarter%20and%20Full%20Year%202019%20Results%20Deck%20.pdf,https://www.sea.com/api/financial/resource,2026-09-09T05:37:56.728676+00:00,text/sea/c683708f28b0_2020-03-03_20Sea_20Fourth_20Quarter_20and_20Full_20Year_202019_20Results_20Deck_20.pdf.txt
sea,2019 Q4 press_release,raw/sea/ff681d2f2c37_2020-03-03_20Sea_20Fourth_20Quarter_20and_20Full_20Year_202019_20Results.pdf.pdf,498722,6529eff627bb91d3320d5376820425926a8f9d589ef3eb24454fba6a472cd773,https://cdn.seagroup.com/webmain/static/resource/seagroup/press/2020-03-03%20Sea%20Fourth%20Quarter%20and%20Full%20Year%202019%20Results.pdf,https://www.sea.com/api/financial/resource,2026-09-09T05:37:56.594731+00:00,text/sea/ff681d2f2c37_2020-03-03_20Sea_20Fourth_20Quarter_20and_20Full_20Year_202019_20Results.pdf.txt
sea,2019 Q2 press_release,raw/sea/3de2c2319d35_2019-08-20_20Sea_20Second_20Quarter_202019_20Results.pdf.pdf,605954,edf9138a594469264d047373885392b092468ec0105774bbcc1e778871682f82,https://cdn.seagroup.com/webmain/static/resource/seagroup/pressrelease/2019-08-20%20Sea%20Second%20Quarter%202019%20Results.pdf,https://www.sea.com/api/financial/resource,2026-09-09T05:37:59.657419+00:00,text/sea/3de2c2319d35_2019-08-20_20Sea_20Second_20Quarter_202019_20Results.pdf.txt
sea,2019 Q2 presentation,raw/sea/28496b35fc51_2019-08-20_20Sea_20Second_20Quarter_202019_20Results_20Deck.pdf.pdf,741962,717c43cb9a445c89d814942e237abb86fbb3f0d1f04fa8b9f1b39ecf716d7abd,https://cdn.seagroup.com/webmain/static/resource/seagroup/presentation/2019-08-20%20Sea%20Second%20Quarter%202019%20Results%20Deck.pdf,https://www.sea.com/api/financial/resource,2026-09-09T05:38:00.291441+00:00,text/sea/28496b35fc51_2019-08-20_20Sea_20Second_20Quarter_202019_20Results_20Deck.pdf.txt
sea,2019 Q3 transcript,raw/sea/ac27fca4a833_2019-11-12_20Sea_20Third_20Quarter_202019_20Earnings_20Call_20Transcript_20.pdf.pdf,113195,b849b60c5285c485152382a1aecd718db4af2d601f09bf6f69521bd9b3cc848d,https://cdn.seagroup.com/webmain/static/resource/seagroup/press/2019-11-12%20Sea%20Third%20Quarter%202019%20Earnings%20Call%20Transcript%20.pdf,https://www.sea.com/api/financial/resource,2026-09-09T05:37:59.628744+00:00,text/sea/ac27fca4a833_2019-11-12_20Sea_20Third_20Quarter_202019_20Earnings_20Call_20Transcript_20.pdf.txt
sea,2019 Q3 presentation,raw/sea/26193906d4d5_2019-11-12_20Sea_20Third_20Quarter_202019_20Results_20Deck.pdf.pdf,468653,118ef86199cab60e5f7052c3cb056ff6c0bf356fd1c50c62964cf732cd6b70e6,https://cdn.seagroup.com/webmain/static/resource/seagroup/pressrelease/2019-11-12%20Sea%20Third%20Quarter%202019%20Results%20Deck.pdf,https://www.sea.com/api/financial/resource,2026-09-09T05:37:58.367439+00:00,text/sea/26193906d4d5_2019-11-12_20Sea_20Third_20Quarter_202019_20Results_20Deck.pdf.txt
sea,2019 Q3 infographic,raw/sea/df93fd2e0621_2019-11-12_20Sea_20Third_20Quarter_202019_20Infographic.pdf.pdf,146853,492b812fb1990b41007368d1fc33c37f903ed4f17f0775330f82d88c9a55ca75,https://cdn.seagroup.com/webmain/static/resource/seagroup/pressrelease/2019-11-12%20Sea%20Third%20Quarter%202019%20Infographic.pdf,https://www.sea.com/api/financial/resource,2026-09-09T05:37:59.563252+00:00,text/sea/df93fd2e0621_2019-11-12_20Sea_20Third_20Quarter_202019_20Infographic.pdf.txt
sea,2019 Q2 infographic,raw/sea/8284ea4c362d_2019-08-20_20Sea_20Second_20Quarter_202019_20Infographic.pdf.pdf,1251831,2aabb50bd4c40941986b076274cde0b6e7ed7556531eabb7563e0cf08e7603d3,https://cdn.seagroup.com/webmain/static/resource/seagroup/infographic/2019-08-20%20Sea%20Second%20Quarter%202019%20Infographic.pdf,https://www.sea.com/api/financial/resource,2026-09-09T05:38:00.854710+00:00,text/sea/8284ea4c362d_2019-08-20_20Sea_20Second_20Quarter_202019_20Infographic.pdf.txt
sea,2019 Q2 transcript,raw/sea/3e374bb0ccd1_2019-08-20_20Sea_20Second_20Quarter_202019_20Earnings_20Call_20Transcript.pdf.pdf,273404,75036a3b2f19b54e8f311664b48f5a729210fb23f4a02f5cd7773d2811e7f1b7,https://cdn.seagroup.com/webmain/static/resource/seagroup/transcript/2019-08-20%20Sea%20Second%20Quarter%202019%20Earnings%20Call%20Transcript.pdf,https://www.sea.com/api/financial/resource,2026-09-09T05:38:01.149312+00:00,text/sea/3e374bb0ccd1_2019-08-20_20Sea_20Second_20Quarter_202019_20Earnings_20Call_20Transcript.pdf.txt
sea,2019 Q1 press_release,raw/sea/b2331d54c0a3_2019-05-22_20Sea_20First_20Quarter_202019_20Results.pdf.pdf,608959,565d324886c4a2f6b910d09b88885e920f58fd33ca0b8e774be54295b57d1aad,https://cdn.seagroup.com/webmain/static/resource/seagroup/pressrelease/2019-05-22%20Sea%20First%20Quarter%202019%20Results.pdf,https://www.sea.com/api/financial/resource,2026-09-09T05:38:01.209714+00:00,text/sea/b2331d54c0a3_2019-05-22_20Sea_20First_20Quarter_202019_20Results.pdf.txt
sea,2019 Q1 infographic,raw/sea/7baac4166644_2019-05-22_20Sea_20First_20Quarter_202019_20Results_20Infographic.pdf.pdf,634210,13ec8f2b6d4787a087f6ff8f9c5f5615dcc4b913b215667f5105f08009773ecb,https://cdn.seagroup.com/webmain/static/resource/seagroup/infographic/2019-05-22%20Sea%20First%20Quarter%202019%20Results%20Infographic.pdf,https://www.sea.com/api/financial/resource,2026-09-09T05:38:01.562014+00:00,text/sea/7baac4166644_2019-05-22_20Sea_20First_20Quarter_202019_20Results_20Infographic.pdf.txt
sea,2019 Q1 transcript,raw/sea/1ee80265ef46_2019-05-22_20Sea_20First_20Quarter_202019_20Earnings_20Call_20Transcript.pdf.pdf,290121,09b6d0f86a37168fa1e356c56cbd9449990cf64b33ee431a771c60bae63f7885,https://cdn.seagroup.com/webmain/static/resource/seagroup/transcript/2019-05-22%20Sea%20First%20Quarter%202019%20Earnings%20Call%20Transcript.pdf,https://www.sea.com/api/financial/resource,2026-09-09T05:38:01.905036+00:00,text/sea/1ee80265ef46_2019-05-22_20Sea_20First_20Quarter_202019_20Earnings_20Call_20Transcript.pdf.txt
sea,2018 Q4 presentation,raw/sea/49d5b7fca08f_2019-02-27_20Sea_20Fourth_20Quarter_20and_20Full_20Year_202018_20Results_20Deck.pdf.pdf,549268,67ebaf1eb4a4ea87092b834002ab71b9906f2cc103a4e5211b0a32bff91f4dc8,https://cdn.seagroup.com/webmain/static/resource/seagroup/press/2019-02-27%20Sea%20Fourth%20Quarter%20and%20Full%20Year%202018%20Results%20Deck.pdf,https://www.sea.com/api/financial/resource,2026-09-09T05:38:02.203724+00:00,text/sea/49d5b7fca08f_2019-02-27_20Sea_20Fourth_20Quarter_20and_20Full_20Year_202018_20Results_20Deck.pdf.txt
sea,2019 Q1 presentation,raw/sea/3cd73cf633d7_2019-05-22_20Sea_20First_20Quarter_202019_20Results_20Deck.pdf.pdf,732434,a3d1289181b13fed80e254cb70011bc4f2155293bdf3e66070f3fff570db4d4a,https://cdn.seagroup.com/webmain/static/resource/seagroup/presentation/2019-05-22%20Sea%20First%20Quarter%202019%20Results%20Deck.pdf,https://www.sea.com/api/financial/resource,2026-09-09T05:38:01.298139+00:00,text/sea/3cd73cf633d7_2019-05-22_20Sea_20First_20Quarter_202019_20Results_20Deck.pdf.txt
sea,2018 Q4 infographic,raw/sea/d05c3cb6e123_Sea_204Q_20and_20FY2018_20Results_20Infographic.pdf.pdf,5364094,b250526e1160eb6b849332a986426dfda4d779515c64722f4c4d94cfcfcb3e64,https://cdn.seagroup.com/webmain/static/resource/seagroup/infographic/Sea%204Q%20and%20FY2018%20Results%20Infographic.pdf,https://www.sea.com/api/financial/resource,2026-09-09T05:38:02.479190+00:00,text/sea/d05c3cb6e123_Sea_204Q_20and_20FY2018_20Results_20Infographic.pdf.txt
sea,2018 Q4 press_release,raw/sea/887a5af29192_2019-02-27_20Sea_20Fourth_20Quarter_20and_20Full_20Year_202018_20Results.pdf.pdf,729741,8665c5d70e4129d70f8ebbd4865f59c5811e80581cc0b77639d78324cf082e2a,https://cdn.seagroup.com/webmain/static/resource/seagroup/pressrelease/2019-02-27%20Sea%20Fourth%20Quarter%20and%20Full%20Year%202018%20Results.pdf,https://www.sea.com/api/financial/resource,2026-09-09T05:38:02.001452+00:00,text/sea/887a5af29192_2019-02-27_20Sea_20Fourth_20Quarter_20and_20Full_20Year_202018_20Results.pdf.txt
sea,2018 Q3 press_release,raw/sea/6706f88db94e_2018-11-21_20_20-_20Sea_20Third_20Quarter_202018_20Results.pdf.pdf,592440,121f8c0d843de38c9ec7a9be3963fb261d0939315fe4c526aaf85a30be2bc269,https://cdn.seagroup.com/webmain/static/resource/seagroup/press/2018-11-21%20%20-%20Sea%20Third%20Quarter%202018%20Results.pdf,https://www.sea.com/api/financial/resource,2026-09-09T05:38:03.597820+00:00,text/sea/6706f88db94e_2018-11-21_20_20-_20Sea_20Third_20Quarter_202018_20Results.pdf.txt
sea,2018 Q3 presentation,raw/sea/2553538df180_2018-11-21_20-_20Sea_20Third_20Quarter_202018_20Results_20Deck.pdf.pdf,563577,7fb2b8c4b0ef61390e42d68435443a2409be810fe3086d1be8df97e8893a74d7,https://cdn.seagroup.com/webmain/static/resource/seagroup/press/2018-11-21%20-%20Sea%20Third%20Quarter%202018%20Results%20Deck.pdf,https://www.sea.com/api/financial/resource,2026-09-09T05:38:03.683149+00:00,text/sea/2553538df180_2018-11-21_20-_20Sea_20Third_20Quarter_202018_20Results_20Deck.pdf.txt
sea,2018 Q4 transcript,raw/sea/f94433e34cd6_2019-02-27_20Sea_20Fourth_20Quarter_20and_20Full_20Year_202018_20Earnings_20Call_20Transcipt.pd.pdf,353287,c8fd84a3e1a4cbbb6321feb9b0bac6bd8ea3a8e0b797c9821f1f97604306f9ec,https://cdn.seagroup.com/webmain/static/resource/seagroup/transcript/2019-02-27%20Sea%20Fourth%20Quarter%20and%20Full%20Year%202018%20Earnings%20Call%20Transcipt.pdf,https://www.sea.com/api/financial/resource,2026-09-09T05:38:02.744810+00:00,text/sea/f94433e34cd6_2019-02-27_20Sea_20Fourth_20Quarter_20and_20Full_20Year_202018_20Earnings_20Call_20Transcipt.pd.txt
sea,2018 Q3 transcript,raw/sea/71b2807b0cc0_2018-11-21_20Sea_20Third_20Quarter_202018_20Earnings_20Call_20Transcript.pdf.pdf,287677,f2139a59c412a67583226351d64dc776342264b3d1631ed7c2e441edfd242d3f,https://cdn.seagroup.com/webmain/static/resource/seagroup/transcript/2018-11-21%20Sea%20Third%20Quarter%202018%20Earnings%20Call%20Transcript.pdf,https://www.sea.com/api/financial/resource,2026-09-09T05:38:04.214955+00:00,text/sea/71b2807b0cc0_2018-11-21_20Sea_20Third_20Quarter_202018_20Earnings_20Call_20Transcript.pdf.txt
sea,2018 Q3 infographic,raw/sea/53bbafdcb645_Sea_203Q_202018_20Results_20Infographic.pdf.pdf,930729,087a75fc340c3332c0c106bd173c28ad40050a31002cd46daa634ca3830693fe,https://cdn.seagroup.com/webmain/static/resource/seagroup/infographic/Sea%203Q%202018%20Results%20Infographic.pdf,https://www.sea.com/api/financial/resource,2026-09-09T05:38:04.175943+00:00,text/sea/53bbafdcb645_Sea_203Q_202018_20Results_20Infographic.pdf.txt
sea,2018 Q2 infographic,raw/sea/f479b4152efb_Sea_202Q_202018_20Results_20Infographic.pdf.pdf,1131112,1bd1e11ebc792b13e451e4a65830e102d5cd80ceb94ce43e97f6e8e3852e828b,https://cdn.seagroup.com/webmain/static/resource/seagroup/infographic/Sea%202Q%202018%20Results%20Infographic.pdf,https://www.sea.com/api/financial/resource,2026-09-09T05:38:04.766259+00:00,text/sea/f479b4152efb_Sea_202Q_202018_20Results_20Infographic.pdf.txt
sea,2018 Q2 presentation,raw/sea/ecc61e61ad0b_2018-08-22_20-_20Sea_20Second_20Quarter_202018_20Results_20Deck.pdf.pdf,598563,ec2e0794cbfab37a058f8bc0fe16fcd1891368b537642a820de8b934f16d6f16,https://cdn.seagroup.com/webmain/static/resource/seagroup/press/2018-08-22%20-%20Sea%20Second%20Quarter%202018%20Results%20Deck.pdf,https://www.sea.com/api/financial/resource,2026-09-09T05:38:04.745432+00:00,text/sea/ecc61e61ad0b_2018-08-22_20-_20Sea_20Second_20Quarter_202018_20Results_20Deck.pdf.txt
sea,2018 Q2 press_release,raw/sea/88182f891106_2018-08-22_20-_20Sea_20Second_20Quarter_202018_20Results.pdf.pdf,784213,6f15963540c70e3c8cfada7611f91395267d54bd9f53c4e4c9b22fb82dacfc4a,https://cdn.seagroup.com/webmain/static/resource/seagroup/press/2018-08-22%20-%20Sea%20Second%20Quarter%202018%20Results.pdf,https://www.sea.com/api/financial/resource,2026-09-09T05:38:04.344095+00:00,text/sea/88182f891106_2018-08-22_20-_20Sea_20Second_20Quarter_202018_20Results.pdf.txt
sea,2018 Q4 full_year_report,raw/sea/5e42f1da887b_2019-03-01_20-_20Form_2020-F.pdf.pdf,4616573,0ad0bea277e4ea2c7a376de829c5ec214da1027c7e48dcf72547e9fc56593f74,https://cdn.seagroup.com/webmain/static/resource/seagroup/press/2019-03-01%20-%20Form%2020-F.pdf,https://www.sea.com/api/financial/resource,2026-09-09T05:38:02.997058+00:00,text/sea/5e42f1da887b_2019-03-01_20-_20Form_2020-F.pdf.txt
sea,2018 Q2 transcript,raw/sea/fcf9c6db1cb3_2018-08-22_20Sea_20Second_20Quarter_202018_20Earnings_20Call_20Transcript.pdf.pdf,288304,3f9877b06b4fb77672039a1515f3b5050784e68f42fbcc7332beaa606527439d,https://cdn.seagroup.com/webmain/static/resource/seagroup/transcript/2018-08-22%20Sea%20Second%20Quarter%202018%20Earnings%20Call%20Transcript.pdf,https://www.sea.com/api/financial/resource,2026-09-09T05:38:05.575085+00:00,text/sea/fcf9c6db1cb3_2018-08-22_20Sea_20Second_20Quarter_202018_20Earnings_20Call_20Transcript.pdf.txt
sea,2018 Q1 press_release,raw/sea/70db9ca69f27_2018-05-16_20-_20Sea_20First_20Quarter_202018_20Results.pdf.pdf,717756,9cde09045188cb072d0447edf0800624e18af8a1fc350df3625bf824b39b1566,https://cdn.seagroup.com/webmain/static/resource/seagroup/press/2018-05-16%20-%20Sea%20First%20Quarter%202018%20Results.pdf,https://www.sea.com/api/financial/resource,2026-09-09T05:38:05.590662+00:00,text/sea/70db9ca69f27_2018-05-16_20-_20Sea_20First_20Quarter_202018_20Results.pdf.txt
sea,2018 Q1 presentation,raw/sea/8b7b238f7a89_2018-05-16_20-_20Sea_20First_20Quarter_202018_20Results_20Deck.pdf.pdf,599811,34fa9e2d0bff240eca7f424dd99884b9852c1df68cd217a215c0931ebc4477ca,https://cdn.seagroup.com/webmain/static/resource/seagroup/press/2018-05-16%20-%20Sea%20First%20Quarter%202018%20Results%20Deck.pdf,https://www.sea.com/api/financial/resource,2026-09-09T05:38:06.005021+00:00,text/sea/8b7b238f7a89_2018-05-16_20-_20Sea_20First_20Quarter_202018_20Results_20Deck.pdf.txt
sea,2018 Q1 infographic,raw/sea/0d31c81e0961_Sea_20Q12018_20Results_20Infographic.pdf.pdf,809836,aafac99497d512b55344816eb939e232bdcb12b3e34fde63bc3fe22beb0274ab,https://cdn.seagroup.com/webmain/static/resource/seagroup/infographic/Sea%20Q12018%20Results%20Infographic.pdf,https://www.sea.com/api/financial/resource,2026-09-09T05:38:06.081416+00:00,text/sea/0d31c81e0961_Sea_20Q12018_20Results_20Infographic.pdf.txt
sea,2018 Q1 transcript,raw/sea/38189cfa5dc7_2018-05-15_20Sea_20First_20Quarter_202018_20Earnings_20Call_20Transcript.pdf.pdf,290594,08f8c52c5e1343255bd3b60ce3d046980fcf72b3a7c9ad3a0569e995ff64f211,https://cdn.seagroup.com/webmain/static/resource/seagroup/transcript/2018-05-15%20Sea%20First%20Quarter%202018%20Earnings%20Call%20Transcript.pdf,https://www.sea.com/api/financial/resource,2026-09-09T05:38:06.087432+00:00,text/sea/38189cfa5dc7_2018-05-15_20Sea_20First_20Quarter_202018_20Earnings_20Call_20Transcript.pdf.txt
sea,2017 Q4 press_release,raw/sea/d149272a30b8_2018-02-28_20-_20Sea_20Fourth_20Quarter_20and_20Full_20Year_202017_20Results.pdf.pdf,934834,40667c5b99d1826aa8593d2e555fbe95c8fc11b68f5e42981f8f5cba8e764617,https://cdn.seagroup.com/webmain/static/resource/seagroup/press/2018-02-28%20-%20Sea%20Fourth%20Quarter%20and%20Full%20Year%202017%20Results.pdf,https://www.sea.com/api/financial/resource,2026-09-09T05:38:06.462066+00:00,text/sea/d149272a30b8_2018-02-28_20-_20Sea_20Fourth_20Quarter_20and_20Full_20Year_202017_20Results.pdf.txt
sea,2017 Q4 presentation,raw/sea/50ba30905a6b_2018-02-28_20-_20Sea_20Fourth_20Quarter_20and_20Full_20Year_202017_20Results_20Deck.pdf.pdf,588369,589010a62a9cef92f55059747b923232cedeba2379517fcb478b3cb40f1263ee,https://cdn.seagroup.com/webmain/static/resource/seagroup/press/2018-02-28%20-%20Sea%20Fourth%20Quarter%20and%20Full%20Year%202017%20Results%20Deck.pdf,https://www.sea.com/api/financial/resource,2026-09-09T05:38:06.553750+00:00,text/sea/50ba30905a6b_2018-02-28_20-_20Sea_20Fourth_20Quarter_20and_20Full_20Year_202017_20Results_20Deck.pdf.txt
sea,2017 Q4 infographic,raw/sea/f62f31cb2741_Sea_20Q4_20and_20FY2017_20Results_20Infographic.pdf.pdf,923833,b6aed381f2af9b31e85953253c8ae61d2c37269ff6437c788e7f37e7f3c589b4,https://cdn.seagroup.com/webmain/static/resource/seagroup/infographic/Sea%20Q4%20and%20FY2017%20Results%20Infographic.pdf,https://www.sea.com/api/financial/resource,2026-09-09T05:38:06.610532+00:00,text/sea/f62f31cb2741_Sea_20Q4_20and_20FY2017_20Results_20Infographic.pdf.txt
sea,2017 Q4 transcript,raw/sea/2fe0c38fbaa2_2018-02-28_20Sea_20Fourth_20Quarter_20and_20Full_20Year_202017_20Earnings_20Call_20Transcript.p.pdf,295145,fab3507751979619a77b4cf15251fce1d7fe7056482de5d411e7f9db40377ee9,https://cdn.seagroup.com/webmain/static/resource/seagroup/transcript/2018-02-28%20Sea%20Fourth%20Quarter%20and%20Full%20Year%202017%20Earnings%20Call%20Transcript.pdf,https://www.sea.com/api/financial/resource,2026-09-09T05:38:06.641138+00:00,text/sea/2fe0c38fbaa2_2018-02-28_20Sea_20Fourth_20Quarter_20and_20Full_20Year_202017_20Earnings_20Call_20Transcript.p.txt
sea,2017 Q3 presentation,raw/sea/c6389a39a662_2017-11-22_20-_20Sea_20Third_20Quarter_202017_20Results_20Deck..pdf.pdf,729122,c518eeecd72f6304aa3466d3ebe28e57a85cebd07bbb8f34d2e8bda928b728e4,https://cdn.seagroup.com/webmain/static/resource/seagroup/press/2017-11-22%20-%20Sea%20Third%20Quarter%202017%20Results%20Deck..pdf,https://www.sea.com/api/financial/resource,2026-09-09T05:38:07.207526+00:00,text/sea/c6389a39a662_2017-11-22_20-_20Sea_20Third_20Quarter_202017_20Results_20Deck..pdf.txt
sea,2017 Q4 full_year_report,raw/sea/ee903171ddfb_2018-04-11_20-_20Form_2020-F.pdf.pdf,1235266,9fa31010d259944cc4ad583ae7fcead96105ac0568666ca78232461e5b904059,https://cdn.seagroup.com/webmain/static/resource/seagroup/press/2018-04-11%20-%20Form%2020-F.pdf,https://www.sea.com/api/financial/resource,2026-09-09T05:38:07.075452+00:00,text/sea/ee903171ddfb_2018-04-11_20-_20Form_2020-F.pdf.txt
sea,2017 Q3 transcript,raw/sea/918568b44d90_2017-11-22_20Sea_20Third_20Quarter_202017_20Earnings_20Call_20Transcript.pdf.pdf,179461,dcc50d8223e973ab31ec779adba443a68e7d4835d36d2f0547bf0c2d260e23f3,https://cdn.seagroup.com/webmain/static/resource/seagroup/transcript/2017-11-22%20Sea%20Third%20Quarter%202017%20Earnings%20Call%20Transcript.pdf,https://www.sea.com/api/financial/resource,2026-09-09T05:38:07.991091+00:00,text/sea/918568b44d90_2017-11-22_20Sea_20Third_20Quarter_202017_20Earnings_20Call_20Transcript.pdf.txt
sea,2017 Q3 press_release,raw/sea/e1fdc974a135_2017-11-22_20-_20Sea_20Third_20Quarter_202017_20Results.pdf.pdf,643829,fb2c61b116aa5a6235472a2583d2cdd8f27d9acae06fe233cb6d8e21641cbe07,https://cdn.seagroup.com/webmain/static/resource/seagroup/press/2017-11-22%20-%20Sea%20Third%20Quarter%202017%20Results.pdf,https://www.sea.com/api/financial/resource,2026-09-09T05:38:07.115661+00:00,text/sea/e1fdc974a135_2017-11-22_20-_20Sea_20Third_20Quarter_202017_20Results.pdf.txt
sea,2017 Q3 infographic,raw/sea/6f6882a0123f_2017-11-Sea-Q3_20Results_20Infographic.pdf.pdf,9824136,8860caba5bd8820dadfb86f238dc4a8649de9b292e573f6330512c252215d3ed,https://cdn.seagroup.com/webmain/static/resource/seagroup/infographic/2017-11-Sea-Q3%20Results%20Infographic.pdf,https://www.sea.com/api/financial/resource,2026-09-09T05:38:07.442107+00:00,text/sea/6f6882a0123f_2017-11-Sea-Q3_20Results_20Infographic.pdf.txt
goto,Transcript,raw/goto/9db1706b40c3_GoTo_201Q_202022_20_20FY_202021_20Transcript.pdf.pdf,175614,d46c4425802a31ed0c7d05e4336e6298380f5793fe8a53a4d26ed126f27b67e7,https://content.goinfra.co.id/asts/goto/GoTo%201Q%202022%20&%20FY%202021%20Transcript.pdf,https://www.gotocompany.com/investor-relations/en/quarterly-results?year=2022&item=Q1,2026-09-09T05:38:08.265072+00:00,text/goto/9db1706b40c3_GoTo_201Q_202022_20_20FY_202021_20Transcript.pdf.txt
goto,Announcement,raw/goto/360a7bc86c95_GoTo_20to_20Announce_20Full_20Year_202021_20and_20First_20Quarter_202022_20Results.pdf.pdf,112013,e02f552529660dc2a03c9cb996cde58e627d85b9ae3ddb3e1aad5cdf4eb2b3f7,https://content.goinfra.co.id/asts/goto/financial/GoTo%20to%20Announce%20Full%20Year%202021%20and%20First%20Quarter%202022%20Results.pdf,https://www.gotocompany.com/investor-relations/en/quarterly-results?year=2022&item=Q1,2026-09-09T05:38:08.741956+00:00,text/goto/360a7bc86c95_GoTo_20to_20Announce_20Full_20Year_202021_20and_20First_20Quarter_202022_20Results.pdf.txt
goto,Transcript,raw/goto/c2a20b14a089_2022-Aug-30-GOTO.JK-Transcript.pdf.pdf,124941,6586b9e120cb5a1d5e0ce53df155c5a714fb5dad8f0a41ba996f780ee78fccc6,https://content.goinfra.co.id/asts/goto/2022-Aug-30-GOTO.JK-Transcript.pdf,https://www.gotocompany.com/investor-relations/en/quarterly-results?year=2022&item=Q2,2026-09-09T05:38:09.322522+00:00,text/goto/c2a20b14a089_2022-Aug-30-GOTO.JK-Transcript.pdf.txt
goto,Presentation,raw/goto/54b7fb23aaeb_GoTo_201Q_202022_20_20FY_202021_20Results.pdf.pdf,5006382,22a039a692bf1e0fd6ed1bcc539fe45ca6a820015caa819ddb5c83594a0ebc9d,https://content.goinfra.co.id/asts/goto/GoTo%201Q%202022%20&%20FY%202021%20Results.pdf,https://www.gotocompany.com/investor-relations/en/quarterly-results?year=2022&item=Q1,2026-09-09T05:38:08.535292+00:00,text/goto/54b7fb23aaeb_GoTo_201Q_202022_20_20FY_202021_20Results.pdf.txt
goto,Press Release,raw/goto/85c5c115b0a8_ENG_20Ver_20-_20Press_20Release_20-_20GoTo_20FY2021_20Q12022.pdf.pdf,478011,421860049deeab4d09599bd0e43aae2079fd71779976ec19fc727a5536498ab1,https://content.goinfra.co.id/asts/goto/ENG%20Ver%20-%20Press%20Release%20-%20GoTo%20FY2021%20Q12022.pdf,https://www.gotocompany.com/investor-relations/en/quarterly-results?year=2022&item=Q1,2026-09-09T05:38:09.088353+00:00,text/goto/85c5c115b0a8_ENG_20Ver_20-_20Press_20Release_20-_20GoTo_20FY2021_20Q12022.pdf.txt
goto,Consolidated Financial Statements,raw/goto/6a76b2a2949e_Consolidated_20Financial_20Statements_201Q_202022_20.pdf.pdf,2597580,b7ebf35e4506fc65b8c7ff9fb265b28416f069c530ed43a0a84d3ca765303027,https://content.goinfra.co.id/asts/Consolidated%20Financial%20Statements%201Q%202022%20.pdf,https://www.gotocompany.com/investor-relations/en/quarterly-results?year=2022&item=Q1,2026-09-09T05:38:09.259321+00:00,text/goto/6a76b2a2949e_Consolidated_20Financial_20Statements_201Q_202022_20.pdf.txt
goto,Press Release,raw/goto/381d71f78d01_GoTo_20Group_20-_20Reports_20Second_20Quarter_20and_20First_20Half_202022_20Financial_20Results.pdf,355109,a21f4df116daed97e99d7024ad52a29189eaeecb257a0be0613ff58fbed3f708,https://content.goinfra.co.id/asts/goto/GoTo%20Group%20-%20Reports%20Second%20Quarter%20and%20First%20Half%202022%20Financial%20Results.pdf,https://www.gotocompany.com/investor-relations/en/quarterly-results?year=2022&item=Q2,2026-09-09T05:38:10.401043+00:00,text/goto/381d71f78d01_GoTo_20Group_20-_20Reports_20Second_20Quarter_20and_20First_20Half_202022_20Financial_20Results.txt
goto,Presentation,raw/goto/1c5aeed07aad_GoTo_202Q_202022_20Results_updated.pdf.pdf,1319307,0d96bbf11bb1998246108e1ae26ef0a99ee77ef404d3c5e28aea4e9c8a7624bc,https://content.goinfra.co.id/asts/GoTo%202Q%202022%20Results_updated.pdf,https://www.gotocompany.com/investor-relations/en/quarterly-results?year=2022&item=Q2,2026-09-09T05:38:09.933802+00:00,text/goto/1c5aeed07aad_GoTo_202Q_202022_20Results_updated.pdf.txt
goto,Announcement,raw/goto/0c24406214eb_GoTo_20to_20Announce_20Second_20Quarter_202022_20Results.pdf.pdf,94107,8dd5e4097a33cac91dcf4ac7853f750d04c0114b833433121ad6df7f3c4c2393,https://content.goinfra.co.id/asts/GoTo%20to%20Announce%20Second%20Quarter%202022%20Results.pdf,https://www.gotocompany.com/investor-relations/en/quarterly-results?year=2022&item=Q2,2026-09-09T05:38:09.990423+00:00,text/goto/0c24406214eb_GoTo_20to_20Announce_20Second_20Quarter_202022_20Results.pdf.txt
goto,Transcript,raw/goto/77d883495bb8_2022-Nov-21-GOTO.JK-138804360644-Transcript.pdf.pdf,121806,f733a16528c8ad44c7fae0e4f1dcf3d07a3b5502c9cfd91962ed72db4791770c,https://content.goinfra.co.id/asts/2022-Nov-21-GOTO.JK-138804360644-Transcript.pdf,https://www.gotocompany.com/investor-relations/en/quarterly-results?year=2022&item=Q3,2026-09-09T05:38:11.230431+00:00,text/goto/77d883495bb8_2022-Nov-21-GOTO.JK-138804360644-Transcript.pdf.txt
goto,Press Release,raw/goto/a6b5ae279008_Press_20Release_20-_20GoTo_20Group_20Reports_20Third_20Quarter_202022_20Financial_20Results_Bil.pdf,356670,2bb804d72a968564c4eb694e5511163d240de0e379e42e1f468a39f52fff4564,https://content.goinfra.co.id/asts/Press%20Release%20-%20GoTo%20Group%20Reports%20Third%20Quarter%202022%20Financial%20Results_Bilingual.pdf,https://www.gotocompany.com/investor-relations/en/quarterly-results?year=2022&item=Q3,2026-09-09T05:38:11.788646+00:00,text/goto/a6b5ae279008_Press_20Release_20-_20GoTo_20Group_20Reports_20Third_20Quarter_202022_20Financial_20Results_Bil.txt
goto,Consolidated Financial Statements,raw/goto/ec2b5de3a6eb_GOTO_FS_30_20Juni_202022.pdf.pdf,2504735,b729a98cddb93dad1b8518e8002fc95c2a59682318e0df15728155e6fab7e165,https://content.goinfra.co.id/asts/goto/GOTO_FS_30%20Juni%202022.pdf,https://www.gotocompany.com/investor-relations/en/quarterly-results?year=2022&item=Q2,2026-09-09T05:38:10.847199+00:00,text/goto/ec2b5de3a6eb_GOTO_FS_30_20Juni_202022.pdf.txt
goto,Announcement,raw/goto/649110528e26_GoTo_20to_20Announce_20Third_20Quarter_202022_20Results.pdf.pdf,93159,327a3459e4709ad556997ae0e72f4f5a3fe1392eaea4a4c47457e130f1670f14,https://content.goinfra.co.id/asts/GoTo%20to%20Announce%20Third%20Quarter%202022%20Results.pdf,https://www.gotocompany.com/investor-relations/en/quarterly-results?year=2022&item=Q3,2026-09-09T05:38:11.513601+00:00,text/goto/649110528e26_GoTo_20to_20Announce_20Third_20Quarter_202022_20Results.pdf.txt
goto,Presentation,raw/goto/11c39ebf3eba_GoTo_203Q_202022_20Results_20_281_29.pdf.pdf,1114099,b8f96306ccfd0bed8df870222db46a8e4fafb80ffb83fa97ab3d194987b82874,https://content.goinfra.co.id/asts/GoTo%203Q%202022%20Results%20%281%29.pdf,https://www.gotocompany.com/investor-relations/en/quarterly-results?year=2022&item=Q3,2026-09-09T05:38:11.295305+00:00,text/goto/11c39ebf3eba_GoTo_203Q_202022_20Results_20_281_29.pdf.txt
goto,Transcript,raw/goto/adae27c78f97_2023-Mar-20-GOTO.JK-136918658127-Transcript.pdf.pdf,107588,01fca51dafc35ad8e7b5ebf51113ff98d262c7656226075c23f340b0055c11ce,https://content.goinfra.co.id/asts/2023-Mar-20-GOTO.JK-136918658127-Transcript.pdf,https://www.gotocompany.com/investor-relations/en/quarterly-results?year=2022&item=Q4,2026-09-09T05:38:12.901598+00:00,text/goto/adae27c78f97_2023-Mar-20-GOTO.JK-136918658127-Transcript.pdf.txt
goto,Announcement,raw/goto/9d7672c06798_GoTo_20to_20Announce_20Fourth_20Quarter_20and_20Full_20Year_202022_20Results_20_282_29.pdf.pdf,111288,fd2b7e3dc0e98e9b10cc2b8584896cb6ae58c3edd111ba97cc4fc5457b88346e,https://content.goinfra.co.id/asts/GoTo%20to%20Announce%20Fourth%20Quarter%20and%20Full%20Year%202022%20Results%20%282%29.pdf,https://www.gotocompany.com/investor-relations/en/quarterly-results?year=2022&item=Q4,2026-09-09T05:38:12.951140+00:00,text/goto/9d7672c06798_GoTo_20to_20Announce_20Fourth_20Quarter_20and_20Full_20Year_202022_20Results_20_282_29.pdf.txt
goto,Presentation,raw/goto/e8350119f241_FINAL_2023.03.20_4Q22_20Earnings_20Presentation_20vSentB.pdf.pdf,2509985,1d7510a4a3117f2e2848ba12c43bbcde15e6bae366a8d930920fe5b0637979bd,https://content.goinfra.co.id/asts/FINAL_2023.03.20_4Q22%20Earnings%20Presentation%20vSentB.pdf,https://www.gotocompany.com/investor-relations/en/quarterly-results?year=2022&item=Q4,2026-09-09T05:38:12.909084+00:00,text/goto/e8350119f241_FINAL_2023.03.20_4Q22_20Earnings_20Presentation_20vSentB.pdf.txt
goto,Press Release,raw/goto/deb478f848ce_Press_20Release_20-_20GoTo_20Group_20Announces_20Fourth_20Straight_20Quarter_20of_20Improving_2.pdf,224459,f28e41d2fd1104c7973fd04440956e7fe33f2913ec804248b9ff3eda519d3c86,https://content.goinfra.co.id/asts/Press%20Release%20-%20GoTo%20Group%20Announces%20Fourth%20Straight%20Quarter%20of%20Improving%20Adjusted%20EBITDA.pdf,https://www.gotocompany.com/investor-relations/en/quarterly-results?year=2022&item=Q4,2026-09-09T05:38:13.506343+00:00,text/goto/deb478f848ce_Press_20Release_20-_20GoTo_20Group_20Announces_20Fourth_20Straight_20Quarter_20of_20Improving_2.txt
goto,Consolidated Financial Statement,raw/goto/d40aea442047_GOTO_20LKFS_30_20Sep_2022.pdf.pdf,2805856,c0a486b85743091802db6b2cf0587587ff08d2e259ea34d458e9bf91ae989b7a,https://content.goinfra.co.id/asts/GOTO%20LKFS_30%20Sep%2022.pdf,https://www.gotocompany.com/investor-relations/en/quarterly-results?year=2022&item=Q3,2026-09-09T05:38:12.722180+00:00,text/goto/d40aea442047_GOTO_20LKFS_30_20Sep_2022.pdf.txt
goto,Audited Consolidated Financial Statements,raw/goto/698a2c4043be_GOTO_LKT_202022_31032023.pdf.pdf,1562707,38702b2709e2a574a040019e6f8f52dc41feaf4c20f414de76f2bd176f90a19f,https://content.goinfra.co.id/asts/GOTO_LKT%202022_31032023.pdf,https://www.gotocompany.com/investor-relations/en/quarterly-results?year=2022&item=Q4,2026-09-09T05:38:13.681424+00:00,text/goto/698a2c4043be_GOTO_LKT_202022_31032023.pdf.txt
goto,Transcript,raw/goto/11a7cb1c3c8c_PT_20GoTo_20Gojek_20Tokopedia_201Q23_20Earnings_20Call_20Transcript.pdf.pdf,223145,d63672d5045cc30460864df0ae861ff8042bf5d083037abf43b7004baeb8532f,https://content.goinfra.co.id/asts/PT%20GoTo%20Gojek%20Tokopedia%201Q23%20Earnings%20Call%20Transcript.pdf,https://www.gotocompany.com/investor-relations/en/quarterly-results?year=2023&item=Q1,2026-09-09T05:38:13.876378+00:00,text/goto/11a7cb1c3c8c_PT_20GoTo_20Gojek_20Tokopedia_201Q23_20Earnings_20Call_20Transcript.pdf.txt
goto,Presentation,raw/goto/4e715fd10226_1Q23_20Earnings_20Presentation_20PT_20GoTo_20Gojek_20Tokopedia_20Tbk_20_281_29.pdf.pdf,1885266,8c0abc69cccf3ba072276986d0e925c495747b2b264e76fcb1d00fd9bd6b7948,https://content.goinfra.co.id/asts/1Q23%20Earnings%20Presentation%20PT%20GoTo%20Gojek%20Tokopedia%20Tbk%20%281%29.pdf,https://www.gotocompany.com/investor-relations/en/quarterly-results?year=2023&item=Q1,2026-09-09T05:38:14.237640+00:00,text/goto/4e715fd10226_1Q23_20Earnings_20Presentation_20PT_20GoTo_20Gojek_20Tokopedia_20Tbk_20_281_29.pdf.txt
goto,Press Release,raw/goto/3a28428c2453_Press_20Release_20-_20GoTo_20Group_20Delivers_202023_20First_20Quarter_20Results.pdf.pdf,198394,aaf27130894096db2350cec904009e8a73b093de9b267904cf05ff367a99835e,https://content.goinfra.co.id/asts/Press%20Release%20-%20GoTo%20Group%20Delivers%202023%20First%20Quarter%20Results.pdf,https://www.gotocompany.com/investor-relations/en/quarterly-results?year=2023&item=Q1,2026-09-09T05:38:14.864759+00:00,text/goto/3a28428c2453_Press_20Release_20-_20GoTo_20Group_20Delivers_202023_20First_20Quarter_20Results.pdf.txt
goto,Announcement,raw/goto/406aa465ed2a_GoTo_20to_20Announce_20First_20Quarter_202023_20Results.pdf.pdf,110738,212b08b8a959c7f5e4c98a1db189711be3ab3a355b1bc79c55b79917916ccfc4,https://content.goinfra.co.id/asts/GoTo%20to%20Announce%20First%20Quarter%202023%20Results.pdf,https://www.gotocompany.com/investor-relations/en/quarterly-results?year=2023&item=Q1,2026-09-09T05:38:14.539883+00:00,text/goto/406aa465ed2a_GoTo_20to_20Announce_20First_20Quarter_202023_20Results.pdf.txt
goto,Consolidated Financial Statement,raw/goto/2405e179c527_GOTO_LK_2031_20Maret_202023.pdf.pdf,1659524,f32e4fbbc3caefd3e683d97079fbba16b0b8ba1c5b3014f32537aad192aaa2f6,https://content.goinfra.co.id/asts/GOTO_LK%2031%20Maret%202023.pdf,https://www.gotocompany.com/investor-relations/en/quarterly-results?year=2023&item=Q1,2026-09-09T05:38:15.315991+00:00,text/goto/2405e179c527_GOTO_LK_2031_20Maret_202023.pdf.txt
goto,Transcript,raw/goto/a38de1fb878e_PT_20GoTo_20Gojek_20Tokopedia_202Q23_20Earnings_20Call_20Transcript.docx.pdf.pdf,202605,5fa09db1749f8a7f7124f384b9811248badd0fda03480f5e8196f57e9bbfffca,https://content.goinfra.co.id/asts/PT%20GoTo%20Gojek%20Tokopedia%202Q23%20Earnings%20Call%20Transcript.docx.pdf,https://www.gotocompany.com/investor-relations/en/quarterly-results?year=2023&item=Q2,2026-09-09T05:38:15.815537+00:00,text/goto/a38de1fb878e_PT_20GoTo_20Gojek_20Tokopedia_202Q23_20Earnings_20Call_20Transcript.docx.pdf.txt
goto,Presentation,raw/goto/665debed4324_2Q23_20Earnings_20Presentation_20PT_20GoTo_20Gojek_20Tokopedia_20Tbk.pdf.pdf,5007172,84079fe296578e48c4042ae476b5e6e0234fd50d98f0e2cae0a07c4836b703d0,https://content.goinfra.co.id/asts/2Q23%20Earnings%20Presentation%20PT%20GoTo%20Gojek%20Tokopedia%20Tbk.pdf,https://www.gotocompany.com/investor-relations/en/quarterly-results?year=2023&item=Q2,2026-09-09T05:38:15.875942+00:00,text/goto/665debed4324_2Q23_20Earnings_20Presentation_20PT_20GoTo_20Gojek_20Tokopedia_20Tbk.pdf.txt
goto,Press Release,raw/goto/8bde58a6e793_Press_20Release_20-_20GoTo_20Group_20Closer_20to_20Pro_EF_AC_81tability_20with_20Adjusted_20EBI.pdf,198241,cc1ec345661cd9125179c3fab7f9b95e022f4c3841e6b310b37f931ee4bdbada,https://content.goinfra.co.id/asts/Press%20Release%20-%20GoTo%20Group%20Closer%20to%20Pro%EF%AC%81tability%20with%20Adjusted%20EBITDA%20Improving.pdf,https://www.gotocompany.com/investor-relations/en/quarterly-results?year=2023&item=Q2,2026-09-09T05:38:16.492780+00:00,text/goto/8bde58a6e793_Press_20Release_20-_20GoTo_20Group_20Closer_20to_20Pro_EF_AC_81tability_20with_20Adjusted_20EBI.txt
goto,Announcement,raw/goto/7ad3d64db71f_GoTo_20to_20Announce_20Second_20Quarter_202023_20Results.pdf.pdf,110941,b593c9cfeb8e011f70e61538d5b359417d62b0e1bb942c815750d8b5dfa66459,https://content.goinfra.co.id/asts/GoTo%20to%20Announce%20Second%20Quarter%202023%20Results.pdf,https://www.gotocompany.com/investor-relations/en/quarterly-results?year=2023&item=Q2,2026-09-09T05:38:16.366896+00:00,text/goto/7ad3d64db71f_GoTo_20to_20Announce_20Second_20Quarter_202023_20Results.pdf.txt
goto,Transcript,raw/goto/c8b72bfa28cf_PT_20GoTo_20Gojek_20Tokopedia_203Q23_20Earnings_20Call_20Transcript.pdf.pdf,210237,fa7c47d0ca7513a0a065d52f06e43c417956376de37743e69aeeef69bb4eea7d,https://content.goinfra.co.id/asts/PT%20GoTo%20Gojek%20Tokopedia%203Q23%20Earnings%20Call%20Transcript.pdf,https://www.gotocompany.com/investor-relations/en/quarterly-results?year=2023&item=Q3,2026-09-09T05:38:16.976231+00:00,text/goto/c8b72bfa28cf_PT_20GoTo_20Gojek_20Tokopedia_203Q23_20Earnings_20Call_20Transcript.pdf.txt
goto,Consolidated Financial Statement,raw/goto/dfebb6010baf_GOTO_LK_20Juni_202023.pdf.pdf,1184722,62bf39ecfd7af0ddbce05dd3321fa14076d211db82ccb69484f04c738f8b6c8c,https://content.goinfra.co.id/asts/GOTO_LK%20Juni%202023.pdf,https://www.gotocompany.com/investor-relations/en/quarterly-results?year=2023&item=Q2,2026-09-09T05:38:16.531236+00:00,text/goto/dfebb6010baf_GOTO_LK_20Juni_202023.pdf.txt
goto,Announcement,raw/goto/7fc8ad8fa087_GoTo_20to_20Announce_20Third_20Quarter_202023_20Results.pdf.pdf,112222,ed86e28c6b4e595e280e31e52d9fd6e45cb0a17b136857054712cbe57595be7d,https://content.goinfra.co.id/asts/GoTo%20to%20Announce%20Third%20Quarter%202023%20Results.pdf,https://www.gotocompany.com/investor-relations/en/quarterly-results?year=2023&item=Q3,2026-09-09T05:38:17.454578+00:00,text/goto/7fc8ad8fa087_GoTo_20to_20Announce_20Third_20Quarter_202023_20Results.pdf.txt
goto,Press Release,raw/goto/8c54cb92d787__5BPress_20release_5D_20GoTo_20Group_20Moves_20Towards_20Growth_20and_20Improves_20Profitabilit.pdf,213590,515c39b0030d897ef1313d460b9d37b668e302edb23bf0400d0bb28ac78ad96e,https://content.goinfra.co.id/asts/%5BPress%20release%5D%20GoTo%20Group%20Moves%20Towards%20Growth%20and%20Improves%20Profitability%20as%20Company%20Reports%202023%20Third%20Quarter%20Results.pdf,https://www.gotocompany.com/investor-relations/en/quarterly-results?year=2023&item=Q3,2026-09-09T05:38:17.876494+00:00,text/goto/8c54cb92d787__5BPress_20release_5D_20GoTo_20Group_20Moves_20Towards_20Growth_20and_20Improves_20Profitabilit.txt
goto,Transcript,raw/goto/a2801559db2b_PT_20GoTo_20Gojek_20Tokopedia_204Q23_20_20FY23_20Earnings_20Call_20Transcript.pdf.pdf,224119,3698da0c37e9ac48da1e300431ac19e7b86724bea330893d8f6a4f071a6bc412,https://content.goinfra.co.id/asts/PT%20GoTo%20Gojek%20Tokopedia%204Q23%20&%20FY23%20Earnings%20Call%20Transcript.pdf,https://www.gotocompany.com/investor-relations/en/quarterly-results?year=2023&item=Q4,2026-09-09T05:38:18.046774+00:00,text/goto/a2801559db2b_PT_20GoTo_20Gojek_20Tokopedia_204Q23_20_20FY23_20Earnings_20Call_20Transcript.pdf.txt
goto,Presentation,raw/goto/6535402049b9_3Q23_20Earnings_20Presentation_20PT_20GoTo_20Gojek_20Tokopedia_20Tbk.pdf.pdf,3941523,bf832f0bf8d57b4c57085f473de6b9843559ad4be4acca38c0acb96955248e0d,https://content.goinfra.co.id/asts/3Q23%20Earnings%20Presentation%20PT%20GoTo%20Gojek%20Tokopedia%20Tbk.pdf,https://www.gotocompany.com/investor-relations/en/quarterly-results?year=2023&item=Q3,2026-09-09T05:38:17.266567+00:00,text/goto/6535402049b9_3Q23_20Earnings_20Presentation_20PT_20GoTo_20Gojek_20Tokopedia_20Tbk.pdf.txt
goto,Announcement,raw/goto/5d1012732d69_GoTo_20to_20Announce_20Fourth_20Quarter_20and_20Full_20Year_202023_20Results.pdf.pdf,111075,ee5af3e4d320a205f3c1c6cc7f2d370655cc4c2a979e7349242f05242f1f218f,https://content.goinfra.co.id/asts/GoTo%20to%20Announce%20Fourth%20Quarter%20and%20Full%20Year%202023%20Results.pdf,https://www.gotocompany.com/investor-relations/en/quarterly-results?year=2023&item=Q4,2026-09-09T05:38:18.777247+00:00,text/goto/5d1012732d69_GoTo_20to_20Announce_20Fourth_20Quarter_20and_20Full_20Year_202023_20Results.pdf.txt
goto,Consolidated Financial Statements,raw/goto/7cb2212d5b28_FS_20GOTO_20September_2030_202023.pdf.pdf,2055773,e5dd7bbd9fd66a258f4b2da0a4b8fe5abdc454c860ae6e47d5c77481ddb2cc4b,"https://content.goinfra.co.id/asts/FS%20GOTO%20September%2030,%202023.pdf",https://www.gotocompany.com/investor-relations/en/quarterly-results?year=2023&item=Q3,2026-09-09T05:38:17.937004+00:00,text/goto/7cb2212d5b28_FS_20GOTO_20September_2030_202023.pdf.txt
goto,Press Release,raw/goto/5aaf14d6e562_GoTo_20FY2023_204Q2023_20Press_20Release.pdf.pdf,206642,05542e7c9ac034ed5d24731f860d6d02b50f66c9e241c1535f6790b77ff5681a,https://content.goinfra.co.id/asts/GoTo%20FY2023%204Q2023%20Press%20Release.pdf,https://www.gotocompany.com/investor-relations/en/quarterly-results?year=2023&item=Q4,2026-09-09T05:38:18.782838+00:00,text/goto/5aaf14d6e562_GoTo_20FY2023_204Q2023_20Press_20Release.pdf.txt
goto,Presentation,raw/goto/f2bf734f50a2_GOTO_201Q24_20Earnings_20Presentation.pdf.pdf,3865603,520f5eb7c1405bd4ab50f267b5a303c2e34775a2d7b5fd9b722371c6ee640365,https://content.goinfra.co.id/asts/InvestorRelation/QuarterlyReport/GOTO%201Q24%20Earnings%20Presentation.pdf,https://www.gotocompany.com/investor-relations/en/quarterly-results?year=2024&item=Q1,2026-09-09T05:38:19.737165+00:00,text/goto/f2bf734f50a2_GOTO_201Q24_20Earnings_20Presentation.pdf.txt
goto,Audited Consolidated Financial Statements,raw/goto/97e77cb1ca4d_LK_20GOTO_31_20Des_202023.pdf.pdf,1389511,2063f8bc45b6d8ad04222dcf009799ab16abe75148b6f354d7ee16cea7b9a30c,https://content.goinfra.co.id/asts/LK%20GOTO_31%20Des%202023.pdf,https://www.gotocompany.com/investor-relations/en/quarterly-results?year=2023&item=Q4,2026-09-09T05:38:19.381153+00:00,text/goto/97e77cb1ca4d_LK_20GOTO_31_20Des_202023.pdf.txt
goto,Transcript,raw/goto/2b0cfeec859b_PT_20GoTo_20Gojek_20Tokopedia_201Q24_20Earnings_20Call_20Transcript.pdf.pdf,198887,e6928f6ded24b8fc455fe225bd87c655d18d8be7652bd34b87bcb09dccba15aa,https://content.goinfra.co.id/asts/InvestorRelation/QuarterlyReport/PT%20GoTo%20Gojek%20Tokopedia%201Q24%20Earnings%20Call%20Transcript.pdf,https://www.gotocompany.com/investor-relations/en/quarterly-results?year=2024&item=Q1,2026-09-09T05:38:19.470544+00:00,text/goto/2b0cfeec859b_PT_20GoTo_20Gojek_20Tokopedia_201Q24_20Earnings_20Call_20Transcript.pdf.txt
goto,Announcement,raw/goto/6c27b8bd8f73_GoTo_20to_20Announce_20First_20Quarter_202024_20Results.pdf.pdf,110707,b876089d450f3a6ac3fb4a48f95c5762618de15b72168dad77efd9c59898027d,https://content.goinfra.co.id/asts/InvestorRelation/FinancialInformation/GoTo%20to%20Announce%20First%20Quarter%202024%20Results.pdf,https://www.gotocompany.com/investor-relations/en/quarterly-results?year=2024&item=Q1,2026-09-09T05:38:21.089478+00:00,text/goto/6c27b8bd8f73_GoTo_20to_20Announce_20First_20Quarter_202024_20Results.pdf.txt
goto,Press Release,raw/goto/70c93e5e1993_GoTo_201Q2024_20Press_20Release_20-_20FINAL.pdf.pdf,196027,5b5890ad7dac3e095003cc04da7957d22e324b364510df302a321981a39bcd1e,https://content.goinfra.co.id/asts/InvestorRelation/QuarterlyReport/GoTo%201Q2024%20Press%20Release%20-%20FINAL.pdf,https://www.gotocompany.com/investor-relations/en/quarterly-results?year=2024&item=Q1,2026-09-09T05:38:21.190417+00:00,text/goto/70c93e5e1993_GoTo_201Q2024_20Press_20Release_20-_20FINAL.pdf.txt
goto,Presentation,raw/goto/f10ff9a89d5a__5BFinal_5D_202024.03.19_4Q23_20Earnings_20Presentation.pdf.pdf,5093646,db56dd5a54ded037f65f2aa64881a7bec2a159fb23ff9be56f70b3d73517ddb4,https://content.goinfra.co.id/asts/%5BFinal%5D%202024.03.19_4Q23%20Earnings%20Presentation.pdf,https://www.gotocompany.com/investor-relations/en/quarterly-results?year=2023&item=Q4,2026-09-09T05:38:18.565530+00:00,text/goto/f10ff9a89d5a__5BFinal_5D_202024.03.19_4Q23_20Earnings_20Presentation.pdf.txt
goto,Announcement,raw/goto/92ecb45685eb_GoTo_20to_20Announce_20Second_20Quarter_202024_20Results.pdf.pdf,46624,3137624d96c5639815a79d00c3c77970596cd36dbd0f6f83851d207a4a6bb583,https://content.goinfra.co.id/asts/InvestorRelation/QuarterlyReport/GoTo%20to%20Announce%20Second%20Quarter%202024%20Results.pdf,https://www.gotocompany.com/investor-relations/en/quarterly-results?year=2024&item=Q2,2026-09-09T05:38:22.331338+00:00,text/goto/92ecb45685eb_GoTo_20to_20Announce_20Second_20Quarter_202024_20Results.pdf.txt
goto,Transcript,raw/goto/0af1bd8a6cb7_PT_20GoTo_20Gojek_20Tokopedia_202Q24_20Earnings_20Call_20Transcript.pdf.pdf,198499,5c3db1e54141cb6ad29360280f7e9ba63c31d88d5b73658be86ebb7b78b74009,https://content.goinfra.co.id/asts/2024-07-30/PT%20GoTo%20Gojek%20Tokopedia%202Q24%20Earnings%20Call%20Transcript.pdf,https://www.gotocompany.com/investor-relations/en/quarterly-results?year=2024&item=Q2,2026-09-09T05:38:21.658991+00:00,text/goto/0af1bd8a6cb7_PT_20GoTo_20Gojek_20Tokopedia_202Q24_20Earnings_20Call_20Transcript.pdf.txt
goto,Presentation,raw/goto/15780caa50f0_2Q24_20Earnings_20Presentation_20PT_20GoTo_20Gojek_20Tokopedia_20Tbk.pdf.pdf,2436530,51621e07a4f4230c5391ad3795e028ed8ba681fa0cddef03c768f23253ecd728,https://content.goinfra.co.id/asts/2024-07-30/2Q24%20Earnings%20Presentation%20PT%20GoTo%20Gojek%20Tokopedia%20Tbk.pdf,https://www.gotocompany.com/investor-relations/en/quarterly-results?year=2024&item=Q2,2026-09-09T05:38:21.930054+00:00,text/goto/15780caa50f0_2Q24_20Earnings_20Presentation_20PT_20GoTo_20Gojek_20Tokopedia_20Tbk.pdf.txt
goto,Consolidated Financial Statements,raw/goto/bc93f3e37c74_GOTO_LK_2031_20Mar_202024.pdf.pdf,3762246,d14dfc52af635ee7c1d7ce9fd65dd5b32bde9aed7b9e297dd15e919be0f3af5a,https://content.goinfra.co.id/asts/InvestorRelation/QuarterlyReport/GOTO_LK%2031%20Mar%202024.pdf,https://www.gotocompany.com/investor-relations/en/quarterly-results?year=2024&item=Q1,2026-09-09T05:38:21.538781+00:00,text/goto/bc93f3e37c74_GOTO_LK_2031_20Mar_202024.pdf.txt
goto,Press Release,raw/goto/3a8d15125ade_GoTo_202Q24_20Earnings_20Press_20Release.pdf.pdf,206400,8b093dae779e36c8b46ecf3604c1e36738a6633515d27ef894fdcb3bfbc28c9a,https://content.goinfra.co.id/asts/2024-07-30/GoTo%202Q24%20Earnings%20Press%20Release.pdf,https://www.gotocompany.com/investor-relations/en/quarterly-results?year=2024&item=Q2,2026-09-09T05:38:22.850932+00:00,text/goto/3a8d15125ade_GoTo_202Q24_20Earnings_20Press_20Release.pdf.txt
goto,Transcript,raw/goto/60af8cc7acad_PT_20GoTo_20Gojek_20Tokopedia_203Q24_20Earnings_20Call_20Transcript.pdf.pdf,275586,81e58fac13490f5b071aaaf548a005d07ea53b752cd3a8898bebb97f9c713665,https://content.goinfra.co.id/asts/2024-10-30/PT%20GoTo%20Gojek%20Tokopedia%203Q24%20Earnings%20Call%20Transcript.pdf,https://www.gotocompany.com/investor-relations/en/quarterly-results?year=2024&item=Q3,2026-09-09T05:38:23.157165+00:00,text/goto/60af8cc7acad_PT_20GoTo_20Gojek_20Tokopedia_203Q24_20Earnings_20Call_20Transcript.pdf.txt
goto,Announcement,raw/goto/baf410f2d7ff_GoTo_20to_20Announce_20Third_20Quarter_202024_20Results.pdf.pdf,81814,3044be3fb8dfcd4061702f9093166e0a257815934ff6139abca460ed5d672d0a,https://content.goinfra.co.id/asts/InvestorRelation/QuarterlyReport/GoTo%20to%20Announce%20Third%20Quarter%202024%20Results.pdf,https://www.gotocompany.com/investor-relations/en/quarterly-results?year=2024&item=Q3,2026-09-09T05:38:23.508747+00:00,text/goto/baf410f2d7ff_GoTo_20to_20Announce_20Third_20Quarter_202024_20Results.pdf.txt
goto,Presentations,raw/goto/2e83b475ce46_3Q24_20Earnings_20Presentation_20PT_20GoTo_20Gojek_20Tokopedia_20Tbk.pdf.pdf,2648284,1bb59fe217cfc109bb6e5a4f64d6bb5face84d4456653baec51b9a32602d56f8,https://content.goinfra.co.id/asts/2024-10-30/3Q24%20Earnings%20Presentation%20PT%20GoTo%20Gojek%20Tokopedia%20Tbk.pdf,https://www.gotocompany.com/investor-relations/en/quarterly-results?year=2024&item=Q3,2026-09-09T05:38:23.504855+00:00,text/goto/2e83b475ce46_3Q24_20Earnings_20Presentation_20PT_20GoTo_20Gojek_20Tokopedia_20Tbk.pdf.txt
goto,Press Release,raw/goto/6de25620b98c_GoTo_203Q24_20Earnings_20Press_20Release.pdf.pdf,223363,2da929b21cf0f16403425849a3664789ef5b7b022d682689fcd38d159387f71b,https://content.goinfra.co.id/asts/2024-10-30/GoTo%203Q24%20Earnings%20Press%20Release.pdf,https://www.gotocompany.com/investor-relations/en/quarterly-results?year=2024&item=Q3,2026-09-09T05:38:23.897101+00:00,text/goto/6de25620b98c_GoTo_203Q24_20Earnings_20Press_20Release.pdf.txt
goto,Transcript,raw/goto/d2e9b7dd969c_PT_20GoTo_20Gojek_20Tokopedia_204Q24_20_20FY24_20Earnings_20Call_20Transcript.pdf.pdf,383486,37b50ed3f4e115986ae6392fbc5aaa87cac7b446fa49add0712cce32770bd8f4,https://content.goinfra.co.id/asts/InvestorRelation/QuarterlyReport/PT%20GoTo%20Gojek%20Tokopedia%204Q24%20&%20FY24%20Earnings%20Call%20Transcript.pdf,https://www.gotocompany.com/investor-relations/en/quarterly-results?year=2024&item=Q4,2026-09-09T05:38:24.776732+00:00,text/goto/d2e9b7dd969c_PT_20GoTo_20Gojek_20Tokopedia_204Q24_20_20FY24_20Earnings_20Call_20Transcript.pdf.txt
goto,Consolidated Financial Statements,raw/goto/ba1635b2a7e4_GOTO_LK_20Q3_202024.pdf.pdf,1912377,bd95799319468f80aca42e25bdd02b1ca2a78ba17c92bb3dd42d4f42df9e14b7,https://content.goinfra.co.id/asts/2024-10-30/GOTO_LK%20Q3%202024.pdf,https://www.gotocompany.com/investor-relations/en/quarterly-results?year=2024&item=Q3,2026-09-09T05:38:24.291609+00:00,text/goto/ba1635b2a7e4_GOTO_LK_20Q3_202024.pdf.txt
goto,Consolidated Financial Statements,raw/goto/4a85efe33eb6_GOTO_LK_20Juni_202024.pdf.pdf,3780867,9f99ae0c20daf76666f091035bd7fd7ec1bc50a5b49de34247a10ea0bf2df143,https://content.goinfra.co.id/asts/2024-07-30/GOTO_LK%20Juni%202024.pdf,https://www.gotocompany.com/investor-relations/en/quarterly-results?year=2024&item=Q2,2026-09-09T05:38:22.975872+00:00,text/goto/4a85efe33eb6_GOTO_LK_20Juni_202024.pdf.txt
goto,Announcement,raw/goto/6dab35922920_GoTo_20to_20Announce_20Fourth_20Quarter_20and_20Full_20Year_202024_20Results.pdf.pdf,180682,bfcdf6d182ef47dde18c7385bb4ec7b888dd7d745c873ef6c2b5908deeb7aa0a,https://content.goinfra.co.id/asts/InvestorRelation/QuarterlyReport/GoTo%20to%20Announce%20Fourth%20Quarter%20and%20Full%20Year%202024%20Results.pdf,https://www.gotocompany.com/investor-relations/en/quarterly-results?year=2024&item=Q4,2026-09-09T05:38:25.563164+00:00,text/goto/6dab35922920_GoTo_20to_20Announce_20Fourth_20Quarter_20and_20Full_20Year_202024_20Results.pdf.txt
goto,Press Release,raw/goto/63f1041cfcd9_GoTo_20FY2024_204Q2024_20Earnings_20Press_20Release.pdf.pdf,299178,000dcf06aaea502a763790540f23f2b8d440830bd7e3bb9dde850f97bd642681,https://content.goinfra.co.id/asts/InvestorRelation/QuarterlyReport/GoTo%20FY2024%204Q2024%20Earnings%20Press%20Release.pdf,https://www.gotocompany.com/investor-relations/en/quarterly-results?year=2024&item=Q4,2026-09-09T05:38:26.136683+00:00,text/goto/63f1041cfcd9_GoTo_20FY2024_204Q2024_20Earnings_20Press_20Release.pdf.txt
goto,Transcript,raw/goto/737b6fb72a7a_PT_20GoTo_20Gojek_20Tokopedia_201Q25_20Earnings_20Call_20Transcript.pdf.pdf,380347,65c40162d48c3424e98fb4ddc57526147c63069732481e0b8149853cb0b5b14a,https://content.goinfra.co.id/asts/InvestorRelation/QuarterlyReport/PT%20GoTo%20Gojek%20Tokopedia%201Q25%20Earnings%20Call%20Transcript.pdf,https://www.gotocompany.com/investor-relations/en/quarterly-results?year=2025&item=Q1,2026-09-09T05:38:26.612283+00:00,text/goto/737b6fb72a7a_PT_20GoTo_20Gojek_20Tokopedia_201Q25_20Earnings_20Call_20Transcript.pdf.txt
goto,Presentations,raw/goto/1aaafc35800a_GOTO_201Q25_20Earnings_20Presentation.pdf.pdf,6669410,b4b522f4baf233728f285bdbd00bb4b47a0ba4a9e597f1cf188f45b9754f6439,https://content.goinfra.co.id/asts/InvestorRelation/FinancialInformation/GOTO%201Q25%20Earnings%20Presentation.pdf,https://www.gotocompany.com/investor-relations/en/quarterly-results?year=2025&item=Q1,2026-09-09T05:38:26.865853+00:00,text/goto/1aaafc35800a_GOTO_201Q25_20Earnings_20Presentation.pdf.txt
goto,Announcement,raw/goto/f209a968c306_GoTo_20to_20Announce_20First_20Quarter_202025_20Results.pdf.pdf,179774,4dca18c00542e0d59ddc4fa6307117097b9effa27cdd593efc3001e24df6bad7,https://content.goinfra.co.id/asts/InvestorRelation/QuarterlyReport/GoTo%20to%20Announce%20First%20Quarter%202025%20Results.pdf,https://www.gotocompany.com/investor-relations/en/quarterly-results?year=2025&item=Q1,2026-09-09T05:38:27.845560+00:00,text/goto/f209a968c306_GoTo_20to_20Announce_20First_20Quarter_202025_20Results.pdf.txt
goto,Presentations,raw/goto/ceb3cf3482e4__5BFINAL_5D_202025.03.12_4Q24_20_20FY24_20Earnings_20Presentation.pdf.pdf,4472769,18a360cf4c716ec5b7b93859516b91e42b19c56649a7acc9ed6109248a45953c,https://content.goinfra.co.id/asts/InvestorRelation/QuarterlyReport/%5BFINAL%5D%202025.03.12_4Q24%20&%20FY24%20Earnings%20Presentation.pdf,https://www.gotocompany.com/investor-relations/en/quarterly-results?year=2024&item=Q4,2026-09-09T05:38:24.900029+00:00,text/goto/ceb3cf3482e4__5BFINAL_5D_202025.03.12_4Q24_20_20FY24_20Earnings_20Presentation.pdf.txt
goto,Consolidated Financial Statements,raw/goto/0d0da5d33de8_LK_20GOTO_31_20Des_202024.pdf.pdf,3509529,14ec5e1fba4d4c0c4fc03173d4461c4046110cb02bc1f418f1413c2de0a4db61,https://content.goinfra.co.id/asts/InvestorRelation/QuarterlyReport/LK%20GOTO_31%20Des%202024.pdf,https://www.gotocompany.com/investor-relations/en/quarterly-results?year=2024&item=Q4,2026-09-09T05:38:26.540916+00:00,text/goto/0d0da5d33de8_LK_20GOTO_31_20Des_202024.pdf.txt
goto,Press Release,raw/goto/5ead89c3a103_Press_20Release_20-_20GoTo_20Group_20Announces_202025_20First_20Quarter_20Earnings.pdf.pdf,189132,6abb30a1447b228a9241c152f0de0344592e7c1cbd6d1e940156588368feb310,https://content.goinfra.co.id/asts/InvestorRelation/FinancialInformation/Press%20Release%20-%20GoTo%20Group%20Announces%202025%20First%20Quarter%20Earnings.pdf,https://www.gotocompany.com/investor-relations/en/quarterly-results?year=2025&item=Q1,2026-09-09T05:38:28.124061+00:00,text/goto/5ead89c3a103_Press_20Release_20-_20GoTo_20Group_20Announces_202025_20First_20Quarter_20Earnings.pdf.txt
goto,Transcript,raw/goto/84ddde00dbbb_PT_20GoTo_20Gojek_20Tokopedia_202Q25_20Earnings_20Call_20Transcript.pdf.pdf,414730,ea7e5ac72704f438d50a953bdac5edd3e79aaf0843e1f6ba0a25d661971202fe,https://content.goinfra.co.id/asts/InvestorRelation/FinancialInformation/2025-08-15/PT%20GoTo%20Gojek%20Tokopedia%202Q25%20Earnings%20Call%20Transcript.pdf,https://www.gotocompany.com/investor-relations/en/quarterly-results?year=2025&item=Q2,2026-09-09T05:38:28.469987+00:00,text/goto/84ddde00dbbb_PT_20GoTo_20Gojek_20Tokopedia_202Q25_20Earnings_20Call_20Transcript.pdf.txt
goto,Announcement,raw/goto/b18c4564adff_GoTo_20to_20Announce_20Second_20Quarter_202025_20Results_20.pdf.pdf,179361,b89995039553442c290386a4804fbd25ad0b4e3494114c16bd48c427c686c83d,https://content.goinfra.co.id/asts/InvestorRelation/FinancialInformation/GoTo%20to%20Announce%20Second%20Quarter%202025%20Results%20.pdf,https://www.gotocompany.com/investor-relations/en/quarterly-results?year=2025&item=Q2,2026-09-09T05:38:28.759360+00:00,text/goto/b18c4564adff_GoTo_20to_20Announce_20Second_20Quarter_202025_20Results_20.pdf.txt
goto,Presentation,raw/goto/3bf008989024_GOTO_202Q25_20Earnings_20Presentation.pdf.pdf,8246952,32d200f1a7b3d8323bf09c70be2d9954ec615333469fb5affdb0fec2738ebbb3,https://content.goinfra.co.id/asts/InvestorRelation/FinancialInformation/2025-08-13/GOTO%202Q25%20Earnings%20Presentation.pdf,https://www.gotocompany.com/investor-relations/en/quarterly-results?year=2025&item=Q2,2026-09-09T05:38:28.500259+00:00,text/goto/3bf008989024_GOTO_202Q25_20Earnings_20Presentation.pdf.txt
goto,Press Release,raw/goto/136bc437ec7a_Press_20Release_20-_20GoTo_20Group_20Announces_202025_20Second_20Quarter_20Earnings.pdf.pdf,280060,f9d185da85d0a3a1fe434becfaf5d5024a6c349f45f8c81304006c30a3e11021,https://content.goinfra.co.id/asts/InvestorRelation/FinancialInformation/2025-08-13/Press%20Release%20-%20GoTo%20Group%20Announces%202025%20Second%20Quarter%20Earnings.pdf,https://www.gotocompany.com/investor-relations/en/quarterly-results?year=2025&item=Q2,2026-09-09T05:38:29.285049+00:00,text/goto/136bc437ec7a_Press_20Release_20-_20GoTo_20Group_20Announces_202025_20Second_20Quarter_20Earnings.pdf.txt
goto,Transcript,raw/goto/e2708e1f3654_PT_20GoTo_20Gojek_20Tokopedia_203Q25_20Earnings_20Call_20Transcript.pdf.pdf,298440,1834e636f34fbec7522a5bfd54359436d88d35630aa99ce5540d39ce9b01e8e0,https://content.goinfra.co.id/asts/InvestorRelation/FinancialInformation/2025-11-05/PT%20GoTo%20Gojek%20Tokopedia%203Q25%20Earnings%20Call%20Transcript.pdf,https://www.gotocompany.com/investor-relations/en/quarterly-results?year=2025&item=Q3,2026-09-09T05:38:33.225020+00:00,text/goto/e2708e1f3654_PT_20GoTo_20Gojek_20Tokopedia_203Q25_20Earnings_20Call_20Transcript.pdf.txt
goto,Presentation,raw/goto/c3136a0f05ca_GOTO_203Q25_20Earnings_20Presentation.pdf.pdf,4516867,5664ef8997bc0021f862d6eb34d7ae9529508a6a942992aea2643f71e21ad2d7,https://content.goinfra.co.id/asts/InvestorRelation/FinancialInformation/2025-10-29/GOTO%203Q25%20Earnings%20Presentation.pdf,https://www.gotocompany.com/investor-relations/en/quarterly-results?year=2025&item=Q3,2026-09-09T05:38:33.992871+00:00,text/goto/c3136a0f05ca_GOTO_203Q25_20Earnings_20Presentation.pdf.txt
goto,Consolidated Financial Statement,raw/goto/c48324608ace_LK_2030_20Jun_202025.pdf.pdf,1001805,0a1c58467fe6eb105a2e36a65552ba397b69b735c14b6f98660738055d35e560,https://content.goinfra.co.id/asts/InvestorRelation/FinancialInformation/2025-08-13/LK%2030%20Jun%202025.pdf,https://www.gotocompany.com/investor-relations/en/quarterly-results?year=2025&item=Q2,2026-09-09T05:38:29.912008+00:00,text/goto/c48324608ace_LK_2030_20Jun_202025.pdf.txt
goto,Announcement,raw/goto/4e41f3777401_GoTo_20to_20Announce_20Third_20Quarter_202025_20Results.pdf.pdf,166893,05ffa920c4d78c80695cea8a35f9a88191c8a1345f0406546ee2053d31847632,https://content.goinfra.co.id/asts/InvestorRelation/FinancialInformation/2025-10-15/GoTo%20to%20Announce%20Third%20Quarter%202025%20Results.pdf,https://www.gotocompany.com/investor-relations/en/quarterly-results?year=2025&item=Q3,2026-09-09T05:38:34.577192+00:00,text/goto/4e41f3777401_GoTo_20to_20Announce_20Third_20Quarter_202025_20Results.pdf.txt
goto,Press Release,raw/goto/968db35f990e_Press_20Release_20-_20GoTo_20Group_20Announces_202025_20Third_20Quarter_20Earnings.pdf.pdf,372813,8110b1337e9af67cc778666c4de9ed2210349a2e4ee858b641dab6346d25ebba,https://content.goinfra.co.id/asts/InvestorRelation/FinancialInformation/2025-10-29/Press%20Release%20-%20GoTo%20Group%20Announces%202025%20Third%20Quarter%20Earnings.pdf,https://www.gotocompany.com/investor-relations/en/quarterly-results?year=2025&item=Q3,2026-09-09T05:38:35.206894+00:00,text/goto/968db35f990e_Press_20Release_20-_20GoTo_20Group_20Announces_202025_20Third_20Quarter_20Earnings.pdf.txt
goto,Transcript,raw/goto/1e92deea0e4a_PT_20GoTo_20Gojek_20Tokopedia_204Q25_20_20FY25_20Earnings_20Call_20Transcript.pdf.pdf,275129,c4572e9dcb50ed89cd938863743dd7edf7338981becd854142c95caa329941f0,https://content.goinfra.co.id/asts/InvestorRelation/FinancialInformation/2026-03-13/PT%20GoTo%20Gojek%20Tokopedia%204Q25%20&%20FY25%20Earnings%20Call%20Transcript.pdf,https://www.gotocompany.com/investor-relations/en/quarterly-results?year=2025&item=Q4,2026-09-09T05:38:35.807691+00:00,text/goto/1e92deea0e4a_PT_20GoTo_20Gojek_20Tokopedia_204Q25_20_20FY25_20Earnings_20Call_20Transcript.pdf.txt
goto,Announcement,raw/goto/4ab627e963b5_GoTo_20Q4_20Full_20Year_202025_20Results.pdf.pdf,145357,39bf4b5d09ff00a01cc49e8ebe4cf82a5911df405bef5d13238f421aea7278a7,https://content.goinfra.co.id/asts/InvestorRelation/FinancialInformation/2026-02-24/GoTo%20Q4%20Full%20Year%202025%20Results.pdf,https://www.gotocompany.com/investor-relations/en/quarterly-results?year=2025&item=Q4,2026-09-09T05:38:37.116303+00:00,text/goto/4ab627e963b5_GoTo_20Q4_20Full_20Year_202025_20Results.pdf.txt
goto,Consolidated Financial Statements,raw/goto/4c7956d61d83_LKFS_20GOTO_20-_2031_20Mar_202025.pdf.pdf,2193979,84781553d28e4334b52a4b85ac4dfa424673160b463cc64c0ce2dc81ed14f4fc,https://content.goinfra.co.id/asts/InvestorRelation/FinancialInformation/LKFS%20GOTO%20-%2031%20Mar%202025.pdf,https://www.gotocompany.com/investor-relations/en/quarterly-results?year=2025&item=Q1,2026-09-09T05:38:28.450108+00:00,text/goto/4c7956d61d83_LKFS_20GOTO_20-_2031_20Mar_202025.pdf.txt
goto,Consolidated Financial Statement,raw/goto/72eafea3ff73_LKFS_20-_2030_20September_202025.pdf.pdf,2250142,429c27638430737591a6a0411669ae5d93c27fae4a0b1d7c991c627ad41f6f1f,https://content.goinfra.co.id/asts/InvestorRelation/FinancialInformation/2025-10-29/LKFS%20-%2030%20September%202025.pdf,https://www.gotocompany.com/investor-relations/en/quarterly-results?year=2025&item=Q3,2026-09-09T05:38:35.321621+00:00,text/goto/72eafea3ff73_LKFS_20-_2030_20September_202025.pdf.txt
goto,Consolidated Financial Statement,raw/goto/2465c7fd75f9_LK_20GOTO_2031_20Dec_202025.pdf.pdf,2008178,50a68590aead94537ec69836635d8533dbac798d47fd3387123d7202614a7031,https://content.goinfra.co.id/asts/InvestorRelation/FinancialInformation/2026-03-11/LK%20GOTO%2031%20Dec%202025.pdf,https://www.gotocompany.com/investor-relations/en/quarterly-results?year=2025&item=Q4,2026-09-09T05:38:38.585219+00:00,text/goto/2465c7fd75f9_LK_20GOTO_2031_20Dec_202025.pdf.txt
goto,Transcript,raw/goto/1d85ba6f1edf_PT_20GoTo_20Gojek_20Tokopedia_201Q26_20Earnings_20Call_20Transcript.pdf.pdf,335536,44c26aa4bad392dbdc909b78534804a3a77ad34d0b48b9dace49f9a16307b690,https://content.goinfra.co.id/asts/InvestorRelation/FinancialInformation/2026-05-08/PT%20GoTo%20Gojek%20Tokopedia%201Q26%20Earnings%20Call%20Transcript.pdf,https://www.gotocompany.com/investor-relations/en/quarterly-results?year=2026&item=Q1,2026-09-09T05:38:40.957201+00:00,text/goto/1d85ba6f1edf_PT_20GoTo_20Gojek_20Tokopedia_201Q26_20Earnings_20Call_20Transcript.pdf.txt
goto,Presentation,raw/goto/ae990686bb35_GOTO_20Q4_20FY25_20Earnings_20Presentation.pdf.pdf,4420808,d53571984f5850ebcde1f615dd9c2decfca851581a00580d6836193991cf0e19,https://content.goinfra.co.id/asts/InvestorRelation/FinancialInformation/2026-03-11/GOTO%20Q4%20FY25%20Earnings%20Presentation.pdf,https://www.gotocompany.com/investor-relations/en/quarterly-results?year=2025&item=Q4,2026-09-09T05:38:36.371804+00:00,text/goto/ae990686bb35_GOTO_20Q4_20FY25_20Earnings_20Presentation.pdf.txt
goto,Presentation,raw/goto/021a26715127_GOTO_201Q26_20Earnings_20Presentation.pdf.pdf,4702197,e9a48ad34a393a2991538cb3940006c2d580ee6cfbd3e68b9da559d6c5f705a4,https://content.goinfra.co.id/asts/InvestorRelation/FinancialInformation/2026-04-28/GOTO%201Q26%20Earnings%20Presentation.pdf,https://www.gotocompany.com/investor-relations/en/quarterly-results?year=2026&item=Q1,2026-09-09T05:38:41.422191+00:00,text/goto/021a26715127_GOTO_201Q26_20Earnings_20Presentation.pdf.txt
goto,Announcement,raw/goto/436d942d2ed0_GoTo_20to_20Announce_20First_20Quarter_202026_20Results.pdf.pdf,145271,a476940edc96f2c6f6da881a5efb15bc672447d451d3a92bbee9fa4e742631cd,https://content.goinfra.co.id/asts/InvestorRelation/FinancialInformation/2026-04-14/GoTo%20to%20Announce%20First%20Quarter%202026%20Results.pdf,https://www.gotocompany.com/investor-relations/en/quarterly-results?year=2026&item=Q1,2026-09-09T05:38:41.824656+00:00,text/goto/436d942d2ed0_GoTo_20to_20Announce_20First_20Quarter_202026_20Results.pdf.txt
goto,Press Release,raw/goto/ce4388298d88_Press_20Release_20-_20GoTo_20Group_20Announces_202026_20First_20Quarter_20Earnings.pdf.pdf,278584,511e6053e7ac502ec3788543b41565f70fd7d70c3aebec2f323e791202564a5c,https://content.goinfra.co.id/asts/InvestorRelation/FinancialInformation/2026-04-28/Press%20Release%20-%20GoTo%20Group%20Announces%202026%20First%20Quarter%20Earnings.pdf,https://www.gotocompany.com/investor-relations/en/quarterly-results?year=2026&item=Q1,2026-09-09T05:38:42.688956+00:00,text/goto/ce4388298d88_Press_20Release_20-_20GoTo_20Group_20Announces_202026_20First_20Quarter_20Earnings.pdf.txt
goto,Transcript,raw/goto/f0a7fd4b26aa_PT_20GoTo_20Gojek_20Tokopedia_202Q26_20Earnings_20Call_20Transcript.pdf.pdf,252029,9d16039a9ef5541e761a32372b624f579de5dbbe4378bf8b83d271c1deba76cb,https://content.goinfra.co.id/asts/InvestorRelation/FinancialInformation/2026-07-31/PT%20GoTo%20Gojek%20Tokopedia%202Q26%20Earnings%20Call%20Transcript.pdf,https://www.gotocompany.com/investor-relations/en/quarterly-results?year=2026&item=Q2,2026-09-09T05:38:43.255250+00:00,text/goto/f0a7fd4b26aa_PT_20GoTo_20Gojek_20Tokopedia_202Q26_20Earnings_20Call_20Transcript.pdf.txt
goto,Announcement,raw/goto/5fa3ab3be276_GoTo_20to_20Announce_20Second_20Quarter_202026_20Results.pdf.pdf,143845,02859fea375744fdcf0b97f862fc14773c92f9c208b643db0a50f1190319c80f,https://content.goinfra.co.id/asts/InvestorRelation/FinancialInformation/2026-07-15/GoTo%20to%20Announce%20Second%20Quarter%202026%20Results.pdf,https://www.gotocompany.com/investor-relations/en/quarterly-results?year=2026&item=Q2,2026-09-09T05:38:43.957496+00:00,text/goto/5fa3ab3be276_GoTo_20to_20Announce_20Second_20Quarter_202026_20Results.pdf.txt
goto,Consolidated Financial Statement,raw/goto/47cf0a7f9a74_LKFS_2031_20Mar_202026.pdf.pdf,1350620,5fab02afcc9222f9a655ddf88c18c1c248e147b234f71db21c8ef4c4edbf5453,https://content.goinfra.co.id/asts/InvestorRelation/FinancialInformation/2026-04-28/LKFS%2031%20Mar%202026.pdf,https://www.gotocompany.com/investor-relations/en/quarterly-results?year=2026&item=Q1,2026-09-09T05:38:42.798970+00:00,text/goto/47cf0a7f9a74_LKFS_2031_20Mar_202026.pdf.txt
goto,Press Release,raw/goto/f4a70070d16c_Press_20Release_20-_20GoTo_20Group_20Announces_202026_20Second_20Quarter_20Earnings.pdf.pdf,772214,c77b3cf13e7160922b22c249aea803623d7023141ee73d63440afc5f66ac40e6,https://content.goinfra.co.id/asts/InvestorRelation/FinancialInformation/2026-07-29/Press%20Release%20-%20GoTo%20Group%20Announces%202026%20Second%20Quarter%20Earnings.pdf,https://www.gotocompany.com/investor-relations/en/quarterly-results?year=2026&item=Q2,2026-09-09T05:38:44.562692+00:00,text/goto/f4a70070d16c_Press_20Release_20-_20GoTo_20Group_20Announces_202026_20Second_20Quarter_20Earnings.pdf.txt
other_issuers,additional issuer source,raw/other_issuers/728057e5c7c5_Earnings-Release-9M25-PT-Global-Digital-Niaga-Tbk.pdf.pdf,1010607,7a67ad5c239c291f05783d3f39d91535fc9d459901e72ae3043647e778cea96d,https://asset-about.blibli.com/2025/10/Earnings-Release-9M25-PT-Global-Digital-Niaga-Tbk.pdf,,2026-09-09T05:38:46.406284+00:00,text/other_issuers/728057e5c7c5_Earnings-Release-9M25-PT-Global-Digital-Niaga-Tbk.pdf.txt
goto,Press Release,raw/goto/da2a426bb573_Press_20Release_20-_20GoTo_20Announces_20Fourth_20Quarter_20and_20Full_20Year_202025_20Earnings.pdf,267915,c26bd97088b1d615f95a13841e9638e34a091d748de3bd79d86fb225a9b6cf8f,https://content.goinfra.co.id/asts/InvestorRelation/FinancialInformation/2026-03-11/Press%20Release%20-%20GoTo%20Announces%20Fourth%20Quarter%20and%20Full%20Year%202025%20Earnings.pdf,https://www.gotocompany.com/investor-relations/en/quarterly-results?year=2025&item=Q4,2026-09-09T05:38:38.292196+00:00,text/goto/da2a426bb573_Press_20Release_20-_20GoTo_20Announces_20Fourth_20Quarter_20and_20Full_20Year_202025_20Earnings.txt
goto,Consolidated Financial Statement,raw/goto/77b3bc4bd2d0_LKFS_20GOTO_2030_20Jun_202026.pdf.pdf,1329877,964532ce5908ffe4e19af199210e56689b58f68c0dae2919b80511ccc0427fe6,https://content.goinfra.co.id/asts/InvestorRelation/FinancialInformation/2026-07-29/LKFS%20GOTO%2030%20Jun%202026.pdf,https://www.gotocompany.com/investor-relations/en/quarterly-results?year=2026&item=Q2,2026-09-09T05:38:45.354702+00:00,text/goto/77b3bc4bd2d0_LKFS_20GOTO_2030_20Jun_202026.pdf.txt
goto,Presentation,raw/goto/4241e9a5a60d_GOTO_202Q26_20Earnings_20Presentation.pdf.pdf,5208193,169ba66d0c349abad6000202bc6b1572e295fa7bd3ff7b2390196b655c4d6e77,https://content.goinfra.co.id/asts/InvestorRelation/FinancialInformation/2026-07-29/GOTO%202Q26%20Earnings%20Presentation.pdf,https://www.gotocompany.com/investor-relations/en/quarterly-results?year=2026&item=Q2,2026-09-09T05:38:43.701359+00:00,text/goto/4241e9a5a60d_GOTO_202Q26_20Earnings_20Presentation.pdf.txt
worldbank,country-year context; not platform N,raw/worldbank/baedd60ab9f6_NY.GDP.MKTP.KD.ZG.json,62002,7d7fd75112293d9ae657b4153fbf225737374562d374a47fffc5c803f80ebf38,https://api.worldbank.org/v2/country/IDN;MYS;VNM;THA;PHL;SGP;BRN;KHM;LAO;MMR;TLS/indicator/NY.GDP.MKTP.KD.ZG?format=json&date=2000:2025&per_page=20000,,2026-09-09T05:38:50.947926+00:00,
worldbank,country-year context; not platform N,raw/worldbank/b3e12b164837_NY.GDP.MKTP.CD.json,59787,ca6112f6d3b9de211d241ce7bf77d979c7b53e1240b4d1f1a40a206a045df6aa,https://api.worldbank.org/v2/country/IDN;MYS;VNM;THA;PHL;SGP;BRN;KHM;LAO;MMR;TLS/indicator/NY.GDP.MKTP.CD?format=json&date=2000:2025&per_page=20000,,2026-09-09T05:38:50.947681+00:00,
worldbank,country-year context; not platform N,raw/worldbank/6b5480354be8_PA.NUS.FCRF.json,68178,266416b435dd090c992308e9963d84c5a842084e340be4a203bb6b9dce479bbe,https://api.worldbank.org/v2/country/IDN;MYS;VNM;THA;PHL;SGP;BRN;KHM;LAO;MMR;TLS/indicator/PA.NUS.FCRF?format=json&date=2000:2025&per_page=20000,,2026-09-09T05:38:50.948122+00:00,
worldbank,country-year context; not platform N,raw/worldbank/15e7fde63b4d_SP.POP.TOTL.json,56733,ccb4875d6a685d6fe494d572a5457195fcad26fcff8c7fb81e5428f9893453b6,https://api.worldbank.org/v2/country/IDN;MYS;VNM;THA;PHL;SGP;BRN;KHM;LAO;MMR;TLS/indicator/SP.POP.TOTL?format=json&date=2000:2025&per_page=20000,,2026-09-09T05:38:50.950018+00:00,
worldbank,country-year context; not platform N,raw/worldbank/15e5aa266276_IT.NET.USER.ZS.json,67094,26547c5ca0ce3e6718c0840d423cf16ecc203268af94b3f7dd8b36e55531ff44,https://api.worldbank.org/v2/country/IDN;MYS;VNM;THA;PHL;SGP;BRN;KHM;LAO;MMR;TLS/indicator/IT.NET.USER.ZS?format=json&date=2000:2025&per_page=20000,,2026-09-09T05:38:54.838638+00:00,
worldbank,country-year context; not platform N,raw/worldbank/eca1e5e804a3_IT.NET.BBND.P2.json,67979,3d8fa1f3911585fb3d70a1fee562566354ac8df8241bc742c1b9f95863a2a79f,https://api.worldbank.org/v2/country/IDN;MYS;VNM;THA;PHL;SGP;BRN;KHM;LAO;MMR;TLS/indicator/IT.NET.BBND.P2?format=json&date=2000:2025&per_page=20000,,2026-09-09T05:38:54.877171+00:00,
worldbank,country-year context; not platform N,raw/worldbank/9ec057ec1027_IT.CEL.SETS.P2.json,68069,5361402d8476ec0a3718ae9f26b7855daa584febfbb2c02207d56561ff1e2ba2,https://api.worldbank.org/v2/country/IDN;MYS;VNM;THA;PHL;SGP;BRN;KHM;LAO;MMR;TLS/indicator/IT.CEL.SETS.P2?format=json&date=2000:2025&per_page=20000,,2026-09-09T05:38:54.936910+00:00,
worldbank,country-year context; not platform N,raw/worldbank/a27bd6242409_NE.CON.PRVT.CD.json,73076,77b5a3565f065bb1aacfa70c29fdf744253a8c5616c5b91070920b0326d9ee9c,https://api.worldbank.org/v2/country/IDN;MYS;VNM;THA;PHL;SGP;BRN;KHM;LAO;MMR;TLS/indicator/NE.CON.PRVT.CD?format=json&date=2000:2025&per_page=20000,,2026-09-09T05:38:55.017614+00:00,
worldbank,country-year context; not platform N,raw/worldbank/af7e2d434315_NV.SRV.TOTL.ZS.json,64108,1bcf4a819accabb6e85d3d49fe31d79c90294dc3862d6ea736de981be16441cf,https://api.worldbank.org/v2/country/IDN;MYS;VNM;THA;PHL;SGP;BRN;KHM;LAO;MMR;TLS/indicator/NV.SRV.TOTL.ZS?format=json&date=2000:2025&per_page=20000,,2026-09-09T05:38:58.524927+00:00,
worldbank,country-year context; not platform N,raw/worldbank/b1f8822bfd68_GC.TAX.TOTL.GD.ZS.json,60858,cc464fcbe07ad8a5b16f8663681b4f16995036b6f5cdb1959f5cf79334a98db4,https://api.worldbank.org/v2/country/IDN;MYS;VNM;THA;PHL;SGP;BRN;KHM;LAO;MMR;TLS/indicator/GC.TAX.TOTL.GD.ZS?format=json&date=2000:2025&per_page=20000,,2026-09-09T05:38:58.572165+00:00,
market,daily GOTO.JK,raw/market/ad9e74bbd20a_GOTO.JK.json,52149,0ed2ca9ab85f62742b78eb9feb438668b34e9d861eb9eda5206c55dacd9d7f71,https://query1.finance.yahoo.com/v8/finance/chart/GOTO.JK?period1=1262304000&period2=1788912000&interval=1d&events=div%2Csplits&includeAdjustedClose=true,,2026-09-09T05:40:11.231775+00:00,
market,daily BUKA.JK,raw/market/72593be861ef_BUKA.JK.json,63494,9ba3d9105bf7c82a2639ef729740d8ae03194e10959294e581e2328b5d15e1ab,https://query1.finance.yahoo.com/v8/finance/chart/BUKA.JK?period1=1262304000&period2=1788912000&interval=1d&events=div%2Csplits&includeAdjustedClose=true,,2026-09-09T05:40:11.232152+00:00,
market,daily GRAB,raw/market/633936e87926_GRAB.json,157101,2e6351905f9f360ad51a4deb5bc63d73c5d9529aaf06b86fb41888df6ab01f97,https://query1.finance.yahoo.com/v8/finance/chart/GRAB?period1=1262304000&period2=1788912000&interval=1d&events=div%2Csplits&includeAdjustedClose=true,,2026-09-09T05:40:11.231089+00:00,
market,daily SE,raw/market/ac76a128947b_SE.json,234456,6b434ebb437796c3feaec7f035e608fc23257bb22bcac5027b7ec7af25636a05,https://query1.finance.yahoo.com/v8/finance/chart/SE?period1=1262304000&period2=1788912000&interval=1d&events=div%2Csplits&includeAdjustedClose=true,,2026-09-09T05:40:11.231405+00:00,
market,daily BELI.JK,raw/market/7ac6b5f50f58_BELI.JK.json,45985,58cf4aa9498044dd1dc45fc5d5be21dacd837ddffe1147da7b19dd860ccca700,https://query1.finance.yahoo.com/v8/finance/chart/BELI.JK?period1=1262304000&period2=1788912000&interval=1d&events=div%2Csplits&includeAdjustedClose=true,,2026-09-09T05:40:11.336554+00:00,
market,daily BABA,raw/market/10d8cdee559c_BABA.json,323689,201b2cb2198ea1702b1d9e765b620ebe220b62522636011c52734563daea8a50,https://query1.finance.yahoo.com/v8/finance/chart/BABA?period1=1262304000&period2=1788912000&interval=1d&events=div%2Csplits&includeAdjustedClose=true,,2026-09-09T05:40:11.340494+00:00,
market,daily ^IXIC,raw/market/f441be4b31c5__5EIXIC.json,427166,96031d7ba2d36572b6e86ccb6bc6184cb139673a0ea5f98d848d31a215fdb199,https://query1.finance.yahoo.com/v8/finance/chart/%5EIXIC?period1=1262304000&period2=1788912000&interval=1d&events=div%2Csplits&includeAdjustedClose=true,,2026-09-09T05:40:11.365710+00:00,
market,daily ^GSPC,raw/market/4f9388ef5220__5EGSPC.json,445977,0ada036d3de6c1b1634e3b8902fed5ba1bb563960651b18a3d7e7167d521299e,https://query1.finance.yahoo.com/v8/finance/chart/%5EGSPC?period1=1262304000&period2=1788912000&interval=1d&events=div%2Csplits&includeAdjustedClose=true,,2026-09-09T05:40:11.404620+00:00,
market,daily ^JKSE,raw/market/53e8c0aafa8a__5EJKSE.json,412478,ddf5e3a08a857362134bae6292ccc173d6f17eb4316319cbaa489515badf983f,https://query1.finance.yahoo.com/v8/finance/chart/%5EJKSE?period1=1262304000&period2=1788912000&interval=1d&events=div%2Csplits&includeAdjustedClose=true,,2026-09-09T05:40:11.435152+00:00,
blibli,issuer document index,raw/blibli/898cb0fea27b_prospectus.html,60094,63f83f38204da57906a82eb8c4d5a61078b1fbe677baa5d4eefb66f11f6f2b00,https://about.blibli.com/en/investor-relations/prospectus,,2026-09-09T05:41:54.337910+00:00,
blibli,issuer document index,raw/blibli/c7fbe9e4f342_financial-information.html,68857,f8e94d29f6acbaa210b27cee88d30a8cdd7ee14f7434c39402e0974f43dffad7,https://about.blibli.com/en/investor-relations/financial-information,,2026-09-09T05:41:54.335373+00:00,
blibli,issuer document index,raw/blibli/fd9dfe2ea90c_sustainability-reports.html,60176,fbb6a4fecb10e8cf32c0ff74796bab2a8714a75d0ed12b28d1f9ae9d3bfeccb2,https://about.blibli.com/en/investor-relations/sustainability-reports,,2026-09-09T05:41:54.337410+00:00,
blibli,issuer document index,raw/blibli/38c4dc82cac9_annual-reports.html,60022,bd1b7072d6e55aaa3896e4ac97d52bec8428f9dc20ab07c46b617b4e56f20aec,https://about.blibli.com/en/investor-relations/annual-reports,,2026-09-09T05:41:54.334940+00:00,
blibli,embedded issuer PDF link,raw/blibli/5c7a23e712c2_Annual-Report-2023-PT-Global-Digital-Niaga-Tbk-.pdf.pdf,5926533,0a0ed2622cbd0c214c99b34d47501c00609e99a7c95393e3809f0192de7e9d41,https://asset-about.blibli.com/2024/05/Annual-Report-2023-PT-Global-Digital-Niaga-Tbk-.pdf,https://about.blibli.com/en/investor-relations/annual-reports,2026-09-09T05:41:54.739605+00:00,text/blibli/5c7a23e712c2_Annual-Report-2023-PT-Global-Digital-Niaga-Tbk-.pdf.txt
blibli,embedded issuer PDF link,raw/blibli/1b88861623ac_Annual-Report-2024-PT-Global-Digital-Niaga-Tbk.pdf.pdf,9876268,07f21643373f300f01fc9ef75e6c904dc164da14ccd112723c30a2bf5bd6b855,https://asset-about.blibli.com/2025/04/Annual-Report-2024-PT-Global-Digital-Niaga-Tbk.pdf,https://about.blibli.com/en/investor-relations/annual-reports,2026-09-09T05:41:54.738690+00:00,text/blibli/1b88861623ac_Annual-Report-2024-PT-Global-Digital-Niaga-Tbk.pdf.txt
blibli,embedded issuer PDF link,raw/blibli/67a0579e1cd3_Annual-Report-2022-PT-Global-Digital-Niaga-Tbk-new.pdf.pdf,6652558,ff72a52368159ee35528bf187983642bb0c21259c23a92de011c42b5221c042c,https://asset-about.blibli.com/2023/06/Annual-Report-2022-PT-Global-Digital-Niaga-Tbk-new.pdf,https://about.blibli.com/en/investor-relations/annual-reports,2026-09-09T05:41:54.737152+00:00,text/blibli/67a0579e1cd3_Annual-Report-2022-PT-Global-Digital-Niaga-Tbk-new.pdf.txt
blibli,embedded issuer PDF link,raw/blibli/24fb2ee095f2_Annual-Report-2025-PT-Global-Digital-Niaga-Tbk.pdf.pdf,7581974,84d99cbaa534eb0681fb2cef56d26fb2f213e8d045949fde02e7c7590a9e7419,https://asset-about.blibli.com/2026/04/Annual-Report-2025-PT-Global-Digital-Niaga-Tbk.pdf,https://about.blibli.com/en/investor-relations/annual-reports,2026-09-09T05:41:54.737405+00:00,text/blibli/24fb2ee095f2_Annual-Report-2025-PT-Global-Digital-Niaga-Tbk.pdf.txt
blibli,embedded issuer PDF link,raw/blibli/649b07e785fc_FS-Consolidated_Global-Digital-Niaga_Sep-2023.pdf.pdf,2050404,642c4881ea1aafb823f9a8e1d3ba9fe2bf324a0744681a56a4830ee6cd332418,https://asset-about.blibli.com/2023/11/FS-Consolidated_Global-Digital-Niaga_Sep-2023.pdf,https://about.blibli.com/en/investor-relations/financial-information,2026-09-09T05:41:57.833295+00:00,text/blibli/649b07e785fc_FS-Consolidated_Global-Digital-Niaga_Sep-2023.pdf.txt
blibli,embedded issuer PDF link,raw/blibli/e3bca1e0dccc_Earnings-Release-FY23-PT-Global-Digital-Niaga-Tbk-.pdf.pdf,1079579,1fb6d4310c5471105e903d1e8281b9f27dc323eb7e6bf78e024c85113348fcf8,https://asset-about.blibli.com/2024/03/Earnings-Release-FY23-PT-Global-Digital-Niaga-Tbk-.pdf,https://about.blibli.com/en/investor-relations/financial-information,2026-09-09T05:41:58.149631+00:00,text/blibli/e3bca1e0dccc_Earnings-Release-FY23-PT-Global-Digital-Niaga-Tbk-.pdf.txt
blibli,embedded issuer PDF link,raw/blibli/e031ec1b2cf6_FS-Consolidated_Global-Digital-Niaga_Dec-2025.pdf.pdf,1839850,eb0a85b2fd447f56f24f31da336001f40cc1f3a9c545587f87f23b6f5c0bd557,https://asset-about.blibli.com/2026/03/FS-Consolidated_Global-Digital-Niaga_Dec-2025.pdf,https://about.blibli.com/en/investor-relations/financial-information,2026-09-09T05:41:57.997718+00:00,text/blibli/e031ec1b2cf6_FS-Consolidated_Global-Digital-Niaga_Dec-2025.pdf.txt
blibli,embedded issuer PDF link,raw/blibli/f2c7ab07ecc0_Earnings-Release-1H24-PT-Global-Digital-Niaga-Tbk.pdf.pdf,2308864,daf5c3da5c60b1ce33161286c5fc530604b3c81c610e0dde778f4820805d0758,https://asset-about.blibli.com/2024/07/Earnings-Release-1H24-PT-Global-Digital-Niaga-Tbk.pdf,https://about.blibli.com/en/investor-relations/financial-information,2026-09-09T05:41:59.271902+00:00,text/blibli/f2c7ab07ecc0_Earnings-Release-1H24-PT-Global-Digital-Niaga-Tbk.pdf.txt
blibli,embedded issuer PDF link,raw/blibli/81357282bebd_Earnings-Release-FY25-PT-Global-Digital-Niaga-Tbk.pdf.pdf,3186171,3cd90d78f27200abb89d36e020b1576afaaee9055b418054d9a1739d61d82533,https://asset-about.blibli.com/2026/03/Earnings-Release-FY25-PT-Global-Digital-Niaga-Tbk.pdf,https://about.blibli.com/en/investor-relations/financial-information,2026-09-09T05:41:58.165942+00:00,text/blibli/81357282bebd_Earnings-Release-FY25-PT-Global-Digital-Niaga-Tbk.pdf.txt
blibli,embedded issuer PDF link,raw/blibli/ddcef751aa8a_FS-Consolidated_Global-Digital-Niaga_Sep-2025_compressed.pdf.pdf,1967033,301e8147235a6e4f83e99aada1e1b22f6cf93b1c65292c545ffa450b2305bd29,https://asset-about.blibli.com/2025/10/FS-Consolidated_Global-Digital-Niaga_Sep-2025_compressed.pdf,https://about.blibli.com/en/investor-relations/financial-information,2026-09-09T05:41:59.080486+00:00,text/blibli/ddcef751aa8a_FS-Consolidated_Global-Digital-Niaga_Sep-2025_compressed.pdf.txt
blibli,embedded issuer PDF link,raw/blibli/92659e7164c1_Earnings-Release-1Q24-PT-Global-Digital-Niaga-Tbk-.pdf.pdf,1986590,34cd90c537a11ed4d9643bdfeb5a91d0c89b2988aa4af6ae0b3caa4ca0a717f6,https://asset-about.blibli.com/2024/04/Earnings-Release-1Q24-PT-Global-Digital-Niaga-Tbk-.pdf,https://about.blibli.com/en/investor-relations/financial-information,2026-09-09T05:42:00.040766+00:00,text/blibli/92659e7164c1_Earnings-Release-1Q24-PT-Global-Digital-Niaga-Tbk-.pdf.txt
blibli,embedded issuer PDF link,raw/blibli/7d522c257051_Earnings-Release-1H25-PT-Global-Digital-Niaga-Tbk.pdf.pdf,2387782,6e8ec08642ae9afeed51df0e921fb89967d13b3c13e11426f3f02d171ef8219d,https://asset-about.blibli.com/2025/07/Earnings-Release-1H25-PT-Global-Digital-Niaga-Tbk.pdf,https://about.blibli.com/en/investor-relations/financial-information,2026-09-09T05:41:59.978333+00:00,text/blibli/7d522c257051_Earnings-Release-1H25-PT-Global-Digital-Niaga-Tbk.pdf.txt
blibli,embedded issuer PDF link,raw/blibli/949673bf7005_Earnings-Release-1Q23-PT-Global-Digital-Niaga-Tbk.pdf.pdf,268045,4130a696c5beebcc71920acd9cea5fc0ed55a50247ee8f14f07294be43952594,https://asset-about.blibli.com/2023/05/Earnings-Release-1Q23-PT-Global-Digital-Niaga-Tbk.pdf,https://about.blibli.com/en/investor-relations/financial-information,2026-09-09T05:42:01.348545+00:00,text/blibli/949673bf7005_Earnings-Release-1Q23-PT-Global-Digital-Niaga-Tbk.pdf.txt
blibli,embedded issuer PDF link,raw/blibli/102c3b780958_FS-Consolidated_Global-Digital-Niaga_Dec-2024.pdf.pdf,1922136,0c283bccad341c0c2e2e7c54814e52d156bc8a732bde3b03052b8d944d14bb8a,https://asset-about.blibli.com/2025/03/FS-Consolidated_Global-Digital-Niaga_Dec-2024.pdf,https://about.blibli.com/en/investor-relations/financial-information,2026-09-09T05:42:00.774472+00:00,text/blibli/102c3b780958_FS-Consolidated_Global-Digital-Niaga_Dec-2024.pdf.txt
blibli,embedded issuer PDF link,raw/blibli/9becfb8dea9f_FS-Consolidated_Global-Digital-Niaga_Jun-2025.pdf.pdf,1948470,1dc7eb50b78b4312ae74808e0500d867487285bf370fccb76cb79f634b8ed150,https://asset-about.blibli.com/2025/07/FS-Consolidated_Global-Digital-Niaga_Jun-2025.pdf,https://about.blibli.com/en/investor-relations/financial-information,2026-09-09T05:41:59.984209+00:00,text/blibli/9becfb8dea9f_FS-Consolidated_Global-Digital-Niaga_Jun-2025.pdf.txt
blibli,embedded issuer PDF link,raw/blibli/c3427d7dbc80_FS-Consolidated_Global-Digital-Niaga_Mar-2026.pdf.pdf,2021959,7d1106ba9967f0cf2afd19776cb636910075bd7e2de1ae9b81ec53204717758b,https://asset-about.blibli.com/2026/04/FS-Consolidated_Global-Digital-Niaga_Mar-2026.pdf,https://about.blibli.com/en/investor-relations/financial-information,2026-09-09T05:42:00.512120+00:00,text/blibli/c3427d7dbc80_FS-Consolidated_Global-Digital-Niaga_Mar-2026.pdf.txt
blibli,embedded issuer PDF link,raw/blibli/e7734f1f73a8_Earnings-Release-FY22-PT-Global-Digital-Niaga-Tbk.pdf.pdf,258088,d740c914a071b5f48dd45f37195b18551045e2c6d6fe5d9d3161b0b7bf5e598e,https://asset-about.blibli.com/2023/03/Earnings-Release-FY22-PT-Global-Digital-Niaga-Tbk.pdf,https://about.blibli.com/en/investor-relations/financial-information,2026-09-09T05:42:01.974289+00:00,text/blibli/e7734f1f73a8_Earnings-Release-FY22-PT-Global-Digital-Niaga-Tbk.pdf.txt
blibli,embedded issuer PDF link,raw/blibli/c331d23dc8c7_Earnings-Release-1Q25-PT-Global-Digital-Niaga-Tbk-.pdf.pdf,2022452,b49a3e51cb0ed7203f37bcee5dfea467e6c52674bc2535f479185e1061ecdd53,https://asset-about.blibli.com/2025/04/Earnings-Release-1Q25-PT-Global-Digital-Niaga-Tbk-.pdf,https://about.blibli.com/en/investor-relations/financial-information,2026-09-09T05:42:02.167217+00:00,text/blibli/c331d23dc8c7_Earnings-Release-1Q25-PT-Global-Digital-Niaga-Tbk-.pdf.txt
blibli,embedded issuer PDF link,raw/blibli/c6fd3d704e5c_Earnings-Release-9M24-PT-Global-Digital-Niaga-Tbk.pdf.pdf,1489457,4c79c74bd36d3c951c8a6aada6a35ff129e4aafc0fff3e8125c1151fd0c3de04,https://asset-about.blibli.com/2024/11/Earnings-Release-9M24-PT-Global-Digital-Niaga-Tbk.pdf,https://about.blibli.com/en/investor-relations/financial-information,2026-09-09T05:42:02.755926+00:00,text/blibli/c6fd3d704e5c_Earnings-Release-9M24-PT-Global-Digital-Niaga-Tbk.pdf.txt
blibli,embedded issuer PDF link,raw/blibli/071bb13641ff_FS-Consolidated_Global-Digital-Niaga_Mar-2025-.pdf.pdf,1947439,277eb79e9c5a3583d35bf4bd17b673017c822490e0dadc4c94cf83dc53f815d6,https://asset-about.blibli.com/2025/04/FS-Consolidated_Global-Digital-Niaga_Mar-2025-.pdf,https://about.blibli.com/en/investor-relations/financial-information,2026-09-09T05:42:01.795527+00:00,text/blibli/071bb13641ff_FS-Consolidated_Global-Digital-Niaga_Mar-2025-.pdf.txt
blibli,embedded issuer PDF link,raw/blibli/7d4ca9ff9748_FS-Consolidated_Global-Digital-Niaga_Dec-2023-1-1.pdf.pdf,1967292,05205d09be44e5cba2947039abc0236f62ad15881677fe9f2c8bada16dd631ce,https://asset-about.blibli.com/2024/03/FS-Consolidated_Global-Digital-Niaga_Dec-2023-1-1.pdf,https://about.blibli.com/en/investor-relations/financial-information,2026-09-09T05:42:02.395592+00:00,text/blibli/7d4ca9ff9748_FS-Consolidated_Global-Digital-Niaga_Dec-2023-1-1.pdf.txt
blibli,embedded issuer PDF link,raw/blibli/7c90ca67ef64_Earnings-Release-1H23-PT-Global-Digital-Niaga-Tbk.pdf.pdf,280180,797bef7d4cfa252421cd40cfa63552fc44de7f695dd4561188e2b46bd6ac40fb,https://asset-about.blibli.com/2023/07/Earnings-Release-1H23-PT-Global-Digital-Niaga-Tbk.pdf,https://about.blibli.com/en/investor-relations/financial-information,2026-09-09T05:42:03.284097+00:00,text/blibli/7c90ca67ef64_Earnings-Release-1H23-PT-Global-Digital-Niaga-Tbk.pdf.txt
blibli,embedded issuer PDF link,raw/blibli/9d1814a23fc8_FS-Consolidated_Global-Digital-Niaga_Mar-2024-.pdf.pdf,1988426,af1bd2d730bfd996fdc8d66972c9a0d1373c867d92b9e88ca08bd23f5d6bf434,https://asset-about.blibli.com/2024/04/FS-Consolidated_Global-Digital-Niaga_Mar-2024-.pdf,https://about.blibli.com/en/investor-relations/financial-information,2026-09-09T05:42:02.689294+00:00,text/blibli/9d1814a23fc8_FS-Consolidated_Global-Digital-Niaga_Mar-2024-.pdf.txt
blibli,embedded issuer PDF link,raw/blibli/27dfe2442bca_Earnings-Release-1Q26-PT-Global-Digital-Niaga-Tbk-.pdf.pdf,1250846,f4a5ddbceae1229c1a1a8fcce315774cad30a92b8f20d71b4c2f0ba7298e59f1,https://asset-about.blibli.com/2026/05/Earnings-Release-1Q26-PT-Global-Digital-Niaga-Tbk-.pdf,https://about.blibli.com/en/investor-relations/financial-information,2026-09-09T05:42:03.704255+00:00,text/blibli/27dfe2442bca_Earnings-Release-1Q26-PT-Global-Digital-Niaga-Tbk-.pdf.txt
blibli,embedded issuer PDF link,raw/blibli/514d104f3e93_FS-Consolidated_Global-Digital-Niaga_Jun-2023.pdf.pdf,2059630,5388e229144345c8828f16662de3b1c808c0c0072015115d51641a1ae4415e66,https://asset-about.blibli.com/2023/07/FS-Consolidated_Global-Digital-Niaga_Jun-2023.pdf,https://about.blibli.com/en/investor-relations/financial-information,2026-09-09T05:42:03.344118+00:00,text/blibli/514d104f3e93_FS-Consolidated_Global-Digital-Niaga_Jun-2023.pdf.txt
blibli,embedded issuer PDF link,raw/blibli/28624263ebfc_Earnings-Release-1H26-PT-Global-Digital-Niaga-Tbk.pdf.pdf,3202842,c11bc2fe9467c9d5773d67475d85aa9d761e6d739435376165753ed43c7b8db8,https://asset-about.blibli.com/2026/07/Earnings-Release-1H26-PT-Global-Digital-Niaga-Tbk.pdf,https://about.blibli.com/en/investor-relations/financial-information,2026-09-09T05:42:04.454719+00:00,text/blibli/28624263ebfc_Earnings-Release-1H26-PT-Global-Digital-Niaga-Tbk.pdf.txt
blibli,embedded issuer PDF link,raw/blibli/dc8cc58f59dc_FS-Consolidated_Global-Digital-Niaga_Sep-2024-.pdf.pdf,2074790,34e5bfab6ab176e9eaf9e94f71c5c30859267a5ea0f3aa9c2060bf85d93525e7,https://asset-about.blibli.com/2024/10/FS-Consolidated_Global-Digital-Niaga_Sep-2024-.pdf,https://about.blibli.com/en/investor-relations/financial-information,2026-09-09T05:42:03.984304+00:00,text/blibli/dc8cc58f59dc_FS-Consolidated_Global-Digital-Niaga_Sep-2024-.pdf.txt
blibli,embedded issuer PDF link,raw/blibli/3ade07840c12_Earnings-Release-FY24-PT-Global-Digital-Niaga-Tbk.pdf.pdf,555356,29ee4a6ce316517e978a942a17e1293bd2975367e4b3ce7b825b1f8b2b4c9eab,https://asset-about.blibli.com/2025/03/Earnings-Release-FY24-PT-Global-Digital-Niaga-Tbk.pdf,https://about.blibli.com/en/investor-relations/financial-information,2026-09-09T05:42:05.047112+00:00,text/blibli/3ade07840c12_Earnings-Release-FY24-PT-Global-Digital-Niaga-Tbk.pdf.txt
blibli,embedded issuer PDF link,raw/blibli/af09d20c99de_FS-Consolidated_Global-Digital-Niaga_Mar-2023.pdf.pdf,1997482,27aba746e7f5ba65ceda60a5e885a23e2f17172d563a664518cc412d4c45a9c8,https://asset-about.blibli.com/2023/04/FS-Consolidated_Global-Digital-Niaga_Mar-2023.pdf,https://about.blibli.com/en/investor-relations/financial-information,2026-09-09T05:42:04.159238+00:00,text/blibli/af09d20c99de_FS-Consolidated_Global-Digital-Niaga_Mar-2023.pdf.txt
blibli,embedded issuer PDF link,raw/blibli/81a90a424dc5_Earnings-Release-9M23-PT-Global-Digital-Niaga-Tbk.pdf.pdf,2158391,7ea585e28bacb842a2bc28bc2143f00eda7853ce60de86887f4170422ad5ddf1,https://asset-about.blibli.com/2023/11/Earnings-Release-9M23-PT-Global-Digital-Niaga-Tbk.pdf,https://about.blibli.com/en/investor-relations/financial-information,2026-09-09T05:42:05.041216+00:00,text/blibli/81a90a424dc5_Earnings-Release-9M23-PT-Global-Digital-Niaga-Tbk.pdf.txt
blibli,embedded issuer PDF link,raw/blibli/eb30d12d4641_FS-Consolidated_Global-Digital-Niaga_Jun-2026.pdf.pdf,1915290,fa055b571214065617290170328fcefebb0200ff7fdd1cdaa89145e482f3203b,https://asset-about.blibli.com/2026/07/FS-Consolidated_Global-Digital-Niaga_Jun-2026.pdf,https://about.blibli.com/en/investor-relations/financial-information,2026-09-09T05:42:05.577599+00:00,text/blibli/eb30d12d4641_FS-Consolidated_Global-Digital-Niaga_Jun-2026.pdf.txt
blibli,embedded issuer PDF link,raw/blibli/9600cf714e2c_FS-Consolidated_Global-Digital-Niaga_Dec-2022.pdf.pdf,1812753,abc9bd52d5de00fec4c775bd618925488af34e60c65b49e37faf8916ceffe4f6,https://asset-about.blibli.com/2023/03/FS-Consolidated_Global-Digital-Niaga_Dec-2022.pdf,https://about.blibli.com/en/investor-relations/financial-information,2026-09-09T05:42:05.673622+00:00,text/blibli/9600cf714e2c_FS-Consolidated_Global-Digital-Niaga_Dec-2022.pdf.txt
blibli,embedded issuer PDF link,raw/blibli/16f01319fa93_FS-Consolidated_Global-Digital-Niaga_Jun-2024-.pdf.pdf,2094426,153601060be5d9f06581b262823902f526e6e4a690af6c2b409f2bc3264731a7,https://asset-about.blibli.com/2024/07/FS-Consolidated_Global-Digital-Niaga_Jun-2024-.pdf,https://about.blibli.com/en/investor-relations/financial-information,2026-09-09T05:42:05.581659+00:00,text/blibli/16f01319fa93_FS-Consolidated_Global-Digital-Niaga_Jun-2024-.pdf.txt
blibli,embedded issuer PDF link,raw/blibli/7eb1de250d97_Sustainability-Report-2023-PT-Global-Digital-Niaga-Tbk-.pdf.pdf,4501868,fdf671212ba4793713b80b17ca5840309b16dec40153a737a04bc1efa577cf71,https://asset-about.blibli.com/2024/05/Sustainability-Report-2023-PT-Global-Digital-Niaga-Tbk-.pdf,https://about.blibli.com/en/investor-relations/sustainability-reports,2026-09-09T05:42:07.131379+00:00,text/blibli/7eb1de250d97_Sustainability-Report-2023-PT-Global-Digital-Niaga-Tbk-.pdf.txt
blibli,embedded issuer PDF link,raw/blibli/18e9d496c3f5_Blibli_Tiket_Sustainbility_Report-2024.pdf.pdf,7116749,e8b0ce62577ac33f426763b3af4317dbe533ba751690ee941451d49630fbe0af,https://asset-about.blibli.com/2025/09/Blibli_Tiket_Sustainbility_Report-2024.pdf,https://about.blibli.com/en/investor-relations/sustainability-reports,2026-09-09T05:42:06.798651+00:00,text/blibli/18e9d496c3f5_Blibli_Tiket_Sustainbility_Report-2024.pdf.txt
blibli,embedded issuer PDF link,raw/blibli/7ed85289acba_SR-BliBli-2025.V.1.08.06.2026.pdf.pdf,4688101,24cefb146cb0ba37d836c2c3d4a886d8b0128a781424c52b808854bed54b344b,https://asset-about.blibli.com/2026/06/SR-BliBli-2025.V.1.08.06.2026.pdf,https://about.blibli.com/en/investor-relations/sustainability-reports,2026-09-09T05:42:06.790735+00:00,text/blibli/7ed85289acba_SR-BliBli-2025.V.1.08.06.2026.pdf.txt
blibli,embedded issuer PDF link,raw/blibli/0ee053aea9db_Abridged-Prospectus-IPO-PT-Global-Digital-Niaga-Tbk.pdf.pdf,552263,24cb3f373efa4c380528a5167c4b3f344729a120efc246e7c2e45d1f2028a9ec,https://asset-about.blibli.com/2023/01/Abridged-Prospectus-IPO-PT-Global-Digital-Niaga-Tbk.pdf,https://about.blibli.com/en/investor-relations/prospectus,2026-09-09T05:42:09.351221+00:00,text/blibli/0ee053aea9db_Abridged-Prospectus-IPO-PT-Global-Digital-Niaga-Tbk.pdf.txt
blibli,embedded issuer PDF link,raw/blibli/a51fd5c6759d_Sustainability-Report-2022-PT-Global-Digital-Niaga-Tbk-lowres.pdf.pdf,7101436,b851af9fe8f0b95bf2094bc2931bdfaf605657f5747dd02bdae3efc159dde529,https://asset-about.blibli.com/2023/05/Sustainability-Report-2022-PT-Global-Digital-Niaga-Tbk-lowres.pdf,https://about.blibli.com/en/investor-relations/sustainability-reports,2026-09-09T05:42:05.961894+00:00,text/blibli/a51fd5c6759d_Sustainability-Report-2022-PT-Global-Digital-Niaga-Tbk-lowres.pdf.txt
blibli,embedded issuer PDF link,raw/blibli/6a3224bc8802_Additional-Information-Abridged-Prospectus-IPO-PT-Global-Digital-Niaga-Tbk.pdf.pdf,95180,fb37ea66f3609f936569246d1c7d1dfd7e1d978edd9964f73b224a39a918b271,https://asset-about.blibli.com/2023/01/Additional-Information-Abridged-Prospectus-IPO-PT-Global-Digital-Niaga-Tbk.pdf,https://about.blibli.com/en/investor-relations/prospectus,2026-09-09T05:42:10.491171+00:00,text/blibli/6a3224bc8802_Additional-Information-Abridged-Prospectus-IPO-PT-Global-Digital-Niaga-Tbk.pdf.txt
grab,Q2 2026 issuer disclosure,raw/grab/795f20fbf875_Grab-Reports-Record-Second-Quarter-2026-Results.pdf.pdf,563697,3940c1d20f6ba84545d47628ee99472795ef9537a4c9f916cb0b7c999b6aa304,https://s205.q4cdn.com/179588156/files/doc_financials/2026/q2/Grab-Reports-Record-Second-Quarter-2026-Results.pdf,https://investors.grab.com/financial-information/quarterly-results/default.aspx,2026-09-09T05:42:10.543348+00:00,text/grab/795f20fbf875_Grab-Reports-Record-Second-Quarter-2026-Results.pdf.txt
blibli,embedded issuer PDF link,raw/blibli/bc83cd23e319_Preliminary-Prospectus-IPO-PT-Global-Digital-Niaga-Tbk-.pdf.pdf,8079588,e2b4a8b2369b93f4a076515a06e470d573d2221f7fe798758f41db1e919bd8c8,https://asset-about.blibli.com/2023/01/Preliminary-Prospectus-IPO-PT-Global-Digital-Niaga-Tbk-.pdf,https://about.blibli.com/en/investor-relations/prospectus,2026-09-09T05:42:09.379228+00:00,text/blibli/bc83cd23e319_Preliminary-Prospectus-IPO-PT-Global-Digital-Niaga-Tbk-.pdf.txt
grab,Q2 2026 issuer disclosure,raw/grab/6398e1930838_Grab-Q2-2026-Earnings-Remarks.pdf.pdf,186050,ce18b299c9eb3e344c7884c4b27b8190efdd4de8870c6b21a7b4a293e8823c6b,https://s205.q4cdn.com/179588156/files/doc_financials/2026/q2/Grab-Q2-2026-Earnings-Remarks.pdf,https://investors.grab.com/financial-information/quarterly-results/default.aspx,2026-09-09T05:42:11.328252+00:00,text/grab/6398e1930838_Grab-Q2-2026-Earnings-Remarks.pdf.txt
blibli,embedded issuer PDF link,raw/blibli/b2477a91aacf_Final-Prospectus-IPO-PT-Global-Digital-Niaga-Tbk-1.pdf.pdf,9726585,4111c33e03b309f51a588dfee68810cb145da36b0d5e9a5d3a535051a9d5e7f9,https://asset-about.blibli.com/2023/01/Final-Prospectus-IPO-PT-Global-Digital-Niaga-Tbk-1.pdf,https://about.blibli.com/en/investor-relations/prospectus,2026-09-09T05:42:08.275881+00:00,text/blibli/b2477a91aacf_Final-Prospectus-IPO-PT-Global-Digital-Niaga-Tbk-1.pdf.txt
grab,Q2 2026 issuer disclosure,raw/grab/78144a3097fc_Grab-Q2-2026-Earnings-Presentation.pdf.pdf,2284354,ee9b4393a1165828193514ceff1b38cdee0551d92c1be1383c75d22ac3f0ffe6,https://s205.q4cdn.com/179588156/files/doc_financials/2026/q2/Grab-Q2-2026-Earnings-Presentation.pdf,https://investors.grab.com/financial-information/quarterly-results/default.aspx,2026-09-09T05:42:11.020846+00:00,text/grab/78144a3097fc_Grab-Q2-2026-Earnings-Presentation.pdf.txt
momentum,public publisher article search,raw/momentum/b0ae7deebe12_posts.json,2018193,29e1cd7b80b59ef543e960e1200aeca4298a76ec7aded2c350b11ceecf491824,https://thelowdown.momentum.asia/wp-json/wp/v2/posts?search=ecommerce&per_page=100&page=1&before=2026-09-09T23:59:59,,2026-09-09T05:43:28.344232+00:00,
momentum,public publisher article search,raw/momentum/e0e9db99e15f_posts.json,2256777,8f71f3a08e2582f117ad319a8a991a195df6db087ca0bce8dcdf740f7fb86234,https://thelowdown.momentum.asia/wp-json/wp/v2/posts?search=ecommerce&per_page=100&page=2&before=2026-09-09T23:59:59,,2026-09-09T05:43:42.488835+00:00,
momentum,public publisher article search,raw/momentum/0d9332bb71ea_posts.json,1923542,4fd620827660d788b7487c0724bb5ebd5dd3eab4f4220b1e670df6fd88bbd980,https://thelowdown.momentum.asia/wp-json/wp/v2/posts?search=ecommerce&per_page=100&page=3&before=2026-09-09T23:59:59,,2026-09-09T05:43:48.589224+00:00,
momentum,public publisher article search,raw/momentum/6b9d4ea473b2_posts.json,1582378,b87b9805fc4bc685a098fd71077cbed0e934bed81f6b3c79de63c21b6475649d,https://thelowdown.momentum.asia/wp-json/wp/v2/posts?search=ecommerce&per_page=100&page=4&before=2026-09-09T23:59:59,,2026-09-09T05:43:57.136628+00:00,
momentum,public publisher article search,raw/momentum/85e77baea5a6_posts.json,1796977,51d30cf039c12f4653d347eed12cf952af8ea2bfba26a89bef5b63cd41af69f2,https://thelowdown.momentum.asia/wp-json/wp/v2/posts?search=ecommerce&per_page=100&page=5&before=2026-09-09T23:59:59,,2026-09-09T05:44:02.816492+00:00,
momentum,public publisher article search,raw/momentum/b50201bcef42_posts.json,1651909,4444e969132396c40bbc0f02992526efbfe3b30a6639b646421e04a98963306e,https://thelowdown.momentum.asia/wp-json/wp/v2/posts?search=ecommerce&per_page=100&page=6&before=2026-09-09T23:59:59,,2026-09-09T05:44:09.188760+00:00,
momentum,public publisher article search,raw/momentum/5c794fdf9fde_posts.json,1278035,2eddc7e9f1c7e8a4cc9cfde9b4082caad368dd06a3d29a585fff93cd7f1f94dd,https://thelowdown.momentum.asia/wp-json/wp/v2/posts?search=ecommerce&per_page=100&page=7&before=2026-09-09T23:59:59,,2026-09-09T05:44:34.290453+00:00,
momentum,public publisher article search,raw/momentum/13477711ab90_posts.json,2140245,715580ed94e00fd3dcc50678ec0ec047ceaebf2646998db3751ee370a0d45bcc,https://thelowdown.momentum.asia/wp-json/wp/v2/posts?search=food%20delivery&per_page=100&page=1&before=2026-09-09T23:59:59,,2026-09-09T05:44:43.375631+00:00,
momentum,public publisher article search,raw/momentum/79c618f8ef69_posts.json,2659166,a675ee5795ed4765ab53a3ef78704edbbe5aee40e89427110b9d9fd7ff4e584c,https://thelowdown.momentum.asia/wp-json/wp/v2/posts?search=food%20delivery&per_page=100&page=2&before=2026-09-09T23:59:59,,2026-09-09T05:44:48.155831+00:00,
momentum,public publisher article search,raw/momentum/39d83d38bb0c_posts.json,1718856,5f82d8f4648f0357caba3848a2d5c03753cdb9767795ef616ab6d892766d75d1,https://thelowdown.momentum.asia/wp-json/wp/v2/posts?search=food%20delivery&per_page=100&page=3&before=2026-09-09T23:59:59,,2026-09-09T05:44:53.705808+00:00,
momentum,public publisher article search,raw/momentum/1a35c85be42f_posts.json,609468,5dde67daaade9b8d3cbe6c7997924a6d3886fae24bbb51297c13b8aa9ab23bf6,https://thelowdown.momentum.asia/wp-json/wp/v2/posts?search=food%20delivery&per_page=100&page=4&before=2026-09-09T23:59:59,,2026-09-09T05:44:58.121455+00:00,
momentum_figures,[New report] Southeast Asia’s content commerce on track to reach US$77.9B in 2026,raw/momentum_figures/0222548c239b_14.png.png,381143,b2f2106abda2668c2ccfd4829f2e72307616a6f12588c7269d56efd59174aee6,https://thelowdown.momentum.asia/wp-content/uploads/2026/09/14.png,https://thelowdown.momentum.asia/new-report-southeast-asias-content-commerce-on-track-to-reach-us77-9b-in-2026/,2026-09-09T05:45:03.793271+00:00,
momentum_figures,[New report] Southeast Asia’s content commerce on track to reach US$77.9B in 2026,raw/momentum_figures/255132baf879_Press-release-border.png.png,352322,4ea0437281697b319450571137e0be7d8fd4bec7f30e6d920eacb64ed374f5d2,https://thelowdown.momentum.asia/wp-content/uploads/2026/09/Press-release-border.png,https://thelowdown.momentum.asia/new-report-southeast-asias-content-commerce-on-track-to-reach-us77-9b-in-2026/,2026-09-09T05:45:03.794851+00:00,
momentum_figures,How will AI disrupt ecommerce in Southeast Asia,raw/momentum_figures/4d54c7a1830e_20260409-MWX-Insights-Session-5_-Resetting-ecommerce.jpg.jpg,90698,70e571e3f02e0e8ecdbebc13beb06d0166dd0d328eb037740bda2c11bee2af6e,https://thelowdown.momentum.asia/wp-content/uploads/2026/04/20260409-MWX-Insights-Session-5_-Resetting-ecommerce.jpg,https://thelowdown.momentum.asia/how-will-ai-disrupt-ecommerce-in-southeast-asia/,2026-09-09T05:45:03.795467+00:00,
momentum_figures,[New report] Southeast Asia’s content commerce on track to reach US$77.9B in 2026,raw/momentum_figures/ff285203eaee_13.png.png,905139,23f08b1e0a64cadda150264801f1297a9eaec14fa46b55499e086a331f25c737,https://thelowdown.momentum.asia/wp-content/uploads/2026/09/13.png,https://thelowdown.momentum.asia/new-report-southeast-asias-content-commerce-on-track-to-reach-us77-9b-in-2026/,2026-09-09T05:45:03.794122+00:00,
momentum_figures,[New report] Southeast Asia’s platform ecommerce reaches US$157.6B in 2025,raw/momentum_figures/7aa936c3c5a5_Ecommerce-in-Southeast-Asia-2026_V4.0_MW_Apr-2026.jpg.jpg,84977,3cdbb29189b237110a2551dcb285d3b9b1125e17585e6f8858b79f44006429b0,https://thelowdown.momentum.asia/wp-content/uploads/2026/04/Ecommerce-in-Southeast-Asia-2026_V4.0_MW_Apr-2026.jpg,https://thelowdown.momentum.asia/new-report-southeast-asias-platform-ecommerce-reaches-us157-6b-in-2025-with-top-platforms-expanding-share-to-98-8/,2026-09-09T05:45:05.161056+00:00,
momentum_figures,[New report] Southeast Asia’s platform ecommerce reaches US$157.6B in 2025,raw/momentum_figures/ed6804c2a24e_Ecommerce-in-Southeast-Asia-2026_V4.0_MW_Apr-2026-1.jpg.jpg,88658,221de71b102be0a1add58f6cfe253b5ec4a3c720846407cd044df44ae4f5d84d,https://thelowdown.momentum.asia/wp-content/uploads/2026/04/Ecommerce-in-Southeast-Asia-2026_V4.0_MW_Apr-2026-1.jpg,https://thelowdown.momentum.asia/new-report-southeast-asias-platform-ecommerce-reaches-us157-6b-in-2025-with-top-platforms-expanding-share-to-98-8/,2026-09-09T05:45:05.194870+00:00,
momentum_figures,[New report] Southeast Asia’s platform ecommerce reaches US$157.6B in 2025,raw/momentum_figures/cc15a0d79d15_Ecommerce-in-SEA-2026-report-launch-teaser-slide-.jpg.jpg,49342,f8c2fbc2954fa3c2d094ace90406ba6450cb6a907c92b796b5265f4da7a58c75,https://thelowdown.momentum.asia/wp-content/uploads/2026/04/Ecommerce-in-SEA-2026-report-launch-teaser-slide-.jpg,https://thelowdown.momentum.asia/new-report-southeast-asias-platform-ecommerce-reaches-us157-6b-in-2025-with-top-platforms-expanding-share-to-98-8/,2026-09-09T05:45:05.278266+00:00,
momentum_figures,Indonesia is sending a stronger signal on Chinese ecommerce,raw/momentum_figures/78aacec334fd_4.png.png,104594,7c25d8a87807ce58968b0075aecd7d8bcd4131e71e78c116831c6172029e8239,https://thelowdown.momentum.asia/wp-content/uploads/2026/03/4.png,https://thelowdown.momentum.asia/indonesia-is-sending-a-stronger-signal-on-chinese-ecommerce/,2026-09-09T05:45:05.312810+00:00,
momentum_figures,[New report] Southeast Asia food delivery GMV grew 18% to hit US$22.7B in 2025,raw/momentum_figures/1fcab6df392e_FD-6.0-Report-launch-teaser-slide.jpg.jpg,57892,c36210a4ba13843c3bdf3e0535de1611d2959d04247f37792ebfbd9e3f91bcd8,https://thelowdown.momentum.asia/wp-content/uploads/2026/01/FD-6.0-Report-launch-teaser-slide.jpg,https://thelowdown.momentum.asia/new-report-southeast-asia-food-delivery-gmv-grew-18-to-hit-us22-7b-in-2025/,2026-09-09T05:45:05.786657+00:00,
momentum_figures,[New report] Southeast Asia food delivery GMV grew 18% to hit US$22.7B in 2025,raw/momentum_figures/ba4469e0902a_Food-delivery-platforms-in-Southeast-Asia-6.0_MW_Jan-2026.jpg.jpg,95966,c156c383df60905f68e056261da205827bb13a91daae709eed3cf535dc9df73d,https://thelowdown.momentum.asia/wp-content/uploads/2026/01/Food-delivery-platforms-in-Southeast-Asia-6.0_MW_Jan-2026.jpg,https://thelowdown.momentum.asia/new-report-southeast-asia-food-delivery-gmv-grew-18-to-hit-us22-7b-in-2025/,2026-09-09T05:45:05.746503+00:00,
momentum_figures,[New report] Quick commerce in China 2025,raw/momentum_figures/33a4181d2200_Quick-commerce-in-China-2025_MW_Nov-2025-4.jpg.jpg,82235,022610c690f97a550c4edffde7350f9b52bdbbf86e11a663cf574ad8dd24b15a,https://thelowdown.momentum.asia/wp-content/uploads/2025/11/Quick-commerce-in-China-2025_MW_Nov-2025-4.jpg,https://thelowdown.momentum.asia/new-report-quick-commerce-in-china-2025-how-instant-retail-became-everyday-infrastructure/,2026-09-09T05:45:06.385458+00:00,
momentum_figures,[New report] Quick commerce in China 2025,raw/momentum_figures/957d8b1b8138_Quick-commerce-in-China-2025_MW_Nov-2025.jpg.jpg,85985,dcec4d02b70221ca05e5b9d56a8bfa5e925f99984d7a551d88b8195296087449,https://thelowdown.momentum.asia/wp-content/uploads/2025/11/Quick-commerce-in-China-2025_MW_Nov-2025.jpg,https://thelowdown.momentum.asia/new-report-quick-commerce-in-china-2025-how-instant-retail-became-everyday-infrastructure/,2026-09-09T05:45:06.761643+00:00,
momentum_figures,[New report] Quick commerce in China 2025,raw/momentum_figures/8972ceb8239f_Quick-commerce-in-China-2025_MW_Nov-2025-1.jpg.jpg,91299,3ccb9a8f9891b672bccd2e1db4c49477cd938b13f2ded4a5a64014b16dea6737,https://thelowdown.momentum.asia/wp-content/uploads/2025/11/Quick-commerce-in-China-2025_MW_Nov-2025-1.jpg,https://thelowdown.momentum.asia/new-report-quick-commerce-in-china-2025-how-instant-retail-became-everyday-infrastructure/,2026-09-09T05:45:06.891950+00:00,
momentum_figures,[New report] Quick commerce in China 2025,raw/momentum_figures/4fdcc050850b_Quick-commerce-in-China-2025_MW_Nov-2025-2.jpg.jpg,93869,1a405c4d45cf7c6366efd628467791c8c00027ffcf403b6c8f4cb3957323da86,https://thelowdown.momentum.asia/wp-content/uploads/2025/11/Quick-commerce-in-China-2025_MW_Nov-2025-2.jpg,https://thelowdown.momentum.asia/new-report-quick-commerce-in-china-2025-how-instant-retail-became-everyday-infrastructure/,2026-09-09T05:45:07.120405+00:00,
momentum_figures,[New report] Quick commerce in China 2025,raw/momentum_figures/75526e064442_Quick-commerce-in-China-2025_MW_Nov-2025-3.jpg.jpg,83296,dd99d883f31a1e901be8e0b1d54e554fd5ab2f968820679439731238bc2f2c19,https://thelowdown.momentum.asia/wp-content/uploads/2025/11/Quick-commerce-in-China-2025_MW_Nov-2025-3.jpg,https://thelowdown.momentum.asia/new-report-quick-commerce-in-china-2025-how-instant-retail-became-everyday-infrastructure/,2026-09-09T05:45:07.739152+00:00,
momentum_figures,TikTok Shop Brazil GMV grew close to US$50m in August,raw/momentum_figures/861e5efbf0f5_20250905-180503.png.png,93788,851f32ebceee551f84282dd7f6e400b454af154803c1107b1ad1d4b1ab216e56,https://thelowdown.momentum.asia/wp-content/uploads/2025/09/20250905-180503.png,https://thelowdown.momentum.asia/tiktok-shop-brazil-gmv-grew-close-to-us50m-in-august/,2026-09-09T05:45:08.213225+00:00,
momentum_figures,[New report] Quick commerce in China 2025,raw/momentum_figures/5a3cfbf3193a_Quick-commerce-in-Chian-report-launch-teaser-slide.jpg.jpg,56308,f030e92cffe33360e400bfc377dc6c1aa95e09f764f3697b181bd1043344fb78,https://thelowdown.momentum.asia/wp-content/uploads/2025/11/Quick-commerce-in-Chian-report-launch-teaser-slide.jpg,https://thelowdown.momentum.asia/new-report-quick-commerce-in-china-2025-how-instant-retail-became-everyday-infrastructure/,2026-09-09T05:45:08.108053+00:00,
momentum_figures,TikTok Shop Brazil GMV grew close to US$50m in August,raw/momentum_figures/30f23b3cb191_20250905-180515.png.png,114994,98086d7ef7506ed6b2faa7bd1cae92d65017cc695b90145b5032f35616ba8aaf,https://thelowdown.momentum.asia/wp-content/uploads/2025/09/20250905-180515.png,https://thelowdown.momentum.asia/tiktok-shop-brazil-gmv-grew-close-to-us50m-in-august/,2026-09-09T05:45:08.669032+00:00,
momentum_figures,TikTok Shop Brazil GMV grew close to US$50m in August,raw/momentum_figures/79b340ddccdc_20250905-180521.png.png,178085,cbe6b6bcb8d1331f7d3898783d9c70fb9de20995639a57b017f39f25918bdea8,https://thelowdown.momentum.asia/wp-content/uploads/2025/09/20250905-180521.png,https://thelowdown.momentum.asia/tiktok-shop-brazil-gmv-grew-close-to-us50m-in-august/,2026-09-09T05:45:09.088156+00:00,
momentum_figures,"[New report] How Luckin Coffee went from scandal to 24,000+ stores globally",raw/momentum_figures/8f404330cecc_Screenshot-2025-07-24-at-3.27.37_PM-1024x574.png.png,154846,e1ceb9ebff2eee84ab8c4a21091155273f4257d9f1118413a798ffc7b7f12ea2,https://thelowdown.momentum.asia/wp-content/uploads/2025/07/Screenshot-2025-07-24-at-3.27.37 PM-1024x574.png,https://thelowdown.momentum.asia/new-report-how-luckin-coffee-went-from-scandal-to-24000-stores-globally/,2026-09-09T05:45:09.296006+00:00,
momentum_figures,"[New report] How Luckin Coffee went from scandal to 24,000+ stores globally",raw/momentum_figures/189cdaea7dfc_Screenshot-2025-07-24-at-12.13.30_PM.png.png,401051,02fad206e70558332d620a8d48e52f52590f89ff60a7a51a89ba26bcb220847d,https://thelowdown.momentum.asia/wp-content/uploads/2025/07/Screenshot-2025-07-24-at-12.13.30 PM.png,https://thelowdown.momentum.asia/new-report-how-luckin-coffee-went-from-scandal-to-24000-stores-globally/,2026-09-09T05:45:09.467638+00:00,
momentum_figures,"[New report] How Luckin Coffee went from scandal to 24,000+ stores globally",raw/momentum_figures/365b75f9298c_Screenshot-2025-07-24-at-12.14.20_PM-1024x573.png.png,116856,382d7ee1249b60f783b2ccc73f900613f695f3e9e448b3843024330244090185,https://thelowdown.momentum.asia/wp-content/uploads/2025/07/Screenshot-2025-07-24-at-12.14.20 PM-1024x573.png,https://thelowdown.momentum.asia/new-report-how-luckin-coffee-went-from-scandal-to-24000-stores-globally/,2026-09-09T05:45:09.793840+00:00,
momentum_figures,[New report] Southeast Asia’s Platform Ecommerce GMV Reaches US$128.4B,raw/momentum_figures/2e57b58e82c4_Ecommerce-in-Southeast-Asia-3.0_MW_June-2025-1.jpg.jpg,94639,8692e2e7c53bf4ef2f19208d397098fa8f473fe5028132e6f72a1f6cf39085c3,https://thelowdown.momentum.asia/wp-content/uploads/2025/06/Ecommerce-in-Southeast-Asia-3.0_MW_June-2025-1.jpg,https://thelowdown.momentum.asia/new-report-southeast-asias-platform-ecommerce-gmv-reaches-us128-4b/,2026-09-09T05:45:10.475171+00:00,
momentum_figures,[New report] Southeast Asia’s Platform Ecommerce GMV Reaches US$128.4B,raw/momentum_figures/52456fbdbaa2_Ecommerce-in-Southeast-Asia-3.0_MW_June-2025-2.jpg.jpg,86046,67ad8d059966d2c05d434f4d346c21d15d26f61eb5b9944f5d52b8ed62b3624a,https://thelowdown.momentum.asia/wp-content/uploads/2025/06/Ecommerce-in-Southeast-Asia-3.0_MW_June-2025-2.jpg,https://thelowdown.momentum.asia/new-report-southeast-asias-platform-ecommerce-gmv-reaches-us128-4b/,2026-09-09T05:45:10.512871+00:00,
momentum_figures,[New report] Southeast Asia’s Platform Ecommerce GMV Reaches US$128.4B,raw/momentum_figures/b106c820102d_Ecommerce-in-Southeast-Asia-3.0_MW_June-2025-5.jpg.jpg,71862,86180723a603a758115a7e974f83b850b832981e3f7e186f37a1251cd79f334d,https://thelowdown.momentum.asia/wp-content/uploads/2025/06/Ecommerce-in-Southeast-Asia-3.0_MW_June-2025-5.jpg,https://thelowdown.momentum.asia/new-report-southeast-asias-platform-ecommerce-gmv-reaches-us128-4b/,2026-09-09T05:45:10.830367+00:00,
momentum_figures,"[Press release] Southeast Asia’s Platform Ecommerce GMV Reaches US$128.4B, Top 3 platforms increase market share to 84%: Momentum Works",raw/momentum_figures/732d2c252592_Ecommerce-in-Southeast-Asia-3.0_MW_June-2025.jpg.jpg,86046,67ad8d059966d2c05d434f4d346c21d15d26f61eb5b9944f5d52b8ed62b3624a,https://thelowdown.momentum.asia/wp-content/uploads/2025/06/Ecommerce-in-Southeast-Asia-3.0_MW_June-2025.jpg,https://thelowdown.momentum.asia/press-release-southeast-asias-platform-ecommerce-gmv-reaches-us128-4b-top-3-platforms-increase-market-share-to-84-momentum-works/,2026-09-09T05:45:11.295626+00:00,
momentum_figures,"[Press Release] TikTok Shop in the U.S. Achieves Explosive Growth in 2024, Surpassing US$9 Billion GMV",raw/momentum_figures/1bb4c6bf657a_unnamed-12.png.png,40058,caf97da2006ede8d27a7ee345332c827887aaad626434a95e6eb3b68588f7d4e,https://thelowdown.momentum.asia/wp-content/uploads/2025/01/unnamed-12.png,https://thelowdown.momentum.asia/press-release-tiktok-shop-in-the-u-s-achieves-explosive-growth-in-2024-surpassing-us9-billion-gmv/,2026-09-09T05:45:11.817143+00:00,
momentum_figures,"[New Report] Transforming Ecommerce with AI: Sell Smarter, Shop Better",raw/momentum_figures/be3e3ea649fb_Transforming-ecommerce-with-AI_MW_Lazada_June-2025.png.png,435848,17ce267772e62660dffb7cc73b53ac9f4111504eaff9c7ce305507e118107d22,https://thelowdown.momentum.asia/wp-content/uploads/2025/06/Transforming-ecommerce-with-AI_MW_Lazada_June-2025.png,https://thelowdown.momentum.asia/new-report-transforming-ecommerce-with-ai-sell-smarter-shop-better/,2026-09-09T05:45:11.484319+00:00,
momentum_figures,"[Press Release] TikTok Shop in the U.S. Achieves Explosive Growth in 2024, Surpassing US$9 Billion GMV",raw/momentum_figures/613076beae32_unnamed-13.png.png,50959,37441afebf162ee24868043ea72d30599a3b3a559b4b3eaa0bfbc51d29e6e5e7,https://thelowdown.momentum.asia/wp-content/uploads/2025/01/unnamed-13.png,https://thelowdown.momentum.asia/press-release-tiktok-shop-in-the-u-s-achieves-explosive-growth-in-2024-surpassing-us9-billion-gmv/,2026-09-09T05:45:12.127725+00:00,
momentum_figures,"[Press Release] TikTok Shop in the U.S. Achieves Explosive Growth in 2024, Surpassing US$9 Billion GMV",raw/momentum_figures/ee68f42838e0_unnamed-15.png.png,57012,d802dc828e5df384f3c1a5f2e5101f16c3f549a77c8db347e729ec517779b3ab,https://thelowdown.momentum.asia/wp-content/uploads/2025/01/unnamed-15.png,https://thelowdown.momentum.asia/press-release-tiktok-shop-in-the-u-s-achieves-explosive-growth-in-2024-surpassing-us9-billion-gmv/,2026-09-09T05:45:12.633992+00:00,
momentum_figures,TikTok Shop GMV in 2024 surpassed US$30 billion,raw/momentum_figures/3be8b2d20fb3_Screenshot-2025-01-06-at-5.54.26_PM.png.png,178813,2b777ed8b92b04fd4acd0a6166c47abf40109673aa3da2e0828376898e037a98,https://thelowdown.momentum.asia/wp-content/uploads/2025/01/Screenshot-2025-01-06-at-5.54.26 PM.png,https://thelowdown.momentum.asia/tiktok-shop-gmv-in-2024-surpassed-us30-billion/,2026-09-09T05:45:13.017499+00:00,
momentum_figures,[New report] Temu: 2 years on,raw/momentum_figures/509111fae935_temu-thingy-.png.png,57878,42681b35385ba1161f6540c72fe4bcdf51e3a58e8c60e790a4222e17fb91e878,https://thelowdown.momentum.asia/wp-content/uploads/2024/09/temu-thingy-.png,https://thelowdown.momentum.asia/new-report-temu-2-years-on/,2026-09-09T05:45:13.390652+00:00,
momentum_figures,[New report] Ecommerce in Southeast Asia achieves US$114.6 Billion GMV in 2023,raw/momentum_figures/440ebabddfcd_Screenshot-2024-07-12-at-2.51.49_PM.png.png,328475,0532a346c9c0ecb3ad6b8b6f41403467b496a940f7ee68b72686c0f143930a3b,https://thelowdown.momentum.asia/wp-content/uploads/2024/07/Screenshot-2024-07-12-at-2.51.49 PM.png,https://thelowdown.momentum.asia/new-report-ecommerce-in-southeast-asia-achieved-us114-6-billion-gmv-in-2023/,2026-09-09T05:45:13.918954+00:00,
momentum_figures,[New report] Temu: 2 years on,raw/momentum_figures/f8f7fba323aa_temu-report.png.png,98931,de08b083e24be66b17ab3b3e98c4703083792daaa9f3872ac51c199274a6d0a9,https://thelowdown.momentum.asia/wp-content/uploads/2024/09/temu-report.png,https://thelowdown.momentum.asia/new-report-temu-2-years-on/,2026-09-09T05:45:13.335955+00:00,
momentum_figures,[Press Release] Southeast Asia Ecommerce Achieves US$114.6 Billion GMV in 2023: Momentum Works,raw/momentum_figures/f60320e4ba9d_Screenshot-2024-07-12-at-2.52.13_PM.png.png,112163,cdc328772c1e7a143877ede1dbc4a62f38ee72089a4d1624e709056a591814b4,https://thelowdown.momentum.asia/wp-content/uploads/2024/07/Screenshot-2024-07-12-at-2.52.13 PM.png,https://thelowdown.momentum.asia/press-release-southeast-asia-ecommerce-achieves-us114-6-billion-gmv-in-2023-momentum-works/,2026-09-09T05:45:14.715379+00:00,
momentum_figures,[New report] Ecommerce in Southeast Asia achieves US$114.6 Billion GMV in 2023,raw/momentum_figures/3b4645d66e9c_Screenshot-2024-07-12-at-2.51.58_PM.png.png,210398,daf406c7ca1e0f7b17507bfbb68a9f5cd5d1b84b0ce1274b0cbbbda5f6644564,https://thelowdown.momentum.asia/wp-content/uploads/2024/07/Screenshot-2024-07-12-at-2.51.58 PM.png,https://thelowdown.momentum.asia/new-report-ecommerce-in-southeast-asia-achieved-us114-6-billion-gmv-in-2023/,2026-09-09T05:45:14.625755+00:00,
momentum_figures,[Press Release] Southeast Asia Ecommerce Achieves US$114.6 Billion GMV in 2023: Momentum Works,raw/momentum_figures/8b91ca8ebe55_Screenshot-2024-07-12-at-4.28.32_PM.png.png,128605,082ebde5a50fe0c79827bc7b401d0d36222d9cbf9f4a1974fa3e303a8c00ea42,https://thelowdown.momentum.asia/wp-content/uploads/2024/07/Screenshot-2024-07-12-at-4.28.32 PM.png,https://thelowdown.momentum.asia/press-release-southeast-asia-ecommerce-achieves-us114-6-billion-gmv-in-2023-momentum-works/,2026-09-09T05:45:14.669029+00:00,
momentum_figures,[New report] Ecommerce in Southeast Asia achieves US$114.6 Billion GMV in 2023,raw/momentum_figures/2599e40653d9_Screenshot-2024-07-12-at-2.52.33_PM.png.png,156906,54008df25f85244eef08c9440b465c06b79f23ac152c011d76205740d1b52e5c,https://thelowdown.momentum.asia/wp-content/uploads/2024/07/Screenshot-2024-07-12-at-2.52.33 PM.png,https://thelowdown.momentum.asia/new-report-ecommerce-in-southeast-asia-achieved-us114-6-billion-gmv-in-2023/,2026-09-09T05:45:14.811697+00:00,
momentum_figures,[Press Release] Southeast Asia Ecommerce Achieves US$114.6 Billion GMV in 2023: Momentum Works,raw/momentum_figures/7dfc1b740515_Screenshot-2024-07-12-at-2.52.48_PM.png.png,85559,6d1105568adbe10c47c6cde9c4d9ea4a50105cd3672f3aadd6c870216c609009,https://thelowdown.momentum.asia/wp-content/uploads/2024/07/Screenshot-2024-07-12-at-2.52.48 PM.png,https://thelowdown.momentum.asia/press-release-southeast-asia-ecommerce-achieves-us114-6-billion-gmv-in-2023-momentum-works/,2026-09-09T05:45:15.298912+00:00,
momentum_figures,[Press Release] Southeast Asia Ecommerce Achieves US$114.6 Billion GMV in 2023: Momentum Works,raw/momentum_figures/a71ebdac5dda_Screenshot-2024-07-15-at-10.12.00_PM.png.png,260840,c9d912fad9af083885e636245cad2919078068d70a3f0bf73cbcff37cc2ad04c,https://thelowdown.momentum.asia/wp-content/uploads/2024/07/Screenshot-2024-07-15-at-10.12.00 PM.png,https://thelowdown.momentum.asia/press-release-southeast-asia-ecommerce-achieves-us114-6-billion-gmv-in-2023-momentum-works/,2026-09-09T05:45:15.343153+00:00,
momentum_figures,[New report] Transforming Alibaba: Understanding Alibaba’s most radical changes in history,raw/momentum_figures/5e5fe95df821_future-direction-scaled.jpg.jpg,165294,14258a4f542e93c0d7c286894d4d00248dd07fcbb340ba51377008fe9d27c39f,https://thelowdown.momentum.asia/wp-content/uploads/2024/01/future-direction-scaled.jpg,https://thelowdown.momentum.asia/new-report-transforming-alibaba-understanding-alibabas-most-radical-changes-in-history/,2026-09-09T05:45:15.499132+00:00,
momentum_figures,[Press Release] Southeast Asia Ecommerce Achieves US$114.6 Billion GMV in 2023: Momentum Works,raw/momentum_figures/f867bab5014c_Screenshot-2024-07-15-at-10.11.12_PM.png.png,450387,e0947f9539397d9ed2a796a731addb30025110a475d0b40386c73c30b4c8937a,https://thelowdown.momentum.asia/wp-content/uploads/2024/07/Screenshot-2024-07-15-at-10.11.12 PM.png,https://thelowdown.momentum.asia/press-release-southeast-asia-ecommerce-achieves-us114-6-billion-gmv-in-2023-momentum-works/,2026-09-09T05:45:15.339388+00:00,
momentum_figures,[New report] Transforming Alibaba: Understanding Alibaba’s most radical changes in history,raw/momentum_figures/6a9e561f6fd2_Screenshot-2024-01-18-at-3.00.33_PM.jpg.jpg,111823,f0bccabdac5a3da4aa25663b5a6b8b9551703d7cd62cc378fb0af489536c2546,https://thelowdown.momentum.asia/wp-content/uploads/2024/01/Screenshot-2024-01-18-at-3.00.33 PM.jpg,https://thelowdown.momentum.asia/new-report-transforming-alibaba-understanding-alibabas-most-radical-changes-in-history/,2026-09-09T05:45:16.640850+00:00,
momentum_figures,[New report] Transforming Alibaba: Understanding Alibaba’s most radical changes in history,raw/momentum_figures/7fb270d4c34c_Screenshot-2024-01-18-at-11.57.34_AM.png.png,193560,2454abd7009e5d870741d593d6eaf2f5cebcd6f2d9292a0bc6f78e1972f0738d,https://thelowdown.momentum.asia/wp-content/uploads/2024/01/Screenshot-2024-01-18-at-11.57.34 AM.png,https://thelowdown.momentum.asia/new-report-transforming-alibaba-understanding-alibabas-most-radical-changes-in-history/,2026-09-09T05:45:17.037914+00:00,
momentum_figures,Our revised TikTok Shop market share in SEA after Indonesia’s ban,raw/momentum_figures/06174bce6584_Screenshot-2023-11-07-at-4.11.56_PM.png.png,234036,dc2fad34bbb7ad9e40ddd1f66df5c0a85c87a881037d72197e721cb533d1c104,https://thelowdown.momentum.asia/wp-content/uploads/2023/11/Screenshot-2023-11-07-at-4.11.56 PM.png,https://thelowdown.momentum.asia/our-revised-tiktok-shop-market-share-in-sea-after-indonesias-ban/,2026-09-09T05:45:17.096420+00:00,
momentum_figures,How will TikTok triple its ecommerce GMV in SE Asia in 2023?,raw/momentum_figures/ef3c0cb8b9c8_Press-briefing-Ecommerce-in-Southeast-Asia_MW_14-June-2023-1024x576.png.png,209770,d37b57f1746715085cdbe6f8b14da5d6e6b5f5108be17b77804e492d8ad09641,https://thelowdown.momentum.asia/wp-content/uploads/2023/06/Press-briefing-Ecommerce-in-Southeast-Asia_MW_14-June-2023-1024x576.png,https://thelowdown.momentum.asia/how-will-tiktok-triple-its-ecommerce-gmv-in-se-asia-in-2023/,2026-09-09T05:45:18.834762+00:00,
momentum_figures,How will TikTok triple its ecommerce GMV in SE Asia in 2023?,raw/momentum_figures/f7d5afadf1bc_Press-briefing-Ecommerce-in-Southeast-Asia_MW_14-June-2023-1-1024x576.png.png,58018,53f16dda64e0f86b08c940acec4cd65acf6e8285f2b22b2149cbe2fa07c54548,https://thelowdown.momentum.asia/wp-content/uploads/2023/06/Press-briefing-Ecommerce-in-Southeast-Asia_MW_14-June-2023-1-1024x576.png,https://thelowdown.momentum.asia/how-will-tiktok-triple-its-ecommerce-gmv-in-se-asia-in-2023/,2026-09-09T05:45:19.110094+00:00,
momentum_figures,[New report] Ecommerce in Southeast Asia achieved ~US$ 100 billion GMV in 2022,raw/momentum_figures/6dd77c1d0134_Ecommerce-in-Southeast-Asia_MW_June-2023-1-1024x576.png.png,113087,77965fd6d4713ef61ffeb796f1c3e821cf9957094c9a004796d07c9668e19766,https://thelowdown.momentum.asia/wp-content/uploads/2023/06/Ecommerce-in-Southeast-Asia_MW_June-2023-1-1024x576.png,https://thelowdown.momentum.asia/new-report-ecommerce-in-southeast-asia-achieved-us-100-billion-gmv-in-2022/,2026-09-09T05:45:19.265370+00:00,
momentum_figures,[New report] Ecommerce in Southeast Asia achieved ~US$ 100 billion GMV in 2022,raw/momentum_figures/bf4c345d6581_Ecommerce-in-Southeast-Asia_Projections_MW_June-2023-1024x576.png.png,186687,fe9f1fda8d7eb41d320864aa59c10d85f7db25a4c4a4604ba4559232039e64a0,https://thelowdown.momentum.asia/wp-content/uploads/2023/06/Ecommerce-in-Southeast-Asia_Projections_MW_June-2023-1024x576.png,https://thelowdown.momentum.asia/new-report-ecommerce-in-southeast-asia-achieved-us-100-billion-gmv-in-2022/,2026-09-09T05:45:19.557843+00:00,
momentum_figures,[New report] Ecommerce in Southeast Asia achieved ~US$ 100 billion GMV in 2022,raw/momentum_figures/72caa6be059d_Ecommerce-in-Southeast-Asia_More-insights_MW_June-2023.png.png,147834,6f94a8bdcd22b95fb8fbaf1c16f0f01da8e72958007ae14e9bfd7b3848458e86,https://thelowdown.momentum.asia/wp-content/uploads/2023/06/Ecommerce-in-Southeast-Asia_More-insights_MW_June-2023.png,https://thelowdown.momentum.asia/new-report-ecommerce-in-southeast-asia-achieved-us-100-billion-gmv-in-2022/,2026-09-09T05:45:20.485272+00:00,
momentum_figures,[New report] Will Pinduoduo’s Temu dethrone Amazon in US market?,raw/momentum_figures/9b154d24a4af_image1-1.png.png,315386,29e0df561dd2af119865f906ab188cb8143c7819a07d4f7319f187444bcd7f30,https://thelowdown.momentum.asia/wp-content/uploads/2023/02/image1-1.png,https://thelowdown.momentum.asia/new-report-will-pinduoduos-temu-dethrone-amazon-in-us-market/,2026-09-09T05:45:20.699740+00:00,
momentum_figures,[New report] Will Pinduoduo’s Temu dethrone Amazon in US market?,raw/momentum_figures/e69e75b164f3_Who-is-Temu_MW_February-2023-2.png.png,226643,89fab8f11874f08732f5061deafe955c116173856d26282718da780b6effd4ba,https://thelowdown.momentum.asia/wp-content/uploads/2023/02/Who-is-Temu_MW_February-2023-2.png,https://thelowdown.momentum.asia/new-report-will-pinduoduos-temu-dethrone-amazon-in-us-market/,2026-09-09T05:45:21.071537+00:00,
momentum_figures,[New report] Will Pinduoduo’s Temu dethrone Amazon in US market?,raw/momentum_figures/cba63f3ef8df_image4.png.png,151347,2eb22b015d771647fbac0a1b387dbd06c20c66548a3fffbf91b61f2896300918,https://thelowdown.momentum.asia/wp-content/uploads/2023/02/image4.png,https://thelowdown.momentum.asia/new-report-will-pinduoduos-temu-dethrone-amazon-in-us-market/,2026-09-09T05:45:21.958158+00:00,
momentum_figures,[New report] Will Pinduoduo’s Temu dethrone Amazon in US market?,raw/momentum_figures/f7d34da6a2ff_image9.png.png,137031,bce2e9e725dcfc5ac9813497356cfd0ba16005de790fd34ff1861edd276708b7,https://thelowdown.momentum.asia/wp-content/uploads/2023/02/image9.png,https://thelowdown.momentum.asia/new-report-will-pinduoduos-temu-dethrone-amazon-in-us-market/,2026-09-09T05:45:21.435778+00:00,
momentum_figures,[New report] Will Pinduoduo’s Temu dethrone Amazon in US market?,raw/momentum_figures/316daa0d7465_20230208-How-to-make-2023-a-better-year-for-tech_-MW_01VC.png.png,174274,36fa2585315e1283adcbe80550925c73057a109282950090596dd42f3808f128,https://thelowdown.momentum.asia/wp-content/uploads/2023/02/20230208-How-to-make-2023-a-better-year-for-tech_-MW_01VC.png,https://thelowdown.momentum.asia/new-report-will-pinduoduos-temu-dethrone-amazon-in-us-market/,2026-09-09T05:45:22.789401+00:00,
momentum_figures,[New report] Will Pinduoduo’s Temu dethrone Amazon in US market?,raw/momentum_figures/add3f07bfc89_image3-1.png.png,111082,15abc55a533eae65c48de0d85e39916acc340e508c222dab8f9f4554b8f0f96a,https://thelowdown.momentum.asia/wp-content/uploads/2023/02/image3-1.png,https://thelowdown.momentum.asia/new-report-will-pinduoduos-temu-dethrone-amazon-in-us-market/,2026-09-09T05:45:22.545943+00:00,
momentum_figures,[New report] Will Pinduoduo’s Temu dethrone Amazon in US market?,raw/momentum_figures/f4f2ea711fa9_image6.png.png,99400,933ef46c90590ce8421f02e5e9bf3bb941ac7103ed35316faad3ce28d2e733da,https://thelowdown.momentum.asia/wp-content/uploads/2023/02/image6.png,https://thelowdown.momentum.asia/new-report-will-pinduoduos-temu-dethrone-amazon-in-us-market/,2026-09-09T05:45:22.769091+00:00,
momentum_figures,[New report] Will Pinduoduo’s Temu dethrone Amazon in US market?,raw/momentum_figures/53b505573508_image7.png.png,116540,f3b35297ed7a92db382718fe306befdff8278ec5031eb9b0dfdcab1f83559859,https://thelowdown.momentum.asia/wp-content/uploads/2023/02/image7.png,https://thelowdown.momentum.asia/new-report-will-pinduoduos-temu-dethrone-amazon-in-us-market/,2026-09-09T05:45:24.153702+00:00,
momentum_figures,[New report] Food Delivery Platforms GMV in Southeast Asia grew to US$16.3 billion,raw/momentum_figures/ef368b9e0d07_Steph-food-delivery-slides-4-1024x576.png.png,523516,f85393a02a0785c98fc9de6f7978f2ed81bd1ffe42ea105cf4d811922d552ea7,https://thelowdown.momentum.asia/wp-content/uploads/2023/01/Steph-food-delivery-slides-4-1024x576.png,https://thelowdown.momentum.asia/new-report-food-delivery-platforms-gmv-in-southeast-asia-grew-to-us16-3-billion/,2026-09-09T05:45:24.220451+00:00,
momentum_figures,[New report] Food Delivery Platforms GMV in Southeast Asia grew to US$16.3 billion,raw/momentum_figures/e8cdd51a278e_Briefing_Food-delivery-platforms-in-Southeast-Asia-_MW_Jan-2023-1024x576.png.png,599439,58691ec0d5197872106b65f883695b69ee0e8bae9d347862daa33a909aed067f,https://thelowdown.momentum.asia/wp-content/uploads/2023/01/Briefing_Food-delivery-platforms-in-Southeast-Asia-_MW_Jan-2023-1024x576.png,https://thelowdown.momentum.asia/new-report-food-delivery-platforms-gmv-in-southeast-asia-grew-to-us16-3-billion/,2026-09-09T05:45:24.274495+00:00,
momentum_figures,[New report] Will Pinduoduo’s Temu dethrone Amazon in US market?,raw/momentum_figures/57c20f20ea59_Who-is-Temu_MW_February-2023-9.png.png,140804,62df17a5a30bcf37a30bcfeeb27132bcb3991018ebbc77591618d86c8f425167,https://thelowdown.momentum.asia/wp-content/uploads/2023/02/Who-is-Temu_MW_February-2023-9.png,https://thelowdown.momentum.asia/new-report-will-pinduoduos-temu-dethrone-amazon-in-us-market/,2026-09-09T05:45:23.976631+00:00,
momentum_figures,[New report] Food Delivery Platforms GMV in Southeast Asia grew to US$16.3 billion,raw/momentum_figures/916081427e29_Steph-food-delivery-slides-1024x576.png.png,171371,7bcef5b0f1719da63885c267400b58278753d2b219bb7fab4140e42b2da9b763,https://thelowdown.momentum.asia/wp-content/uploads/2023/01/Steph-food-delivery-slides-1024x576.png,https://thelowdown.momentum.asia/new-report-food-delivery-platforms-gmv-in-southeast-asia-grew-to-us16-3-billion/,2026-09-09T05:45:25.712324+00:00,
momentum_figures,[New report] Food Delivery Platforms GMV in Southeast Asia grew to US$16.3 billion,raw/momentum_figures/ca1102c4a5ed_Steph-food-delivery-slides-1-1024x576.png.png,237093,fef69034fd7ff031695c32ac5a589766410858429fd1155aeaa51e762b951f01,https://thelowdown.momentum.asia/wp-content/uploads/2023/01/Steph-food-delivery-slides-1-1024x576.png,https://thelowdown.momentum.asia/new-report-food-delivery-platforms-gmv-in-southeast-asia-grew-to-us16-3-billion/,2026-09-09T05:45:26.380213+00:00,
momentum_figures,[New report] Food Delivery Platforms GMV in Southeast Asia grew to US$16.3 billion,raw/momentum_figures/899cc70edc6d_Steph-food-delivery-slides-2-1024x576.png.png,265267,5488589fe04e2264c7175ef6503f9f853d3d100ff92ed0397701bbb6bc5ea5b3,https://thelowdown.momentum.asia/wp-content/uploads/2023/01/Steph-food-delivery-slides-2-1024x576.png,https://thelowdown.momentum.asia/new-report-food-delivery-platforms-gmv-in-southeast-asia-grew-to-us16-3-billion/,2026-09-09T05:45:26.411647+00:00,
momentum_figures,[New report] Food Delivery Platforms GMV in Southeast Asia grew to US$16.3 billion,raw/momentum_figures/e1090b28e8a8_Steph-food-delivery-slides-5-1024x576.png.png,333651,9620cd7116f47598a4b59d09a615369c45f7e78cd3e3c70c5a70ac55a8d40539,https://thelowdown.momentum.asia/wp-content/uploads/2023/01/Steph-food-delivery-slides-5-1024x576.png,https://thelowdown.momentum.asia/new-report-food-delivery-platforms-gmv-in-southeast-asia-grew-to-us16-3-billion/,2026-09-09T05:45:26.049096+00:00,
momentum_figures,[New report] Food Delivery Platforms GMV in Southeast Asia grew to US$16.3 billion,raw/momentum_figures/9aa5eb51f0f5_Steph-food-delivery-slides-3-1024x576.png.png,152800,cd81904f43e4e8f9fdc72676b1ba1392b6f66fe7be0c98e39811931df2fe0a85,https://thelowdown.momentum.asia/wp-content/uploads/2023/01/Steph-food-delivery-slides-3-1024x576.png,https://thelowdown.momentum.asia/new-report-food-delivery-platforms-gmv-in-southeast-asia-grew-to-us16-3-billion/,2026-09-09T05:45:27.233079+00:00,
momentum_figures,[New report] Shopee in Poland – the ecommerce hub of Europe,raw/momentum_figures/4f82292e04d3_Polands-similarity-to-Indonesia.jpeg.jpg,84959,2c5ca66a8af5f9338d73dc4ff882c3ff21162cafffac55cb6e3218f0b7493f5f,https://thelowdown.momentum.asia/wp-content/uploads/2022/10/Polands-similarity-to-Indonesia.jpeg,https://thelowdown.momentum.asia/new-report-shopee-in-poland-the-ecommerce-hub-of-europe/,2026-09-09T05:45:28.454707+00:00,
momentum_figures,[New report] Shopee in Poland – the ecommerce hub of Europe,raw/momentum_figures/974e57793d84_Polands-rich-ecosystem.jpeg.jpg,126746,4db7d6677f4849e6a7eb80eaf277d518b2f1bfbf59982d1898852233c4cc4fbf,https://thelowdown.momentum.asia/wp-content/uploads/2022/10/Polands-rich-ecosystem.jpeg,https://thelowdown.momentum.asia/new-report-shopee-in-poland-the-ecommerce-hub-of-europe/,2026-09-09T05:45:28.606981+00:00,
momentum_figures,[New report] Shopee in Poland – the ecommerce hub of Europe,raw/momentum_figures/532c26dadf49_Why-are-we-doing-this-report.jpeg.jpg,107148,2d71a3d7526d889bce1da2d80a90e4de9ec8d83d6d3755a3122a8fc8fe0f58d6,https://thelowdown.momentum.asia/wp-content/uploads/2022/10/Why-are-we-doing-this-report.jpeg,https://thelowdown.momentum.asia/new-report-shopee-in-poland-the-ecommerce-hub-of-europe/,2026-09-09T05:45:28.157176+00:00,
momentum_figures,[New report] Shopee in Poland – the ecommerce hub of Europe,raw/momentum_figures/a4e926aaa13d_Poland-ecommerce-timeline.jpeg.jpg,96073,0043606045a6f6b85f3e87899f1d7a124fd14a97e33f596e54e85e758a81b7e7,https://thelowdown.momentum.asia/wp-content/uploads/2022/10/Poland-ecommerce-timeline.jpeg,https://thelowdown.momentum.asia/new-report-shopee-in-poland-the-ecommerce-hub-of-europe/,2026-09-09T05:45:29.319063+00:00,
momentum_figures,[New report] Shopee in Poland – the ecommerce hub of Europe,raw/momentum_figures/abc3aa9045d7_lockers-logistics-cost.jpeg.jpg,145176,0b16aedb49bccf1e92e4c2eed625491ab7aca8519ae7cc0f91faa7d3cd6df506,https://thelowdown.momentum.asia/wp-content/uploads/2022/10/lockers-logistics-cost.jpeg,https://thelowdown.momentum.asia/new-report-shopee-in-poland-the-ecommerce-hub-of-europe/,2026-09-09T05:45:30.396085+00:00,
momentum_figures,[New report] Shopee in Poland – the ecommerce hub of Europe,raw/momentum_figures/bc78e3fab93a_revenue-model-of-ecommerce-players-in-poland.jpeg.jpg,78995,af9309c75239515f91fe7fc317ad358814f4ec8fcd878ddd2e772e322630d756,https://thelowdown.momentum.asia/wp-content/uploads/2022/10/revenue-model-of-ecommerce-players-in-poland.jpeg,https://thelowdown.momentum.asia/new-report-shopee-in-poland-the-ecommerce-hub-of-europe/,2026-09-09T05:45:30.985412+00:00,
momentum_figures,[New report] Shopee in Poland – the ecommerce hub of Europe,raw/momentum_figures/c46fa27e237b_Shopees-festivals.jpeg.jpg,157348,cd7aefd16ef3f0b00a7dec9899d1bf9faa6a45a32d98ddcbad64182550e653b5,https://thelowdown.momentum.asia/wp-content/uploads/2022/10/Shopees-festivals.jpeg,https://thelowdown.momentum.asia/new-report-shopee-in-poland-the-ecommerce-hub-of-europe/,2026-09-09T05:45:31.094508+00:00,
momentum_figures,What questions do you have about food delivery in Southeast Asia in 2022?,raw/momentum_figures/74505b980bbc_market-cap-2022.jpeg.jpg,152882,c3540a72ae7b51c6021dbc0ce899b8a6d77dbd321bb4858742a726fd55d70447,https://thelowdown.momentum.asia/wp-content/uploads/2022/10/market-cap-2022.jpeg,https://thelowdown.momentum.asia/what-questions-do-you-have-about-food-delivery-in-southeast-asia-in-2022/,2026-09-09T05:45:31.995611+00:00,
momentum_figures,[New report] Shopee in Poland – the ecommerce hub of Europe,raw/momentum_figures/bc3e56b3e854_ecommerce-in-europe.jpeg.jpg,174333,a87ef05e9af2450dce53c1e317c03f6f5cdbb13a2d68963afdef2675c34c38ab,https://thelowdown.momentum.asia/wp-content/uploads/2022/10/ecommerce-in-europe.jpeg,https://thelowdown.momentum.asia/new-report-shopee-in-poland-the-ecommerce-hub-of-europe/,2026-09-09T05:45:31.225075+00:00,
momentum_figures,[New Report] How did history and folklore shape Chinese tech leaders’ strategies and decisions?,raw/momentum_figures/ba0b95fed143_animal-farm-1024x575.jpeg.jpg,80648,f73bbfc02de2382773ccf7bffa8843b8dbddb7acd0aadcf7ba2a6eb3126bb421,https://thelowdown.momentum.asia/wp-content/uploads/2022/10/animal-farm-1024x575.jpeg,https://thelowdown.momentum.asia/new-report-how-did-history-and-folklore-shape-chinese-tech-leaders-strategies-and-decisions/,2026-09-09T05:45:32.879447+00:00,
momentum_figures,[New Report] How did history and folklore shape Chinese tech leaders’ strategies and decisions?,raw/momentum_figures/e6186801cbeb_history-of-chinese-tech-companies-1024x575.jpeg.jpg,101614,815768ebd5f491165f42209577a94cd9aa3eaa26f8a8046f5e0be9e4a40935a3,https://thelowdown.momentum.asia/wp-content/uploads/2022/10/history-of-chinese-tech-companies-1024x575.jpeg,https://thelowdown.momentum.asia/new-report-how-did-history-and-folklore-shape-chinese-tech-leaders-strategies-and-decisions/,2026-09-09T05:45:33.412698+00:00,
momentum_figures,[New Report] How did history and folklore shape Chinese tech leaders’ strategies and decisions?,raw/momentum_figures/c55bbdfe7199_debuking-chinese-tech-myth-1024x575.jpeg.jpg,119636,6d06acfc22a8335b0bc7cca0c062c4980adb8a9f05bde7e7bb3c0f3fdc78c55b,https://thelowdown.momentum.asia/wp-content/uploads/2022/10/debuking-chinese-tech-myth-1024x575.jpeg,https://thelowdown.momentum.asia/new-report-how-did-history-and-folklore-shape-chinese-tech-leaders-strategies-and-decisions/,2026-09-09T05:45:33.585598+00:00,
momentum_figures,[New Report] How did history and folklore shape Chinese tech leaders’ strategies and decisions?,raw/momentum_figures/c389c8875198_china-history-1024x575.jpeg.jpg,136176,b0693271cdf3521e80a20a05ea9f8f357053d5b872dfd7ef6f30a90217b5e8fd,https://thelowdown.momentum.asia/wp-content/uploads/2022/10/china-history-1024x575.jpeg,https://thelowdown.momentum.asia/new-report-how-did-history-and-folklore-shape-chinese-tech-leaders-strategies-and-decisions/,2026-09-09T05:45:33.662209+00:00,
momentum_figures,[New Report] How did history and folklore shape Chinese tech leaders’ strategies and decisions?,raw/momentum_figures/4f0c4bf3b4ec_mao-quotes-1024x575.jpeg.jpg,77614,7a371e8f8c8e757129118318ff829f59d898e64246b9396f4a9370c3677614d2,https://thelowdown.momentum.asia/wp-content/uploads/2022/10/mao-quotes-1024x575.jpeg,https://thelowdown.momentum.asia/new-report-how-did-history-and-folklore-shape-chinese-tech-leaders-strategies-and-decisions/,2026-09-09T05:45:34.198257+00:00,
momentum_figures,[New Report] How did history and folklore shape Chinese tech leaders’ strategies and decisions?,raw/momentum_figures/b4d60b964daf_mao-principle-1024x575.jpeg.jpg,88394,061196dfb0709066d9239858002c5d840299c825937fdaef9591aab613d70f42,https://thelowdown.momentum.asia/wp-content/uploads/2022/10/mao-principle-1024x575.jpeg,https://thelowdown.momentum.asia/new-report-how-did-history-and-folklore-shape-chinese-tech-leaders-strategies-and-decisions/,2026-09-09T05:45:34.882441+00:00,
momentum_figures,[New Report] How did history and folklore shape Chinese tech leaders’ strategies and decisions?,raw/momentum_figures/dc4d882d1c1c_pop-l-strategy-page-1024x575.jpeg.jpg,78563,aa30a803699ffeceb58082252d717f08d427dbcca9558ab4b4187dd76fa3ad43,https://thelowdown.momentum.asia/wp-content/uploads/2022/10/pop-l-strategy-page-1024x575.jpeg,https://thelowdown.momentum.asia/new-report-how-did-history-and-folklore-shape-chinese-tech-leaders-strategies-and-decisions/,2026-09-09T05:45:35.097764+00:00,
momentum_figures,[New Report] How did history and folklore shape Chinese tech leaders’ strategies and decisions?,raw/momentum_figures/c2ab290e2408_about-the-authors-page-1024x575.jpeg.jpg,89488,a27afeb472db097717edaa9a45cfdaa9ddf757f5090dc8e9c25361c038f920e9,https://thelowdown.momentum.asia/wp-content/uploads/2022/10/about-the-authors-page-1024x575.jpeg,https://thelowdown.momentum.asia/new-report-how-did-history-and-folklore-shape-chinese-tech-leaders-strategies-and-decisions/,2026-09-09T05:45:35.220769+00:00,
momentum_figures,[New Report] Menjamur: The race to digitise 65M small businesses in Indonesia,raw/momentum_figures/5092154e75cf_Digitising-65m-MSMEs-in-Indonesi_MW_August-2022-1024x576.jpg.jpg,77481,7c74a47de984db83b03f86f53b868dff22c87420d6e40cd21638b84c79551369,https://thelowdown.momentum.asia/wp-content/uploads/2022/08/Digitising-65m-MSMEs-in-Indonesi_MW_August-2022-1024x576.jpg,https://thelowdown.momentum.asia/new-report-menjamur-the-race-to-digitise-65m-small-businesses-in-indonesia/,2026-09-09T05:45:35.534519+00:00,
momentum_figures,[New Report] Menjamur: The race to digitise 65M small businesses in Indonesia,raw/momentum_figures/950d19b63123_Number-of-MSMEs-1024x576.jpeg.jpg,91561,06db8edd61d430d32d6301006aae1a61223a63be8bfa41d813f19183f5817c21,https://thelowdown.momentum.asia/wp-content/uploads/2022/08/Number-of-MSMEs-1024x576.jpeg,https://thelowdown.momentum.asia/new-report-menjamur-the-race-to-digitise-65m-small-businesses-in-indonesia/,2026-09-09T05:45:36.212240+00:00,
momentum_figures,[New Report] Menjamur: The race to digitise 65M small businesses in Indonesia,raw/momentum_figures/181d7720fef3_Digitising-65m-MSMEs-in-Indonesi_MW_August-2022-1-1024x576.jpg.jpg,74852,12f46549f4cafc288cf0a74e15d7bf76cc6834b11fe2424296c36bc0384eea56,https://thelowdown.momentum.asia/wp-content/uploads/2022/08/Digitising-65m-MSMEs-in-Indonesi_MW_August-2022-1-1024x576.jpg,https://thelowdown.momentum.asia/new-report-menjamur-the-race-to-digitise-65m-small-businesses-in-indonesia/,2026-09-09T05:45:36.455326+00:00,
momentum_figures,[New Report] Menjamur: The race to digitise 65M small businesses in Indonesia,raw/momentum_figures/873dbcfe0a33_Digitising-65m-MSMEs-in-Indonesi_MW_August-2022-2-1024x576.jpg.jpg,109184,f104231360de7eae91990a2d2ec8f71ef865c6f5849e6a34c1aa09c2f61dcd3b,https://thelowdown.momentum.asia/wp-content/uploads/2022/08/Digitising-65m-MSMEs-in-Indonesi_MW_August-2022-2-1024x576.jpg,https://thelowdown.momentum.asia/new-report-menjamur-the-race-to-digitise-65m-small-businesses-in-indonesia/,2026-09-09T05:45:36.655226+00:00,
momentum_figures,[New Report] Menjamur: The race to digitise 65M small businesses in Indonesia,raw/momentum_figures/64c9c99e0947_Digitising-65m-MSMEs-in-Indonesi_MW_August-2022-3-1024x576.jpg.jpg,93845,50043f7993f2c8b50fe6bcdd1cd4ad338c5039ed0997f3688a3dd105bd7dd7f8,https://thelowdown.momentum.asia/wp-content/uploads/2022/08/Digitising-65m-MSMEs-in-Indonesi_MW_August-2022-3-1024x576.jpg,https://thelowdown.momentum.asia/new-report-menjamur-the-race-to-digitise-65m-small-businesses-in-indonesia/,2026-09-09T05:45:36.856521+00:00,
momentum_figures,[New Report] Menjamur: The race to digitise 65M small businesses in Indonesia,raw/momentum_figures/93c5bebdb5bb_Digitising-65m-MSMEs-in-Indonesi_MW_August-2022-4-1024x576.jpg.jpg,91925,6134cb4a29a51949957bab31fa053d2b2ac3ded01a3ae560f56eb8933978bd2d,https://thelowdown.momentum.asia/wp-content/uploads/2022/08/Digitising-65m-MSMEs-in-Indonesi_MW_August-2022-4-1024x576.jpg,https://thelowdown.momentum.asia/new-report-menjamur-the-race-to-digitise-65m-small-businesses-in-indonesia/,2026-09-09T05:45:37.547017+00:00,
momentum_figures,[New Report] Menjamur: The race to digitise 65M small businesses in Indonesia,raw/momentum_figures/11ab9c7cd9a6_MSME-funding-1024x576.jpeg.jpg,88171,65efc1b47e9ff1a547bc1f5dd15c3ef93ee33facb86d50d44a80200fa6f4fd83,https://thelowdown.momentum.asia/wp-content/uploads/2022/08/MSME-funding-1024x576.jpeg,https://thelowdown.momentum.asia/new-report-menjamur-the-race-to-digitise-65m-small-businesses-in-indonesia/,2026-09-09T05:45:37.772870+00:00,
momentum_figures,[New Report] Menjamur: The race to digitise 65M small businesses in Indonesia,raw/momentum_figures/f231d0c66b60_Digitising-65m-MSMEs-in-Indonesi_MW_August-2022-6-1024x576.jpg.jpg,98166,49eb363ce240f7fabc0f04a623dbf77d2a69ae0eb3e02550b43714ca9d600d2a,https://thelowdown.momentum.asia/wp-content/uploads/2022/08/Digitising-65m-MSMEs-in-Indonesi_MW_August-2022-6-1024x576.jpg,https://thelowdown.momentum.asia/new-report-menjamur-the-race-to-digitise-65m-small-businesses-in-indonesia/,2026-09-09T05:45:38.138560+00:00,
momentum_figures,Social commerce: The new growth engine in Indonesia ecommerce?,raw/momentum_figures/e29c78de7552_202108-Blooming-Ecommerce-in-Indonesia_Part-3.png.png,259916,d7f6eb8ce726a4f182e71564f2833464788e97de86d298d49abfb16aa64f4990,https://thelowdown.momentum.asia/wp-content/uploads/2021/08/202108-Blooming-Ecommerce-in-Indonesia_Part-3.png,https://thelowdown.momentum.asia/social-commerce-the-new-growth-engine-in-indonesia-ecommerce/,2026-09-09T05:45:38.846233+00:00,
momentum_figures,Social commerce: The new growth engine in Indonesia ecommerce?,raw/momentum_figures/47df80b0c92a_202108-Blooming-Ecommerce-in-Indonesia_Part-3-1.png.png,165747,8071baf28efb969130340a579bea8f49e668b68d8e18d9190d5070ca9f59910a,https://thelowdown.momentum.asia/wp-content/uploads/2021/08/202108-Blooming-Ecommerce-in-Indonesia_Part-3-1.png,https://thelowdown.momentum.asia/social-commerce-the-new-growth-engine-in-indonesia-ecommerce/,2026-09-09T05:45:39.197477+00:00,
momentum_figures,Social commerce: The new growth engine in Indonesia ecommerce?,raw/momentum_figures/71a88a95f917_Eventbrite-banner-4.png.png,2905350,b1cd7d64f1d4380a48b5811401e9bdb102c85c83f4c100ed3054335311bcfe0e,https://thelowdown.momentum.asia/wp-content/uploads/2021/08/Eventbrite-banner-4.png,https://thelowdown.momentum.asia/social-commerce-the-new-growth-engine-in-indonesia-ecommerce/,2026-09-09T05:45:38.168734+00:00,
momentum_figures,Social commerce: The new growth engine in Indonesia ecommerce?,raw/momentum_figures/6c67575d4ac6_202108-Blooming-Ecommerce-in-Indonesia_Part-3-2.png.png,172757,ead2934ce4973cd500411aa338d38913c6fd6d7374be5981b79db9779f43960c,https://thelowdown.momentum.asia/wp-content/uploads/2021/08/202108-Blooming-Ecommerce-in-Indonesia_Part-3-2.png,https://thelowdown.momentum.asia/social-commerce-the-new-growth-engine-in-indonesia-ecommerce/,2026-09-09T05:45:39.647267+00:00,
momentum_figures,Social commerce: The new growth engine in Indonesia ecommerce?,raw/momentum_figures/2cd3e57ff5cc_202108-Blooming-Ecommerce-in-Indonesia_Part-3-4.png.png,155042,9aa15521ecb0dfb29f6de435493130bebe96f40f55a6c8f0a91a5f3ec631d390,https://thelowdown.momentum.asia/wp-content/uploads/2021/08/202108-Blooming-Ecommerce-in-Indonesia_Part-3-4.png,https://thelowdown.momentum.asia/social-commerce-the-new-growth-engine-in-indonesia-ecommerce/,2026-09-09T05:45:40.746464+00:00,
momentum_figures,Social commerce: The new growth engine in Indonesia ecommerce?,raw/momentum_figures/cfd9015754a9_202108-Blooming-Ecommerce-in-Indonesia_Part-3-5.png.png,231934,33e1ae479acbf2608555d297bd8927219e2304aa2bdf511f62131be5f7ac5413,https://thelowdown.momentum.asia/wp-content/uploads/2021/08/202108-Blooming-Ecommerce-in-Indonesia_Part-3-5.png,https://thelowdown.momentum.asia/social-commerce-the-new-growth-engine-in-indonesia-ecommerce/,2026-09-09T05:45:40.757478+00:00,
momentum_figures,Social commerce: The new growth engine in Indonesia ecommerce?,raw/momentum_figures/3621b0995d97_202108-Blooming-Ecommerce-in-Indonesia_Part-3-3.png.png,382612,27170ba8adda15ad83159cead06b88b4a21c7b9a2eb483b2997cd9db0b79bbc8,https://thelowdown.momentum.asia/wp-content/uploads/2021/08/202108-Blooming-Ecommerce-in-Indonesia_Part-3-3.png,https://thelowdown.momentum.asia/social-commerce-the-new-growth-engine-in-indonesia-ecommerce/,2026-09-09T05:45:40.532304+00:00,
momentum_figures,Social commerce: The new growth engine in Indonesia ecommerce?,raw/momentum_figures/1012f5a0c179_202108-Blooming-Ecommerce-in-Indonesia_Part-3-7.png.png,184190,2616d780ef852354523f0ac681d4ca403161f6e343585f720bb3258472ffdde8,https://thelowdown.momentum.asia/wp-content/uploads/2021/08/202108-Blooming-Ecommerce-in-Indonesia_Part-3-7.png,https://thelowdown.momentum.asia/social-commerce-the-new-growth-engine-in-indonesia-ecommerce/,2026-09-09T05:45:41.267907+00:00,
momentum_figures,"Indonesia ecommerce marketplace GMV reached US$40 billion, with Shopee and Tokopedia leading",raw/momentum_figures/7eb099c78755_1-2.png.png,176691,a37bb33ae46404a0dd42d2bcc564b59094081be942664d69c109ec699f81d1f4,https://thelowdown.momentum.asia/wp-content/uploads/2021/05/1-2.png,https://thelowdown.momentum.asia/indonesia-ecommerce-marketplace-gmv-reached-us40-billion-with-shopee-and-tokopedia-leading/,2026-09-09T05:45:42.474588+00:00,
momentum_figures,"Indonesia ecommerce marketplace GMV reached US$40 billion, with Shopee and Tokopedia leading",raw/momentum_figures/d2d7f61d4fc6_4-2.png.png,120362,bf16c3030d7fe6ac90b021a7126824091db821736f96beb6babb6d103d5e7718,https://thelowdown.momentum.asia/wp-content/uploads/2021/05/4-2.png,https://thelowdown.momentum.asia/indonesia-ecommerce-marketplace-gmv-reached-us40-billion-with-shopee-and-tokopedia-leading/,2026-09-09T05:45:42.879711+00:00,
momentum_figures,"Indonesia ecommerce marketplace GMV reached US$40 billion, with Shopee and Tokopedia leading",raw/momentum_figures/2ced91681b82_4...-1.png.png,256655,13744a1d2f484cd6b30e2e520818e85b5ad52a6ffb1414f1e589c7b770338e00,https://thelowdown.momentum.asia/wp-content/uploads/2021/05/4...-1.png,https://thelowdown.momentum.asia/indonesia-ecommerce-marketplace-gmv-reached-us40-billion-with-shopee-and-tokopedia-leading/,2026-09-09T05:45:42.756880+00:00,
momentum_figures,"Indonesia ecommerce marketplace GMV reached US$40 billion, with Shopee and Tokopedia leading",raw/momentum_figures/997e36002df8_0.png.png,982062,078d476b935b89f114db57cc226310be7e4e5e90c18fe63201f2e7a980b83b75,https://thelowdown.momentum.asia/wp-content/uploads/2021/05/0.png,https://thelowdown.momentum.asia/indonesia-ecommerce-marketplace-gmv-reached-us40-billion-with-shopee-and-tokopedia-leading/,2026-09-09T05:45:42.431871+00:00,
momentum_figures,"Indonesia ecommerce marketplace GMV reached US$40 billion, with Shopee and Tokopedia leading",raw/momentum_figures/d6d818a74c5e_5-1.png.png,159936,f4a93f9eeca7b227290bc7049fe1b5b70ae08d06b54ed19a47b655209c23cc06,https://thelowdown.momentum.asia/wp-content/uploads/2021/05/5-1.png,https://thelowdown.momentum.asia/indonesia-ecommerce-marketplace-gmv-reached-us40-billion-with-shopee-and-tokopedia-leading/,2026-09-09T05:45:44.042513+00:00,
momentum_figures,"Indonesia ecommerce marketplace GMV reached US$40 billion, with Shopee and Tokopedia leading",raw/momentum_figures/cc3058dc1ce7_7.png.png,218974,f02500f1aab14031b6918718ab49b1e2d762c12c3a88d3d168f9c7e4ec2a1d78,https://thelowdown.momentum.asia/wp-content/uploads/2021/05/7.png,https://thelowdown.momentum.asia/indonesia-ecommerce-marketplace-gmv-reached-us40-billion-with-shopee-and-tokopedia-leading/,2026-09-09T05:45:44.524126+00:00,
momentum_figures,"Indonesia ecommerce marketplace GMV reached US$40 billion, with Shopee and Tokopedia leading",raw/momentum_figures/e1515dee04fd_8.png.png,465038,d4f21bced94589aeb29f4a12f513bafdce4ae60ca3eb16f0a779bee7db44e6c9,https://thelowdown.momentum.asia/wp-content/uploads/2021/05/8.png,https://thelowdown.momentum.asia/indonesia-ecommerce-marketplace-gmv-reached-us40-billion-with-shopee-and-tokopedia-leading/,2026-09-09T05:45:44.587235+00:00,
momentum_figures,"Indonesia ecommerce marketplace GMV reached US$40 billion, with Shopee and Tokopedia leading",raw/momentum_figures/abb65f1713a4_6-1.png.png,139431,5591f0cd0e96972f63d8cc73d3b11e69bfa909d74441fc07f537bade195d7254,https://thelowdown.momentum.asia/wp-content/uploads/2021/05/6-1.png,https://thelowdown.momentum.asia/indonesia-ecommerce-marketplace-gmv-reached-us40-billion-with-shopee-and-tokopedia-leading/,2026-09-09T05:45:44.415834+00:00,
momentum_figures,"Indonesia ecommerce marketplace GMV reached US$40 billion, with Shopee and Tokopedia leading",raw/momentum_figures/ea3e1076d5cf_10..png.png,344965,0b39595e2fc701853d0587eccd51159e5f19e609227e955a0df8e3b7312ad0d5,https://thelowdown.momentum.asia/wp-content/uploads/2021/05/10..png,https://thelowdown.momentum.asia/indonesia-ecommerce-marketplace-gmv-reached-us40-billion-with-shopee-and-tokopedia-leading/,2026-09-09T05:45:46.228645+00:00,
momentum_figures,"Indonesia ecommerce marketplace GMV reached US$40 billion, with Shopee and Tokopedia leading",raw/momentum_figures/727b1f36c5c2_11.png.png,94515,5873d207cec4a65cf65a3a4f60b9bdaad61a3652f2225d3e0bb2486730710e8d,https://thelowdown.momentum.asia/wp-content/uploads/2021/05/11.png,https://thelowdown.momentum.asia/indonesia-ecommerce-marketplace-gmv-reached-us40-billion-with-shopee-and-tokopedia-leading/,2026-09-09T05:45:46.555285+00:00,
momentum_figures,"Indonesia ecommerce marketplace GMV reached US$40 billion, with Shopee and Tokopedia leading",raw/momentum_figures/ac5baa7a5138_9..png.png,92643,503d4bced370719c39d1ec5873faa82fc3d4ea414c5e3f58e6ee338e91a65ed0,https://thelowdown.momentum.asia/wp-content/uploads/2021/05/9..png,https://thelowdown.momentum.asia/indonesia-ecommerce-marketplace-gmv-reached-us40-billion-with-shopee-and-tokopedia-leading/,2026-09-09T05:45:45.194990+00:00,
momentum_reports,Indonesia reduces ecommerce duty free allowance,raw/momentum_reports/4f21591965b6_1537848280-112_PMK_04_2018.pdf.pdf,1764796,f898e521054fcad3ca8e91bbad8b499f387f32826cb0465a8791538bf865d6de,https://thelowdown.momentum.asia/wp-content/uploads/2018/10/1537848280-112_PMK_04_2018.pdf,https://thelowdown.momentum.asia/indonesia-reduces-ecommerce-duty-free-allowance/,2026-09-09T05:45:46.636101+00:00,text/momentum_reports/4f21591965b6_1537848280-112_PMK_04_2018.pdf.txt
momentum_figures,[New Report] Food Delivery Platforms in East Asia 2026,raw/momentum_figures/28e9902a2925_Press-Release-1280x-copy-2.jpg.jpg,251948,6daa7f104083a5ae1be92cf8fde19fb78a1c4adee61f3183460f0d902ab80772,https://thelowdown.momentum.asia/wp-content/uploads/2026/07/Press-Release-1280x-copy-2.jpg,https://thelowdown.momentum.asia/new-report-food-delivery-platforms-in-east-asia-2026/,2026-09-09T05:45:48.176355+00:00,
momentum_figures,Indonesia ecommerce through the eyes of a veteran,raw/momentum_figures/63fec8ba2019_gopay.png.png,505353,de51fb4453aeab43779c584cc4903a63d0f69ddd7d1186e1d0edd4543b797255,https://thelowdown.momentum.asia/wp-content/uploads/2018/06/gopay.png,https://thelowdown.momentum.asia/low-down-on-the-indonesian-ecommerce-market/,2026-09-09T05:45:48.043117+00:00,
momentum_figures,[New Report] Food Delivery Platforms in East Asia 2026,raw/momentum_figures/5793e6fd5bc0_Food-Delivery-Platforms-in-East-Asia_MW-July-2026-copy.jpg.jpg,100454,66f262901f57e40ada1a380b94367bea4e182b630ec223be867f0a2a7fe76bcd,https://thelowdown.momentum.asia/wp-content/uploads/2026/07/Food-Delivery-Platforms-in-East-Asia_MW-July-2026-copy.jpg,https://thelowdown.momentum.asia/new-report-food-delivery-platforms-in-east-asia-2026/,2026-09-09T05:45:48.067177+00:00,
momentum_figures,[New Report] The SEA quick commerce playbook isn’t China’s or India’s,raw/momentum_figures/21394b3d045d_Copy-of-Quick-commerce-in-Southeast-Asia_MW_May-2026-1.jpg.jpg,70623,50ee3849cf889f898de7bd2395d27a3dcdc9296eeb164a3bef64f61974377c63,https://thelowdown.momentum.asia/wp-content/uploads/2026/05/Copy-of-Quick-commerce-in-Southeast-Asia_MW_May-2026-1.jpg,https://thelowdown.momentum.asia/new-report-the-sea-quick-commerce-playbook-isnt-chinas-or-indias/,2026-09-09T05:45:49.168570+00:00,
momentum_figures,[New report] Food delivery growth in Southeast Asia accelerated to 13% in 2024,raw/momentum_figures/99ed812a87f0_Food-delivery-platforms-in-Southeast-Asia-5.0_MW_Feb-2025-19.jpg.jpg,89809,4f33e7f26277f0da79e0a89ad2c2351c32991509f8a65cbe9dd51e63323a4fb6,https://thelowdown.momentum.asia/wp-content/uploads/2025/02/Food-delivery-platforms-in-Southeast-Asia-5.0_MW_Feb-2025-19.jpg,https://thelowdown.momentum.asia/new-report-food-delivery-growth-in-southeast-asia-accelerated-to-13-in-2024/,2026-09-09T05:45:49.932839+00:00,
momentum_figures,[New report] Food delivery growth in Southeast Asia accelerated to 13% in 2024,raw/momentum_figures/112852f4ba68_Food-delivery-in-SEA-5.0-report-launch-teaser-slide.jpg.jpg,50993,5e8a9d685b3c4561b0c44eba6236ed7f05ecffec64709f6326673c6c65cdba0f,https://thelowdown.momentum.asia/wp-content/uploads/2025/02/Food-delivery-in-SEA-5.0-report-launch-teaser-slide.jpg,https://thelowdown.momentum.asia/new-report-food-delivery-growth-in-southeast-asia-accelerated-to-13-in-2024/,2026-09-09T05:45:50.122892+00:00,
momentum_figures,[New Report] Food delivery platforms in Southeast Asia (SEA) 4.0,raw/momentum_figures/dd608c8467f1_d8b4008ee35f95257835d24f60fcaf2-1024x534.png.png,254049,bf07205c8eba9ad656aa4713b27327e32487e5f172a795e603eb0367af4331b5,https://thelowdown.momentum.asia/wp-content/uploads/2024/01/d8b4008ee35f95257835d24f60fcaf2-1024x534.png,https://thelowdown.momentum.asia/new-report-food-delivery-platforms-in-southeast-asia-sea-4-0/,2026-09-09T05:45:50.384050+00:00,
momentum_figures,[New Report] Food delivery platforms in Southeast Asia (SEA) 4.0,raw/momentum_figures/9e8e441f7e1c_d894e07e4323a15b37185a3f90da8f5-1024x568.png.png,547669,109cda0b4fde6ef03d83c16355e8401076bef8d4e34258407d4c27fc44e772c3,https://thelowdown.momentum.asia/wp-content/uploads/2024/01/d894e07e4323a15b37185a3f90da8f5-1024x568.png,https://thelowdown.momentum.asia/new-report-food-delivery-platforms-in-southeast-asia-sea-4-0/,2026-09-09T05:45:51.362068+00:00,
momentum_figures,[New Report] Food delivery platforms in Southeast Asia (SEA) 4.0,raw/momentum_figures/44b93ca5e2c3_eacba95d04b89b46a2fec62eb418255-1024x566.png.png,567876,ccd84de9b538fc3541e78063209373a8e54affceea59f61c848b50104c9e5e79,https://thelowdown.momentum.asia/wp-content/uploads/2024/01/eacba95d04b89b46a2fec62eb418255-1024x566.png,https://thelowdown.momentum.asia/new-report-food-delivery-platforms-in-southeast-asia-sea-4-0/,2026-09-09T05:45:51.397973+00:00,
momentum_figures,[New Report] Food delivery platforms in Southeast Asia (SEA) 4.0,raw/momentum_figures/da19fc898002_7d164f3e3747b7f3905da4658aaffe5-1024x565.png.png,607889,c577b6ff8efc551d118eec5bb7d1c83cca04b89bf6159c361ef2738a7706508c,https://thelowdown.momentum.asia/wp-content/uploads/2024/01/7d164f3e3747b7f3905da4658aaffe5-1024x565.png,https://thelowdown.momentum.asia/new-report-food-delivery-platforms-in-southeast-asia-sea-4-0/,2026-09-09T05:45:50.488765+00:00,
momentum_figures,[New Report] Food delivery platforms in Southeast Asia (SEA) 4.0,raw/momentum_figures/59829c55d90b_91386ccc0fe2b46462274f2fab6bf18-1024x579.png.png,506848,9b0258ce1a70c1b72c4d0e04f9c05212eb7139c5de576f80902ee7b90e7fa707,https://thelowdown.momentum.asia/wp-content/uploads/2024/01/91386ccc0fe2b46462274f2fab6bf18-1024x579.png,https://thelowdown.momentum.asia/new-report-food-delivery-platforms-in-southeast-asia-sea-4-0/,2026-09-09T05:45:52.115715+00:00,
momentum_figures,[New report] Southeast Asia spends US$3.4 billion on modern coffee in 2023,raw/momentum_figures/ee434f60fc04_image4.png.png,505603,a0d6b6b3a79ca37125d19813f63271df18bb3e8222ba14e865c048d41489b119,https://thelowdown.momentum.asia/wp-content/uploads/2023/11/image4.png,https://thelowdown.momentum.asia/new-report-southeast-asia-spends-us3-4-billion-on-modern-coffee-in-2023/,2026-09-09T05:45:53.307319+00:00,
momentum_figures,[New report] Southeast Asia spends US$3.4 billion on modern coffee in 2023,raw/momentum_figures/cdd36a1210ee_image1-1.png.png,324626,f73e0a7f0209fda4be04efd03b4a2345935e63cd5f0611317aa5b4224a96f841,https://thelowdown.momentum.asia/wp-content/uploads/2023/11/image1-1.png,https://thelowdown.momentum.asia/new-report-southeast-asia-spends-us3-4-billion-on-modern-coffee-in-2023/,2026-09-09T05:45:53.974949+00:00,
momentum_figures,[New report] Southeast Asia spends US$3.4 billion on modern coffee in 2023,raw/momentum_figures/707a1e8ba385_image5.png.png,668226,a496f824f8f87fa230f6beb0cd4bfb0e20b311663829fc48e49bcb21b78051a1,https://thelowdown.momentum.asia/wp-content/uploads/2023/11/image5.png,https://thelowdown.momentum.asia/new-report-southeast-asia-spends-us3-4-billion-on-modern-coffee-in-2023/,2026-09-09T05:45:53.296962+00:00,
momentum_figures,[New report] Southeast Asia spends US$3.4 billion on modern coffee in 2023,raw/momentum_figures/3b9378b173ba_image7.png.png,340912,ab1179077fc8402ae6614f13f2e45f2f9d8f6a6ed583176230c34e5870f06966,https://thelowdown.momentum.asia/wp-content/uploads/2023/11/image7.png,https://thelowdown.momentum.asia/new-report-southeast-asia-spends-us3-4-billion-on-modern-coffee-in-2023/,2026-09-09T05:45:53.493009+00:00,
momentum_figures,[New report] Southeast Asia spends US$3.4 billion on modern coffee in 2023,raw/momentum_figures/844934ea47a7_image6.png.png,743839,fb7594ddc1ee7289ba56c5b91d2db0a2739e763195c325f92b64097af191f71a,https://thelowdown.momentum.asia/wp-content/uploads/2023/11/image6.png,https://thelowdown.momentum.asia/new-report-southeast-asia-spends-us3-4-billion-on-modern-coffee-in-2023/,2026-09-09T05:45:55.109722+00:00,
momentum_figures,[New report] Southeast Asia spends US$3.4 billion on modern coffee in 2023,raw/momentum_figures/c93f66128fc5_image8.png.png,665885,b6f84808e9a35b088010e0c843b0eb2509770740928f27cc9b7a70aa5b0e634d,https://thelowdown.momentum.asia/wp-content/uploads/2023/11/image8.png,https://thelowdown.momentum.asia/new-report-southeast-asia-spends-us3-4-billion-on-modern-coffee-in-2023/,2026-09-09T05:45:55.934622+00:00,
momentum_figures,[New report] Southeast Asia spends US$3.4 billion on modern coffee in 2023,raw/momentum_figures/d8ada8ac47a2_image2.png.png,2380653,b8f7225dd4e5d7805677079651ab5682cea2596886138a9c23864db120c3a846,https://thelowdown.momentum.asia/wp-content/uploads/2023/11/image2.png,https://thelowdown.momentum.asia/new-report-southeast-asia-spends-us3-4-billion-on-modern-coffee-in-2023/,2026-09-09T05:45:56.246193+00:00,
momentum_figures,[New report] Southeast Asia spends US$3.4 billion on modern coffee in 2023,raw/momentum_figures/9093c0667962_image3.png.png,778571,e92b266bdb42b17b6d0b82704991cce55a08e4d99d7bc43096e9d745257dbeaa,https://thelowdown.momentum.asia/wp-content/uploads/2023/11/image3.png,https://thelowdown.momentum.asia/new-report-southeast-asia-spends-us3-4-billion-on-modern-coffee-in-2023/,2026-09-09T05:45:57.081564+00:00,
momentum_figures,[New report] Apples to Apples 2.0: Benchmarking major tech platforms – updated with Q4 and FY 2022 results,raw/momentum_figures/497b1637abb9_Apples-to-Apples-22Q4-Update_Benchmarking-major-tech-platforms_Momentum-Academy_Apr-2023-5.jpg.jpg,75063,db0ced1761615f8f757564dbd7842b66f1d02f663c247a519f67e7966b770c75,https://thelowdown.momentum.asia/wp-content/uploads/2023/04/Apples-to-Apples-22Q4-Update_Benchmarking-major-tech-platforms_Momentum-Academy_Apr-2023-5.jpg,https://thelowdown.momentum.asia/new-report-apples-to-apples-2-0-benchmarking-major-tech-platforms-updated-with-q4-and-fy-2022-results/,2026-09-09T05:45:57.854093+00:00,
momentum_figures,[New report] Apples to Apples 2.0: Benchmarking major tech platforms – updated with Q4 and FY 2022 results,raw/momentum_figures/6f12cc2f7110_Apples-to-Apples-22Q4-Update_Benchmarking-major-tech-platforms_Momentum-Academy_Apr-2023.jpg.jpg,64712,c810da15b43624c0e20ce3fc97ffa7628fa2b04596cfe609b818682cbc2fd481,https://thelowdown.momentum.asia/wp-content/uploads/2023/04/Apples-to-Apples-22Q4-Update_Benchmarking-major-tech-platforms_Momentum-Academy_Apr-2023.jpg,https://thelowdown.momentum.asia/new-report-apples-to-apples-2-0-benchmarking-major-tech-platforms-updated-with-q4-and-fy-2022-results/,2026-09-09T05:45:58.420829+00:00,
momentum_figures,[New report] Apples to Apples 2.0: Benchmarking major tech platforms – updated with Q4 and FY 2022 results,raw/momentum_figures/93ac9b941712_Apples-to-Apples-22Q4-Update_Benchmarking-major-tech-platforms_Momentum-Academy_Apr-2023-1.jpg.jpg,59953,fc931eedf3dec74452e507fb1d60f5cb254651f11b4413cedf8d5f5bca035a6c,https://thelowdown.momentum.asia/wp-content/uploads/2023/04/Apples-to-Apples-22Q4-Update_Benchmarking-major-tech-platforms_Momentum-Academy_Apr-2023-1.jpg,https://thelowdown.momentum.asia/new-report-apples-to-apples-2-0-benchmarking-major-tech-platforms-updated-with-q4-and-fy-2022-results/,2026-09-09T05:45:59.106962+00:00,
momentum_figures,[New report] Apples to Apples 2.0: Benchmarking major tech platforms – updated with Q4 and FY 2022 results,raw/momentum_figures/9f52ff7dac24_Apples-to-Apples-22Q4-Update_Benchmarking-major-tech-platforms_Momentum-Academy_Apr-2023-2.jpg.jpg,60076,8ed4bb71b5662cf5727ec23fccffbecaad887929df07acab018848ecd851872d,https://thelowdown.momentum.asia/wp-content/uploads/2023/04/Apples-to-Apples-22Q4-Update_Benchmarking-major-tech-platforms_Momentum-Academy_Apr-2023-2.jpg,https://thelowdown.momentum.asia/new-report-apples-to-apples-2-0-benchmarking-major-tech-platforms-updated-with-q4-and-fy-2022-results/,2026-09-09T05:45:59.230998+00:00,
momentum_figures,[New report] Southeast Asia spends US$3.4 billion on modern coffee in 2023,raw/momentum_figures/2d7229ebfcda_image9.png.png,292134,d33561674a5c52f59d1ac744453600bf45f4ca955eafdc06d7d456b66b02731c,https://thelowdown.momentum.asia/wp-content/uploads/2023/11/image9.png,https://thelowdown.momentum.asia/new-report-southeast-asia-spends-us3-4-billion-on-modern-coffee-in-2023/,2026-09-09T05:45:56.065378+00:00,
momentum_figures,[New report] Apples to Apples 2.0: Benchmarking major tech platforms – updated with Q4 and FY 2022 results,raw/momentum_figures/0c3b237b3ab0_Apples-to-Apples-22Q4-Update_Benchmarking-major-tech-platforms_Momentum-Academy_Apr-2023-3.jpg.jpg,47285,f98160619309eea96ae995f8ab0221e802e4a41c0f97badfc1e61b239089a8e4,https://thelowdown.momentum.asia/wp-content/uploads/2023/04/Apples-to-Apples-22Q4-Update_Benchmarking-major-tech-platforms_Momentum-Academy_Apr-2023-3.jpg,https://thelowdown.momentum.asia/new-report-apples-to-apples-2-0-benchmarking-major-tech-platforms-updated-with-q4-and-fy-2022-results/,2026-09-09T05:45:59.766000+00:00,
momentum_figures,[New report] Apples to Apples 2.0: Benchmarking major tech platforms – updated with Q4 and FY 2022 results,raw/momentum_figures/389bf64b2969_Apples-to-Apples-22Q4-Update_Benchmarking-major-tech-platforms_Momentum-Academy_Apr-2023-6.jpg.jpg,60108,ec6096cc665aa4af1746d443f6e71f92251260c8dbd170c259368da4785b2925,https://thelowdown.momentum.asia/wp-content/uploads/2023/04/Apples-to-Apples-22Q4-Update_Benchmarking-major-tech-platforms_Momentum-Academy_Apr-2023-6.jpg,https://thelowdown.momentum.asia/new-report-apples-to-apples-2-0-benchmarking-major-tech-platforms-updated-with-q4-and-fy-2022-results/,2026-09-09T05:46:00.438988+00:00,
momentum_figures,Your questions on Food Delivery in Southeast Asia 2023 – answered (Part 2/2),raw/momentum_figures/45783b6cfe5d_Screenshot-2023-01-26-at-1.53.23-PM-1-1024x732.png.png,607278,2a4ecbc62203cb0e6c2e9a7503a9f6f0e3502756fddc3972762e9da3a59583cc,https://thelowdown.momentum.asia/wp-content/uploads/2023/01/Screenshot-2023-01-26-at-1.53.23-PM-1-1024x732.png,https://thelowdown.momentum.asia/your-questions-on-food-delivery-in-southeast-asia-2023-answered-part-2-2/,2026-09-09T05:46:00.956001+00:00,
momentum_figures,Food Delivery platforms in Southeast Asia Report 2023: Full event video,raw/momentum_figures/46281964f6d3_Briefing_Food-delivery-platforms-in-Southeast-Asia-_MW_Jan-2023-5-1024x576.jpg.jpg,77844,9bfb092f14549549c7865f60d676ab51bbe4cb662695ea3afdcd762be2d85799,https://thelowdown.momentum.asia/wp-content/uploads/2023/01/Briefing_Food-delivery-platforms-in-Southeast-Asia-_MW_Jan-2023-5-1024x576.jpg,https://thelowdown.momentum.asia/food-delivery-platforms-in-southeast-asia-report-2023-full-event-video/,2026-09-09T05:46:04.621222+00:00,
momentum_figures,[New Report] The US$3.66 billion bubble tea market of Southeast Asia,raw/momentum_figures/4b933579649e_bubble-tea-market-size-1024x576.jpeg.jpg,104128,8985a3b02594517219eb37d40c3ad0c52a1de9beca5ff361b602c41efa7b34f8,https://thelowdown.momentum.asia/wp-content/uploads/2022/08/bubble-tea-market-size-1024x576.jpeg,https://thelowdown.momentum.asia/3-66billion-bubble-tea-market-southeast-asia/,2026-09-09T05:46:06.173477+00:00,
momentum_figures,[New Report] The US$3.66 billion bubble tea market of Southeast Asia,raw/momentum_figures/278db8306428_china-bubble-tea-market-1024x576.jpeg.jpg,48095,4a57a60e42b49ac806ae6c8122ebc2020005353e6f140bf9d627ba06035f3db3,https://thelowdown.momentum.asia/wp-content/uploads/2022/08/china-bubble-tea-market-1024x576.jpeg,https://thelowdown.momentum.asia/3-66billion-bubble-tea-market-southeast-asia/,2026-09-09T05:46:06.650691+00:00,
momentum_figures,[New Report] The US$3.66 billion bubble tea market of Southeast Asia,raw/momentum_figures/1d4fa84a2edd_mid-segment-bloodbath-1024x576.jpeg.jpg,79360,b487e86c523874a7bb71eb5db29f59c645a6aa5fb88c62d530bc72284886c699,https://thelowdown.momentum.asia/wp-content/uploads/2022/08/mid-segment-bloodbath-1024x576.jpeg,https://thelowdown.momentum.asia/3-66billion-bubble-tea-market-southeast-asia/,2026-09-09T05:46:07.817571+00:00,
momentum_figures,[New Report] The US$3.66 billion bubble tea market of Southeast Asia,raw/momentum_figures/f8ff5f38697f_evolution-of-buble-tea-1024x576.jpeg.jpg,71765,8457af6651007eea575ef943d66fde1471e25f51e89fff44dd0adaf75f7e5c1c,https://thelowdown.momentum.asia/wp-content/uploads/2022/08/evolution-of-buble-tea-1024x576.jpeg,https://thelowdown.momentum.asia/3-66billion-bubble-tea-market-southeast-asia/,2026-09-09T05:46:07.125489+00:00,
momentum_figures,[New Report] The US$3.66 billion bubble tea market of Southeast Asia,raw/momentum_figures/65aa1afbf6a3_building-successful-business-1024x576.jpeg.jpg,50166,27910e56db5c8c3585ffa2c7b25c44ba42b66d04c07fa4c6bd6de9846338a716,https://thelowdown.momentum.asia/wp-content/uploads/2022/08/building-successful-business-1024x576.jpeg,https://thelowdown.momentum.asia/3-66billion-bubble-tea-market-southeast-asia/,2026-09-09T05:46:08.766000+00:00,
momentum_figures,Your questions on Food Delivery in Southeast Asia 2023 – answered (Part 2/2),raw/momentum_figures/f40e5c1830ea_Screenshot-2023-01-26-at-1.53.14-PM-1024x507.png.png,664445,b9b9c176c65913572c901beedc0d4bd4477e00180eeb2491c46e7bab00cbd4b7,https://thelowdown.momentum.asia/wp-content/uploads/2023/01/Screenshot-2023-01-26-at-1.53.14-PM-1024x507.png,https://thelowdown.momentum.asia/your-questions-on-food-delivery-in-southeast-asia-2023-answered-part-2-2/,2026-09-09T05:46:00.539115+00:00,
momentum_figures,[New Report] The US$3.66 billion bubble tea market of Southeast Asia,raw/momentum_figures/728fd19aa167_store-selection-1024x576.jpeg.jpg,94244,e552bc9d4f63b338816485005b378f621e93fc7ce4ae2c0e0126c92c6d95d72c,https://thelowdown.momentum.asia/wp-content/uploads/2022/08/store-selection-1024x576.jpeg,https://thelowdown.momentum.asia/3-66billion-bubble-tea-market-southeast-asia/,2026-09-09T05:46:09.183695+00:00,
momentum_figures,Where does Delivery Hero’s Asia GMV growth come from?,raw/momentum_figures/80a6c2881897_image-39.png.png,61765,2b7a4465c96d659b60e05237302e29ea2bf0e92243916c02e1064e4fc5ab5293,https://thelowdown.momentum.asia/wp-content/uploads/2022/02/image-39.png,https://thelowdown.momentum.asia/where-does-delivery-heros-asia-gmv-growth-come-from/,2026-09-09T05:46:09.443772+00:00,
momentum_figures,Food delivery in Southeast Asia sustains 30% growth in 2021,raw/momentum_figures/fcb78d6c5321_Grab-GMV-1024x576.jpg.jpg,114095,fb3200c9392da2afb5cd6692aab32c6033d7e2044af834bb6a3e37af6cdb297a,https://thelowdown.momentum.asia/wp-content/uploads/2022/01/Grab-GMV-1024x576.jpg,https://thelowdown.momentum.asia/food-delivery-in-southeast-asia-sustains-30-growth-in-2021/,2026-09-09T05:46:10.194344+00:00,
momentum_figures,Where does Delivery Hero’s Asia GMV growth come from?,raw/momentum_figures/97acd9f7e7f2_image-40-1024x582.png.png,473508,06efb78371465929a3ebe2471200cfebb59b4a2684417165f0b2642fd0e73eda,https://thelowdown.momentum.asia/wp-content/uploads/2022/02/image-40-1024x582.png,https://thelowdown.momentum.asia/where-does-delivery-heros-asia-gmv-growth-come-from/,2026-09-09T05:46:10.061274+00:00,
momentum_figures,Where does Delivery Hero’s Asia GMV growth come from?,raw/momentum_figures/64b668f6e92b_image-41-1024x569.png.png,200278,a6f37990ad2e7d5df567e2497241ee2b041be4712d783c384b43c18a61675aa3,https://thelowdown.momentum.asia/wp-content/uploads/2022/02/image-41-1024x569.png,https://thelowdown.momentum.asia/where-does-delivery-heros-asia-gmv-growth-come-from/,2026-09-09T05:46:10.523981+00:00,
momentum_figures,Where does Delivery Hero’s Asia GMV growth come from?,raw/momentum_figures/76a4da625b0a_image-42-1024x582.png.png,213023,31f24dccdb12fce2d83f79fa058f3921a176060fedbd8b8b2343dde9949f1215,https://thelowdown.momentum.asia/wp-content/uploads/2022/02/image-42-1024x582.png,https://thelowdown.momentum.asia/where-does-delivery-heros-asia-gmv-growth-come-from/,2026-09-09T05:46:10.727054+00:00,
momentum_figures,Food delivery in Southeast Asia sustains 30% growth in 2021,raw/momentum_figures/04a497a8ae82_GMV-food-delivery-1024x576.jpg.jpg,61663,240e95b8f58c9d2c555c0e2227d6e57ca12af6d45d4625187f237cba0c210cb7,https://thelowdown.momentum.asia/wp-content/uploads/2022/01/GMV-food-delivery-1024x576.jpg,https://thelowdown.momentum.asia/food-delivery-in-southeast-asia-sustains-30-growth-in-2021/,2026-09-09T05:46:11.623980+00:00,
momentum_figures,Food delivery in Southeast Asia sustains 30% growth in 2021,raw/momentum_figures/dd56be1d12eb_key-players-adopt-different-strategies-1024x576.jpg.jpg,116423,c9175d41171c70aa628d4085aeda3c8f8028b4c80c4b2863419cae0ca24fd92e,https://thelowdown.momentum.asia/wp-content/uploads/2022/01/key-players-adopt-different-strategies-1024x576.jpg,https://thelowdown.momentum.asia/food-delivery-in-southeast-asia-sustains-30-growth-in-2021/,2026-09-09T05:46:11.972894+00:00,
momentum_figures,Food delivery in Southeast Asia sustains 30% growth in 2021,raw/momentum_figures/ba172e938d6e_FB-players-leverage-delivery-infra-1024x576.jpg.jpg,123379,081e322ac151479af1873c627904aa7e9aefe258ef42bfcfc624bdbe9b7addf2,https://thelowdown.momentum.asia/wp-content/uploads/2022/01/FB-players-leverage-delivery-infra-1024x576.jpg,https://thelowdown.momentum.asia/food-delivery-in-southeast-asia-sustains-30-growth-in-2021/,2026-09-09T05:46:12.089769+00:00,
momentum_figures,Food delivery in Southeast Asia sustains 30% growth in 2021,raw/momentum_figures/ad5a4aba0a76_Expansion-into-grocery-1024x576.jpg.jpg,80264,35f3b3b106d8e58fecaa03263c57fe9ddd090f8e853852110d04645a832146db,https://thelowdown.momentum.asia/wp-content/uploads/2022/01/Expansion-into-grocery-1024x576.jpg,https://thelowdown.momentum.asia/food-delivery-in-southeast-asia-sustains-30-growth-in-2021/,2026-09-09T05:46:12.419081+00:00,
momentum_figures,Food delivery in Southeast Asia sustains 30% growth in 2021,raw/momentum_figures/395b0e4174b3_meituan-1024x576.jpg.jpg,106091,5818b1270658cc7a5ca6dbd72cf5629209975bfdedfe7d4345ea7ab22330ec85,https://thelowdown.momentum.asia/wp-content/uploads/2022/01/meituan-1024x576.jpg,https://thelowdown.momentum.asia/food-delivery-in-southeast-asia-sustains-30-growth-in-2021/,2026-09-09T05:46:12.954601+00:00,
momentum_figures,Shopee enters Indonesia’s food delivery market,raw/momentum_figures/f6c10b48d4a2___20210309174413.png.png,86989,26d24c0c056f423278746b701234127f9fc9ad760cb4c735d732e1dfde43c7f5,https://thelowdown.momentum.asia/wp-content/uploads/2021/03/微信截图_20210309174413.png,https://thelowdown.momentum.asia/shopee-enter-indonesian-food-delivery-market/,2026-09-09T05:46:13.548102+00:00,
momentum_figures,Shopee enters Indonesia’s food delivery market,raw/momentum_figures/908672075673_Screen-Shot1.png.png,44186,b74b893b1d5ab295a27b5cd90f4fbbd9560c6ec79c61988a38144aba375da2b8,https://thelowdown.momentum.asia/wp-content/uploads/2021/03/Screen-Shot1.png,https://thelowdown.momentum.asia/shopee-enter-indonesian-food-delivery-market/,2026-09-09T05:46:13.746351+00:00,
momentum_figures,Shopee enters Indonesia’s food delivery market,raw/momentum_figures/29822a391100_Shopee-food.png.png,793914,72e261b4173584a2ef50318c76a2a063fdbe1f86793518b2d6508fa5e3027071,https://thelowdown.momentum.asia/wp-content/uploads/2021/03/Shopee-food.png,https://thelowdown.momentum.asia/shopee-enter-indonesian-food-delivery-market/,2026-09-09T05:46:13.468795+00:00,
momentum_figures,Shopee enters Indonesia’s food delivery market,raw/momentum_figures/e3e5a6973f5e_sc2.png.png,217807,2f8b9cadc4a50af945ca480b9389e16942af7b180ca58c8b43a44dd955372f24,https://thelowdown.momentum.asia/wp-content/uploads/2021/03/sc2.png,https://thelowdown.momentum.asia/shopee-enter-indonesian-food-delivery-market/,2026-09-09T05:46:14.475266+00:00,
momentum_figures,Shopee enters Indonesia’s food delivery market,raw/momentum_figures/837ca81beecb_SC3.png.png,203301,2c1d8ced24be345c139584f6d934c2941e5c645c7c9826c4e1cb09dbff0d77bf,https://thelowdown.momentum.asia/wp-content/uploads/2021/03/SC3.png,https://thelowdown.momentum.asia/shopee-enter-indonesian-food-delivery-market/,2026-09-09T05:46:14.878146+00:00,
momentum_figures,Shopee enters Indonesia’s food delivery market,raw/momentum_figures/afb45899b579_SC4.png.png,923756,b9908a06a356b1f7d5f1497f29333f1914517f4f9dab9e06daff58bd9b82df95,https://thelowdown.momentum.asia/wp-content/uploads/2021/03/SC4.png,https://thelowdown.momentum.asia/shopee-enter-indonesian-food-delivery-market/,2026-09-09T05:46:15.038627+00:00,
momentum_figures,Shopee enters Indonesia’s food delivery market,raw/momentum_figures/fb54ca131711_SEA-1.png.png,257205,9dcb5be7c073faeccf98bb8679ffb1801d47013e59ca010cb4bee2300af718b6,https://thelowdown.momentum.asia/wp-content/uploads/2021/01/SEA-1.png,https://thelowdown.momentum.asia/shopee-enter-indonesian-food-delivery-market/,2026-09-09T05:46:15.522512+00:00,
momentum_figures,Shopee enters Indonesia’s food delivery market,raw/momentum_figures/553dca9f8931_gojek.png.png,317720,ee4f56c2b0c0e8a80060fdc141f00e2e7ccf39c517d5f7b03db547db7ca5580d,https://thelowdown.momentum.asia/wp-content/uploads/2021/03/gojek.png,https://thelowdown.momentum.asia/shopee-enter-indonesian-food-delivery-market/,2026-09-09T05:46:16.181636+00:00,
momentum_figures,"Food delivery in South East Asia almost tripled in 2020, accelerated by COVID-19",raw/momentum_figures/416661e389c6_FD-1.png.png,207113,accff5794588f5b3c8652c5d76a635f235365fa0e16b4bd3cfb4604bbd6f7ebf,https://thelowdown.momentum.asia/wp-content/uploads/2021/01/FD-1.png,https://thelowdown.momentum.asia/food-delivery-in-south-east-asia-almost-tripled-in-2020-accelerated-by-covid-19/,2026-09-09T05:46:16.963818+00:00,
momentum_figures,"Food delivery in South East Asia almost tripled in 2020, accelerated by COVID-19",raw/momentum_figures/f6e907f043b6_Picture-1.png.png,675150,77a6d899dbad906774ccd69aef67bb2879a6c1c5e8660c795d44665462124d28,https://thelowdown.momentum.asia/wp-content/uploads/2021/01/Picture-1.png,https://thelowdown.momentum.asia/food-delivery-in-south-east-asia-almost-tripled-in-2020-accelerated-by-covid-19/,2026-09-09T05:46:16.574894+00:00,
momentum_figures,"[Press Release]: Food delivery in South East Asia grew 183% in 2020, accelerated by COVID-19, according to Momentum Works",raw/momentum_figures/aa7fc4a38dac_FD-3.png.png,246719,864a73164cbad7f38ebdaf0ef294933304c89301b1bc105cba141743870821ac,https://thelowdown.momentum.asia/wp-content/uploads/2021/01/FD-3.png,https://thelowdown.momentum.asia/press-release-food-delivery-in-south-east-asia-grew-183-in-2020-accelerated-by-covid-19-according-to-momentum-works/,2026-09-09T05:46:17.152332+00:00,
momentum_figures,"Food delivery in South East Asia almost tripled in 2020, accelerated by COVID-19",raw/momentum_figures/393ccc8578a9_FD-4.png.png,179465,2bb2cf5b19c4df1714c4143f534f4d0f7b376dbadee4c39d8229c98c17b252bf,https://thelowdown.momentum.asia/wp-content/uploads/2021/01/FD-4.png,https://thelowdown.momentum.asia/food-delivery-in-south-east-asia-almost-tripled-in-2020-accelerated-by-covid-19/,2026-09-09T05:46:17.865502+00:00,
momentum_figures,"Food delivery in South East Asia almost tripled in 2020, accelerated by COVID-19",raw/momentum_figures/75e460247173_FD-5.png.png,430377,e543e4a9ecc24750058d437b3fe7a7610f48779c50e16b8a4a5b99c9b0c1b1f6,https://thelowdown.momentum.asia/wp-content/uploads/2021/01/FD-5.png,https://thelowdown.momentum.asia/food-delivery-in-south-east-asia-almost-tripled-in-2020-accelerated-by-covid-19/,2026-09-09T05:46:18.526399+00:00,
momentum_figures,"Food delivery in South East Asia almost tripled in 2020, accelerated by COVID-19",raw/momentum_figures/c992b30a13a7_FD-5-1.png.png,430377,e543e4a9ecc24750058d437b3fe7a7610f48779c50e16b8a4a5b99c9b0c1b1f6,https://thelowdown.momentum.asia/wp-content/uploads/2021/01/FD-5-1.png,https://thelowdown.momentum.asia/food-delivery-in-south-east-asia-almost-tripled-in-2020-accelerated-by-covid-19/,2026-09-09T05:46:18.600575+00:00,
momentum_figures,"Food delivery in South East Asia almost tripled in 2020, accelerated by COVID-19",raw/momentum_figures/c40c1f398e42_FD-6.png.png,189116,305296c031733c0d3d7580c0ce5294b59b7a12da619604d2ffc014b4b6095566,https://thelowdown.momentum.asia/wp-content/uploads/2021/01/FD-6.png,https://thelowdown.momentum.asia/food-delivery-in-south-east-asia-almost-tripled-in-2020-accelerated-by-covid-19/,2026-09-09T05:46:19.490025+00:00,
momentum_figures,"Food delivery in South East Asia almost tripled in 2020, accelerated by COVID-19",raw/momentum_figures/918f156bc0bd_FD-10.png.png,229491,182276c70818123a01edd43f6328ca7ee1162732d35a9d3bd311b12ebe1d6c6e,https://thelowdown.momentum.asia/wp-content/uploads/2021/01/FD-10.png,https://thelowdown.momentum.asia/food-delivery-in-south-east-asia-almost-tripled-in-2020-accelerated-by-covid-19/,2026-09-09T05:46:20.391060+00:00,
momentum_figures,"[Press Release]: Food delivery in South East Asia grew 183% in 2020, accelerated by COVID-19, according to Momentum Works",raw/momentum_figures/b033e25df734_FD-2.png.png,153731,193d837f1c526e9dd9b1b1c9ab3686c02f01214eacc6f14412d12cc12ae8ef58,https://thelowdown.momentum.asia/wp-content/uploads/2021/01/FD-2.png,https://thelowdown.momentum.asia/press-release-food-delivery-in-south-east-asia-grew-183-in-2020-accelerated-by-covid-19-according-to-momentum-works/,2026-09-09T05:46:20.891696+00:00,
momentum_figures,"Food delivery in South East Asia almost tripled in 2020, accelerated by COVID-19",raw/momentum_figures/4289c695406a_FD-8-1.png.png,202793,9d652173af2a7da3be00487f72d15109576cb973394e2295c55a42edba2f4786,https://thelowdown.momentum.asia/wp-content/uploads/2021/01/FD-8-1.png,https://thelowdown.momentum.asia/food-delivery-in-south-east-asia-almost-tripled-in-2020-accelerated-by-covid-19/,2026-09-09T05:46:20.468070+00:00,
