date,index,close,return
2021-01-04,JCI,6104.89794921875,
2021-01-05,JCI,6137.3427734375,
2021-01-06,JCI,6065.68212890625,
2021-01-07,JCI,6153.6328125,
2021-01-08,JCI,6257.8349609375,
2021-01-11,JCI,6382.93701171875,
2021-01-12,JCI,6395.6689453125,
2021-01-13,JCI,6435.205078125,
2021-01-14,JCI,6428.31494140625,
2021-01-15,JCI,6373.412109375,
2021-01-18,JCI,6389.833984375,
2021-01-19,JCI,6321.85595703125,
2021-01-20,JCI,6429.7578125,
2021-01-21,JCI,6413.89208984375,
2021-01-22,JCI,6307.126953125,
2021-01-25,JCI,6258.57177734375,
2021-01-26,JCI,6140.1708984375,
2021-01-27,JCI,6109.16796875,
2021-01-28,JCI,5979.38720703125,
2021-01-29,JCI,5862.35205078125,
2021-02-01,JCI,6067.544921875,
2021-02-02,JCI,6043.8408203125,
2021-02-03,JCI,6077.7451171875,
2021-02-04,JCI,6107.2158203125,
2021-02-05,JCI,6151.72900390625,
2021-02-08,JCI,6208.8662109375,
2021-02-09,JCI,6181.671875,
2021-02-10,JCI,6201.828125,
2021-02-11,JCI,6222.52099609375,
2021-02-15,JCI,6270.32421875,
2021-02-16,JCI,6292.39599609375,
2021-02-17,JCI,6227.72802734375,
2021-02-18,JCI,6200.30810546875,
2021-02-19,JCI,6231.93212890625,
2021-02-22,JCI,6255.31201171875,
2021-02-23,JCI,6272.80712890625,
2021-02-24,JCI,6251.05419921875,
2021-02-25,JCI,6289.64599609375,
2021-02-26,JCI,6241.7958984375,
2021-03-01,JCI,6338.51318359375,
2021-03-02,JCI,6359.205078125,
2021-03-03,JCI,6376.7568359375,
2021-03-04,JCI,6290.798828125,
2021-03-05,JCI,6258.7490234375,
2021-03-08,JCI,6248.46484375,
2021-03-09,JCI,6199.64697265625,
2021-03-10,JCI,6264.67919921875,
2021-03-12,JCI,6358.208984375,
2021-03-15,JCI,6324.2587890625,
2021-03-16,JCI,6309.69921875,
2021-03-17,JCI,6277.22802734375,
2021-03-18,JCI,6347.8291015625,
2021-03-19,JCI,6356.16015625,
2021-03-22,JCI,6301.130859375,
2021-03-23,JCI,6252.7119140625,
2021-03-24,JCI,6156.14013671875,
2021-03-25,JCI,6122.8759765625,
2021-03-26,JCI,6195.56201171875,
2021-03-29,JCI,6166.81787109375,
2021-03-30,JCI,6071.44189453125,
2021-03-31,JCI,5985.52197265625,
2021-04-01,JCI,6011.4560546875,
2021-04-05,JCI,5970.2861328125,
2021-04-06,JCI,6002.77001953125,
2021-04-07,JCI,6036.6162109375,
2021-04-08,JCI,6071.72412109375,
2021-04-09,JCI,6070.208984375,
2021-04-12,JCI,5948.56884765625,
2021-04-13,JCI,5927.43505859375,
2021-04-14,JCI,6050.27587890625,
2021-04-15,JCI,6079.5009765625,
2021-04-16,JCI,6086.2578125,
2021-04-19,JCI,6052.5400390625,
2021-04-20,JCI,6038.32177734375,
2021-04-21,JCI,5993.2421875,
2021-04-22,JCI,5994.18408203125,
2021-04-23,JCI,6016.86376953125,
2021-04-26,JCI,5964.82080078125,
2021-04-27,JCI,5959.62109375,
2021-04-28,JCI,5974.47900390625,
2021-04-29,JCI,6012.9609375,
2021-04-30,JCI,5995.6162109375,
2021-05-03,JCI,5952.59716796875,
2021-05-04,JCI,5963.81982421875,
2021-05-05,JCI,5975.9111328125,
2021-05-06,JCI,5970.240234375,
2021-05-07,JCI,5928.30908203125,
2021-05-10,JCI,5975.787109375,
2021-05-11,JCI,5938.35107421875,
2021-05-17,JCI,5833.85986328125,
2021-05-18,JCI,5834.39404296875,
2021-05-19,JCI,5760.583984375,
2021-05-20,JCI,5797.59716796875,
2021-05-21,JCI,5773.1201171875,
2021-05-24,JCI,5763.6318359375,
2021-05-25,JCI,5815.83984375,
2021-05-27,JCI,5841.828125,
2021-05-28,JCI,5848.6162109375,
2021-05-31,JCI,5947.462890625,
2021-06-02,JCI,6031.578125,
2021-06-03,JCI,6091.51318359375,
2021-06-04,JCI,6065.166015625,
2021-06-07,JCI,6069.93505859375,
2021-06-08,JCI,5999.369140625,
2021-06-09,JCI,6047.47509765625,
2021-06-10,JCI,6107.5380859375,
2021-06-11,JCI,6095.4970703125,
2021-06-14,JCI,6080.3837890625,
2021-06-15,JCI,6089.0380859375,
2021-06-16,JCI,6078.56787109375,
2021-06-17,JCI,6068.44677734375,
2021-06-18,JCI,6007.1201171875,
2021-06-21,JCI,5996.2529296875,
2021-06-22,JCI,6087.841796875,
2021-06-23,JCI,6034.54296875,
2021-06-24,JCI,6012.05615234375,
2021-06-25,JCI,6022.39892578125,
2021-06-28,JCI,5939.47119140625,
2021-06-29,JCI,5949.0498046875,
2021-06-30,JCI,5985.48876953125,
2021-07-01,JCI,6005.9580078125,
2021-07-02,JCI,6023.0078125,
2021-07-05,JCI,6005.60888671875,
2021-07-06,JCI,6047.11083984375,
2021-07-07,JCI,6044.037109375,
2021-07-08,JCI,6039.89599609375,
2021-07-09,JCI,6039.84423828125,
2021-07-12,JCI,6078.56787109375,
2021-07-13,JCI,6012.0322265625,
2021-07-14,JCI,5979.21484375,
2021-07-15,JCI,6046.75390625,
2021-07-16,JCI,6072.509765625,
2021-07-19,JCI,6017.39404296875,
2021-07-21,JCI,6029.97607421875,
2021-07-22,JCI,6137.546875,
2021-07-23,JCI,6101.68994140625,
2021-07-26,JCI,6106.39404296875,
2021-07-27,JCI,6097.048828125,
2021-07-28,JCI,6088.52294921875,
2021-07-29,JCI,6120.72705078125,
2021-07-30,JCI,6070.0390625,
2021-08-02,JCI,6096.54296875,
2021-08-03,JCI,6130.57080078125,
2021-08-04,JCI,6159.03515625,
2021-08-05,JCI,6205.4169921875,
2021-08-06,JCI,6203.43115234375,
2021-08-09,JCI,6127.4560546875,
2021-08-10,JCI,6088.408203125,
2021-08-12,JCI,6139.65185546875,
2021-08-13,JCI,6139.4921875,
2021-08-16,JCI,6087.9130859375,
2021-08-18,JCI,6118.14990234375,
2021-08-19,JCI,5992.32177734375,
2021-08-20,JCI,6030.77197265625,
2021-08-23,JCI,6109.828125,
2021-08-24,JCI,6089.4970703125,
2021-08-25,JCI,6113.240234375,
2021-08-26,JCI,6058.080078125,
2021-08-27,JCI,6041.3662109375,
2021-08-30,JCI,6144.90185546875,
2021-08-31,JCI,6150.298828125,
2021-09-01,JCI,6090.93310546875,
2021-09-02,JCI,6078.22900390625,
2021-09-03,JCI,6126.9208984375,
2021-09-06,JCI,6126.93798828125,
2021-09-07,JCI,6112.39990234375,
2021-09-08,JCI,6026.02001953125,
2021-09-09,JCI,6068.21923828125,
2021-09-10,JCI,6094.873046875,
2021-09-13,JCI,6088.1572265625,
2021-09-14,JCI,6129.09521484375,
2021-09-15,JCI,6110.22900390625,
2021-09-16,JCI,6109.94189453125,
2021-09-17,JCI,6133.24609375,
2021-09-20,JCI,6076.31494140625,
2021-09-21,JCI,6060.7568359375,
2021-09-22,JCI,6108.26513671875,
2021-09-23,JCI,6142.7119140625,
2021-09-24,JCI,6144.81494140625,
2021-09-27,JCI,6122.4951171875,
2021-09-28,JCI,6113.11181640625,
2021-09-29,JCI,6162.55419921875,
2021-09-30,JCI,6286.94287109375,
2021-10-01,JCI,6228.84521484375,
2021-10-04,JCI,6342.68603515625,
2021-10-05,JCI,6288.048828125,
2021-10-06,JCI,6417.3232421875,
2021-10-07,JCI,6416.39599609375,
2021-10-08,JCI,6481.76904296875,
2021-10-11,JCI,6459.69677734375,
2021-10-12,JCI,6486.26708984375,
2021-10-13,JCI,6536.90380859375,
2021-10-14,JCI,6626.11376953125,
2021-10-15,JCI,6633.337890625,
2021-10-18,JCI,6658.76806640625,
2021-10-19,JCI,6655.998046875,
2021-10-21,JCI,6632.97216796875,
2021-10-22,JCI,6643.73779296875,
2021-10-25,JCI,6625.69677734375,
2021-10-26,JCI,6656.93701171875,
2021-10-27,JCI,6602.208984375,
2021-10-28,JCI,6524.076171875,
2021-10-29,JCI,6591.34619140625,
2021-11-01,JCI,6552.88916015625,
2021-11-02,JCI,6493.27490234375,
2021-11-03,JCI,6552.1298828125,
2021-11-04,JCI,6586.44287109375,
2021-11-05,JCI,6581.78515625,
2021-11-08,JCI,6632.296875,
2021-11-09,JCI,6669.9248046875,
2021-11-10,JCI,6683.14501953125,
2021-11-11,JCI,6691.341796875,
2021-11-12,JCI,6651.05419921875,
2021-11-15,JCI,6616.02880859375,
2021-11-16,JCI,6651.20703125,
2021-11-17,JCI,6675.80419921875,
2021-11-18,JCI,6636.46923828125,
2021-11-19,JCI,6720.26318359375,
2021-11-22,JCI,6723.38623046875,
2021-11-23,JCI,6677.8759765625,
2021-11-24,JCI,6683.27685546875,
2021-11-25,JCI,6699.34619140625,
2021-11-26,JCI,6561.55322265625,
2021-11-29,JCI,6608.2900390625,
2021-11-30,JCI,6533.93212890625,
2021-12-01,JCI,6507.6767578125,
2021-12-02,JCI,6583.81982421875,
2021-12-03,JCI,6538.505859375,
2021-12-06,JCI,6547.1162109375,
2021-12-07,JCI,6602.56884765625,
2021-12-08,JCI,6603.7978515625,
2021-12-09,JCI,6643.93212890625,
2021-12-10,JCI,6652.921875,
2021-12-13,JCI,6662.87109375,
2021-12-14,JCI,6615.63720703125,
2021-12-15,JCI,6626.2568359375,
2021-12-16,JCI,6594.7978515625,
2021-12-17,JCI,6601.93212890625,
2021-12-20,JCI,6547.11181640625,
2021-12-21,JCI,6554.30908203125,
2021-12-22,JCI,6529.5927734375,
2021-12-23,JCI,6555.55078125,
2021-12-24,JCI,6562.89990234375,
2021-12-27,JCI,6575.44384765625,
2021-12-28,JCI,6598.3427734375,
2021-12-29,JCI,6600.6767578125,
2021-12-30,JCI,6581.48193359375,
2022-01-03,JCI,6665.30810546875,
2022-01-04,JCI,6695.373046875,
2022-01-05,JCI,6662.298828125,
2022-01-06,JCI,6653.35107421875,
2022-01-07,JCI,6701.31591796875,
2022-01-10,JCI,6691.1240234375,
2022-01-11,JCI,6647.97021484375,
2022-01-12,JCI,6647.06494140625,
2022-01-13,JCI,6658.35595703125,
2022-01-14,JCI,6693.40087890625,
2022-01-17,JCI,6645.0478515625,
2022-01-18,JCI,6614.05908203125,
2022-01-19,JCI,6591.98095703125,
2022-01-20,JCI,6626.87109375,
2022-01-21,JCI,6726.373046875,
2022-01-24,JCI,6655.166015625,
2022-01-25,JCI,6568.1728515625,
2022-01-26,JCI,6600.81884765625,
2022-01-27,JCI,6611.1611328125,
2022-01-28,JCI,6645.51123046875,
2022-01-31,JCI,6631.15087890625,
2022-02-02,JCI,6707.65185546875,
2022-02-03,JCI,6683.85107421875,
2022-02-04,JCI,6731.39111328125,
2022-02-07,JCI,6804.93701171875,
2022-02-08,JCI,6789.52197265625,
2022-02-09,JCI,6834.60595703125,
2022-02-10,JCI,6823.64208984375,
2022-02-11,JCI,6815.60693359375,
2022-02-14,JCI,6734.48583984375,
2022-02-15,JCI,6807.4970703125,
2022-02-16,JCI,6850.1982421875,
2022-02-17,JCI,6835.1171875,
2022-02-18,JCI,6892.81787109375,
2022-02-21,JCI,6902.96484375,
2022-02-22,JCI,6861.994140625,
2022-02-23,JCI,6920.05615234375,
2022-02-24,JCI,6817.81982421875,
2022-02-25,JCI,6888.1708984375,
2022-03-01,JCI,6921.44091796875,
2022-03-02,JCI,6868.40185546875,
2022-03-04,JCI,6928.328125,
2022-03-07,JCI,6869.06591796875,
2022-03-08,JCI,6814.18310546875,
2022-03-09,JCI,6864.44091796875,
2022-03-10,JCI,6924.0078125,
2022-03-11,JCI,6922.60205078125,
2022-03-14,JCI,6952.2041015625,
2022-03-15,JCI,6918.18505859375,
2022-03-16,JCI,6992.39501953125,
2022-03-17,JCI,6964.384765625,
2022-03-18,JCI,6954.96484375,
2022-03-21,JCI,6955.18115234375,
2022-03-22,JCI,7000.82177734375,
2022-03-23,JCI,6996.115234375,
2022-03-24,JCI,7049.68505859375,
2022-03-25,JCI,7002.5322265625,
2022-03-28,JCI,7049.60302734375,
2022-03-29,JCI,7011.68896484375,
2022-03-30,JCI,7053.18994140625,
2022-03-31,JCI,7071.44189453125,
2022-04-01,JCI,7078.759765625,
2022-04-04,JCI,7116.2177734375,
2022-04-05,JCI,7148.298828125,
2022-04-06,JCI,7104.2158203125,
2022-04-07,JCI,7127.3671875,
2022-04-08,JCI,7210.8349609375,
2022-04-11,JCI,7203.7939453125,
2022-04-12,JCI,7214.78076171875,
2022-04-13,JCI,7262.77685546875,
2022-04-14,JCI,7235.5322265625,
2022-04-18,JCI,7275.2890625,
2022-04-19,JCI,7199.23193359375,
2022-04-20,JCI,7227.36181640625,
2022-04-21,JCI,7276.19287109375,
2022-04-22,JCI,7225.60595703125,
2022-04-25,JCI,7215.97900390625,
2022-04-26,JCI,7232.15283203125,
2022-04-27,JCI,7196.76416015625,
2022-04-28,JCI,7228.9140625,
2022-05-09,JCI,6909.7509765625,
2022-05-10,JCI,6819.7939453125,
2022-05-11,JCI,6816.203125,
2022-05-12,JCI,6599.83984375,
2022-05-13,JCI,6597.9931640625,
2022-05-17,JCI,6644.466796875,
2022-05-18,JCI,6793.4140625,
2022-05-19,JCI,6823.3349609375,
2022-05-20,JCI,6918.14404296875,
2022-05-23,JCI,6840.77490234375,
2022-05-24,JCI,6914.14111328125,
2022-05-25,JCI,6883.50390625,
2022-05-27,JCI,7026.255859375,
2022-05-30,JCI,7037.56494140625,
2022-05-31,JCI,7148.97021484375,
2022-06-02,JCI,7148.72314453125,
2022-06-03,JCI,7182.9609375,
2022-06-06,JCI,7096.58203125,
2022-06-07,JCI,7141.044921875,
2022-06-08,JCI,7193.31396484375,
2022-06-09,JCI,7182.830078125,
2022-06-10,JCI,7086.64794921875,
2022-06-13,JCI,6995.44189453125,
2022-06-14,JCI,7049.8818359375,
2022-06-15,JCI,7007.0498046875,
2022-06-16,JCI,7050.326171875,
2022-06-17,JCI,6936.966796875,
2022-06-20,JCI,6976.376953125,
2022-06-21,JCI,7044.07080078125,
2022-06-22,JCI,6984.31103515625,
2022-06-23,JCI,6998.26708984375,
2022-06-24,JCI,7042.93701171875,
2022-06-27,JCI,7016.05517578125,
2022-06-28,JCI,6996.4560546875,
2022-06-29,JCI,6942.35107421875,
2022-06-30,JCI,6911.58203125,
2022-07-01,JCI,6794.328125,
2022-07-04,JCI,6639.171875,
2022-07-05,JCI,6703.26611328125,
2022-07-06,JCI,6646.41015625,
2022-07-07,JCI,6652.5869140625,
2022-07-08,JCI,6740.21923828125,
2022-07-11,JCI,6722.14501953125,
2022-07-12,JCI,6718.2939453125,
2022-07-13,JCI,6640.990234375,
2022-07-14,JCI,6690.0869140625,
2022-07-15,JCI,6651.90478515625,
2022-07-18,JCI,6659.2529296875,
2022-07-19,JCI,6736.091796875,
2022-07-20,JCI,6874.7431640625,
2022-07-21,JCI,6864.130859375,
2022-07-22,JCI,6886.9619140625,
2022-07-25,JCI,6858.4072265625,
2022-07-26,JCI,6871.537109375,
2022-07-27,JCI,6898.2158203125,
2022-07-28,JCI,6956.81689453125,
2022-07-29,JCI,6951.123046875,
2022-08-01,JCI,6968.783203125,
2022-08-02,JCI,6988.1572265625,
2022-08-03,JCI,7046.634765625,
2022-08-04,JCI,7057.34814453125,
2022-08-05,JCI,7084.65478515625,
2022-08-08,JCI,7086.84912109375,
2022-08-09,JCI,7102.8798828125,
2022-08-10,JCI,7086.23583984375,
2022-08-11,JCI,7160.384765625,
2022-08-12,JCI,7129.27685546875,
2022-08-15,JCI,7093.27587890625,
2022-08-16,JCI,7133.453125,
2022-08-18,JCI,7186.55810546875,
2022-08-19,JCI,7172.43408203125,
2022-08-22,JCI,7107.98291015625,
2022-08-23,JCI,7163.26513671875,
2022-08-24,JCI,7194.7060546875,
2022-08-25,JCI,7174.2080078125,
2022-08-26,JCI,7135.248046875,
2022-08-29,JCI,7132.044921875,
2022-08-30,JCI,7159.47314453125,
2022-08-31,JCI,7178.58984375,
2022-09-01,JCI,7153.10400390625,
2022-09-02,JCI,7177.17919921875,
2022-09-05,JCI,7231.8828125,
2022-09-06,JCI,7233.15478515625,
2022-09-07,JCI,7186.7568359375,
2022-09-08,JCI,7232.01708984375,
2022-09-09,JCI,7242.65576171875,
2022-09-12,JCI,7254.4638671875,
2022-09-13,JCI,7318.01611328125,
2022-09-14,JCI,7278.078125,
2022-09-15,JCI,7305.60107421875,
2022-09-16,JCI,7168.8701171875,
2022-09-19,JCI,7195.48779296875,
2022-09-20,JCI,7196.951171875,
2022-09-21,JCI,7188.31396484375,
2022-09-22,JCI,7218.90576171875,
2022-09-23,JCI,7178.5830078125,
2022-09-26,JCI,7127.5029296875,
2022-09-27,JCI,7112.44921875,
2022-09-28,JCI,7077.03076171875,
2022-09-29,JCI,7036.1982421875,
2022-09-30,JCI,7040.7978515625,
2022-10-03,JCI,7009.7177734375,
2022-10-04,JCI,7072.255859375,
2022-10-05,JCI,7075.384765625,
2022-10-06,JCI,7076.623046875,
2022-10-07,JCI,7026.783203125,
2022-10-10,JCI,6994.39501953125,
2022-10-11,JCI,6939.14501953125,
2022-10-12,JCI,6909.208984375,
2022-10-13,JCI,6880.625,
2022-10-14,JCI,6814.52978515625,
2022-10-17,JCI,6831.115234375,
2022-10-18,JCI,6834.494140625,
2022-10-19,JCI,6860.416015625,
2022-10-20,JCI,6980.65185546875,
2022-10-21,JCI,7017.77099609375,
2022-10-24,JCI,7053.0439453125,
2022-10-25,JCI,7048.3798828125,
2022-10-26,JCI,7043.93896484375,
2022-10-27,JCI,7091.76123046875,
2022-10-28,JCI,7056.0400390625,
2022-10-31,JCI,7098.89013671875,
2022-11-01,JCI,7052.30322265625,
2022-11-02,JCI,7015.68994140625,
2022-11-03,JCI,7034.5732421875,
2022-11-04,JCI,7045.52685546875,
2022-11-07,JCI,7102.39599609375,
2022-11-08,JCI,7050.1259765625,
2022-11-09,JCI,7070.083984375,
2022-11-10,JCI,6966.8369140625,
2022-11-11,JCI,7089.2060546875,
2022-11-14,JCI,7019.39208984375,
2022-11-15,JCI,7035.5,
2022-11-16,JCI,7014.3837890625,
2022-11-17,JCI,7044.98583984375,
2022-11-18,JCI,7082.18115234375,
2022-11-21,JCI,7063.2470703125,
2022-11-22,JCI,7030.587890625,
2022-11-23,JCI,7054.123046875,
2022-11-24,JCI,7080.51513671875,
2022-11-25,JCI,7053.14990234375,
2022-11-28,JCI,7017.35791015625,
2022-11-29,JCI,7012.06884765625,
2022-11-30,JCI,7081.31298828125,
2022-12-01,JCI,7020.80322265625,
2022-12-02,JCI,7019.63916015625,
2022-12-05,JCI,6987.328125,
2022-12-06,JCI,6892.56982421875,
2022-12-07,JCI,6818.751953125,
2022-12-08,JCI,6804.22705078125,
2022-12-09,JCI,6715.1181640625,
2022-12-12,JCI,6734.4521484375,
2022-12-13,JCI,6810.31591796875,
2022-12-14,JCI,6801.7490234375,
2022-12-15,JCI,6751.85986328125,
2022-12-16,JCI,6812.19287109375,
2022-12-19,JCI,6779.6982421875,
2022-12-20,JCI,6768.31591796875,
2022-12-21,JCI,6820.6630859375,
2022-12-22,JCI,6824.43212890625,
2022-12-23,JCI,6800.6728515625,
2022-12-26,JCI,6835.80810546875,
2022-12-27,JCI,6923.02685546875,
2022-12-28,JCI,6850.52001953125,
2022-12-29,JCI,6860.0771484375,
2022-12-30,JCI,6850.619140625,
2023-01-02,JCI,6850.98388671875,
2023-01-03,JCI,6888.7578125,
2023-01-04,JCI,6813.23876953125,
2023-01-05,JCI,6653.8408203125,
2023-01-06,JCI,6684.55810546875,
2023-01-09,JCI,6688.26513671875,
2023-01-10,JCI,6622.4990234375,
2023-01-11,JCI,6584.453125,
2023-01-12,JCI,6629.93408203125,
2023-01-13,JCI,6641.830078125,
2023-01-16,JCI,6688.05712890625,
2023-01-17,JCI,6767.33984375,
2023-01-18,JCI,6765.7861328125,
2023-01-19,JCI,6819.9072265625,
2023-01-20,JCI,6874.93115234375,
2023-01-24,JCI,6860.85400390625,
2023-01-25,JCI,6829.93017578125,
2023-01-26,JCI,6864.81787109375,
2023-01-27,JCI,6898.98095703125,
2023-01-30,JCI,6872.48095703125,
2023-01-31,JCI,6839.341796875,
2023-02-01,JCI,6862.2578125,
2023-02-02,JCI,6890.57177734375,
2023-02-03,JCI,6911.73193359375,
2023-02-06,JCI,6873.791015625,
2023-02-07,JCI,6935.30078125,
2023-02-08,JCI,6940.1240234375,
2023-02-09,JCI,6897.365234375,
2023-02-10,JCI,6880.3291015625,
2023-02-13,JCI,6900.14013671875,
2023-02-14,JCI,6941.85498046875,
2023-02-15,JCI,6914.5380859375,
2023-02-16,JCI,6895.6640625,
2023-02-17,JCI,6895.7138671875,
2023-02-20,JCI,6894.716796875,
2023-02-21,JCI,6873.40478515625,
2023-02-22,JCI,6809.9677734375,
2023-02-23,JCI,6839.4541015625,
2023-02-24,JCI,6856.576171875,
2023-02-27,JCI,6854.77685546875,
2023-02-28,JCI,6843.23876953125,
2023-03-01,JCI,6844.93603515625,
2023-03-02,JCI,6857.4150390625,
2023-03-03,JCI,6813.63623046875,
2023-03-06,JCI,6807.0009765625,
2023-03-07,JCI,6766.7578125,
2023-03-08,JCI,6776.3701171875,
2023-03-09,JCI,6799.794921875,
2023-03-10,JCI,6765.3017578125,
2023-03-13,JCI,6786.955078125,
2023-03-14,JCI,6641.81396484375,
2023-03-15,JCI,6628.13720703125,
2023-03-16,JCI,6565.72802734375,
2023-03-17,JCI,6678.23681640625,
2023-03-20,JCI,6612.490234375,
2023-03-21,JCI,6691.61083984375,
2023-03-24,JCI,6762.25390625,
2023-03-27,JCI,6708.93310546875,
2023-03-28,JCI,6760.328125,
2023-03-29,JCI,6839.43603515625,
2023-03-30,JCI,6808.951171875,
2023-03-31,JCI,6805.27685546875,
2023-04-03,JCI,6827.1748046875,
2023-04-04,JCI,6833.17822265625,
2023-04-05,JCI,6819.6748046875,
2023-04-06,JCI,6792.76513671875,
2023-04-10,JCI,6771.23486328125,
2023-04-11,JCI,6811.31396484375,
2023-04-12,JCI,6798.9638671875,
2023-04-13,JCI,6785.59814453125,
2023-04-14,JCI,6818.57421875,
2023-04-17,JCI,6787.58203125,
2023-04-18,JCI,6821.80712890625,
2023-04-26,JCI,6910.14697265625,
2023-04-27,JCI,6945.47705078125,
2023-04-28,JCI,6915.7158203125,
2023-05-02,JCI,6863.3017578125,
2023-05-03,JCI,6812.72216796875,
2023-05-04,JCI,6844.02685546875,
2023-05-05,JCI,6787.630859375,
2023-05-08,JCI,6769.630859375,
2023-05-09,JCI,6779.97998046875,
2023-05-10,JCI,6811.90478515625,
2023-05-11,JCI,6755.93798828125,
2023-05-12,JCI,6707.76318359375,
2023-05-15,JCI,6711.740234375,
2023-05-16,JCI,6676.56396484375,
2023-05-17,JCI,6663.11376953125,
2023-05-19,JCI,6700.56103515625,
2023-05-22,JCI,6729.64697265625,
2023-05-23,JCI,6736.68408203125,
2023-05-24,JCI,6745.80419921875,
2023-05-25,JCI,6704.23095703125,
2023-05-26,JCI,6687.0009765625,
2023-05-29,JCI,6681.10205078125,
2023-05-30,JCI,6636.4228515625,
2023-05-31,JCI,6633.26123046875,
2023-06-05,JCI,6633.43701171875,
2023-06-06,JCI,6618.9228515625,
2023-06-07,JCI,6619.7548828125,
2023-06-08,JCI,6666.330078125,
2023-06-09,JCI,6694.02392578125,
2023-06-12,JCI,6722.373046875,
2023-06-13,JCI,6719.01416015625,
2023-06-14,JCI,6699.716796875,
2023-06-15,JCI,6713.794921875,
2023-06-16,JCI,6698.546875,
2023-06-19,JCI,6686.05908203125,
2023-06-20,JCI,6660.455078125,
2023-06-21,JCI,6702.625,
2023-06-22,JCI,6652.26123046875,
2023-06-23,JCI,6639.73291015625,
2023-06-26,JCI,6664.66796875,
2023-06-27,JCI,6661.87890625,
2023-07-03,JCI,6696.7158203125,
2023-07-04,JCI,6681.75390625,
2023-07-05,JCI,6718.97705078125,
2023-07-06,JCI,6757.3310546875,
2023-07-07,JCI,6716.458984375,
2023-07-10,JCI,6731.0380859375,
2023-07-11,JCI,6796.923828125,
2023-07-12,JCI,6808.208984375,
2023-07-13,JCI,6810.212890625,
2023-07-14,JCI,6869.57177734375,
2023-07-17,JCI,6867.14404296875,
2023-07-18,JCI,6830.203125,
2023-07-20,JCI,6864.18896484375,
2023-07-21,JCI,6880.8017578125,
2023-07-24,JCI,6899.39599609375,
2023-07-25,JCI,6917.7109375,
2023-07-26,JCI,6948.27880859375,
2023-07-27,JCI,6896.6630859375,
2023-07-28,JCI,6900.22998046875,
2023-07-31,JCI,6931.35888671875,
2023-08-01,JCI,6886.49609375,
2023-08-02,JCI,6854.509765625,
2023-08-03,JCI,6898.0771484375,
2023-08-04,JCI,6852.841796875,
2023-08-07,JCI,6886.3662109375,
2023-08-08,JCI,6868.81298828125,
2023-08-09,JCI,6875.11181640625,
2023-08-10,JCI,6893.27587890625,
2023-08-11,JCI,6879.97900390625,
2023-08-14,JCI,6910.171875,
2023-08-15,JCI,6915.10107421875,
2023-08-16,JCI,6900.5380859375,
2023-08-18,JCI,6859.912109375,
2023-08-21,JCI,6866.033203125,
2023-08-22,JCI,6916.4501953125,
2023-08-23,JCI,6921.41015625,
2023-08-24,JCI,6899.39208984375,
2023-08-25,JCI,6895.44287109375,
2023-08-28,JCI,6921.72705078125,
2023-08-29,JCI,6957.8349609375,
2023-08-30,JCI,6966.65576171875,
2023-08-31,JCI,6953.259765625,
2023-09-01,JCI,6977.65380859375,
2023-09-04,JCI,6996.75,
2023-09-05,JCI,6991.7080078125,
2023-09-06,JCI,6995.953125,
2023-09-07,JCI,6954.80810546875,
2023-09-08,JCI,6924.77978515625,
2023-09-11,JCI,6963.39306640625,
2023-09-12,JCI,6933.96923828125,
2023-09-13,JCI,6935.47607421875,
2023-09-14,JCI,6959.3330078125,
2023-09-15,JCI,6982.791015625,
2023-09-18,JCI,6936.0830078125,
2023-09-19,JCI,6980.32080078125,
2023-09-20,JCI,7011.68115234375,
2023-09-21,JCI,6991.4658203125,
2023-09-22,JCI,7016.84423828125,
2023-09-25,JCI,6998.380859375,
2023-09-26,JCI,6923.7998046875,
2023-09-27,JCI,6937.828125,
2023-09-29,JCI,6939.89208984375,
2023-10-02,JCI,6961.458984375,
2023-10-03,JCI,6940.88720703125,
2023-10-04,JCI,6886.576171875,
2023-10-05,JCI,6874.826171875,
2023-10-06,JCI,6888.51806640625,
2023-10-09,JCI,6891.455078125,
2023-10-10,JCI,6922.18798828125,
2023-10-11,JCI,6931.7529296875,
2023-10-12,JCI,6935.15087890625,
2023-10-13,JCI,6926.77978515625,
2023-10-16,JCI,6896.2919921875,
2023-10-17,JCI,6939.615234375,
2023-10-18,JCI,6927.90576171875,
2023-10-19,JCI,6846.4267578125,
2023-10-20,JCI,6849.16796875,
2023-10-23,JCI,6741.9638671875,
2023-10-24,JCI,6806.76220703125,
2023-10-25,JCI,6834.38818359375,
2023-10-26,JCI,6714.51904296875,
2023-10-27,JCI,6758.79296875,
2023-10-30,JCI,6735.89208984375,
2023-10-31,JCI,6752.2109375,
2023-11-01,JCI,6642.41796875,
2023-11-02,JCI,6751.38623046875,
2023-11-03,JCI,6788.85009765625,
2023-11-06,JCI,6878.8359375,
2023-11-07,JCI,6843.7900390625,
2023-11-08,JCI,6804.10595703125,
2023-11-09,JCI,6838.23291015625,
2023-11-10,JCI,6809.26318359375,
2023-11-13,JCI,6838.31201171875,
2023-11-14,JCI,6862.05517578125,
2023-11-15,JCI,6958.205078125,
2023-11-16,JCI,6958.0078125,
2023-11-17,JCI,6977.66796875,
2023-11-20,JCI,6994.88818359375,
2023-11-21,JCI,6961.7900390625,
2023-11-22,JCI,6906.953125,
2023-11-23,JCI,7004.34423828125,
2023-11-24,JCI,7009.630859375,
2023-11-27,JCI,7013.40576171875,
2023-11-28,JCI,7041.0732421875,
2023-11-29,JCI,7036.0869140625,
2023-11-30,JCI,7080.7412109375,
2023-12-01,JCI,7059.90576171875,
2023-12-04,JCI,7093.60009765625,
2023-12-05,JCI,7100.85498046875,
2023-12-06,JCI,7087.39501953125,
2023-12-07,JCI,7134.623046875,
2023-12-08,JCI,7159.59814453125,
2023-12-11,JCI,7088.78515625,
2023-12-12,JCI,7125.30712890625,
2023-12-13,JCI,7075.3408203125,
2023-12-14,JCI,7176.01611328125,
2023-12-15,JCI,7190.98779296875,
2023-12-18,JCI,7119.52490234375,
2023-12-19,JCI,7187.84619140625,
2023-12-20,JCI,7219.6669921875,
2023-12-21,JCI,7209.619140625,
2023-12-22,JCI,7237.51904296875,
2023-12-27,JCI,7245.916015625,
2023-12-28,JCI,7303.88818359375,
2023-12-29,JCI,7272.796875,
2024-01-02,JCI,7323.587890625,
2024-01-03,JCI,7279.0908203125,
2024-01-04,JCI,7359.76318359375,
2024-01-05,JCI,7350.619140625,
2024-01-08,JCI,7283.5751953125,
2024-01-09,JCI,7200.203125,
2024-01-10,JCI,7227.296875,
2024-01-11,JCI,7219.9638671875,
2024-01-12,JCI,7241.13818359375,
2024-01-15,JCI,7224.0009765625,
2024-01-16,JCI,7242.787109375,
2024-01-17,JCI,7200.634765625,
2024-01-18,JCI,7252.966796875,
2024-01-19,JCI,7227.40185546875,
2024-01-22,JCI,7247.92822265625,
2024-01-23,JCI,7256.22900390625,
2024-01-24,JCI,7227.8232421875,
2024-01-25,JCI,7178.0419921875,
2024-01-26,JCI,7137.087890625,
2024-01-29,JCI,7157.1748046875,
2024-01-30,JCI,7192.2158203125,
2024-01-31,JCI,7207.94091796875,
2024-02-01,JCI,7201.69580078125,
2024-02-02,JCI,7238.78515625,
2024-02-05,JCI,7198.615234375,
2024-02-06,JCI,7247.408203125,
2024-02-07,JCI,7235.15185546875,
2024-02-12,JCI,7297.6689453125,
2024-02-13,JCI,7209.7412109375,
2024-02-15,JCI,7303.28076171875,
2024-02-16,JCI,7335.544921875,
2024-02-19,JCI,7296.7021484375,
2024-02-20,JCI,7352.60107421875,
2024-02-21,JCI,7349.02099609375,
2024-02-22,JCI,7339.63623046875,
2024-02-23,JCI,7295.09521484375,
2024-02-26,JCI,7283.8232421875,
2024-02-27,JCI,7285.31689453125,
2024-02-28,JCI,7328.63623046875,
2024-02-29,JCI,7316.11083984375,
2024-03-01,JCI,7311.9072265625,
2024-03-04,JCI,7276.7490234375,
2024-03-05,JCI,7247.4599609375,
2024-03-06,JCI,7329.80078125,
2024-03-07,JCI,7373.9638671875,
2024-03-08,JCI,7381.9072265625,
2024-03-13,JCI,7421.20703125,
2024-03-14,JCI,7433.31494140625,
2024-03-15,JCI,7328.05419921875,
2024-03-18,JCI,7302.44921875,
2024-03-19,JCI,7336.74609375,
2024-03-20,JCI,7331.1279296875,
2024-03-21,JCI,7338.35302734375,
2024-03-22,JCI,7350.15185546875,
2024-03-25,JCI,7377.759765625,
2024-03-26,JCI,7365.6640625,
2024-03-27,JCI,7310.091796875,
2024-03-28,JCI,7288.81298828125,
2024-04-01,JCI,7205.06103515625,
2024-04-02,JCI,7236.98388671875,
2024-04-03,JCI,7166.84423828125,
2024-04-04,JCI,7254.39892578125,
2024-04-05,JCI,7286.8818359375,
2024-04-16,JCI,7164.80712890625,
2024-04-17,JCI,7130.8408203125,
2024-04-18,JCI,7166.81396484375,
2024-04-19,JCI,7087.31689453125,
2024-04-22,JCI,7073.81982421875,
2024-04-23,JCI,7110.81298828125,
2024-04-24,JCI,7174.533203125,
2024-04-25,JCI,7155.2939453125,
2024-04-26,JCI,7036.0751953125,
2024-04-29,JCI,7155.7841796875,
2024-04-30,JCI,7234.19677734375,
2024-05-02,JCI,7117.4248046875,
2024-05-03,JCI,7134.72412109375,
2024-05-06,JCI,7135.89013671875,
2024-05-07,JCI,7123.61181640625,
2024-05-08,JCI,7088.794921875,
2024-05-13,JCI,7099.26123046875,
2024-05-14,JCI,7083.76318359375,
2024-05-15,JCI,7179.8310546875,
2024-05-16,JCI,7246.69580078125,
2024-05-17,JCI,7317.23779296875,
2024-05-20,JCI,7266.69091796875,
2024-05-21,JCI,7186.037109375,
2024-05-22,JCI,7222.3818359375,
2024-05-27,JCI,7176.419921875,
2024-05-28,JCI,7253.6259765625,
2024-05-29,JCI,7140.22900390625,
2024-05-30,JCI,7034.14208984375,
2024-05-31,JCI,6970.73583984375,
2024-06-03,JCI,7036.19091796875,
2024-06-04,JCI,7099.31201171875,
2024-06-05,JCI,6947.669921875,
2024-06-06,JCI,6974.89697265625,
2024-06-07,JCI,6897.9501953125,
2024-06-10,JCI,6921.5478515625,
2024-06-11,JCI,6855.69091796875,
2024-06-12,JCI,6850.09716796875,
2024-06-13,JCI,6831.56396484375,
2024-06-14,JCI,6734.83203125,
2024-06-19,JCI,6726.9189453125,
2024-06-20,JCI,6819.32080078125,
2024-06-21,JCI,6879.97802734375,
2024-06-24,JCI,6889.1650390625,
2024-06-25,JCI,6882.7041015625,
2024-06-26,JCI,6905.64208984375,
2024-06-27,JCI,6967.951171875,
2024-06-28,JCI,7063.5771484375,
2024-07-01,JCI,7139.6259765625,
2024-07-02,JCI,7125.14208984375,
2024-07-03,JCI,7196.7548828125,
2024-07-04,JCI,7220.88916015625,
2024-07-05,JCI,7253.3720703125,
2024-07-08,JCI,7250.97705078125,
2024-07-09,JCI,7269.80078125,
2024-07-10,JCI,7287.0419921875,
2024-07-11,JCI,7300.4072265625,
2024-07-12,JCI,7327.580078125,
2024-07-15,JCI,7278.86279296875,
2024-07-16,JCI,7224.29296875,
2024-07-17,JCI,7224.2177734375,
2024-07-18,JCI,7321.07080078125,
2024-07-19,JCI,7294.4951171875,
2024-07-22,JCI,7321.97607421875,
2024-07-23,JCI,7313.85693359375,
2024-07-24,JCI,7262.7587890625,
2024-07-25,JCI,7240.27685546875,
2024-07-26,JCI,7288.1669921875,
2024-07-29,JCI,7288.89697265625,
2024-07-30,JCI,7241.86376953125,
2024-07-31,JCI,7255.76220703125,
2024-08-01,JCI,7325.98486328125,
2024-08-02,JCI,7308.123046875,
2024-08-05,JCI,7059.65283203125,
2024-08-06,JCI,7129.21484375,
2024-08-07,JCI,7212.130859375,
2024-08-08,JCI,7195.12109375,
2024-08-09,JCI,7256.99609375,
2024-08-12,JCI,7297.625,
2024-08-13,JCI,7356.63818359375,
2024-08-14,JCI,7436.0390625,
2024-08-15,JCI,7409.5009765625,
2024-08-16,JCI,7432.08984375,
2024-08-19,JCI,7466.8310546875,
2024-08-20,JCI,7533.98486328125,
2024-08-21,JCI,7554.5927734375,
2024-08-22,JCI,7488.67578125,
2024-08-23,JCI,7544.2978515625,
2024-08-26,JCI,7606.19482421875,
2024-08-27,JCI,7597.880859375,
2024-08-28,JCI,7658.875,
2024-08-29,JCI,7627.60400390625,
2024-08-30,JCI,7670.73291015625,
2024-09-02,JCI,7694.52978515625,
2024-09-03,JCI,7616.52099609375,
2024-09-04,JCI,7672.89599609375,
2024-09-05,JCI,7681.04296875,
2024-09-06,JCI,7721.84619140625,
2024-09-09,JCI,7702.73876953125,
2024-09-10,JCI,7761.38818359375,
2024-09-11,JCI,7760.955078125,
2024-09-12,JCI,7798.15380859375,
2024-09-13,JCI,7812.130859375,
2024-09-17,JCI,7831.77880859375,
2024-09-18,JCI,7829.134765625,
2024-09-19,JCI,7905.39013671875,
2024-09-20,JCI,7743.00390625,
2024-09-23,JCI,7775.73095703125,
2024-09-24,JCI,7778.4912109375,
2024-09-25,JCI,7740.90185546875,
2024-09-26,JCI,7744.51611328125,
2024-09-27,JCI,7696.916015625,
2024-09-30,JCI,7527.92919921875,
2024-10-01,JCI,7642.1328125,
2024-10-02,JCI,7563.26220703125,
2024-10-03,JCI,7543.828125,
2024-10-04,JCI,7496.0908203125,
2024-10-07,JCI,7504.134765625,
2024-10-08,JCI,7557.14208984375,
2024-10-09,JCI,7501.28515625,
2024-10-10,JCI,7480.080078125,
2024-10-11,JCI,7520.60205078125,
2024-10-14,JCI,7559.65478515625,
2024-10-15,JCI,7626.951171875,
2024-10-16,JCI,7648.93994140625,
2024-10-17,JCI,7735.0390625,
2024-10-18,JCI,7760.06005859375,
2024-10-21,JCI,7772.59619140625,
2024-10-22,JCI,7788.98291015625,
2024-10-23,JCI,7787.56494140625,
2024-10-24,JCI,7716.548828125,
2024-10-25,JCI,7694.66015625,
2024-10-28,JCI,7634.630859375,
2024-10-29,JCI,7606.60009765625,
2024-10-30,JCI,7569.85009765625,
2024-10-31,JCI,7574.01904296875,
2024-11-01,JCI,7505.2568359375,
2024-11-04,JCI,7479.5029296875,
2024-11-05,JCI,7491.93115234375,
2024-11-06,JCI,7383.8681640625,
2024-11-07,JCI,7243.85986328125,
2024-11-08,JCI,7287.19091796875,
2024-11-11,JCI,7266.4599609375,
2024-11-12,JCI,7321.98583984375,
2024-11-13,JCI,7308.6708984375,
2024-11-14,JCI,7214.56103515625,
2024-11-15,JCI,7161.2578125,
2024-11-18,JCI,7134.27685546875,
2024-11-19,JCI,7195.71484375,
2024-11-20,JCI,7180.3349609375,
2024-11-21,JCI,7140.912109375,
2024-11-22,JCI,7195.56494140625,
2024-11-25,JCI,7314.10791015625,
2024-11-26,JCI,7245.88818359375,
2024-11-28,JCI,7200.1572265625,
2024-11-29,JCI,7114.26611328125,
2024-12-02,JCI,7046.98583984375,
2024-12-03,JCI,7196.01708984375,
2024-12-04,JCI,7326.76416015625,
2024-12-05,JCI,7313.31298828125,
2024-12-06,JCI,7382.78515625,
2024-12-09,JCI,7437.73095703125,
2024-12-10,JCI,7453.287109375,
2024-12-11,JCI,7464.751953125,
2024-12-12,JCI,7394.23779296875,
2024-12-13,JCI,7324.7890625,
2024-12-16,JCI,7258.630859375,
2024-12-17,JCI,7157.73193359375,
2024-12-18,JCI,7107.875,
2024-12-19,JCI,6977.23779296875,
2024-12-20,JCI,6983.865234375,
2024-12-23,JCI,7096.44482421875,
2024-12-24,JCI,7065.74609375,
2024-12-27,JCI,7036.57080078125,
2024-12-30,JCI,7079.90478515625,
2025-01-02,JCI,7163.205078125,
2025-01-03,JCI,7164.42919921875,
2025-01-06,JCI,7080.47412109375,
2025-01-07,JCI,7083.2841796875,
2025-01-08,JCI,7080.35205078125,
2025-01-09,JCI,7064.587890625,
2025-01-10,JCI,7088.8662109375,
2025-01-13,JCI,7016.87890625,
2025-01-14,JCI,6956.6650390625,
2025-01-15,JCI,7079.56201171875,
2025-01-16,JCI,7107.51904296875,
2025-01-17,JCI,7154.658203125,
2025-01-20,JCI,7170.73681640625,
2025-01-21,JCI,7181.81982421875,
2025-01-22,JCI,7257.1279296875,
2025-01-23,JCI,7232.64306640625,
2025-01-24,JCI,7166.05615234375,
2025-01-30,JCI,7073.47802734375,
2025-01-31,JCI,7109.19580078125,
2025-02-03,JCI,7030.05810546875,
2025-02-04,JCI,7073.458984375,
2025-02-05,JCI,7024.22802734375,
2025-02-06,JCI,6875.5361328125,
2025-02-07,JCI,6742.576171875,
2025-02-10,JCI,6648.14208984375,
2025-02-11,JCI,6531.990234375,
2025-02-12,JCI,6645.77783203125,
2025-02-13,JCI,6613.56787109375,
2025-02-14,JCI,6638.458984375,
2025-02-17,JCI,6830.8818359375,
2025-02-18,JCI,6873.55419921875,
2025-02-19,JCI,6794.8681640625,
2025-02-20,JCI,6788.0419921875,
2025-02-21,JCI,6803.0009765625,
2025-02-24,JCI,6749.60107421875,
2025-02-25,JCI,6587.0869140625,
2025-02-26,JCI,6606.17822265625,
2025-02-27,JCI,6485.4482421875,
2025-02-28,JCI,6270.59716796875,
2025-03-03,JCI,6519.658203125,
2025-03-04,JCI,6380.40087890625,
2025-03-05,JCI,6531.39892578125,
2025-03-06,JCI,6617.84716796875,
2025-03-07,JCI,6636.0,
2025-03-10,JCI,6598.2119140625,
2025-03-11,JCI,6545.85009765625,
2025-03-12,JCI,6665.044921875,
2025-03-13,JCI,6647.4169921875,
2025-03-14,JCI,6515.630859375,
2025-03-17,JCI,6471.94677734375,
2025-03-18,JCI,6223.38818359375,
2025-03-19,JCI,6311.66015625,
2025-03-20,JCI,6381.673828125,
2025-03-21,JCI,6258.17919921875,
2025-03-24,JCI,6161.2177734375,
2025-03-25,JCI,6235.619140625,
2025-03-26,JCI,6472.35595703125,
2025-03-27,JCI,6510.6201171875,
2025-04-08,JCI,5996.14208984375,
2025-04-09,JCI,5967.98779296875,
2025-04-10,JCI,6254.02392578125,
2025-04-11,JCI,6262.22607421875,
2025-04-14,JCI,6368.51708984375,
2025-04-15,JCI,6441.68310546875,
2025-04-16,JCI,6400.05419921875,
2025-04-17,JCI,6438.26904296875,
2025-04-21,JCI,6445.966796875,
2025-04-22,JCI,6538.26611328125,
2025-04-23,JCI,6634.376953125,
2025-04-24,JCI,6613.47802734375,
2025-04-25,JCI,6678.9150390625,
2025-04-28,JCI,6722.9658203125,
2025-04-29,JCI,6749.0751953125,
2025-04-30,JCI,6766.794921875,
2025-05-02,JCI,6815.72998046875,
2025-05-05,JCI,6831.9521484375,
2025-05-06,JCI,6898.19677734375,
2025-05-07,JCI,6926.22509765625,
2025-05-08,JCI,6827.75,
2025-05-09,JCI,6832.80322265625,
2025-05-14,JCI,6979.8798828125,
2025-05-15,JCI,7040.1611328125,
2025-05-16,JCI,7106.52587890625,
2025-05-19,JCI,7141.0908203125,
2025-05-20,JCI,7094.60205078125,
2025-05-21,JCI,7142.4609375,
2025-05-22,JCI,7166.98095703125,
2025-05-23,JCI,7214.1630859375,
2025-05-26,JCI,7188.35302734375,
2025-05-27,JCI,7198.966796875,
2025-05-28,JCI,7175.81884765625,
2025-06-02,JCI,7065.06884765625,
2025-06-03,JCI,7044.82177734375,
2025-06-04,JCI,7069.037109375,
2025-06-05,JCI,7113.4248046875,
2025-06-10,JCI,7230.7451171875,
2025-06-11,JCI,7222.4560546875,
2025-06-12,JCI,7204.3701171875,
2025-06-13,JCI,7166.06494140625,
2025-06-16,JCI,7117.5908203125,
2025-06-17,JCI,7155.85205078125,
2025-06-18,JCI,7107.7890625,
2025-06-19,JCI,6968.63916015625,
2025-06-20,JCI,6907.13818359375,
2025-06-23,JCI,6787.14013671875,
2025-06-24,JCI,6869.1708984375,
2025-06-25,JCI,6832.14306640625,
2025-06-26,JCI,6897.39990234375,
2025-06-30,JCI,6927.67919921875,
2025-07-01,JCI,6915.35986328125,
2025-07-02,JCI,6881.2451171875,
2025-07-03,JCI,6878.05078125,
2025-07-04,JCI,6865.19189453125,
2025-07-07,JCI,6900.93212890625,
2025-07-08,JCI,6904.39208984375,
2025-07-09,JCI,6943.921875,
2025-07-10,JCI,7005.37109375,
2025-07-11,JCI,7047.43798828125,
2025-07-14,JCI,7097.15087890625,
2025-07-15,JCI,7140.47412109375,
2025-07-16,JCI,7192.01806640625,
2025-07-17,JCI,7287.02099609375,
2025-07-18,JCI,7311.9150390625,
2025-07-21,JCI,7398.19189453125,
2025-07-22,JCI,7344.73583984375,
2025-07-23,JCI,7469.22998046875,
2025-07-24,JCI,7530.90185546875,
2025-07-25,JCI,7543.5029296875,
2025-07-28,JCI,7614.76806640625,
2025-07-29,JCI,7617.9072265625,
2025-07-30,JCI,7549.88818359375,
2025-07-31,JCI,7484.3369140625,
2025-08-01,JCI,7537.76806640625,
2025-08-04,JCI,7464.64501953125,
2025-08-05,JCI,7515.18505859375,
2025-08-06,JCI,7503.75,
2025-08-07,JCI,7490.18310546875,
2025-08-08,JCI,7533.384765625,
2025-08-11,JCI,7605.9248046875,
2025-08-12,JCI,7791.69677734375,
2025-08-13,JCI,7892.9111328125,
2025-08-14,JCI,7931.2509765625,
2025-08-15,JCI,7898.375,
2025-08-19,JCI,7862.94921875,
2025-08-20,JCI,7943.8251953125,
2025-08-21,JCI,7890.71484375,
2025-08-22,JCI,7858.85107421875,
2025-08-25,JCI,7926.9072265625,
2025-08-26,JCI,7905.7568359375,
2025-08-27,JCI,7936.17578125,
2025-08-28,JCI,7952.087890625,
2025-08-29,JCI,7830.4931640625,
2025-09-01,JCI,7736.06591796875,
2025-09-02,JCI,7801.5849609375,
2025-09-03,JCI,7885.86279296875,
2025-09-04,JCI,7867.34814453125,
2025-09-08,JCI,7766.84912109375,
2025-09-09,JCI,7628.60498046875,
2025-09-10,JCI,7699.0068359375,
2025-09-11,JCI,7747.90478515625,
2025-09-12,JCI,7854.06005859375,
2025-09-15,JCI,7937.1181640625,
2025-09-16,JCI,7957.69580078125,
2025-09-17,JCI,8025.17919921875,
2025-09-18,JCI,8008.43310546875,
2025-09-19,JCI,8051.1181640625,
2025-09-22,JCI,8040.0390625,
2025-09-23,JCI,8125.201171875,
2025-09-24,JCI,8126.55810546875,
2025-09-25,JCI,8040.6650390625,
2025-09-26,JCI,8099.3330078125,
2025-09-29,JCI,8123.2451171875,
2025-09-30,JCI,8061.06201171875,
2025-10-01,JCI,8043.82177734375,
2025-10-02,JCI,8071.0810546875,
2025-10-03,JCI,8118.30078125,
2025-10-06,JCI,8139.89404296875,
2025-10-07,JCI,8169.28076171875,
2025-10-08,JCI,8166.02880859375,
2025-10-09,JCI,8250.9384765625,
2025-10-10,JCI,8257.859375,
2025-10-13,JCI,8227.2021484375,
2025-10-14,JCI,8066.52197265625,
2025-10-15,JCI,8051.1748046875,
2025-10-16,JCI,8124.7568359375,
2025-10-17,JCI,7915.65576171875,
2025-10-20,JCI,8088.97802734375,
2025-10-21,JCI,8238.083984375,
2025-10-22,JCI,8152.55322265625,
2025-10-23,JCI,8274.3515625,
2025-10-24,JCI,8271.7216796875,
2025-10-27,JCI,8117.15087890625,
2025-10-28,JCI,8092.62890625,
2025-10-29,JCI,8166.22412109375,
2025-10-30,JCI,8184.06396484375,
2025-10-31,JCI,8163.875,
2025-11-03,JCI,8275.083984375,
2025-11-04,JCI,8241.9111328125,
2025-11-05,JCI,8318.5263671875,
2025-11-06,JCI,8337.0576171875,
2025-11-07,JCI,8394.58984375,
2025-11-10,JCI,8391.240234375,
2025-11-11,JCI,8366.5146484375,
2025-11-12,JCI,8388.56640625,
2025-11-13,JCI,8371.9990234375,
2025-11-14,JCI,8370.435546875,
2025-11-17,JCI,8416.8818359375,
2025-11-18,JCI,8361.92578125,
2025-11-19,JCI,8406.5771484375,
2025-11-20,JCI,8419.9169921875,
2025-11-21,JCI,8414.3515625,
2025-11-24,JCI,8570.25390625,
2025-11-25,JCI,8521.884765625,
2025-11-26,JCI,8602.1298828125,
2025-11-27,JCI,8545.865234375,
2025-11-28,JCI,8508.7060546875,
2025-12-01,JCI,8548.7880859375,
2025-12-02,JCI,8617.04296875,
2025-12-03,JCI,8611.787109375,
2025-12-04,JCI,8640.1962890625,
2025-12-05,JCI,8632.7607421875,
2025-12-08,JCI,8710.6953125,
2025-12-09,JCI,8657.1787109375,
2025-12-10,JCI,8700.923828125,
2025-12-11,JCI,8620.4814453125,
2025-12-12,JCI,8660.4990234375,
2025-12-15,JCI,8649.662109375,
2025-12-16,JCI,8686.46875,
2025-12-17,JCI,8677.3447265625,
2025-12-18,JCI,8618.1953125,
2025-12-19,JCI,8609.55078125,
2025-12-22,JCI,8645.84375,
2025-12-23,JCI,8584.7822265625,
2025-12-24,JCI,8537.9111328125,
2025-12-29,JCI,8644.255859375,
2025-12-30,JCI,8646.9384765625,
2026-01-02,JCI,8748.1318359375,
2026-01-05,JCI,8859.19140625,
2026-01-06,JCI,8933.609375,
2026-01-07,JCI,8944.8134765625,
2026-01-08,JCI,8925.470703125,
2026-01-09,JCI,8936.75390625,
2026-01-12,JCI,8884.72265625,
2026-01-13,JCI,8948.302734375,
2026-01-14,JCI,9032.583984375,
2026-01-15,JCI,9075.40625,
2026-01-19,JCI,9133.873046875,
2026-01-20,JCI,9134.7001953125,
2026-01-21,JCI,9010.330078125,
2026-01-22,JCI,8992.1826171875,
2026-01-23,JCI,8951.009765625,
2026-01-26,JCI,8975.333984375,
2026-01-27,JCI,8980.23046875,
2026-01-28,JCI,8320.5556640625,
2026-01-29,JCI,8232.203125,
2026-01-30,JCI,8329.6064453125,
2026-02-02,JCI,7922.73095703125,
2026-02-03,JCI,8122.59716796875,
2026-02-04,JCI,8146.716796875,
2026-02-05,JCI,8103.87890625,
2026-02-06,JCI,7935.259765625,
2026-02-09,JCI,8031.8740234375,
2026-02-10,JCI,8131.73779296875,
2026-02-11,JCI,8290.9658203125,
2026-02-12,JCI,8265.3515625,
2026-02-13,JCI,8212.271484375,
2026-02-18,JCI,8310.2265625,
2026-02-19,JCI,8274.0810546875,
2026-02-20,JCI,8271.7666015625,
2026-02-23,JCI,8396.08203125,
2026-02-24,JCI,8280.8330078125,
2026-02-25,JCI,8322.228515625,
2026-02-26,JCI,8235.26171875,
2026-02-27,JCI,8235.4853515625,
2026-03-02,JCI,8016.8330078125,
2026-03-03,JCI,7939.76708984375,
2026-03-04,JCI,7577.06396484375,
2026-03-05,JCI,7710.537109375,
2026-03-06,JCI,7585.68701171875,
2026-03-09,JCI,7337.369140625,
2026-03-10,JCI,7440.9130859375,
2026-03-11,JCI,7389.39892578125,
2026-03-12,JCI,7362.1171875,
2026-03-13,JCI,7137.2119140625,
2026-03-16,JCI,7022.2880859375,
2026-03-17,JCI,7106.8388671875,
2026-03-25,JCI,7302.12109375,
2026-03-26,JCI,7164.0908203125,
2026-03-27,JCI,7097.05712890625,
2026-03-30,JCI,7091.669921875,
2026-03-31,JCI,7048.22216796875,
2026-04-01,JCI,7184.43798828125,
2026-04-02,JCI,7026.7822265625,
2026-04-06,JCI,6989.42578125,
2026-04-07,JCI,6971.02685546875,
2026-04-08,JCI,7279.208984375,
2026-04-09,JCI,7307.5888671875,
2026-04-10,JCI,7458.49609375,
2026-04-13,JCI,7500.18701171875,
2026-04-14,JCI,7675.951171875,
2026-04-15,JCI,7623.5859375,
2026-04-16,JCI,7621.3818359375,
2026-04-17,JCI,7634.00390625,
2026-04-20,JCI,7594.11083984375,
2026-04-21,JCI,7559.3798828125,
2026-04-22,JCI,7541.61181640625,
2026-04-23,JCI,7378.60595703125,
2026-04-24,JCI,7129.490234375,
2026-04-27,JCI,7106.52001953125,
2026-04-28,JCI,7072.39208984375,
2026-04-29,JCI,7101.22607421875,
2026-04-30,JCI,6956.80419921875,
2026-05-04,JCI,6971.953125,
2026-05-05,JCI,7057.10595703125,
2026-05-06,JCI,7092.466796875,
2026-05-07,JCI,7174.32080078125,
2026-05-08,JCI,6969.39599609375,
2026-05-11,JCI,6905.6201171875,
2026-05-12,JCI,6858.89892578125,
2026-05-13,JCI,6723.31982421875,
2026-05-18,JCI,6599.240234375,
2026-05-19,JCI,6370.67919921875,
2026-05-20,JCI,6318.5,
2026-05-21,JCI,6094.94091796875,
2026-05-22,JCI,6162.044921875,
2026-05-25,JCI,6206.34912109375,
2026-05-26,JCI,6130.18994140625,
2026-05-29,JCI,6127.380859375,
2026-06-02,JCI,6195.4267578125,
2026-06-03,JCI,5941.06591796875,
2026-06-04,JCI,5839.78515625,
2026-06-05,JCI,5594.76513671875,
2026-06-08,JCI,5342.13720703125,
2026-06-09,JCI,5746.64794921875,
2026-06-10,JCI,5902.3759765625,
2026-06-11,JCI,5886.0322265625,
2026-06-12,JCI,6007.65576171875,
2026-06-15,JCI,6254.9658203125,
2026-06-17,JCI,6220.740234375,
2026-06-18,JCI,6172.33984375,
2026-06-19,JCI,6177.13916015625,
2026-06-22,JCI,6116.68994140625,
2026-06-23,JCI,6101.3330078125,
2026-06-24,JCI,5883.880859375,
2026-06-25,JCI,5999.0380859375,
2026-06-26,JCI,5896.1337890625,
2026-06-29,JCI,5820.7900390625,
2026-06-30,JCI,5643.19384765625,
2026-07-01,JCI,5695.1162109375,
2026-07-02,JCI,5744.55615234375,
2026-07-03,JCI,5875.77978515625,
2026-07-06,JCI,5916.06982421875,
2026-07-07,JCI,5986.4970703125,
2026-07-08,JCI,5873.3720703125,
2026-07-09,JCI,5912.44189453125,
2026-07-10,JCI,5924.35986328125,
2026-07-13,JCI,6037.841796875,
2026-07-14,JCI,6039.52099609375,
2026-07-15,JCI,6041.97216796875,
2026-07-16,JCI,6108.208984375,
2026-07-17,JCI,6175.53515625,
2026-07-20,JCI,6231.77978515625,
2026-07-21,JCI,6340.02001953125,
2026-07-22,JCI,6334.47607421875,
2026-07-23,JCI,6315.31103515625,
2026-07-24,JCI,6196.43017578125,
2026-07-27,JCI,6185.783203125,
2026-07-28,JCI,6130.587890625,
2026-07-29,JCI,6091.38623046875,
2026-07-30,JCI,6186.36279296875,
2026-07-31,JCI,6236.1259765625,
2026-08-03,JCI,6234.4970703125,
2026-08-04,JCI,6319.61279296875,
2026-08-05,JCI,,
2021-01-04,NASDAQ,12698.4501953125,
2021-01-05,NASDAQ,12818.9599609375,
2021-01-06,NASDAQ,12740.7900390625,
2021-01-07,NASDAQ,13067.48046875,
2021-01-08,NASDAQ,13201.98046875,
2021-01-11,NASDAQ,13036.4296875,
2021-01-12,NASDAQ,13072.4296875,
2021-01-13,NASDAQ,13128.9501953125,
2021-01-14,NASDAQ,13112.6396484375,
2021-01-15,NASDAQ,12998.5,
2021-01-19,NASDAQ,13197.1796875,
2021-01-20,NASDAQ,13457.25,
2021-01-21,NASDAQ,13530.91015625,
2021-01-22,NASDAQ,13543.0595703125,
2021-01-25,NASDAQ,13635.990234375,
2021-01-26,NASDAQ,13626.0595703125,
2021-01-27,NASDAQ,13270.599609375,
2021-01-28,NASDAQ,13337.16015625,
2021-01-29,NASDAQ,13070.6904296875,
2021-02-01,NASDAQ,13403.3896484375,
2021-02-02,NASDAQ,13612.7802734375,
2021-02-03,NASDAQ,13610.5400390625,
2021-02-04,NASDAQ,13777.740234375,
2021-02-05,NASDAQ,13856.2998046875,
2021-02-08,NASDAQ,13987.6396484375,
2021-02-09,NASDAQ,14007.7001953125,
2021-02-10,NASDAQ,13972.5302734375,
2021-02-11,NASDAQ,14025.76953125,
2021-02-12,NASDAQ,14095.4697265625,
2021-02-16,NASDAQ,14047.5,
2021-02-17,NASDAQ,13965.490234375,
2021-02-18,NASDAQ,13865.3603515625,
2021-02-19,NASDAQ,13874.4599609375,
2021-02-22,NASDAQ,13533.0498046875,
2021-02-23,NASDAQ,13465.2001953125,
2021-02-24,NASDAQ,13597.9697265625,
2021-02-25,NASDAQ,13119.4296875,
2021-02-26,NASDAQ,13192.349609375,
2021-03-01,NASDAQ,13588.830078125,
2021-03-02,NASDAQ,13358.7900390625,
2021-03-03,NASDAQ,12997.75,
2021-03-04,NASDAQ,12723.4697265625,
2021-03-05,NASDAQ,12920.150390625,
2021-03-08,NASDAQ,12609.16015625,
2021-03-09,NASDAQ,13073.8203125,
2021-03-10,NASDAQ,13068.830078125,
2021-03-11,NASDAQ,13398.669921875,
2021-03-12,NASDAQ,13319.8603515625,
2021-03-15,NASDAQ,13459.7099609375,
2021-03-16,NASDAQ,13471.5703125,
2021-03-17,NASDAQ,13525.2001953125,
2021-03-18,NASDAQ,13116.169921875,
2021-03-19,NASDAQ,13215.240234375,
2021-03-22,NASDAQ,13377.5400390625,
2021-03-23,NASDAQ,13227.7001953125,
2021-03-24,NASDAQ,12961.8896484375,
2021-03-25,NASDAQ,12977.6796875,
2021-03-26,NASDAQ,13138.73046875,
2021-03-29,NASDAQ,13059.650390625,
2021-03-30,NASDAQ,13045.3896484375,
2021-03-31,NASDAQ,13246.8701171875,
2021-04-01,NASDAQ,13480.1103515625,
2021-04-05,NASDAQ,13705.58984375,
2021-04-06,NASDAQ,13698.3798828125,
2021-04-07,NASDAQ,13688.83984375,
2021-04-08,NASDAQ,13829.3095703125,
2021-04-09,NASDAQ,13900.1904296875,
2021-04-12,NASDAQ,13850.0,
2021-04-13,NASDAQ,13996.099609375,
2021-04-14,NASDAQ,13857.83984375,
2021-04-15,NASDAQ,14038.759765625,
2021-04-16,NASDAQ,14052.33984375,
2021-04-19,NASDAQ,13914.76953125,
2021-04-20,NASDAQ,13786.26953125,
2021-04-21,NASDAQ,13950.2197265625,
2021-04-22,NASDAQ,13818.41015625,
2021-04-23,NASDAQ,14016.8095703125,
2021-04-26,NASDAQ,14138.7802734375,
2021-04-27,NASDAQ,14090.2197265625,
2021-04-28,NASDAQ,14051.0302734375,
2021-04-29,NASDAQ,14082.5498046875,
2021-04-30,NASDAQ,13962.6796875,
2021-05-03,NASDAQ,13895.1201171875,
2021-05-04,NASDAQ,13633.5,
2021-05-05,NASDAQ,13582.419921875,
2021-05-06,NASDAQ,13632.83984375,
2021-05-07,NASDAQ,13752.240234375,
2021-05-10,NASDAQ,13401.8603515625,
2021-05-11,NASDAQ,13389.4296875,
2021-05-12,NASDAQ,13031.6796875,
2021-05-13,NASDAQ,13124.990234375,
2021-05-14,NASDAQ,13429.98046875,
2021-05-17,NASDAQ,13379.0498046875,
2021-05-18,NASDAQ,13303.6396484375,
2021-05-19,NASDAQ,13299.740234375,
2021-05-20,NASDAQ,13535.740234375,
2021-05-21,NASDAQ,13470.990234375,
2021-05-24,NASDAQ,13661.169921875,
2021-05-25,NASDAQ,13657.169921875,
2021-05-26,NASDAQ,13738.0,
2021-05-27,NASDAQ,13736.2802734375,
2021-05-28,NASDAQ,13748.740234375,
2021-06-01,NASDAQ,13736.48046875,
2021-06-02,NASDAQ,13756.330078125,
2021-06-03,NASDAQ,13614.509765625,
2021-06-04,NASDAQ,13814.490234375,
2021-06-07,NASDAQ,13881.7197265625,
2021-06-08,NASDAQ,13924.91015625,
2021-06-09,NASDAQ,13911.75,
2021-06-10,NASDAQ,14020.330078125,
2021-06-11,NASDAQ,14069.419921875,
2021-06-14,NASDAQ,14174.1396484375,
2021-06-15,NASDAQ,14072.8603515625,
2021-06-16,NASDAQ,14039.6796875,
2021-06-17,NASDAQ,14161.349609375,
2021-06-18,NASDAQ,14030.3798828125,
2021-06-21,NASDAQ,14141.48046875,
2021-06-22,NASDAQ,14253.26953125,
2021-06-23,NASDAQ,14271.73046875,
2021-06-24,NASDAQ,14369.7099609375,
2021-06-25,NASDAQ,14360.3896484375,
2021-06-28,NASDAQ,14500.509765625,
2021-06-29,NASDAQ,14528.330078125,
2021-06-30,NASDAQ,14503.9501953125,
2021-07-01,NASDAQ,14522.3798828125,
2021-07-02,NASDAQ,14639.330078125,
2021-07-06,NASDAQ,14663.6396484375,
2021-07-07,NASDAQ,14665.0595703125,
2021-07-08,NASDAQ,14559.7802734375,
2021-07-09,NASDAQ,14701.919921875,
2021-07-12,NASDAQ,14733.240234375,
2021-07-13,NASDAQ,14677.650390625,
2021-07-14,NASDAQ,14644.9501953125,
2021-07-15,NASDAQ,14543.1298828125,
2021-07-16,NASDAQ,14427.240234375,
2021-07-19,NASDAQ,14274.98046875,
2021-07-20,NASDAQ,14498.8798828125,
2021-07-21,NASDAQ,14631.9501953125,
2021-07-22,NASDAQ,14684.599609375,
2021-07-23,NASDAQ,14836.990234375,
2021-07-26,NASDAQ,14840.7099609375,
2021-07-27,NASDAQ,14660.580078125,
2021-07-28,NASDAQ,14762.580078125,
2021-07-29,NASDAQ,14778.259765625,
2021-07-30,NASDAQ,14672.6796875,
2021-08-02,NASDAQ,14681.0703125,
2021-08-03,NASDAQ,14761.2900390625,
2021-08-04,NASDAQ,14780.5302734375,
2021-08-05,NASDAQ,14895.1201171875,
2021-08-06,NASDAQ,14835.759765625,
2021-08-09,NASDAQ,14860.1796875,
2021-08-10,NASDAQ,14788.08984375,
2021-08-11,NASDAQ,14765.1396484375,
2021-08-12,NASDAQ,14816.259765625,
2021-08-13,NASDAQ,14822.900390625,
2021-08-16,NASDAQ,14793.759765625,
2021-08-17,NASDAQ,14656.1796875,
2021-08-18,NASDAQ,14525.91015625,
2021-08-19,NASDAQ,14541.7900390625,
2021-08-20,NASDAQ,14714.66015625,
2021-08-23,NASDAQ,14942.650390625,
2021-08-24,NASDAQ,15019.7998046875,
2021-08-25,NASDAQ,15041.8603515625,
2021-08-26,NASDAQ,14945.8095703125,
2021-08-27,NASDAQ,15129.5,
2021-08-30,NASDAQ,15265.8896484375,
2021-08-31,NASDAQ,15259.240234375,
2021-09-01,NASDAQ,15309.3798828125,
2021-09-02,NASDAQ,15331.1796875,
2021-09-03,NASDAQ,15363.51953125,
2021-09-07,NASDAQ,15374.330078125,
2021-09-08,NASDAQ,15286.6396484375,
2021-09-09,NASDAQ,15248.25,
2021-09-10,NASDAQ,15115.490234375,
2021-09-13,NASDAQ,15105.580078125,
2021-09-14,NASDAQ,15037.759765625,
2021-09-15,NASDAQ,15161.5302734375,
2021-09-16,NASDAQ,15181.919921875,
2021-09-17,NASDAQ,15043.9697265625,
2021-09-20,NASDAQ,14713.900390625,
2021-09-21,NASDAQ,14746.400390625,
2021-09-22,NASDAQ,14896.849609375,
2021-09-23,NASDAQ,15052.240234375,
2021-09-24,NASDAQ,15047.7001953125,
2021-09-27,NASDAQ,14969.9697265625,
2021-09-28,NASDAQ,14546.6796875,
2021-09-29,NASDAQ,14512.4404296875,
2021-09-30,NASDAQ,14448.580078125,
2021-10-01,NASDAQ,14566.7001953125,
2021-10-04,NASDAQ,14255.48046875,
2021-10-05,NASDAQ,14433.830078125,
2021-10-06,NASDAQ,14501.91015625,
2021-10-07,NASDAQ,14654.01953125,
2021-10-08,NASDAQ,14579.5400390625,
2021-10-11,NASDAQ,14486.2001953125,
2021-10-12,NASDAQ,14465.919921875,
2021-10-13,NASDAQ,14571.6396484375,
2021-10-14,NASDAQ,14823.4296875,
2021-10-15,NASDAQ,14897.33984375,
2021-10-18,NASDAQ,15021.8095703125,
2021-10-19,NASDAQ,15129.08984375,
2021-10-20,NASDAQ,15121.6796875,
2021-10-21,NASDAQ,15215.7001953125,
2021-10-22,NASDAQ,15090.2001953125,
2021-10-25,NASDAQ,15226.7099609375,
2021-10-26,NASDAQ,15235.7099609375,
2021-10-27,NASDAQ,15235.83984375,
2021-10-28,NASDAQ,15448.1201171875,
2021-10-29,NASDAQ,15498.3896484375,
2021-11-01,NASDAQ,15595.919921875,
2021-11-02,NASDAQ,15649.599609375,
2021-11-03,NASDAQ,15811.580078125,
2021-11-04,NASDAQ,15940.3095703125,
2021-11-05,NASDAQ,15971.58984375,
2021-11-08,NASDAQ,15982.3603515625,
2021-11-09,NASDAQ,15886.5400390625,
2021-11-10,NASDAQ,15622.7099609375,
2021-11-11,NASDAQ,15704.2802734375,
2021-11-12,NASDAQ,15860.9599609375,
2021-11-15,NASDAQ,15853.849609375,
2021-11-16,NASDAQ,15973.8603515625,
2021-11-17,NASDAQ,15921.5703125,
2021-11-18,NASDAQ,15993.7099609375,
2021-11-19,NASDAQ,16057.4404296875,
2021-11-22,NASDAQ,15854.759765625,
2021-11-23,NASDAQ,15775.1396484375,
2021-11-24,NASDAQ,15845.23046875,
2021-11-26,NASDAQ,15491.66015625,
2021-11-29,NASDAQ,15782.830078125,
2021-11-30,NASDAQ,15537.6904296875,
2021-12-01,NASDAQ,15254.0498046875,
2021-12-02,NASDAQ,15381.3203125,
2021-12-03,NASDAQ,15085.4697265625,
2021-12-06,NASDAQ,15225.150390625,
2021-12-07,NASDAQ,15686.919921875,
2021-12-08,NASDAQ,15786.990234375,
2021-12-09,NASDAQ,15517.3701171875,
2021-12-10,NASDAQ,15630.599609375,
2021-12-13,NASDAQ,15413.2802734375,
2021-12-14,NASDAQ,15237.6396484375,
2021-12-15,NASDAQ,15565.580078125,
2021-12-16,NASDAQ,15180.4296875,
2021-12-17,NASDAQ,15169.6796875,
2021-12-20,NASDAQ,14980.9404296875,
2021-12-21,NASDAQ,15341.08984375,
2021-12-22,NASDAQ,15521.8896484375,
2021-12-23,NASDAQ,15653.3701171875,
2021-12-27,NASDAQ,15871.259765625,
2021-12-28,NASDAQ,15781.7197265625,
2021-12-29,NASDAQ,15766.2197265625,
2021-12-30,NASDAQ,15741.5595703125,
2021-12-31,NASDAQ,15644.9697265625,
2022-01-03,NASDAQ,15832.7998046875,
2022-01-04,NASDAQ,15622.7197265625,
2022-01-05,NASDAQ,15100.169921875,
2022-01-06,NASDAQ,15080.8603515625,
2022-01-07,NASDAQ,14935.900390625,
2022-01-10,NASDAQ,14942.830078125,
2022-01-11,NASDAQ,15153.4501953125,
2022-01-12,NASDAQ,15188.3896484375,
2022-01-13,NASDAQ,14806.8095703125,
2022-01-14,NASDAQ,14893.75,
2022-01-18,NASDAQ,14506.900390625,
2022-01-19,NASDAQ,14340.259765625,
2022-01-20,NASDAQ,14154.01953125,
2022-01-21,NASDAQ,13768.919921875,
2022-01-24,NASDAQ,13855.1298828125,
2022-01-25,NASDAQ,13539.2900390625,
2022-01-26,NASDAQ,13542.1201171875,
2022-01-27,NASDAQ,13352.7802734375,
2022-01-28,NASDAQ,13770.5703125,
2022-01-31,NASDAQ,14239.8798828125,
2022-02-01,NASDAQ,14346.0,
2022-02-02,NASDAQ,14417.5498046875,
2022-02-03,NASDAQ,13878.8203125,
2022-02-04,NASDAQ,14098.009765625,
2022-02-07,NASDAQ,14015.669921875,
2022-02-08,NASDAQ,14194.4501953125,
2022-02-09,NASDAQ,14490.3701171875,
2022-02-10,NASDAQ,14185.6396484375,
2022-02-11,NASDAQ,13791.150390625,
2022-02-14,NASDAQ,13790.919921875,
2022-02-15,NASDAQ,14139.759765625,
2022-02-16,NASDAQ,14124.08984375,
2022-02-17,NASDAQ,13716.7197265625,
2022-02-18,NASDAQ,13548.0703125,
2022-02-22,NASDAQ,13381.51953125,
2022-02-23,NASDAQ,13037.490234375,
2022-02-24,NASDAQ,13473.58984375,
2022-02-25,NASDAQ,13694.6201171875,
2022-02-28,NASDAQ,13751.400390625,
2022-03-01,NASDAQ,13532.4599609375,
2022-03-02,NASDAQ,13752.01953125,
2022-03-03,NASDAQ,13537.9404296875,
2022-03-04,NASDAQ,13313.4404296875,
2022-03-07,NASDAQ,12830.9599609375,
2022-03-08,NASDAQ,12795.5498046875,
2022-03-09,NASDAQ,13255.5498046875,
2022-03-10,NASDAQ,13129.9599609375,
2022-03-11,NASDAQ,12843.8095703125,
2022-03-14,NASDAQ,12581.2197265625,
2022-03-15,NASDAQ,12948.6201171875,
2022-03-16,NASDAQ,13436.5498046875,
2022-03-17,NASDAQ,13614.7802734375,
2022-03-18,NASDAQ,13893.83984375,
2022-03-21,NASDAQ,13838.4599609375,
2022-03-22,NASDAQ,14108.8203125,
2022-03-23,NASDAQ,13922.599609375,
2022-03-24,NASDAQ,14191.83984375,
2022-03-25,NASDAQ,14169.2998046875,
2022-03-28,NASDAQ,14354.900390625,
2022-03-29,NASDAQ,14619.6396484375,
2022-03-30,NASDAQ,14442.26953125,
2022-03-31,NASDAQ,14220.51953125,
2022-04-01,NASDAQ,14261.5,
2022-04-04,NASDAQ,14532.5498046875,
2022-04-05,NASDAQ,14204.169921875,
2022-04-06,NASDAQ,13888.8203125,
2022-04-07,NASDAQ,13897.2998046875,
2022-04-08,NASDAQ,13711.0,
2022-04-11,NASDAQ,13411.9599609375,
2022-04-12,NASDAQ,13371.5703125,
2022-04-13,NASDAQ,13643.58984375,
2022-04-14,NASDAQ,13351.080078125,
2022-04-18,NASDAQ,13332.3603515625,
2022-04-19,NASDAQ,13619.66015625,
2022-04-20,NASDAQ,13453.0703125,
2022-04-21,NASDAQ,13174.650390625,
2022-04-22,NASDAQ,12839.2900390625,
2022-04-25,NASDAQ,13004.849609375,
2022-04-26,NASDAQ,12490.740234375,
2022-04-27,NASDAQ,12488.9296875,
2022-04-28,NASDAQ,12871.5302734375,
2022-04-29,NASDAQ,12334.6396484375,
2022-05-02,NASDAQ,12536.01953125,
2022-05-03,NASDAQ,12563.759765625,
2022-05-04,NASDAQ,12964.8603515625,
2022-05-05,NASDAQ,12317.6904296875,
2022-05-06,NASDAQ,12144.66015625,
2022-05-09,NASDAQ,11623.25,
2022-05-10,NASDAQ,11737.669921875,
2022-05-11,NASDAQ,11364.240234375,
2022-05-12,NASDAQ,11370.9599609375,
2022-05-13,NASDAQ,11805.0,
2022-05-16,NASDAQ,11662.7900390625,
2022-05-17,NASDAQ,11984.51953125,
2022-05-18,NASDAQ,11418.150390625,
2022-05-19,NASDAQ,11388.5,
2022-05-20,NASDAQ,11354.6201171875,
2022-05-23,NASDAQ,11535.26953125,
2022-05-24,NASDAQ,11264.4501953125,
2022-05-25,NASDAQ,11434.740234375,
2022-05-26,NASDAQ,11740.650390625,
2022-05-27,NASDAQ,12131.1298828125,
2022-05-31,NASDAQ,12081.3896484375,
2022-06-01,NASDAQ,11994.4599609375,
2022-06-02,NASDAQ,12316.900390625,
2022-06-03,NASDAQ,12012.73046875,
2022-06-06,NASDAQ,12061.3701171875,
2022-06-07,NASDAQ,12175.23046875,
2022-06-08,NASDAQ,12086.26953125,
2022-06-09,NASDAQ,11754.23046875,
2022-06-10,NASDAQ,11340.01953125,
2022-06-13,NASDAQ,10809.23046875,
2022-06-14,NASDAQ,10828.349609375,
2022-06-15,NASDAQ,11099.150390625,
2022-06-16,NASDAQ,10646.099609375,
2022-06-17,NASDAQ,10798.349609375,
2022-06-21,NASDAQ,11069.2998046875,
2022-06-22,NASDAQ,11053.080078125,
2022-06-23,NASDAQ,11232.1904296875,
2022-06-24,NASDAQ,11607.6201171875,
2022-06-27,NASDAQ,11524.5498046875,
2022-06-28,NASDAQ,11181.5400390625,
2022-06-29,NASDAQ,11177.8896484375,
2022-06-30,NASDAQ,11028.740234375,
2022-07-01,NASDAQ,11127.849609375,
2022-07-05,NASDAQ,11322.240234375,
2022-07-06,NASDAQ,11361.849609375,
2022-07-07,NASDAQ,11621.349609375,
2022-07-08,NASDAQ,11635.3095703125,
2022-07-11,NASDAQ,11372.599609375,
2022-07-12,NASDAQ,11264.73046875,
2022-07-13,NASDAQ,11247.580078125,
2022-07-14,NASDAQ,11251.1904296875,
2022-07-15,NASDAQ,11452.419921875,
2022-07-18,NASDAQ,11360.0498046875,
2022-07-19,NASDAQ,11713.150390625,
2022-07-20,NASDAQ,11897.650390625,
2022-07-21,NASDAQ,12059.6103515625,
2022-07-22,NASDAQ,11834.1103515625,
2022-07-25,NASDAQ,11782.669921875,
2022-07-26,NASDAQ,11562.5703125,
2022-07-27,NASDAQ,12032.419921875,
2022-07-28,NASDAQ,12162.58984375,
2022-07-29,NASDAQ,12390.6904296875,
2022-08-01,NASDAQ,12368.98046875,
2022-08-02,NASDAQ,12348.759765625,
2022-08-03,NASDAQ,12668.16015625,
2022-08-04,NASDAQ,12720.580078125,
2022-08-05,NASDAQ,12657.5498046875,
2022-08-08,NASDAQ,12644.4599609375,
2022-08-09,NASDAQ,12493.9296875,
2022-08-10,NASDAQ,12854.7998046875,
2022-08-11,NASDAQ,12779.91015625,
2022-08-12,NASDAQ,13047.1904296875,
2022-08-15,NASDAQ,13128.0498046875,
2022-08-16,NASDAQ,13102.5498046875,
2022-08-17,NASDAQ,12938.1201171875,
2022-08-18,NASDAQ,12965.33984375,
2022-08-19,NASDAQ,12705.2197265625,
2022-08-22,NASDAQ,12381.5703125,
2022-08-23,NASDAQ,12381.2998046875,
2022-08-24,NASDAQ,12431.5302734375,
2022-08-25,NASDAQ,12639.26953125,
2022-08-26,NASDAQ,12141.7099609375,
2022-08-29,NASDAQ,12017.669921875,
2022-08-30,NASDAQ,11883.1396484375,
2022-08-31,NASDAQ,11816.2001953125,
2022-09-01,NASDAQ,11785.1298828125,
2022-09-02,NASDAQ,11630.8603515625,
2022-09-06,NASDAQ,11544.91015625,
2022-09-07,NASDAQ,11791.900390625,
2022-09-08,NASDAQ,11862.1298828125,
2022-09-09,NASDAQ,12112.3095703125,
2022-09-12,NASDAQ,12266.41015625,
2022-09-13,NASDAQ,11633.5703125,
2022-09-14,NASDAQ,11719.6796875,
2022-09-15,NASDAQ,11552.3603515625,
2022-09-16,NASDAQ,11448.400390625,
2022-09-19,NASDAQ,11535.01953125,
2022-09-20,NASDAQ,11425.0498046875,
2022-09-21,NASDAQ,11220.1904296875,
2022-09-22,NASDAQ,11066.8095703125,
2022-09-23,NASDAQ,10867.9296875,
2022-09-26,NASDAQ,10802.919921875,
2022-09-27,NASDAQ,10829.5,
2022-09-28,NASDAQ,11051.6396484375,
2022-09-29,NASDAQ,10737.509765625,
2022-09-30,NASDAQ,10575.6201171875,
2022-10-03,NASDAQ,10815.4296875,
2022-10-04,NASDAQ,11176.41015625,
2022-10-05,NASDAQ,11148.6396484375,
2022-10-06,NASDAQ,11073.3095703125,
2022-10-07,NASDAQ,10652.400390625,
2022-10-10,NASDAQ,10542.099609375,
2022-10-11,NASDAQ,10426.1904296875,
2022-10-12,NASDAQ,10417.099609375,
2022-10-13,NASDAQ,10649.150390625,
2022-10-14,NASDAQ,10321.3896484375,
2022-10-17,NASDAQ,10675.7998046875,
2022-10-18,NASDAQ,10772.400390625,
2022-10-19,NASDAQ,10680.509765625,
2022-10-20,NASDAQ,10614.83984375,
2022-10-21,NASDAQ,10859.7197265625,
2022-10-24,NASDAQ,10952.6103515625,
2022-10-25,NASDAQ,11199.1201171875,
2022-10-26,NASDAQ,10970.990234375,
2022-10-27,NASDAQ,10792.669921875,
2022-10-28,NASDAQ,11102.4501953125,
2022-10-31,NASDAQ,10988.150390625,
2022-11-01,NASDAQ,10890.849609375,
2022-11-02,NASDAQ,10524.7998046875,
2022-11-03,NASDAQ,10342.9404296875,
2022-11-04,NASDAQ,10475.25,
2022-11-07,NASDAQ,10564.51953125,
2022-11-08,NASDAQ,10616.2001953125,
2022-11-09,NASDAQ,10353.169921875,
2022-11-10,NASDAQ,11114.150390625,
2022-11-11,NASDAQ,11323.330078125,
2022-11-14,NASDAQ,11196.2197265625,
2022-11-15,NASDAQ,11358.41015625,
2022-11-16,NASDAQ,11183.66015625,
2022-11-17,NASDAQ,11144.9599609375,
2022-11-18,NASDAQ,11146.0595703125,
2022-11-21,NASDAQ,11024.509765625,
2022-11-22,NASDAQ,11174.41015625,
2022-11-23,NASDAQ,11285.3203125,
2022-11-25,NASDAQ,11226.3603515625,
2022-11-28,NASDAQ,11049.5,
2022-11-29,NASDAQ,10983.7802734375,
2022-11-30,NASDAQ,11468.0,
2022-12-01,NASDAQ,11482.4501953125,
2022-12-02,NASDAQ,11461.5,
2022-12-05,NASDAQ,11239.9404296875,
2022-12-06,NASDAQ,11014.8896484375,
2022-12-07,NASDAQ,10958.5498046875,
2022-12-08,NASDAQ,11082.0,
2022-12-09,NASDAQ,11004.6201171875,
2022-12-12,NASDAQ,11143.740234375,
2022-12-13,NASDAQ,11256.8095703125,
2022-12-14,NASDAQ,11170.8896484375,
2022-12-15,NASDAQ,10810.5302734375,
2022-12-16,NASDAQ,10705.41015625,
2022-12-19,NASDAQ,10546.0302734375,
2022-12-20,NASDAQ,10547.1103515625,
2022-12-21,NASDAQ,10709.3701171875,
2022-12-22,NASDAQ,10476.1201171875,
2022-12-23,NASDAQ,10497.8603515625,
2022-12-27,NASDAQ,10353.23046875,
2022-12-28,NASDAQ,10213.2900390625,
2022-12-29,NASDAQ,10478.08984375,
2022-12-30,NASDAQ,10466.48046875,
2023-01-03,NASDAQ,10386.98046875,
2023-01-04,NASDAQ,10458.759765625,
2023-01-05,NASDAQ,10305.240234375,
2023-01-06,NASDAQ,10569.2900390625,
2023-01-09,NASDAQ,10635.650390625,
2023-01-10,NASDAQ,10742.6298828125,
2023-01-11,NASDAQ,10931.669921875,
2023-01-12,NASDAQ,11001.099609375,
2023-01-13,NASDAQ,11079.16015625,
2023-01-17,NASDAQ,11095.1103515625,
2023-01-18,NASDAQ,10957.009765625,
2023-01-19,NASDAQ,10852.26953125,
2023-01-20,NASDAQ,11140.4296875,
2023-01-23,NASDAQ,11364.41015625,
2023-01-24,NASDAQ,11334.26953125,
2023-01-25,NASDAQ,11313.3603515625,
2023-01-26,NASDAQ,11512.41015625,
2023-01-27,NASDAQ,11621.7099609375,
2023-01-30,NASDAQ,11393.8095703125,
2023-01-31,NASDAQ,11584.5498046875,
2023-02-01,NASDAQ,11816.3203125,
2023-02-02,NASDAQ,12200.8203125,
2023-02-03,NASDAQ,12006.9501953125,
2023-02-06,NASDAQ,11887.4501953125,
2023-02-07,NASDAQ,12113.7900390625,
2023-02-08,NASDAQ,11910.51953125,
2023-02-09,NASDAQ,11789.580078125,
2023-02-10,NASDAQ,11718.1201171875,
2023-02-13,NASDAQ,11891.7900390625,
2023-02-14,NASDAQ,11960.150390625,
2023-02-15,NASDAQ,12070.58984375,
2023-02-16,NASDAQ,11855.830078125,
2023-02-17,NASDAQ,11787.26953125,
2023-02-21,NASDAQ,11492.2998046875,
2023-02-22,NASDAQ,11507.0703125,
2023-02-23,NASDAQ,11590.400390625,
2023-02-24,NASDAQ,11394.9404296875,
2023-02-27,NASDAQ,11466.98046875,
2023-02-28,NASDAQ,11455.5400390625,
2023-03-01,NASDAQ,11379.48046875,
2023-03-02,NASDAQ,11462.98046875,
2023-03-03,NASDAQ,11689.009765625,
2023-03-06,NASDAQ,11675.740234375,
2023-03-07,NASDAQ,11530.330078125,
2023-03-08,NASDAQ,11576.0,
2023-03-09,NASDAQ,11338.349609375,
2023-03-10,NASDAQ,11138.8896484375,
2023-03-13,NASDAQ,11188.83984375,
2023-03-14,NASDAQ,11428.150390625,
2023-03-15,NASDAQ,11434.0498046875,
2023-03-16,NASDAQ,11717.2802734375,
2023-03-17,NASDAQ,11630.509765625,
2023-03-20,NASDAQ,11675.5400390625,
2023-03-21,NASDAQ,11860.1103515625,
2023-03-22,NASDAQ,11669.9599609375,
2023-03-23,NASDAQ,11787.400390625,
2023-03-24,NASDAQ,11823.9599609375,
2023-03-27,NASDAQ,11768.83984375,
2023-03-28,NASDAQ,11716.080078125,
2023-03-29,NASDAQ,11926.240234375,
2023-03-30,NASDAQ,12013.4697265625,
2023-03-31,NASDAQ,12221.91015625,
2023-04-03,NASDAQ,12189.4501953125,
2023-04-04,NASDAQ,12126.330078125,
2023-04-05,NASDAQ,11996.8603515625,
2023-04-06,NASDAQ,12087.9599609375,
2023-04-10,NASDAQ,12084.3603515625,
2023-04-11,NASDAQ,12031.8798828125,
2023-04-12,NASDAQ,11929.33984375,
2023-04-13,NASDAQ,12166.26953125,
2023-04-14,NASDAQ,12123.4697265625,
2023-04-17,NASDAQ,12157.7197265625,
2023-04-18,NASDAQ,12153.41015625,
2023-04-19,NASDAQ,12157.23046875,
2023-04-20,NASDAQ,12059.5595703125,
2023-04-21,NASDAQ,12072.4599609375,
2023-04-24,NASDAQ,12037.2001953125,
2023-04-25,NASDAQ,11799.16015625,
2023-04-26,NASDAQ,11854.349609375,
2023-04-27,NASDAQ,12142.240234375,
2023-04-28,NASDAQ,12226.580078125,
2023-05-01,NASDAQ,12212.599609375,
2023-05-02,NASDAQ,12080.509765625,
2023-05-03,NASDAQ,12025.330078125,
2023-05-04,NASDAQ,11966.400390625,
2023-05-05,NASDAQ,12235.41015625,
2023-05-08,NASDAQ,12256.919921875,
2023-05-09,NASDAQ,12179.5498046875,
2023-05-10,NASDAQ,12306.4404296875,
2023-05-11,NASDAQ,12328.509765625,
2023-05-12,NASDAQ,12284.740234375,
2023-05-15,NASDAQ,12365.2099609375,
2023-05-16,NASDAQ,12343.0498046875,
2023-05-17,NASDAQ,12500.5703125,
2023-05-18,NASDAQ,12688.83984375,
2023-05-19,NASDAQ,12657.900390625,
2023-05-22,NASDAQ,12720.7802734375,
2023-05-23,NASDAQ,12560.25,
2023-05-24,NASDAQ,12484.16015625,
2023-05-25,NASDAQ,12698.08984375,
2023-05-26,NASDAQ,12975.6904296875,
2023-05-30,NASDAQ,13017.4296875,
2023-05-31,NASDAQ,12935.2900390625,
2023-06-01,NASDAQ,13100.98046875,
2023-06-02,NASDAQ,13240.76953125,
2023-06-05,NASDAQ,13229.4296875,
2023-06-06,NASDAQ,13276.419921875,
2023-06-07,NASDAQ,13104.900390625,
2023-06-08,NASDAQ,13238.51953125,
2023-06-09,NASDAQ,13259.1396484375,
2023-06-12,NASDAQ,13461.919921875,
2023-06-13,NASDAQ,13573.3203125,
2023-06-14,NASDAQ,13626.48046875,
2023-06-15,NASDAQ,13782.8203125,
2023-06-16,NASDAQ,13689.5703125,
2023-06-20,NASDAQ,13667.2900390625,
2023-06-21,NASDAQ,13502.2001953125,
2023-06-22,NASDAQ,13630.6103515625,
2023-06-23,NASDAQ,13492.51953125,
2023-06-26,NASDAQ,13335.7802734375,
2023-06-27,NASDAQ,13555.669921875,
2023-06-28,NASDAQ,13591.75,
2023-06-29,NASDAQ,13591.330078125,
2023-06-30,NASDAQ,13787.919921875,
2023-07-03,NASDAQ,13816.76953125,
2023-07-05,NASDAQ,13791.650390625,
2023-07-06,NASDAQ,13679.0400390625,
2023-07-07,NASDAQ,13660.7197265625,
2023-07-10,NASDAQ,13685.48046875,
2023-07-11,NASDAQ,13760.7001953125,
2023-07-12,NASDAQ,13918.9599609375,
2023-07-13,NASDAQ,14138.5703125,
2023-07-14,NASDAQ,14113.7001953125,
2023-07-17,NASDAQ,14244.9501953125,
2023-07-18,NASDAQ,14353.6396484375,
2023-07-19,NASDAQ,14358.01953125,
2023-07-20,NASDAQ,14063.3095703125,
2023-07-21,NASDAQ,14032.8095703125,
2023-07-24,NASDAQ,14058.8701171875,
2023-07-25,NASDAQ,14144.5595703125,
2023-07-26,NASDAQ,14127.2802734375,
2023-07-27,NASDAQ,14050.1103515625,
2023-07-28,NASDAQ,14316.66015625,
2023-07-31,NASDAQ,14346.01953125,
2023-08-01,NASDAQ,14283.91015625,
2023-08-02,NASDAQ,13973.4501953125,
2023-08-03,NASDAQ,13959.7197265625,
2023-08-04,NASDAQ,13909.240234375,
2023-08-07,NASDAQ,13994.400390625,
2023-08-08,NASDAQ,13884.3203125,
2023-08-09,NASDAQ,13722.01953125,
2023-08-10,NASDAQ,13737.990234375,
2023-08-11,NASDAQ,13644.849609375,
2023-08-14,NASDAQ,13788.330078125,
2023-08-15,NASDAQ,13631.0498046875,
2023-08-16,NASDAQ,13474.6298828125,
2023-08-17,NASDAQ,13316.9296875,
2023-08-18,NASDAQ,13290.7802734375,
2023-08-21,NASDAQ,13497.58984375,
2023-08-22,NASDAQ,13505.8701171875,
2023-08-23,NASDAQ,13721.0302734375,
2023-08-24,NASDAQ,13463.9697265625,
2023-08-25,NASDAQ,13590.650390625,
2023-08-28,NASDAQ,13705.1298828125,
2023-08-29,NASDAQ,13943.759765625,
2023-08-30,NASDAQ,14019.3095703125,
2023-08-31,NASDAQ,14034.9697265625,
2023-09-01,NASDAQ,14031.8095703125,
2023-09-05,NASDAQ,14020.9501953125,
2023-09-06,NASDAQ,13872.4697265625,
2023-09-07,NASDAQ,13748.830078125,
2023-09-08,NASDAQ,13761.5302734375,
2023-09-11,NASDAQ,13917.8896484375,
2023-09-12,NASDAQ,13773.6103515625,
2023-09-13,NASDAQ,13813.58984375,
2023-09-14,NASDAQ,13926.0498046875,
2023-09-15,NASDAQ,13708.330078125,
2023-09-18,NASDAQ,13710.240234375,
2023-09-19,NASDAQ,13678.1904296875,
2023-09-20,NASDAQ,13469.1298828125,
2023-09-21,NASDAQ,13223.98046875,
2023-09-22,NASDAQ,13211.8095703125,
2023-09-25,NASDAQ,13271.3203125,
2023-09-26,NASDAQ,13063.6103515625,
2023-09-27,NASDAQ,13092.849609375,
2023-09-28,NASDAQ,13201.2802734375,
2023-09-29,NASDAQ,13219.3203125,
2023-10-02,NASDAQ,13307.76953125,
2023-10-03,NASDAQ,13059.4697265625,
2023-10-04,NASDAQ,13236.009765625,
2023-10-05,NASDAQ,13219.830078125,
2023-10-06,NASDAQ,13431.33984375,
2023-10-09,NASDAQ,13484.240234375,
2023-10-10,NASDAQ,13562.83984375,
2023-10-11,NASDAQ,13659.6796875,
2023-10-12,NASDAQ,13574.2197265625,
2023-10-13,NASDAQ,13407.23046875,
2023-10-16,NASDAQ,13567.98046875,
2023-10-17,NASDAQ,13533.75,
2023-10-18,NASDAQ,13314.2998046875,
2023-10-19,NASDAQ,13186.1796875,
2023-10-20,NASDAQ,12983.8095703125,
2023-10-23,NASDAQ,13018.330078125,
2023-10-24,NASDAQ,13139.8701171875,
2023-10-25,NASDAQ,12821.2197265625,
2023-10-26,NASDAQ,12595.6103515625,
2023-10-27,NASDAQ,12643.009765625,
2023-10-30,NASDAQ,12789.48046875,
2023-10-31,NASDAQ,12851.240234375,
2023-11-01,NASDAQ,13061.4697265625,
2023-11-02,NASDAQ,13294.1904296875,
2023-11-03,NASDAQ,13478.2802734375,
2023-11-06,NASDAQ,13518.7802734375,
2023-11-07,NASDAQ,13639.8603515625,
2023-11-08,NASDAQ,13650.41015625,
2023-11-09,NASDAQ,13521.4501953125,
2023-11-10,NASDAQ,13798.1103515625,
2023-11-13,NASDAQ,13767.740234375,
2023-11-14,NASDAQ,14094.3798828125,
2023-11-15,NASDAQ,14103.83984375,
2023-11-16,NASDAQ,14113.669921875,
2023-11-17,NASDAQ,14125.48046875,
2023-11-20,NASDAQ,14284.5302734375,
2023-11-21,NASDAQ,14199.98046875,
2023-11-22,NASDAQ,14265.8603515625,
2023-11-24,NASDAQ,14250.849609375,
2023-11-27,NASDAQ,14241.01953125,
2023-11-28,NASDAQ,14281.759765625,
2023-11-29,NASDAQ,14258.490234375,
2023-11-30,NASDAQ,14226.2197265625,
2023-12-01,NASDAQ,14305.0302734375,
2023-12-04,NASDAQ,14185.490234375,
2023-12-05,NASDAQ,14229.91015625,
2023-12-06,NASDAQ,14146.7099609375,
2023-12-07,NASDAQ,14339.990234375,
2023-12-08,NASDAQ,14403.9697265625,
2023-12-11,NASDAQ,14432.490234375,
2023-12-12,NASDAQ,14533.400390625,
2023-12-13,NASDAQ,14733.9599609375,
2023-12-14,NASDAQ,14761.5595703125,
2023-12-15,NASDAQ,14813.919921875,
2023-12-18,NASDAQ,14904.8095703125,
2023-12-19,NASDAQ,15003.2197265625,
2023-12-20,NASDAQ,14777.9404296875,
2023-12-21,NASDAQ,14963.8701171875,
2023-12-22,NASDAQ,14992.9697265625,
2023-12-26,NASDAQ,15074.5703125,
2023-12-27,NASDAQ,15099.1796875,
2023-12-28,NASDAQ,15095.1396484375,
2023-12-29,NASDAQ,15011.349609375,
2024-01-02,NASDAQ,14765.9404296875,
2024-01-03,NASDAQ,14592.2099609375,
2024-01-04,NASDAQ,14510.2998046875,
2024-01-05,NASDAQ,14524.0703125,
2024-01-08,NASDAQ,14843.76953125,
2024-01-09,NASDAQ,14857.7099609375,
2024-01-10,NASDAQ,14969.650390625,
2024-01-11,NASDAQ,14970.1904296875,
2024-01-12,NASDAQ,14972.759765625,
2024-01-16,NASDAQ,14944.349609375,
2024-01-17,NASDAQ,14855.6201171875,
2024-01-18,NASDAQ,15055.650390625,
2024-01-19,NASDAQ,15310.9697265625,
2024-01-22,NASDAQ,15360.2900390625,
2024-01-23,NASDAQ,15425.9404296875,
2024-01-24,NASDAQ,15481.919921875,
2024-01-25,NASDAQ,15510.5,
2024-01-26,NASDAQ,15455.3603515625,
2024-01-29,NASDAQ,15628.0400390625,
2024-01-30,NASDAQ,15509.900390625,
2024-01-31,NASDAQ,15164.009765625,
2024-02-01,NASDAQ,15361.6396484375,
2024-02-02,NASDAQ,15628.9501953125,
2024-02-05,NASDAQ,15597.6796875,
2024-02-06,NASDAQ,15609.0,
2024-02-07,NASDAQ,15756.6396484375,
2024-02-08,NASDAQ,15793.7099609375,
2024-02-09,NASDAQ,15990.66015625,
2024-02-12,NASDAQ,15942.5498046875,
2024-02-13,NASDAQ,15655.599609375,
2024-02-14,NASDAQ,15859.150390625,
2024-02-15,NASDAQ,15906.169921875,
2024-02-16,NASDAQ,15775.650390625,
2024-02-20,NASDAQ,15630.7802734375,
2024-02-21,NASDAQ,15580.8701171875,
2024-02-22,NASDAQ,16041.6201171875,
2024-02-23,NASDAQ,15996.8203125,
2024-02-26,NASDAQ,15976.25,
2024-02-27,NASDAQ,16035.2998046875,
2024-02-28,NASDAQ,15947.740234375,
2024-02-29,NASDAQ,16091.919921875,
2024-03-01,NASDAQ,16274.9404296875,
2024-03-04,NASDAQ,16207.509765625,
2024-03-05,NASDAQ,15939.58984375,
2024-03-06,NASDAQ,16031.5400390625,
2024-03-07,NASDAQ,16273.3798828125,
2024-03-08,NASDAQ,16085.1103515625,
2024-03-11,NASDAQ,16019.26953125,
2024-03-12,NASDAQ,16265.6396484375,
2024-03-13,NASDAQ,16177.76953125,
2024-03-14,NASDAQ,16128.5302734375,
2024-03-15,NASDAQ,15973.169921875,
2024-03-18,NASDAQ,16103.4501953125,
2024-03-19,NASDAQ,16166.7900390625,
2024-03-20,NASDAQ,16369.41015625,
2024-03-21,NASDAQ,16401.83984375,
2024-03-22,NASDAQ,16428.8203125,
2024-03-25,NASDAQ,16384.470703125,
2024-03-26,NASDAQ,16315.7001953125,
2024-03-27,NASDAQ,16399.51953125,
2024-03-28,NASDAQ,16379.4599609375,
2024-04-01,NASDAQ,16396.830078125,
2024-04-02,NASDAQ,16240.4501953125,
2024-04-03,NASDAQ,16277.4599609375,
2024-04-04,NASDAQ,16049.080078125,
2024-04-05,NASDAQ,16248.51953125,
2024-04-08,NASDAQ,16253.9599609375,
2024-04-09,NASDAQ,16306.6396484375,
2024-04-10,NASDAQ,16170.3603515625,
2024-04-11,NASDAQ,16442.19921875,
2024-04-12,NASDAQ,16175.08984375,
2024-04-15,NASDAQ,15885.01953125,
2024-04-16,NASDAQ,15865.25,
2024-04-17,NASDAQ,15683.3701171875,
2024-04-18,NASDAQ,15601.5,
2024-04-19,NASDAQ,15282.009765625,
2024-04-22,NASDAQ,15451.3095703125,
2024-04-23,NASDAQ,15696.6396484375,
2024-04-24,NASDAQ,15712.75,
2024-04-25,NASDAQ,15611.759765625,
2024-04-26,NASDAQ,15927.900390625,
2024-04-29,NASDAQ,15983.080078125,
2024-04-30,NASDAQ,15657.8203125,
2024-05-01,NASDAQ,15605.48046875,
2024-05-02,NASDAQ,15840.9599609375,
2024-05-03,NASDAQ,16156.330078125,
2024-05-06,NASDAQ,16349.25,
2024-05-07,NASDAQ,16332.5595703125,
2024-05-08,NASDAQ,16302.759765625,
2024-05-09,NASDAQ,16346.259765625,
2024-05-10,NASDAQ,16340.8701171875,
2024-05-13,NASDAQ,16388.240234375,
2024-05-14,NASDAQ,16511.1796875,
2024-05-15,NASDAQ,16742.390625,
2024-05-16,NASDAQ,16698.3203125,
2024-05-17,NASDAQ,16685.970703125,
2024-05-20,NASDAQ,16794.869140625,
2024-05-21,NASDAQ,16832.619140625,
2024-05-22,NASDAQ,16801.5390625,
2024-05-23,NASDAQ,16736.029296875,
2024-05-24,NASDAQ,16920.7890625,
2024-05-28,NASDAQ,17019.880859375,
2024-05-29,NASDAQ,16920.580078125,
2024-05-30,NASDAQ,16737.080078125,
2024-05-31,NASDAQ,16735.01953125,
2024-06-03,NASDAQ,16828.669921875,
2024-06-04,NASDAQ,16857.05078125,
2024-06-05,NASDAQ,17187.900390625,
2024-06-06,NASDAQ,17173.119140625,
2024-06-07,NASDAQ,17133.130859375,
2024-06-10,NASDAQ,17192.529296875,
2024-06-11,NASDAQ,17343.55078125,
2024-06-12,NASDAQ,17608.439453125,
2024-06-13,NASDAQ,17667.560546875,
2024-06-14,NASDAQ,17688.880859375,
2024-06-17,NASDAQ,17857.01953125,
2024-06-18,NASDAQ,17862.23046875,
2024-06-20,NASDAQ,17721.58984375,
2024-06-21,NASDAQ,17689.359375,
2024-06-24,NASDAQ,17496.8203125,
2024-06-25,NASDAQ,17717.650390625,
2024-06-26,NASDAQ,17805.16015625,
2024-06-27,NASDAQ,17858.6796875,
2024-06-28,NASDAQ,17732.599609375,
2024-07-01,NASDAQ,17879.30078125,
2024-07-02,NASDAQ,18028.759765625,
2024-07-03,NASDAQ,18188.30078125,
2024-07-05,NASDAQ,18352.759765625,
2024-07-08,NASDAQ,18403.740234375,
2024-07-09,NASDAQ,18429.2890625,
2024-07-10,NASDAQ,18647.44921875,
2024-07-11,NASDAQ,18283.41015625,
2024-07-12,NASDAQ,18398.44921875,
2024-07-15,NASDAQ,18472.5703125,
2024-07-16,NASDAQ,18509.33984375,
2024-07-17,NASDAQ,17996.919921875,
2024-07-18,NASDAQ,17871.220703125,
2024-07-19,NASDAQ,17726.939453125,
2024-07-22,NASDAQ,18007.5703125,
2024-07-23,NASDAQ,17997.349609375,
2024-07-24,NASDAQ,17342.41015625,
2024-07-25,NASDAQ,17181.720703125,
2024-07-26,NASDAQ,17357.880859375,
2024-07-29,NASDAQ,17370.19921875,
2024-07-30,NASDAQ,17147.419921875,
2024-07-31,NASDAQ,17599.400390625,
2024-08-01,NASDAQ,17194.150390625,
2024-08-02,NASDAQ,16776.16015625,
2024-08-05,NASDAQ,16200.080078125,
2024-08-06,NASDAQ,16366.849609375,
2024-08-07,NASDAQ,16195.8095703125,
2024-08-08,NASDAQ,16660.01953125,
2024-08-09,NASDAQ,16745.30078125,
2024-08-12,NASDAQ,16780.609375,
2024-08-13,NASDAQ,17187.609375,
2024-08-14,NASDAQ,17192.599609375,
2024-08-15,NASDAQ,17594.5,
2024-08-16,NASDAQ,17631.720703125,
2024-08-19,NASDAQ,17876.76953125,
2024-08-20,NASDAQ,17816.939453125,
2024-08-21,NASDAQ,17918.990234375,
2024-08-22,NASDAQ,17619.349609375,
2024-08-23,NASDAQ,17877.7890625,
2024-08-26,NASDAQ,17725.76953125,
2024-08-27,NASDAQ,17754.8203125,
2024-08-28,NASDAQ,17556.029296875,
2024-08-29,NASDAQ,17516.4296875,
2024-08-30,NASDAQ,17713.619140625,
2024-09-03,NASDAQ,17136.30078125,
2024-09-04,NASDAQ,17084.30078125,
2024-09-05,NASDAQ,17127.66015625,
2024-09-06,NASDAQ,16690.830078125,
2024-09-09,NASDAQ,16884.599609375,
2024-09-10,NASDAQ,17025.880859375,
2024-09-11,NASDAQ,17395.529296875,
2024-09-12,NASDAQ,17569.6796875,
2024-09-13,NASDAQ,17683.98046875,
2024-09-16,NASDAQ,17592.130859375,
2024-09-17,NASDAQ,17628.060546875,
2024-09-18,NASDAQ,17573.30078125,
2024-09-19,NASDAQ,18013.98046875,
2024-09-20,NASDAQ,17948.3203125,
2024-09-23,NASDAQ,17974.26953125,
2024-09-24,NASDAQ,18074.51953125,
2024-09-25,NASDAQ,18082.2109375,
2024-09-26,NASDAQ,18190.2890625,
2024-09-27,NASDAQ,18119.58984375,
2024-09-30,NASDAQ,18189.169921875,
2024-10-01,NASDAQ,17910.359375,
2024-10-02,NASDAQ,17925.119140625,
2024-10-03,NASDAQ,17918.48046875,
2024-10-04,NASDAQ,18137.849609375,
2024-10-07,NASDAQ,17923.900390625,
2024-10-08,NASDAQ,18182.919921875,
2024-10-09,NASDAQ,18291.619140625,
2024-10-10,NASDAQ,18282.05078125,
2024-10-11,NASDAQ,18342.939453125,
2024-10-14,NASDAQ,18502.689453125,
2024-10-15,NASDAQ,18315.58984375,
2024-10-16,NASDAQ,18367.080078125,
2024-10-17,NASDAQ,18373.609375,
2024-10-18,NASDAQ,18489.55078125,
2024-10-21,NASDAQ,18540.009765625,
2024-10-22,NASDAQ,18579.76953125,
2024-10-23,NASDAQ,18276.650390625,
2024-10-24,NASDAQ,18415.490234375,
2024-10-25,NASDAQ,18518.609375,
2024-10-28,NASDAQ,18567.189453125,
2024-10-29,NASDAQ,18712.75,
2024-10-30,NASDAQ,18607.9296875,
2024-10-31,NASDAQ,18095.150390625,
2024-11-01,NASDAQ,18239.919921875,
2024-11-04,NASDAQ,18179.98046875,
2024-11-05,NASDAQ,18439.169921875,
2024-11-06,NASDAQ,18983.470703125,
2024-11-07,NASDAQ,19269.4609375,
2024-11-08,NASDAQ,19286.779296875,
2024-11-11,NASDAQ,19298.759765625,
2024-11-12,NASDAQ,19281.400390625,
2024-11-13,NASDAQ,19230.720703125,
2024-11-14,NASDAQ,19107.650390625,
2024-11-15,NASDAQ,18680.119140625,
2024-11-18,NASDAQ,18791.810546875,
2024-11-19,NASDAQ,18987.470703125,
2024-11-20,NASDAQ,18966.140625,
2024-11-21,NASDAQ,18972.419921875,
2024-11-22,NASDAQ,19003.650390625,
2024-11-25,NASDAQ,19054.83984375,
2024-11-26,NASDAQ,19174.30078125,
2024-11-27,NASDAQ,19060.48046875,
2024-11-29,NASDAQ,19218.169921875,
2024-12-02,NASDAQ,19403.94921875,
2024-12-03,NASDAQ,19480.91015625,
2024-12-04,NASDAQ,19735.119140625,
2024-12-05,NASDAQ,19700.259765625,
2024-12-06,NASDAQ,19859.76953125,
2024-12-09,NASDAQ,19736.689453125,
2024-12-10,NASDAQ,19687.240234375,
2024-12-11,NASDAQ,20034.890625,
2024-12-12,NASDAQ,19902.83984375,
2024-12-13,NASDAQ,19926.720703125,
2024-12-16,NASDAQ,20173.890625,
2024-12-17,NASDAQ,20109.060546875,
2024-12-18,NASDAQ,19392.689453125,
2024-12-19,NASDAQ,19372.76953125,
2024-12-20,NASDAQ,19572.599609375,
2024-12-23,NASDAQ,19764.880859375,
2024-12-24,NASDAQ,20031.130859375,
2024-12-26,NASDAQ,20020.359375,
2024-12-27,NASDAQ,19722.029296875,
2024-12-30,NASDAQ,19486.7890625,
2024-12-31,NASDAQ,19310.7890625,
2025-01-02,NASDAQ,19280.7890625,
2025-01-03,NASDAQ,19621.6796875,
2025-01-06,NASDAQ,19864.98046875,
2025-01-07,NASDAQ,19489.6796875,
2025-01-08,NASDAQ,19478.880859375,
2025-01-10,NASDAQ,19161.630859375,
2025-01-13,NASDAQ,19088.099609375,
2025-01-14,NASDAQ,19044.390625,
2025-01-15,NASDAQ,19511.23046875,
2025-01-16,NASDAQ,19338.2890625,
2025-01-17,NASDAQ,19630.19921875,
2025-01-21,NASDAQ,19756.779296875,
2025-01-22,NASDAQ,20009.33984375,
2025-01-23,NASDAQ,20053.6796875,
2025-01-24,NASDAQ,19954.30078125,
2025-01-27,NASDAQ,19341.830078125,
2025-01-28,NASDAQ,19733.58984375,
2025-01-29,NASDAQ,19632.3203125,
2025-01-30,NASDAQ,19681.75,
2025-01-31,NASDAQ,19627.439453125,
2025-02-03,NASDAQ,19391.9609375,
2025-02-04,NASDAQ,19654.01953125,
2025-02-05,NASDAQ,19692.330078125,
2025-02-06,NASDAQ,19791.990234375,
2025-02-07,NASDAQ,19523.400390625,
2025-02-10,NASDAQ,19714.26953125,
2025-02-11,NASDAQ,19643.859375,
2025-02-12,NASDAQ,19649.94921875,
2025-02-13,NASDAQ,19945.640625,
2025-02-14,NASDAQ,20026.76953125,
2025-02-18,NASDAQ,20041.259765625,
2025-02-19,NASDAQ,20056.25,
2025-02-20,NASDAQ,19962.359375,
2025-02-21,NASDAQ,19524.009765625,
2025-02-24,NASDAQ,19286.9296875,
2025-02-25,NASDAQ,19026.390625,
2025-02-26,NASDAQ,19075.259765625,
2025-02-27,NASDAQ,18544.419921875,
2025-02-28,NASDAQ,18847.279296875,
2025-03-03,NASDAQ,18350.189453125,
2025-03-04,NASDAQ,18285.16015625,
2025-03-05,NASDAQ,18552.73046875,
2025-03-06,NASDAQ,18069.259765625,
2025-03-07,NASDAQ,18196.220703125,
2025-03-10,NASDAQ,17468.3203125,
2025-03-11,NASDAQ,17436.099609375,
2025-03-12,NASDAQ,17648.44921875,
2025-03-13,NASDAQ,17303.009765625,
2025-03-14,NASDAQ,17754.08984375,
2025-03-17,NASDAQ,17808.66015625,
2025-03-18,NASDAQ,17504.119140625,
2025-03-19,NASDAQ,17750.7890625,
2025-03-20,NASDAQ,17691.630859375,
2025-03-21,NASDAQ,17784.05078125,
2025-03-24,NASDAQ,18188.58984375,
2025-03-25,NASDAQ,18271.859375,
2025-03-26,NASDAQ,17899.01953125,
2025-03-27,NASDAQ,17804.029296875,
2025-03-28,NASDAQ,17322.990234375,
2025-03-31,NASDAQ,17299.2890625,
2025-04-01,NASDAQ,17449.890625,
2025-04-02,NASDAQ,17601.05078125,
2025-04-03,NASDAQ,16550.609375,
2025-04-04,NASDAQ,15587.7900390625,
2025-04-07,NASDAQ,15603.259765625,
2025-04-08,NASDAQ,15267.91015625,
2025-04-09,NASDAQ,17124.970703125,
2025-04-10,NASDAQ,16387.310546875,
2025-04-11,NASDAQ,16724.4609375,
2025-04-14,NASDAQ,16831.48046875,
2025-04-15,NASDAQ,16823.169921875,
2025-04-16,NASDAQ,16307.16015625,
2025-04-17,NASDAQ,16286.4501953125,
2025-04-21,NASDAQ,15870.900390625,
2025-04-22,NASDAQ,16300.419921875,
2025-04-23,NASDAQ,16708.05078125,
2025-04-24,NASDAQ,17166.0390625,
2025-04-25,NASDAQ,17382.939453125,
2025-04-28,NASDAQ,17366.130859375,
2025-04-29,NASDAQ,17461.3203125,
2025-04-30,NASDAQ,17446.33984375,
2025-05-01,NASDAQ,17710.740234375,
2025-05-02,NASDAQ,17977.73046875,
2025-05-05,NASDAQ,17844.240234375,
2025-05-06,NASDAQ,17689.66015625,
2025-05-07,NASDAQ,17738.16015625,
2025-05-08,NASDAQ,17928.140625,
2025-05-09,NASDAQ,17928.919921875,
2025-05-12,NASDAQ,18708.33984375,
2025-05-13,NASDAQ,19010.08984375,
2025-05-14,NASDAQ,19146.810546875,
2025-05-15,NASDAQ,19112.3203125,
2025-05-16,NASDAQ,19211.099609375,
2025-05-19,NASDAQ,19215.4609375,
2025-05-20,NASDAQ,19142.7109375,
2025-05-21,NASDAQ,18872.640625,
2025-05-22,NASDAQ,18925.740234375,
2025-05-23,NASDAQ,18737.2109375,
2025-05-27,NASDAQ,19199.16015625,
2025-05-28,NASDAQ,19100.939453125,
2025-05-29,NASDAQ,19175.869140625,
2025-05-30,NASDAQ,19113.76953125,
2025-06-02,NASDAQ,19242.609375,
2025-06-03,NASDAQ,19398.9609375,
2025-06-04,NASDAQ,19460.490234375,
2025-06-05,NASDAQ,19298.44921875,
2025-06-06,NASDAQ,19529.94921875,
2025-06-09,NASDAQ,19591.240234375,
2025-06-10,NASDAQ,19714.990234375,
2025-06-11,NASDAQ,19615.880859375,
2025-06-12,NASDAQ,19662.490234375,
2025-06-13,NASDAQ,19406.830078125,
2025-06-16,NASDAQ,19701.2109375,
2025-06-17,NASDAQ,19521.08984375,
2025-06-18,NASDAQ,19546.26953125,
2025-06-20,NASDAQ,19447.41015625,
2025-06-23,NASDAQ,19630.970703125,
2025-06-24,NASDAQ,19912.529296875,
2025-06-25,NASDAQ,19973.55078125,
2025-06-26,NASDAQ,20167.91015625,
2025-06-27,NASDAQ,20273.4609375,
2025-06-30,NASDAQ,20369.73046875,
2025-07-01,NASDAQ,20202.890625,
2025-07-02,NASDAQ,20393.130859375,
2025-07-03,NASDAQ,20601.099609375,
2025-07-07,NASDAQ,20412.51953125,
2025-07-08,NASDAQ,20418.4609375,
2025-07-09,NASDAQ,20611.33984375,
2025-07-10,NASDAQ,20630.66015625,
2025-07-11,NASDAQ,20585.529296875,
2025-07-14,NASDAQ,20640.330078125,
2025-07-15,NASDAQ,20677.80078125,
2025-07-16,NASDAQ,20730.490234375,
2025-07-17,NASDAQ,20885.650390625,
2025-07-18,NASDAQ,20895.650390625,
2025-07-21,NASDAQ,20974.1796875,
2025-07-22,NASDAQ,20892.689453125,
2025-07-23,NASDAQ,21020.01953125,
2025-07-24,NASDAQ,21057.9609375,
2025-07-25,NASDAQ,21108.3203125,
2025-07-28,NASDAQ,21178.580078125,
2025-07-29,NASDAQ,21098.2890625,
2025-07-30,NASDAQ,21129.669921875,
2025-07-31,NASDAQ,21122.44921875,
2025-08-01,NASDAQ,20650.130859375,
2025-08-04,NASDAQ,21053.580078125,
2025-08-05,NASDAQ,20916.55078125,
2025-08-06,NASDAQ,21169.419921875,
2025-08-07,NASDAQ,21242.69921875,
2025-08-08,NASDAQ,21450.01953125,
2025-08-11,NASDAQ,21385.400390625,
2025-08-12,NASDAQ,21681.900390625,
2025-08-13,NASDAQ,21713.140625,
2025-08-14,NASDAQ,21710.669921875,
2025-08-15,NASDAQ,21622.98046875,
2025-08-18,NASDAQ,21629.76953125,
2025-08-19,NASDAQ,21314.94921875,
2025-08-20,NASDAQ,21172.859375,
2025-08-21,NASDAQ,21100.310546875,
2025-08-22,NASDAQ,21496.5390625,
2025-08-25,NASDAQ,21449.2890625,
2025-08-26,NASDAQ,21544.26953125,
2025-08-27,NASDAQ,21590.140625,
2025-08-28,NASDAQ,21705.16015625,
2025-08-29,NASDAQ,21455.55078125,
2025-09-02,NASDAQ,21279.630859375,
2025-09-03,NASDAQ,21497.73046875,
2025-09-04,NASDAQ,21707.689453125,
2025-09-05,NASDAQ,21700.390625,
2025-09-08,NASDAQ,21798.69921875,
2025-09-09,NASDAQ,21879.490234375,
2025-09-10,NASDAQ,21886.060546875,
2025-09-11,NASDAQ,22043.0703125,
2025-09-12,NASDAQ,22141.099609375,
2025-09-15,NASDAQ,22348.75,
2025-09-16,NASDAQ,22333.9609375,
2025-09-17,NASDAQ,22261.330078125,
2025-09-18,NASDAQ,22470.720703125,
2025-09-19,NASDAQ,22631.48046875,
2025-09-22,NASDAQ,22788.98046875,
2025-09-23,NASDAQ,22573.470703125,
2025-09-24,NASDAQ,22497.859375,
2025-09-25,NASDAQ,22384.69921875,
2025-09-26,NASDAQ,22484.0703125,
2025-09-29,NASDAQ,22591.150390625,
2025-09-30,NASDAQ,22660.009765625,
2025-10-01,NASDAQ,22755.16015625,
2025-10-02,NASDAQ,22844.05078125,
2025-10-03,NASDAQ,22780.509765625,
2025-10-06,NASDAQ,22941.669921875,
2025-10-07,NASDAQ,22788.359375,
2025-10-08,NASDAQ,23043.380859375,
2025-10-09,NASDAQ,23024.630859375,
2025-10-10,NASDAQ,22204.4296875,
2025-10-13,NASDAQ,22694.609375,
2025-10-14,NASDAQ,22521.69921875,
2025-10-15,NASDAQ,22670.080078125,
2025-10-16,NASDAQ,22562.5390625,
2025-10-17,NASDAQ,22679.970703125,
2025-10-20,NASDAQ,22990.5390625,
2025-10-21,NASDAQ,22953.669921875,
2025-10-22,NASDAQ,22740.400390625,
2025-10-23,NASDAQ,22941.80078125,
2025-10-24,NASDAQ,23204.869140625,
2025-10-27,NASDAQ,23637.4609375,
2025-10-28,NASDAQ,23827.490234375,
2025-10-29,NASDAQ,23958.470703125,
2025-10-30,NASDAQ,23581.140625,
2025-10-31,NASDAQ,23724.9609375,
2025-11-03,NASDAQ,23834.720703125,
2025-11-04,NASDAQ,23348.640625,
2025-11-05,NASDAQ,23499.80078125,
2025-11-06,NASDAQ,23053.990234375,
2025-11-07,NASDAQ,23004.5390625,
2025-11-10,NASDAQ,23527.169921875,
2025-11-11,NASDAQ,23468.30078125,
2025-11-12,NASDAQ,23406.4609375,
2025-11-13,NASDAQ,22870.359375,
2025-11-14,NASDAQ,22900.58984375,
2025-11-17,NASDAQ,22708.0703125,
2025-11-18,NASDAQ,22432.849609375,
2025-11-19,NASDAQ,22564.23046875,
2025-11-20,NASDAQ,22078.05078125,
2025-11-21,NASDAQ,22273.080078125,
2025-11-24,NASDAQ,22872.009765625,
2025-11-25,NASDAQ,23025.58984375,
2025-11-26,NASDAQ,23214.689453125,
2025-11-28,NASDAQ,23365.689453125,
2025-12-01,NASDAQ,23275.919921875,
2025-12-02,NASDAQ,23413.669921875,
2025-12-03,NASDAQ,23454.08984375,
2025-12-04,NASDAQ,23505.140625,
2025-12-05,NASDAQ,23578.130859375,
2025-12-08,NASDAQ,23545.900390625,
2025-12-09,NASDAQ,23576.490234375,
2025-12-10,NASDAQ,23654.150390625,
2025-12-11,NASDAQ,23593.859375,
2025-12-12,NASDAQ,23195.169921875,
2025-12-15,NASDAQ,23057.41015625,
2025-12-16,NASDAQ,23111.4609375,
2025-12-17,NASDAQ,22693.3203125,
2025-12-18,NASDAQ,23006.359375,
2025-12-19,NASDAQ,23307.619140625,
2025-12-22,NASDAQ,23428.830078125,
2025-12-23,NASDAQ,23561.83984375,
2025-12-24,NASDAQ,23613.310546875,
2025-12-26,NASDAQ,23593.099609375,
2025-12-29,NASDAQ,23474.349609375,
2025-12-30,NASDAQ,23419.080078125,
2025-12-31,NASDAQ,23241.990234375,
2026-01-02,NASDAQ,23235.630859375,
2026-01-05,NASDAQ,23395.8203125,
2026-01-06,NASDAQ,23547.169921875,
2026-01-07,NASDAQ,23584.279296875,
2026-01-08,NASDAQ,23480.01953125,
2026-01-09,NASDAQ,23671.349609375,
2026-01-12,NASDAQ,23733.900390625,
2026-01-13,NASDAQ,23709.869140625,
2026-01-14,NASDAQ,23471.75,
2026-01-15,NASDAQ,23530.01953125,
2026-01-16,NASDAQ,23515.390625,
2026-01-20,NASDAQ,22954.3203125,
2026-01-21,NASDAQ,23224.8203125,
2026-01-22,NASDAQ,23436.01953125,
2026-01-23,NASDAQ,23501.240234375,
2026-01-26,NASDAQ,23601.359375,
2026-01-27,NASDAQ,23817.099609375,
2026-01-28,NASDAQ,23857.44921875,
2026-01-29,NASDAQ,23685.119140625,
2026-01-30,NASDAQ,23461.8203125,
2026-02-02,NASDAQ,23592.109375,
2026-02-03,NASDAQ,23255.189453125,
2026-02-04,NASDAQ,22904.580078125,
2026-02-05,NASDAQ,22540.58984375,
2026-02-06,NASDAQ,23031.2109375,
2026-02-09,NASDAQ,23238.669921875,
2026-02-10,NASDAQ,23102.470703125,
2026-02-11,NASDAQ,23066.470703125,
2026-02-12,NASDAQ,22597.150390625,
2026-02-13,NASDAQ,22546.669921875,
2026-02-17,NASDAQ,22578.380859375,
2026-02-18,NASDAQ,22753.630859375,
2026-02-19,NASDAQ,22682.73046875,
2026-02-20,NASDAQ,22886.0703125,
2026-02-23,NASDAQ,22627.26953125,
2026-02-24,NASDAQ,22863.6796875,
2026-02-25,NASDAQ,23152.080078125,
2026-02-26,NASDAQ,22878.380859375,
2026-02-27,NASDAQ,22668.2109375,
2026-03-02,NASDAQ,22748.859375,
2026-03-03,NASDAQ,22516.689453125,
2026-03-04,NASDAQ,22807.48046875,
2026-03-05,NASDAQ,22748.990234375,
2026-03-06,NASDAQ,22387.6796875,
2026-03-09,NASDAQ,22695.94921875,
2026-03-10,NASDAQ,22697.099609375,
2026-03-11,NASDAQ,22716.130859375,
2026-03-12,NASDAQ,22311.98046875,
2026-03-13,NASDAQ,22105.359375,
2026-03-16,NASDAQ,22374.1796875,
2026-03-17,NASDAQ,22479.529296875,
2026-03-18,NASDAQ,22152.419921875,
2026-03-19,NASDAQ,22090.689453125,
2026-03-20,NASDAQ,21647.609375,
2026-03-23,NASDAQ,21946.759765625,
2026-03-24,NASDAQ,21761.890625,
2026-03-25,NASDAQ,21929.8203125,
2026-03-26,NASDAQ,21408.080078125,
2026-03-27,NASDAQ,20948.359375,
2026-03-30,NASDAQ,20794.640625,
2026-03-31,NASDAQ,21590.630859375,
2026-04-01,NASDAQ,21840.94921875,
2026-04-02,NASDAQ,21879.1796875,
2026-04-06,NASDAQ,21996.33984375,
2026-04-07,NASDAQ,22017.849609375,
2026-04-08,NASDAQ,22634.990234375,
2026-04-09,NASDAQ,22822.419921875,
2026-04-10,NASDAQ,22902.890625,
2026-04-13,NASDAQ,23183.740234375,
2026-04-14,NASDAQ,23639.080078125,
2026-04-15,NASDAQ,24016.01953125,
2026-04-16,NASDAQ,24102.69921875,
2026-04-17,NASDAQ,24468.48046875,
2026-04-20,NASDAQ,24404.390625,
2026-04-21,NASDAQ,24259.9609375,
2026-04-22,NASDAQ,24657.5703125,
2026-04-23,NASDAQ,24438.5,
2026-04-24,NASDAQ,24836.599609375,
2026-04-27,NASDAQ,24887.099609375,
2026-04-28,NASDAQ,24663.80078125,
2026-04-29,NASDAQ,24673.240234375,
2026-04-30,NASDAQ,24892.310546875,
2026-05-01,NASDAQ,25114.439453125,
2026-05-04,NASDAQ,25067.80078125,
2026-05-05,NASDAQ,25326.130859375,
2026-05-06,NASDAQ,25838.939453125,
2026-05-07,NASDAQ,25806.19921875,
2026-05-08,NASDAQ,26247.080078125,
2026-05-11,NASDAQ,26274.130859375,
2026-05-12,NASDAQ,26088.19921875,
2026-05-13,NASDAQ,26402.33984375,
2026-05-14,NASDAQ,26635.220703125,
2026-05-15,NASDAQ,26225.140625,
2026-05-18,NASDAQ,26090.73046875,
2026-05-19,NASDAQ,25870.7109375,
2026-05-20,NASDAQ,26270.359375,
2026-05-21,NASDAQ,26293.099609375,
2026-05-22,NASDAQ,26343.970703125,
2026-05-26,NASDAQ,26656.1796875,
2026-05-27,NASDAQ,26674.73046875,
2026-05-28,NASDAQ,26917.470703125,
2026-05-29,NASDAQ,26972.619140625,
2026-06-01,NASDAQ,27086.810546875,
2026-06-02,NASDAQ,27093.900390625,
2026-06-03,NASDAQ,26853.98046875,
2026-06-04,NASDAQ,26830.9609375,
2026-06-05,NASDAQ,25709.4296875,
2026-06-08,NASDAQ,25929.66015625,
2026-06-09,NASDAQ,25678.8203125,
2026-06-10,NASDAQ,25169.5,
2026-06-11,NASDAQ,25809.66015625,
2026-06-12,NASDAQ,25888.83984375,
2026-06-15,NASDAQ,26683.939453125,
2026-06-16,NASDAQ,26376.33984375,
2026-06-17,NASDAQ,26021.66015625,
2026-06-18,NASDAQ,26517.9296875,
2026-06-22,NASDAQ,26166.599609375,
2026-06-23,NASDAQ,25587.0390625,
2026-06-24,NASDAQ,25476.640625,
2026-06-25,NASDAQ,25358.599609375,
2026-06-26,NASDAQ,25297.619140625,
2026-06-29,NASDAQ,25820.140625,
2026-06-30,NASDAQ,26213.720703125,
2026-07-01,NASDAQ,26040.029296875,
2026-07-02,NASDAQ,25832.669921875,
2026-07-06,NASDAQ,26121.16015625,
2026-07-07,NASDAQ,25818.689453125,
2026-07-08,NASDAQ,25870.650390625,
2026-07-09,NASDAQ,26206.890625,
2026-07-10,NASDAQ,26281.609375,
2026-07-13,NASDAQ,25873.1796875,
2026-07-14,NASDAQ,26107.009765625,
2026-07-15,NASDAQ,26269.23046875,
2026-07-16,NASDAQ,25881.94921875,
2026-07-17,NASDAQ,25520.240234375,
2026-07-20,NASDAQ,25508.0703125,
2026-07-21,NASDAQ,25837.2109375,
2026-07-22,NASDAQ,25690.900390625,
2026-07-23,NASDAQ,25137.689453125,
2026-07-24,NASDAQ,24975.8203125,
2026-07-27,NASDAQ,24932.080078125,
2026-07-28,NASDAQ,24876.91015625,
2026-07-29,NASDAQ,24442.939453125,
2026-07-30,NASDAQ,25122.1796875,
2026-07-31,NASDAQ,25373.849609375,
2026-08-03,NASDAQ,25913.900390625,
2026-08-04,NASDAQ,26584.990234375,
2026-08-05,NASDAQ,26452.98828125,
2021-01-04,SPX,3700.64990234375,
2021-01-05,SPX,3726.860107421875,
2021-01-06,SPX,3748.139892578125,
2021-01-07,SPX,3803.7900390625,
2021-01-08,SPX,3824.679931640625,
2021-01-11,SPX,3799.610107421875,
2021-01-12,SPX,3801.18994140625,
2021-01-13,SPX,3809.840087890625,
2021-01-14,SPX,3795.5400390625,
2021-01-15,SPX,3768.25,
2021-01-19,SPX,3798.909912109375,
2021-01-20,SPX,3851.85009765625,
2021-01-21,SPX,3853.070068359375,
2021-01-22,SPX,3841.469970703125,
2021-01-25,SPX,3855.360107421875,
2021-01-26,SPX,3849.6201171875,
2021-01-27,SPX,3750.77001953125,
2021-01-28,SPX,3787.3798828125,
2021-01-29,SPX,3714.239990234375,
2021-02-01,SPX,3773.860107421875,
2021-02-02,SPX,3826.31005859375,
2021-02-03,SPX,3830.169921875,
2021-02-04,SPX,3871.739990234375,
2021-02-05,SPX,3886.830078125,
2021-02-08,SPX,3915.590087890625,
2021-02-09,SPX,3911.22998046875,
2021-02-10,SPX,3909.8798828125,
2021-02-11,SPX,3916.3798828125,
2021-02-12,SPX,3934.830078125,
2021-02-16,SPX,3932.590087890625,
2021-02-17,SPX,3931.330078125,
2021-02-18,SPX,3913.969970703125,
2021-02-19,SPX,3906.7099609375,
2021-02-22,SPX,3876.5,
2021-02-23,SPX,3881.3701171875,
2021-02-24,SPX,3925.429931640625,
2021-02-25,SPX,3829.340087890625,
2021-02-26,SPX,3811.14990234375,
2021-03-01,SPX,3901.820068359375,
2021-03-02,SPX,3870.2900390625,
2021-03-03,SPX,3819.719970703125,
2021-03-04,SPX,3768.469970703125,
2021-03-05,SPX,3841.93994140625,
2021-03-08,SPX,3821.35009765625,
2021-03-09,SPX,3875.43994140625,
2021-03-10,SPX,3898.81005859375,
2021-03-11,SPX,3939.340087890625,
2021-03-12,SPX,3943.340087890625,
2021-03-15,SPX,3968.93994140625,
2021-03-16,SPX,3962.7099609375,
2021-03-17,SPX,3974.1201171875,
2021-03-18,SPX,3915.4599609375,
2021-03-19,SPX,3913.10009765625,
2021-03-22,SPX,3940.590087890625,
2021-03-23,SPX,3910.52001953125,
2021-03-24,SPX,3889.139892578125,
2021-03-25,SPX,3909.52001953125,
2021-03-26,SPX,3974.5400390625,
2021-03-29,SPX,3971.090087890625,
2021-03-30,SPX,3958.550048828125,
2021-03-31,SPX,3972.889892578125,
2021-04-01,SPX,4019.8701171875,
2021-04-05,SPX,4077.909912109375,
2021-04-06,SPX,4073.93994140625,
2021-04-07,SPX,4079.949951171875,
2021-04-08,SPX,4097.169921875,
2021-04-09,SPX,4128.7998046875,
2021-04-12,SPX,4127.990234375,
2021-04-13,SPX,4141.58984375,
2021-04-14,SPX,4124.66015625,
2021-04-15,SPX,4170.419921875,
2021-04-16,SPX,4185.47021484375,
2021-04-19,SPX,4163.259765625,
2021-04-20,SPX,4134.93994140625,
2021-04-21,SPX,4173.419921875,
2021-04-22,SPX,4134.97998046875,
2021-04-23,SPX,4180.169921875,
2021-04-26,SPX,4187.6201171875,
2021-04-27,SPX,4186.72021484375,
2021-04-28,SPX,4183.18017578125,
2021-04-29,SPX,4211.47021484375,
2021-04-30,SPX,4181.169921875,
2021-05-03,SPX,4192.66015625,
2021-05-04,SPX,4164.66015625,
2021-05-05,SPX,4167.58984375,
2021-05-06,SPX,4201.6201171875,
2021-05-07,SPX,4232.60009765625,
2021-05-10,SPX,4188.43017578125,
2021-05-11,SPX,4152.10009765625,
2021-05-12,SPX,4063.0400390625,
2021-05-13,SPX,4112.5,
2021-05-14,SPX,4173.85009765625,
2021-05-17,SPX,4163.2900390625,
2021-05-18,SPX,4127.830078125,
2021-05-19,SPX,4115.68017578125,
2021-05-20,SPX,4159.1201171875,
2021-05-21,SPX,4155.85986328125,
2021-05-24,SPX,4197.0498046875,
2021-05-25,SPX,4188.1298828125,
2021-05-26,SPX,4195.990234375,
2021-05-27,SPX,4200.8798828125,
2021-05-28,SPX,4204.10986328125,
2021-06-01,SPX,4202.0400390625,
2021-06-02,SPX,4208.1201171875,
2021-06-03,SPX,4192.85009765625,
2021-06-04,SPX,4229.89013671875,
2021-06-07,SPX,4226.52001953125,
2021-06-08,SPX,4227.259765625,
2021-06-09,SPX,4219.5498046875,
2021-06-10,SPX,4239.18017578125,
2021-06-11,SPX,4247.43994140625,
2021-06-14,SPX,4255.14990234375,
2021-06-15,SPX,4246.58984375,
2021-06-16,SPX,4223.7001953125,
2021-06-17,SPX,4221.85986328125,
2021-06-18,SPX,4166.4501953125,
2021-06-21,SPX,4224.7900390625,
2021-06-22,SPX,4246.43994140625,
2021-06-23,SPX,4241.83984375,
2021-06-24,SPX,4266.490234375,
2021-06-25,SPX,4280.7001953125,
2021-06-28,SPX,4290.60986328125,
2021-06-29,SPX,4291.7998046875,
2021-06-30,SPX,4297.5,
2021-07-01,SPX,4319.93994140625,
2021-07-02,SPX,4352.33984375,
2021-07-06,SPX,4343.5400390625,
2021-07-07,SPX,4358.1298828125,
2021-07-08,SPX,4320.81982421875,
2021-07-09,SPX,4369.5498046875,
2021-07-12,SPX,4384.6298828125,
2021-07-13,SPX,4369.2099609375,
2021-07-14,SPX,4374.2998046875,
2021-07-15,SPX,4360.02978515625,
2021-07-16,SPX,4327.16015625,
2021-07-19,SPX,4258.490234375,
2021-07-20,SPX,4323.06005859375,
2021-07-21,SPX,4358.68994140625,
2021-07-22,SPX,4367.47998046875,
2021-07-23,SPX,4411.7900390625,
2021-07-26,SPX,4422.2998046875,
2021-07-27,SPX,4401.4599609375,
2021-07-28,SPX,4400.64013671875,
2021-07-29,SPX,4419.14990234375,
2021-07-30,SPX,4395.259765625,
2021-08-02,SPX,4387.16015625,
2021-08-03,SPX,4423.14990234375,
2021-08-04,SPX,4402.66015625,
2021-08-05,SPX,4429.10009765625,
2021-08-06,SPX,4436.52001953125,
2021-08-09,SPX,4432.35009765625,
2021-08-10,SPX,4436.75,
2021-08-11,SPX,4442.41015625,
2021-08-12,SPX,4460.830078125,
2021-08-13,SPX,4468.0,
2021-08-16,SPX,4479.7099609375,
2021-08-17,SPX,4448.080078125,
2021-08-18,SPX,4400.27001953125,
2021-08-19,SPX,4405.7998046875,
2021-08-20,SPX,4441.669921875,
2021-08-23,SPX,4479.52978515625,
2021-08-24,SPX,4486.22998046875,
2021-08-25,SPX,4496.18994140625,
2021-08-26,SPX,4470.0,
2021-08-27,SPX,4509.3701171875,
2021-08-30,SPX,4528.7900390625,
2021-08-31,SPX,4522.68017578125,
2021-09-01,SPX,4524.08984375,
2021-09-02,SPX,4536.9501953125,
2021-09-03,SPX,4535.43017578125,
2021-09-07,SPX,4520.02978515625,
2021-09-08,SPX,4514.06982421875,
2021-09-09,SPX,4493.27978515625,
2021-09-10,SPX,4458.580078125,
2021-09-13,SPX,4468.72998046875,
2021-09-14,SPX,4443.0498046875,
2021-09-15,SPX,4480.7001953125,
2021-09-16,SPX,4473.75,
2021-09-17,SPX,4432.990234375,
2021-09-20,SPX,4357.72998046875,
2021-09-21,SPX,4354.18994140625,
2021-09-22,SPX,4395.64013671875,
2021-09-23,SPX,4448.97998046875,
2021-09-24,SPX,4455.47998046875,
2021-09-27,SPX,4443.10986328125,
2021-09-28,SPX,4352.6298828125,
2021-09-29,SPX,4359.4599609375,
2021-09-30,SPX,4307.5400390625,
2021-10-01,SPX,4357.0400390625,
2021-10-04,SPX,4300.4599609375,
2021-10-05,SPX,4345.72021484375,
2021-10-06,SPX,4363.5498046875,
2021-10-07,SPX,4399.759765625,
2021-10-08,SPX,4391.33984375,
2021-10-11,SPX,4361.18994140625,
2021-10-12,SPX,4350.64990234375,
2021-10-13,SPX,4363.7998046875,
2021-10-14,SPX,4438.259765625,
2021-10-15,SPX,4471.3701171875,
2021-10-18,SPX,4486.4599609375,
2021-10-19,SPX,4519.6298828125,
2021-10-20,SPX,4536.18994140625,
2021-10-21,SPX,4549.77978515625,
2021-10-22,SPX,4544.89990234375,
2021-10-25,SPX,4566.47998046875,
2021-10-26,SPX,4574.7900390625,
2021-10-27,SPX,4551.68017578125,
2021-10-28,SPX,4596.419921875,
2021-10-29,SPX,4605.3798828125,
2021-11-01,SPX,4613.669921875,
2021-11-02,SPX,4630.64990234375,
2021-11-03,SPX,4660.56982421875,
2021-11-04,SPX,4680.06005859375,
2021-11-05,SPX,4697.52978515625,
2021-11-08,SPX,4701.7001953125,
2021-11-09,SPX,4685.25,
2021-11-10,SPX,4646.7099609375,
2021-11-11,SPX,4649.27001953125,
2021-11-12,SPX,4682.85009765625,
2021-11-15,SPX,4682.7998046875,
2021-11-16,SPX,4700.89990234375,
2021-11-17,SPX,4688.669921875,
2021-11-18,SPX,4704.5400390625,
2021-11-19,SPX,4697.9599609375,
2021-11-22,SPX,4682.93994140625,
2021-11-23,SPX,4690.7001953125,
2021-11-24,SPX,4701.4599609375,
2021-11-26,SPX,4594.6201171875,
2021-11-29,SPX,4655.27001953125,
2021-11-30,SPX,4567.0,
2021-12-01,SPX,4513.0400390625,
2021-12-02,SPX,4577.10009765625,
2021-12-03,SPX,4538.43017578125,
2021-12-06,SPX,4591.669921875,
2021-12-07,SPX,4686.75,
2021-12-08,SPX,4701.2099609375,
2021-12-09,SPX,4667.4501953125,
2021-12-10,SPX,4712.02001953125,
2021-12-13,SPX,4668.97021484375,
2021-12-14,SPX,4634.08984375,
2021-12-15,SPX,4709.85009765625,
2021-12-16,SPX,4668.669921875,
2021-12-17,SPX,4620.64013671875,
2021-12-20,SPX,4568.02001953125,
2021-12-21,SPX,4649.22998046875,
2021-12-22,SPX,4696.56005859375,
2021-12-23,SPX,4725.7900390625,
2021-12-27,SPX,4791.18994140625,
2021-12-28,SPX,4786.35009765625,
2021-12-29,SPX,4793.06005859375,
2021-12-30,SPX,4778.72998046875,
2021-12-31,SPX,4766.18017578125,
2022-01-03,SPX,4796.56005859375,
2022-01-04,SPX,4793.5400390625,
2022-01-05,SPX,4700.580078125,
2022-01-06,SPX,4696.0498046875,
2022-01-07,SPX,4677.02978515625,
2022-01-10,SPX,4670.2900390625,
2022-01-11,SPX,4713.06982421875,
2022-01-12,SPX,4726.35009765625,
2022-01-13,SPX,4659.02978515625,
2022-01-14,SPX,4662.85009765625,
2022-01-18,SPX,4577.10986328125,
2022-01-19,SPX,4532.759765625,
2022-01-20,SPX,4482.72998046875,
2022-01-21,SPX,4397.93994140625,
2022-01-24,SPX,4410.1298828125,
2022-01-25,SPX,4356.4501953125,
2022-01-26,SPX,4349.93017578125,
2022-01-27,SPX,4326.509765625,
2022-01-28,SPX,4431.85009765625,
2022-01-31,SPX,4515.5498046875,
2022-02-01,SPX,4546.5400390625,
2022-02-02,SPX,4589.3798828125,
2022-02-03,SPX,4477.43994140625,
2022-02-04,SPX,4500.52978515625,
2022-02-07,SPX,4483.8701171875,
2022-02-08,SPX,4521.5400390625,
2022-02-09,SPX,4587.18017578125,
2022-02-10,SPX,4504.080078125,
2022-02-11,SPX,4418.64013671875,
2022-02-14,SPX,4401.669921875,
2022-02-15,SPX,4471.06982421875,
2022-02-16,SPX,4475.009765625,
2022-02-17,SPX,4380.259765625,
2022-02-18,SPX,4348.8701171875,
2022-02-22,SPX,4304.759765625,
2022-02-23,SPX,4225.5,
2022-02-24,SPX,4288.7001953125,
2022-02-25,SPX,4384.64990234375,
2022-02-28,SPX,4373.93994140625,
2022-03-01,SPX,4306.259765625,
2022-03-02,SPX,4386.5400390625,
2022-03-03,SPX,4363.490234375,
2022-03-04,SPX,4328.8701171875,
2022-03-07,SPX,4201.08984375,
2022-03-08,SPX,4170.7001953125,
2022-03-09,SPX,4277.8798828125,
2022-03-10,SPX,4259.52001953125,
2022-03-11,SPX,4204.31005859375,
2022-03-14,SPX,4173.10986328125,
2022-03-15,SPX,4262.4501953125,
2022-03-16,SPX,4357.85986328125,
2022-03-17,SPX,4411.669921875,
2022-03-18,SPX,4463.1201171875,
2022-03-21,SPX,4461.18017578125,
2022-03-22,SPX,4511.60986328125,
2022-03-23,SPX,4456.240234375,
2022-03-24,SPX,4520.16015625,
2022-03-25,SPX,4543.06005859375,
2022-03-28,SPX,4575.52001953125,
2022-03-29,SPX,4631.60009765625,
2022-03-30,SPX,4602.4501953125,
2022-03-31,SPX,4530.41015625,
2022-04-01,SPX,4545.85986328125,
2022-04-04,SPX,4582.64013671875,
2022-04-05,SPX,4525.1201171875,
2022-04-06,SPX,4481.14990234375,
2022-04-07,SPX,4500.2099609375,
2022-04-08,SPX,4488.27978515625,
2022-04-11,SPX,4412.52978515625,
2022-04-12,SPX,4397.4501953125,
2022-04-13,SPX,4446.58984375,
2022-04-14,SPX,4392.58984375,
2022-04-18,SPX,4391.68994140625,
2022-04-19,SPX,4462.2099609375,
2022-04-20,SPX,4459.4501953125,
2022-04-21,SPX,4393.66015625,
2022-04-22,SPX,4271.77978515625,
2022-04-25,SPX,4296.1201171875,
2022-04-26,SPX,4175.2001953125,
2022-04-27,SPX,4183.9599609375,
2022-04-28,SPX,4287.5,
2022-04-29,SPX,4131.93017578125,
2022-05-02,SPX,4155.3798828125,
2022-05-03,SPX,4175.47998046875,
2022-05-04,SPX,4300.169921875,
2022-05-05,SPX,4146.8701171875,
2022-05-06,SPX,4123.33984375,
2022-05-09,SPX,3991.239990234375,
2022-05-10,SPX,4001.050048828125,
2022-05-11,SPX,3935.179931640625,
2022-05-12,SPX,3930.080078125,
2022-05-13,SPX,4023.889892578125,
2022-05-16,SPX,4008.010009765625,
2022-05-17,SPX,4088.85009765625,
2022-05-18,SPX,3923.679931640625,
2022-05-19,SPX,3900.7900390625,
2022-05-20,SPX,3901.360107421875,
2022-05-23,SPX,3973.75,
2022-05-24,SPX,3941.47998046875,
2022-05-25,SPX,3978.72998046875,
2022-05-26,SPX,4057.840087890625,
2022-05-27,SPX,4158.240234375,
2022-05-31,SPX,4132.14990234375,
2022-06-01,SPX,4101.22998046875,
2022-06-02,SPX,4176.81982421875,
2022-06-03,SPX,4108.5400390625,
2022-06-06,SPX,4121.43017578125,
2022-06-07,SPX,4160.68017578125,
2022-06-08,SPX,4115.77001953125,
2022-06-09,SPX,4017.820068359375,
2022-06-10,SPX,3900.860107421875,
2022-06-13,SPX,3749.6298828125,
2022-06-14,SPX,3735.47998046875,
2022-06-15,SPX,3789.989990234375,
2022-06-16,SPX,3666.77001953125,
2022-06-17,SPX,3674.840087890625,
2022-06-21,SPX,3764.7900390625,
2022-06-22,SPX,3759.889892578125,
2022-06-23,SPX,3795.72998046875,
2022-06-24,SPX,3911.739990234375,
2022-06-27,SPX,3900.110107421875,
2022-06-28,SPX,3821.550048828125,
2022-06-29,SPX,3818.830078125,
2022-06-30,SPX,3785.3798828125,
2022-07-01,SPX,3825.330078125,
2022-07-05,SPX,3831.389892578125,
2022-07-06,SPX,3845.080078125,
2022-07-07,SPX,3902.6201171875,
2022-07-08,SPX,3899.3798828125,
2022-07-11,SPX,3854.429931640625,
2022-07-12,SPX,3818.800048828125,
2022-07-13,SPX,3801.780029296875,
2022-07-14,SPX,3790.3798828125,
2022-07-15,SPX,3863.159912109375,
2022-07-18,SPX,3830.85009765625,
2022-07-19,SPX,3936.68994140625,
2022-07-20,SPX,3959.89990234375,
2022-07-21,SPX,3998.949951171875,
2022-07-22,SPX,3961.6298828125,
2022-07-25,SPX,3966.840087890625,
2022-07-26,SPX,3921.050048828125,
2022-07-27,SPX,4023.610107421875,
2022-07-28,SPX,4072.429931640625,
2022-07-29,SPX,4130.2900390625,
2022-08-01,SPX,4118.6298828125,
2022-08-02,SPX,4091.18994140625,
2022-08-03,SPX,4155.169921875,
2022-08-04,SPX,4151.93994140625,
2022-08-05,SPX,4145.18994140625,
2022-08-08,SPX,4140.06005859375,
2022-08-09,SPX,4122.47021484375,
2022-08-10,SPX,4210.240234375,
2022-08-11,SPX,4207.27001953125,
2022-08-12,SPX,4280.14990234375,
2022-08-15,SPX,4297.14013671875,
2022-08-16,SPX,4305.2001953125,
2022-08-17,SPX,4274.0400390625,
2022-08-18,SPX,4283.740234375,
2022-08-19,SPX,4228.47998046875,
2022-08-22,SPX,4137.990234375,
2022-08-23,SPX,4128.72998046875,
2022-08-24,SPX,4140.77001953125,
2022-08-25,SPX,4199.1201171875,
2022-08-26,SPX,4057.659912109375,
2022-08-29,SPX,4030.610107421875,
2022-08-30,SPX,3986.159912109375,
2022-08-31,SPX,3955.0,
2022-09-01,SPX,3966.85009765625,
2022-09-02,SPX,3924.260009765625,
2022-09-06,SPX,3908.18994140625,
2022-09-07,SPX,3979.8701171875,
2022-09-08,SPX,4006.179931640625,
2022-09-09,SPX,4067.360107421875,
2022-09-12,SPX,4110.41015625,
2022-09-13,SPX,3932.68994140625,
2022-09-14,SPX,3946.010009765625,
2022-09-15,SPX,3901.35009765625,
2022-09-16,SPX,3873.330078125,
2022-09-19,SPX,3899.889892578125,
2022-09-20,SPX,3855.929931640625,
2022-09-21,SPX,3789.929931640625,
2022-09-22,SPX,3757.989990234375,
2022-09-23,SPX,3693.22998046875,
2022-09-26,SPX,3655.0400390625,
2022-09-27,SPX,3647.2900390625,
2022-09-28,SPX,3719.0400390625,
2022-09-29,SPX,3640.469970703125,
2022-09-30,SPX,3585.6201171875,
2022-10-03,SPX,3678.429931640625,
2022-10-04,SPX,3790.929931640625,
2022-10-05,SPX,3783.280029296875,
2022-10-06,SPX,3744.52001953125,
2022-10-07,SPX,3639.659912109375,
2022-10-10,SPX,3612.389892578125,
2022-10-11,SPX,3588.840087890625,
2022-10-12,SPX,3577.030029296875,
2022-10-13,SPX,3669.909912109375,
2022-10-14,SPX,3583.070068359375,
2022-10-17,SPX,3677.949951171875,
2022-10-18,SPX,3719.97998046875,
2022-10-19,SPX,3695.159912109375,
2022-10-20,SPX,3665.780029296875,
2022-10-21,SPX,3752.75,
2022-10-24,SPX,3797.340087890625,
2022-10-25,SPX,3859.110107421875,
2022-10-26,SPX,3830.60009765625,
2022-10-27,SPX,3807.300048828125,
2022-10-28,SPX,3901.06005859375,
2022-10-31,SPX,3871.97998046875,
2022-11-01,SPX,3856.10009765625,
2022-11-02,SPX,3759.68994140625,
2022-11-03,SPX,3719.889892578125,
2022-11-04,SPX,3770.550048828125,
2022-11-07,SPX,3806.800048828125,
2022-11-08,SPX,3828.110107421875,
2022-11-09,SPX,3748.570068359375,
2022-11-10,SPX,3956.3701171875,
2022-11-11,SPX,3992.929931640625,
2022-11-14,SPX,3957.25,
2022-11-15,SPX,3991.72998046875,
2022-11-16,SPX,3958.7900390625,
2022-11-17,SPX,3946.56005859375,
2022-11-18,SPX,3965.340087890625,
2022-11-21,SPX,3949.93994140625,
2022-11-22,SPX,4003.580078125,
2022-11-23,SPX,4027.260009765625,
2022-11-25,SPX,4026.1201171875,
2022-11-28,SPX,3963.93994140625,
2022-11-29,SPX,3957.6298828125,
2022-11-30,SPX,4080.110107421875,
2022-12-01,SPX,4076.570068359375,
2022-12-02,SPX,4071.699951171875,
2022-12-05,SPX,3998.840087890625,
2022-12-06,SPX,3941.260009765625,
2022-12-07,SPX,3933.919921875,
2022-12-08,SPX,3963.510009765625,
2022-12-09,SPX,3934.3798828125,
2022-12-12,SPX,3990.56005859375,
2022-12-13,SPX,4019.64990234375,
2022-12-14,SPX,3995.320068359375,
2022-12-15,SPX,3895.75,
2022-12-16,SPX,3852.360107421875,
2022-12-19,SPX,3817.659912109375,
2022-12-20,SPX,3821.6201171875,
2022-12-21,SPX,3878.43994140625,
2022-12-22,SPX,3822.389892578125,
2022-12-23,SPX,3844.820068359375,
2022-12-27,SPX,3829.25,
2022-12-28,SPX,3783.219970703125,
2022-12-29,SPX,3849.280029296875,
2022-12-30,SPX,3839.5,
2023-01-03,SPX,3824.139892578125,
2023-01-04,SPX,3852.969970703125,
2023-01-05,SPX,3808.10009765625,
2023-01-06,SPX,3895.080078125,
2023-01-09,SPX,3892.090087890625,
2023-01-10,SPX,3919.25,
2023-01-11,SPX,3969.610107421875,
2023-01-12,SPX,3983.169921875,
2023-01-13,SPX,3999.090087890625,
2023-01-17,SPX,3990.969970703125,
2023-01-18,SPX,3928.860107421875,
2023-01-19,SPX,3898.85009765625,
2023-01-20,SPX,3972.610107421875,
2023-01-23,SPX,4019.81005859375,
2023-01-24,SPX,4016.949951171875,
2023-01-25,SPX,4016.219970703125,
2023-01-26,SPX,4060.429931640625,
2023-01-27,SPX,4070.56005859375,
2023-01-30,SPX,4017.77001953125,
2023-01-31,SPX,4076.60009765625,
2023-02-01,SPX,4119.2099609375,
2023-02-02,SPX,4179.759765625,
2023-02-03,SPX,4136.47998046875,
2023-02-06,SPX,4111.080078125,
2023-02-07,SPX,4164.0,
2023-02-08,SPX,4117.85986328125,
2023-02-09,SPX,4081.5,
2023-02-10,SPX,4090.4599609375,
2023-02-13,SPX,4137.2900390625,
2023-02-14,SPX,4136.1298828125,
2023-02-15,SPX,4147.60009765625,
2023-02-16,SPX,4090.409912109375,
2023-02-17,SPX,4079.090087890625,
2023-02-21,SPX,3997.340087890625,
2023-02-22,SPX,3991.050048828125,
2023-02-23,SPX,4012.320068359375,
2023-02-24,SPX,3970.0400390625,
2023-02-27,SPX,3982.239990234375,
2023-02-28,SPX,3970.14990234375,
2023-03-01,SPX,3951.389892578125,
2023-03-02,SPX,3981.35009765625,
2023-03-03,SPX,4045.639892578125,
2023-03-06,SPX,4048.419921875,
2023-03-07,SPX,3986.3701171875,
2023-03-08,SPX,3992.010009765625,
2023-03-09,SPX,3918.320068359375,
2023-03-10,SPX,3861.590087890625,
2023-03-13,SPX,3855.760009765625,
2023-03-14,SPX,3919.2900390625,
2023-03-15,SPX,3891.929931640625,
2023-03-16,SPX,3960.280029296875,
2023-03-17,SPX,3916.639892578125,
2023-03-20,SPX,3951.570068359375,
2023-03-21,SPX,4002.8701171875,
2023-03-22,SPX,3936.969970703125,
2023-03-23,SPX,3948.719970703125,
2023-03-24,SPX,3970.989990234375,
2023-03-27,SPX,3977.530029296875,
2023-03-28,SPX,3971.27001953125,
2023-03-29,SPX,4027.81005859375,
2023-03-30,SPX,4050.830078125,
2023-03-31,SPX,4109.31005859375,
2023-04-03,SPX,4124.509765625,
2023-04-04,SPX,4100.60009765625,
2023-04-05,SPX,4090.3798828125,
2023-04-06,SPX,4105.02001953125,
2023-04-10,SPX,4109.10986328125,
2023-04-11,SPX,4108.93994140625,
2023-04-12,SPX,4091.949951171875,
2023-04-13,SPX,4146.22021484375,
2023-04-14,SPX,4137.64013671875,
2023-04-17,SPX,4151.31982421875,
2023-04-18,SPX,4154.8701171875,
2023-04-19,SPX,4154.52001953125,
2023-04-20,SPX,4129.7900390625,
2023-04-21,SPX,4133.52001953125,
2023-04-24,SPX,4137.0400390625,
2023-04-25,SPX,4071.6298828125,
2023-04-26,SPX,4055.989990234375,
2023-04-27,SPX,4135.35009765625,
2023-04-28,SPX,4169.47998046875,
2023-05-01,SPX,4167.8701171875,
2023-05-02,SPX,4119.580078125,
2023-05-03,SPX,4090.75,
2023-05-04,SPX,4061.219970703125,
2023-05-05,SPX,4136.25,
2023-05-08,SPX,4138.1201171875,
2023-05-09,SPX,4119.169921875,
2023-05-10,SPX,4137.64013671875,
2023-05-11,SPX,4130.6201171875,
2023-05-12,SPX,4124.080078125,
2023-05-15,SPX,4136.27978515625,
2023-05-16,SPX,4109.89990234375,
2023-05-17,SPX,4158.77001953125,
2023-05-18,SPX,4198.0498046875,
2023-05-19,SPX,4191.97998046875,
2023-05-22,SPX,4192.6298828125,
2023-05-23,SPX,4145.580078125,
2023-05-24,SPX,4115.240234375,
2023-05-25,SPX,4151.27978515625,
2023-05-26,SPX,4205.4501953125,
2023-05-30,SPX,4205.52001953125,
2023-05-31,SPX,4179.830078125,
2023-06-01,SPX,4221.02001953125,
2023-06-02,SPX,4282.3701171875,
2023-06-05,SPX,4273.7900390625,
2023-06-06,SPX,4283.85009765625,
2023-06-07,SPX,4267.52001953125,
2023-06-08,SPX,4293.93017578125,
2023-06-09,SPX,4298.85986328125,
2023-06-12,SPX,4338.93017578125,
2023-06-13,SPX,4369.009765625,
2023-06-14,SPX,4372.58984375,
2023-06-15,SPX,4425.83984375,
2023-06-16,SPX,4409.58984375,
2023-06-20,SPX,4388.7099609375,
2023-06-21,SPX,4365.68994140625,
2023-06-22,SPX,4381.89013671875,
2023-06-23,SPX,4348.330078125,
2023-06-26,SPX,4328.81982421875,
2023-06-27,SPX,4378.41015625,
2023-06-28,SPX,4376.85986328125,
2023-06-29,SPX,4396.43994140625,
2023-06-30,SPX,4450.3798828125,
2023-07-03,SPX,4455.58984375,
2023-07-05,SPX,4446.81982421875,
2023-07-06,SPX,4411.58984375,
2023-07-07,SPX,4398.9501953125,
2023-07-10,SPX,4409.52978515625,
2023-07-11,SPX,4439.259765625,
2023-07-12,SPX,4472.16015625,
2023-07-13,SPX,4510.0400390625,
2023-07-14,SPX,4505.419921875,
2023-07-17,SPX,4522.7900390625,
2023-07-18,SPX,4554.97998046875,
2023-07-19,SPX,4565.72021484375,
2023-07-20,SPX,4534.8701171875,
2023-07-21,SPX,4536.33984375,
2023-07-24,SPX,4554.64013671875,
2023-07-25,SPX,4567.4599609375,
2023-07-26,SPX,4566.75,
2023-07-27,SPX,4537.41015625,
2023-07-28,SPX,4582.22998046875,
2023-07-31,SPX,4588.9599609375,
2023-08-01,SPX,4576.72998046875,
2023-08-02,SPX,4513.39013671875,
2023-08-03,SPX,4501.89013671875,
2023-08-04,SPX,4478.02978515625,
2023-08-07,SPX,4518.43994140625,
2023-08-08,SPX,4499.3798828125,
2023-08-09,SPX,4467.7099609375,
2023-08-10,SPX,4468.830078125,
2023-08-11,SPX,4464.0498046875,
2023-08-14,SPX,4489.72021484375,
2023-08-15,SPX,4437.85986328125,
2023-08-16,SPX,4404.330078125,
2023-08-17,SPX,4370.35986328125,
2023-08-18,SPX,4369.7099609375,
2023-08-21,SPX,4399.77001953125,
2023-08-22,SPX,4387.5498046875,
2023-08-23,SPX,4436.009765625,
2023-08-24,SPX,4376.31005859375,
2023-08-25,SPX,4405.7099609375,
2023-08-28,SPX,4433.31005859375,
2023-08-29,SPX,4497.6298828125,
2023-08-30,SPX,4514.8701171875,
2023-08-31,SPX,4507.66015625,
2023-09-01,SPX,4515.77001953125,
2023-09-05,SPX,4496.830078125,
2023-09-06,SPX,4465.47998046875,
2023-09-07,SPX,4451.14013671875,
2023-09-08,SPX,4457.490234375,
2023-09-11,SPX,4487.4599609375,
2023-09-12,SPX,4461.89990234375,
2023-09-13,SPX,4467.43994140625,
2023-09-14,SPX,4505.10009765625,
2023-09-15,SPX,4450.31982421875,
2023-09-18,SPX,4453.52978515625,
2023-09-19,SPX,4443.9501953125,
2023-09-20,SPX,4402.2001953125,
2023-09-21,SPX,4330.0,
2023-09-22,SPX,4320.06005859375,
2023-09-25,SPX,4337.43994140625,
2023-09-26,SPX,4273.52978515625,
2023-09-27,SPX,4274.509765625,
2023-09-28,SPX,4299.7001953125,
2023-09-29,SPX,4288.0498046875,
2023-10-02,SPX,4288.39013671875,
2023-10-03,SPX,4229.4501953125,
2023-10-04,SPX,4263.75,
2023-10-05,SPX,4258.18994140625,
2023-10-06,SPX,4308.5,
2023-10-09,SPX,4335.66015625,
2023-10-10,SPX,4358.240234375,
2023-10-11,SPX,4376.9501953125,
2023-10-12,SPX,4349.60986328125,
2023-10-13,SPX,4327.77978515625,
2023-10-16,SPX,4373.6298828125,
2023-10-17,SPX,4373.2001953125,
2023-10-18,SPX,4314.60009765625,
2023-10-19,SPX,4278.0,
2023-10-20,SPX,4224.16015625,
2023-10-23,SPX,4217.0400390625,
2023-10-24,SPX,4247.68017578125,
2023-10-25,SPX,4186.77001953125,
2023-10-26,SPX,4137.22998046875,
2023-10-27,SPX,4117.3701171875,
2023-10-30,SPX,4166.81982421875,
2023-10-31,SPX,4193.7998046875,
2023-11-01,SPX,4237.85986328125,
2023-11-02,SPX,4317.77978515625,
2023-11-03,SPX,4358.33984375,
2023-11-06,SPX,4365.97998046875,
2023-11-07,SPX,4378.3798828125,
2023-11-08,SPX,4382.77978515625,
2023-11-09,SPX,4347.35009765625,
2023-11-10,SPX,4415.240234375,
2023-11-13,SPX,4411.5498046875,
2023-11-14,SPX,4495.7001953125,
2023-11-15,SPX,4502.8798828125,
2023-11-16,SPX,4508.240234375,
2023-11-17,SPX,4514.02001953125,
2023-11-20,SPX,4547.3798828125,
2023-11-21,SPX,4538.18994140625,
2023-11-22,SPX,4556.6201171875,
2023-11-24,SPX,4559.33984375,
2023-11-27,SPX,4550.43017578125,
2023-11-28,SPX,4554.89013671875,
2023-11-29,SPX,4550.580078125,
2023-11-30,SPX,4567.7998046875,
2023-12-01,SPX,4594.6298828125,
2023-12-04,SPX,4569.77978515625,
2023-12-05,SPX,4567.18017578125,
2023-12-06,SPX,4549.33984375,
2023-12-07,SPX,4585.58984375,
2023-12-08,SPX,4604.3701171875,
2023-12-11,SPX,4622.43994140625,
2023-12-12,SPX,4643.7001953125,
2023-12-13,SPX,4707.08984375,
2023-12-14,SPX,4719.5498046875,
2023-12-15,SPX,4719.18994140625,
2023-12-18,SPX,4740.56005859375,
2023-12-19,SPX,4768.3701171875,
2023-12-20,SPX,4698.35009765625,
2023-12-21,SPX,4746.75,
2023-12-22,SPX,4754.6298828125,
2023-12-26,SPX,4774.75,
2023-12-27,SPX,4781.580078125,
2023-12-28,SPX,4783.35009765625,
2023-12-29,SPX,4769.830078125,
2024-01-02,SPX,4742.830078125,
2024-01-03,SPX,4704.81005859375,
2024-01-04,SPX,4688.68017578125,
2024-01-05,SPX,4697.240234375,
2024-01-08,SPX,4763.5400390625,
2024-01-09,SPX,4756.5,
2024-01-10,SPX,4783.4501953125,
2024-01-11,SPX,4780.240234375,
2024-01-12,SPX,4783.830078125,
2024-01-16,SPX,4765.97998046875,
2024-01-17,SPX,4739.2099609375,
2024-01-18,SPX,4780.93994140625,
2024-01-19,SPX,4839.81005859375,
2024-01-22,SPX,4850.43017578125,
2024-01-23,SPX,4864.60009765625,
2024-01-24,SPX,4868.5498046875,
2024-01-25,SPX,4894.16015625,
2024-01-26,SPX,4890.97021484375,
2024-01-29,SPX,4927.93017578125,
2024-01-30,SPX,4924.97021484375,
2024-01-31,SPX,4845.64990234375,
2024-02-01,SPX,4906.18994140625,
2024-02-02,SPX,4958.60986328125,
2024-02-05,SPX,4942.81005859375,
2024-02-06,SPX,4954.22998046875,
2024-02-07,SPX,4995.06005859375,
2024-02-08,SPX,4997.91015625,
2024-02-09,SPX,5026.60986328125,
2024-02-12,SPX,5021.83984375,
2024-02-13,SPX,4953.169921875,
2024-02-14,SPX,5000.6201171875,
2024-02-15,SPX,5029.72998046875,
2024-02-16,SPX,5005.56982421875,
2024-02-20,SPX,4975.509765625,
2024-02-21,SPX,4981.7998046875,
2024-02-22,SPX,5087.02978515625,
2024-02-23,SPX,5088.7998046875,
2024-02-26,SPX,5069.52978515625,
2024-02-27,SPX,5078.18017578125,
2024-02-28,SPX,5069.759765625,
2024-02-29,SPX,5096.27001953125,
2024-03-01,SPX,5137.080078125,
2024-03-04,SPX,5130.9501953125,
2024-03-05,SPX,5078.64990234375,
2024-03-06,SPX,5104.759765625,
2024-03-07,SPX,5157.35986328125,
2024-03-08,SPX,5123.68994140625,
2024-03-11,SPX,5117.93994140625,
2024-03-12,SPX,5175.27001953125,
2024-03-13,SPX,5165.31005859375,
2024-03-14,SPX,5150.47998046875,
2024-03-15,SPX,5117.08984375,
2024-03-18,SPX,5149.419921875,
2024-03-19,SPX,5178.509765625,
2024-03-20,SPX,5224.6201171875,
2024-03-21,SPX,5241.52978515625,
2024-03-22,SPX,5234.18017578125,
2024-03-25,SPX,5218.18994140625,
2024-03-26,SPX,5203.580078125,
2024-03-27,SPX,5248.490234375,
2024-03-28,SPX,5254.35009765625,
2024-04-01,SPX,5243.77001953125,
2024-04-02,SPX,5205.81005859375,
2024-04-03,SPX,5211.490234375,
2024-04-04,SPX,5147.2099609375,
2024-04-05,SPX,5204.33984375,
2024-04-08,SPX,5202.39013671875,
2024-04-09,SPX,5209.91015625,
2024-04-10,SPX,5160.64013671875,
2024-04-11,SPX,5199.06005859375,
2024-04-12,SPX,5123.41015625,
2024-04-15,SPX,5061.81982421875,
2024-04-16,SPX,5051.41015625,
2024-04-17,SPX,5022.2099609375,
2024-04-18,SPX,5011.1201171875,
2024-04-19,SPX,4967.22998046875,
2024-04-22,SPX,5010.60009765625,
2024-04-23,SPX,5070.5498046875,
2024-04-24,SPX,5071.6298828125,
2024-04-25,SPX,5048.419921875,
2024-04-26,SPX,5099.9599609375,
2024-04-29,SPX,5116.169921875,
2024-04-30,SPX,5035.68994140625,
2024-05-01,SPX,5018.39013671875,
2024-05-02,SPX,5064.2001953125,
2024-05-03,SPX,5127.7900390625,
2024-05-06,SPX,5180.740234375,
2024-05-07,SPX,5187.7001953125,
2024-05-08,SPX,5187.669921875,
2024-05-09,SPX,5214.080078125,
2024-05-10,SPX,5222.68017578125,
2024-05-13,SPX,5221.419921875,
2024-05-14,SPX,5246.68017578125,
2024-05-15,SPX,5308.14990234375,
2024-05-16,SPX,5297.10009765625,
2024-05-17,SPX,5303.27001953125,
2024-05-20,SPX,5308.1298828125,
2024-05-21,SPX,5321.41015625,
2024-05-22,SPX,5307.009765625,
2024-05-23,SPX,5267.83984375,
2024-05-24,SPX,5304.72021484375,
2024-05-28,SPX,5306.0400390625,
2024-05-29,SPX,5266.9501953125,
2024-05-30,SPX,5235.47998046875,
2024-05-31,SPX,5277.509765625,
2024-06-03,SPX,5283.39990234375,
2024-06-04,SPX,5291.33984375,
2024-06-05,SPX,5354.02978515625,
2024-06-06,SPX,5352.9599609375,
2024-06-07,SPX,5346.990234375,
2024-06-10,SPX,5360.7900390625,
2024-06-11,SPX,5375.31982421875,
2024-06-12,SPX,5421.02978515625,
2024-06-13,SPX,5433.740234375,
2024-06-14,SPX,5431.60009765625,
2024-06-17,SPX,5473.22998046875,
2024-06-18,SPX,5487.02978515625,
2024-06-20,SPX,5473.169921875,
2024-06-21,SPX,5464.6201171875,
2024-06-24,SPX,5447.8701171875,
2024-06-25,SPX,5469.2998046875,
2024-06-26,SPX,5477.89990234375,
2024-06-27,SPX,5482.8701171875,
2024-06-28,SPX,5460.47998046875,
2024-07-01,SPX,5475.08984375,
2024-07-02,SPX,5509.009765625,
2024-07-03,SPX,5537.02001953125,
2024-07-05,SPX,5567.18994140625,
2024-07-08,SPX,5572.85009765625,
2024-07-09,SPX,5576.97998046875,
2024-07-10,SPX,5633.91015625,
2024-07-11,SPX,5584.5400390625,
2024-07-12,SPX,5615.35009765625,
2024-07-15,SPX,5631.22021484375,
2024-07-16,SPX,5667.2001953125,
2024-07-17,SPX,5588.27001953125,
2024-07-18,SPX,5544.58984375,
2024-07-19,SPX,5505.0,
2024-07-22,SPX,5564.41015625,
2024-07-23,SPX,5555.740234375,
2024-07-24,SPX,5427.1298828125,
2024-07-25,SPX,5399.22021484375,
2024-07-26,SPX,5459.10009765625,
2024-07-29,SPX,5463.5400390625,
2024-07-30,SPX,5436.43994140625,
2024-07-31,SPX,5522.2998046875,
2024-08-01,SPX,5446.68017578125,
2024-08-02,SPX,5346.56005859375,
2024-08-05,SPX,5186.330078125,
2024-08-06,SPX,5240.02978515625,
2024-08-07,SPX,5199.5,
2024-08-08,SPX,5319.31005859375,
2024-08-09,SPX,5344.16015625,
2024-08-12,SPX,5344.39013671875,
2024-08-13,SPX,5434.43017578125,
2024-08-14,SPX,5455.2099609375,
2024-08-15,SPX,5543.22021484375,
2024-08-16,SPX,5554.25,
2024-08-19,SPX,5608.25,
2024-08-20,SPX,5597.1201171875,
2024-08-21,SPX,5620.85009765625,
2024-08-22,SPX,5570.64013671875,
2024-08-23,SPX,5634.60986328125,
2024-08-26,SPX,5616.83984375,
2024-08-27,SPX,5625.7998046875,
2024-08-28,SPX,5592.18017578125,
2024-08-29,SPX,5591.9599609375,
2024-08-30,SPX,5648.39990234375,
2024-09-03,SPX,5528.93017578125,
2024-09-04,SPX,5520.06982421875,
2024-09-05,SPX,5503.41015625,
2024-09-06,SPX,5408.419921875,
2024-09-09,SPX,5471.0498046875,
2024-09-10,SPX,5495.52001953125,
2024-09-11,SPX,5554.1298828125,
2024-09-12,SPX,5595.759765625,
2024-09-13,SPX,5626.02001953125,
2024-09-16,SPX,5633.08984375,
2024-09-17,SPX,5634.580078125,
2024-09-18,SPX,5618.259765625,
2024-09-19,SPX,5713.64013671875,
2024-09-20,SPX,5702.5498046875,
2024-09-23,SPX,5718.56982421875,
2024-09-24,SPX,5732.93017578125,
2024-09-25,SPX,5722.259765625,
2024-09-26,SPX,5745.3701171875,
2024-09-27,SPX,5738.169921875,
2024-09-30,SPX,5762.47998046875,
2024-10-01,SPX,5708.75,
2024-10-02,SPX,5709.5400390625,
2024-10-03,SPX,5699.93994140625,
2024-10-04,SPX,5751.06982421875,
2024-10-07,SPX,5695.93994140625,
2024-10-08,SPX,5751.1298828125,
2024-10-09,SPX,5792.0400390625,
2024-10-10,SPX,5780.0498046875,
2024-10-11,SPX,5815.02978515625,
2024-10-14,SPX,5859.85009765625,
2024-10-15,SPX,5815.259765625,
2024-10-16,SPX,5842.47021484375,
2024-10-17,SPX,5841.47021484375,
2024-10-18,SPX,5864.669921875,
2024-10-21,SPX,5853.97998046875,
2024-10-22,SPX,5851.2001953125,
2024-10-23,SPX,5797.419921875,
2024-10-24,SPX,5809.85986328125,
2024-10-25,SPX,5808.1201171875,
2024-10-28,SPX,5823.52001953125,
2024-10-29,SPX,5832.919921875,
2024-10-30,SPX,5813.669921875,
2024-10-31,SPX,5705.4501953125,
2024-11-01,SPX,5728.7998046875,
2024-11-04,SPX,5712.68994140625,
2024-11-05,SPX,5782.759765625,
2024-11-06,SPX,5929.0400390625,
2024-11-07,SPX,5973.10009765625,
2024-11-08,SPX,5995.5400390625,
2024-11-11,SPX,6001.35009765625,
2024-11-12,SPX,5983.990234375,
2024-11-13,SPX,5985.3798828125,
2024-11-14,SPX,5949.169921875,
2024-11-15,SPX,5870.6201171875,
2024-11-18,SPX,5893.6201171875,
2024-11-19,SPX,5916.97998046875,
2024-11-20,SPX,5917.10986328125,
2024-11-21,SPX,5948.7099609375,
2024-11-22,SPX,5969.33984375,
2024-11-25,SPX,5987.3701171875,
2024-11-26,SPX,6021.6298828125,
2024-11-27,SPX,5998.740234375,
2024-11-29,SPX,6032.3798828125,
2024-12-02,SPX,6047.14990234375,
2024-12-03,SPX,6049.8798828125,
2024-12-04,SPX,6086.490234375,
2024-12-05,SPX,6075.10986328125,
2024-12-06,SPX,6090.27001953125,
2024-12-09,SPX,6052.85009765625,
2024-12-10,SPX,6034.91015625,
2024-12-11,SPX,6084.18994140625,
2024-12-12,SPX,6051.25,
2024-12-13,SPX,6051.08984375,
2024-12-16,SPX,6074.080078125,
2024-12-17,SPX,6050.60986328125,
2024-12-18,SPX,5872.16015625,
2024-12-19,SPX,5867.080078125,
2024-12-20,SPX,5930.85009765625,
2024-12-23,SPX,5974.06982421875,
2024-12-24,SPX,6040.0400390625,
2024-12-26,SPX,6037.58984375,
2024-12-27,SPX,5970.83984375,
2024-12-30,SPX,5906.93994140625,
2024-12-31,SPX,5881.6298828125,
2025-01-02,SPX,5868.5498046875,
2025-01-03,SPX,5942.47021484375,
2025-01-06,SPX,5975.3798828125,
2025-01-07,SPX,5909.02978515625,
2025-01-08,SPX,5918.25,
2025-01-10,SPX,5827.0400390625,
2025-01-13,SPX,5836.22021484375,
2025-01-14,SPX,5842.91015625,
2025-01-15,SPX,5949.91015625,
2025-01-16,SPX,5937.33984375,
2025-01-17,SPX,5996.66015625,
2025-01-21,SPX,6049.240234375,
2025-01-22,SPX,6086.3701171875,
2025-01-23,SPX,6118.7099609375,
2025-01-24,SPX,6101.240234375,
2025-01-27,SPX,6012.27978515625,
2025-01-28,SPX,6067.7001953125,
2025-01-29,SPX,6039.31005859375,
2025-01-30,SPX,6071.169921875,
2025-01-31,SPX,6040.52978515625,
2025-02-03,SPX,5994.56982421875,
2025-02-04,SPX,6037.8798828125,
2025-02-05,SPX,6061.47998046875,
2025-02-06,SPX,6083.56982421875,
2025-02-07,SPX,6025.990234375,
2025-02-10,SPX,6066.43994140625,
2025-02-11,SPX,6068.5,
2025-02-12,SPX,6051.97021484375,
2025-02-13,SPX,6115.06982421875,
2025-02-14,SPX,6114.6298828125,
2025-02-18,SPX,6129.580078125,
2025-02-19,SPX,6144.14990234375,
2025-02-20,SPX,6117.52001953125,
2025-02-21,SPX,6013.1298828125,
2025-02-24,SPX,5983.25,
2025-02-25,SPX,5955.25,
2025-02-26,SPX,5956.06005859375,
2025-02-27,SPX,5861.56982421875,
2025-02-28,SPX,5954.5,
2025-03-03,SPX,5849.72021484375,
2025-03-04,SPX,5778.14990234375,
2025-03-05,SPX,5842.6298828125,
2025-03-06,SPX,5738.52001953125,
2025-03-07,SPX,5770.2001953125,
2025-03-10,SPX,5614.56005859375,
2025-03-11,SPX,5572.06982421875,
2025-03-12,SPX,5599.2998046875,
2025-03-13,SPX,5521.52001953125,
2025-03-14,SPX,5638.93994140625,
2025-03-17,SPX,5675.1201171875,
2025-03-18,SPX,5614.66015625,
2025-03-19,SPX,5675.2900390625,
2025-03-20,SPX,5662.89013671875,
2025-03-21,SPX,5667.56005859375,
2025-03-24,SPX,5767.56982421875,
2025-03-25,SPX,5776.64990234375,
2025-03-26,SPX,5712.2001953125,
2025-03-27,SPX,5693.31005859375,
2025-03-28,SPX,5580.93994140625,
2025-03-31,SPX,5611.85009765625,
2025-04-01,SPX,5633.06982421875,
2025-04-02,SPX,5670.97021484375,
2025-04-03,SPX,5396.52001953125,
2025-04-04,SPX,5074.080078125,
2025-04-07,SPX,5062.25,
2025-04-08,SPX,4982.77001953125,
2025-04-09,SPX,5456.89990234375,
2025-04-10,SPX,5268.0498046875,
2025-04-11,SPX,5363.35986328125,
2025-04-14,SPX,5405.97021484375,
2025-04-15,SPX,5396.6298828125,
2025-04-16,SPX,5275.7001953125,
2025-04-17,SPX,5282.7001953125,
2025-04-21,SPX,5158.2001953125,
2025-04-22,SPX,5287.759765625,
2025-04-23,SPX,5375.85986328125,
2025-04-24,SPX,5484.77001953125,
2025-04-25,SPX,5525.2099609375,
2025-04-28,SPX,5528.75,
2025-04-29,SPX,5560.830078125,
2025-04-30,SPX,5569.06005859375,
2025-05-01,SPX,5604.14013671875,
2025-05-02,SPX,5686.669921875,
2025-05-05,SPX,5650.3798828125,
2025-05-06,SPX,5606.91015625,
2025-05-07,SPX,5631.27978515625,
2025-05-08,SPX,5663.93994140625,
2025-05-09,SPX,5659.91015625,
2025-05-12,SPX,5844.18994140625,
2025-05-13,SPX,5886.5498046875,
2025-05-14,SPX,5892.580078125,
2025-05-15,SPX,5916.93017578125,
2025-05-16,SPX,5958.3798828125,
2025-05-19,SPX,5963.60009765625,
2025-05-20,SPX,5940.4599609375,
2025-05-21,SPX,5844.60986328125,
2025-05-22,SPX,5842.009765625,
2025-05-23,SPX,5802.81982421875,
2025-05-27,SPX,5921.5400390625,
2025-05-28,SPX,5888.5498046875,
2025-05-29,SPX,5912.169921875,
2025-05-30,SPX,5911.68994140625,
2025-06-02,SPX,5935.93994140625,
2025-06-03,SPX,5970.3701171875,
2025-06-04,SPX,5970.81005859375,
2025-06-05,SPX,5939.2998046875,
2025-06-06,SPX,6000.35986328125,
2025-06-09,SPX,6005.8798828125,
2025-06-10,SPX,6038.81005859375,
2025-06-11,SPX,6022.240234375,
2025-06-12,SPX,6045.259765625,
2025-06-13,SPX,5976.97021484375,
2025-06-16,SPX,6033.10986328125,
2025-06-17,SPX,5982.72021484375,
2025-06-18,SPX,5980.8701171875,
2025-06-20,SPX,5967.83984375,
2025-06-23,SPX,6025.169921875,
2025-06-24,SPX,6092.18017578125,
2025-06-25,SPX,6092.16015625,
2025-06-26,SPX,6141.02001953125,
2025-06-27,SPX,6173.06982421875,
2025-06-30,SPX,6204.9501953125,
2025-07-01,SPX,6198.009765625,
2025-07-02,SPX,6227.419921875,
2025-07-03,SPX,6279.35009765625,
2025-07-07,SPX,6229.97998046875,
2025-07-08,SPX,6225.52001953125,
2025-07-09,SPX,6263.259765625,
2025-07-10,SPX,6280.4599609375,
2025-07-11,SPX,6259.75,
2025-07-14,SPX,6268.56005859375,
2025-07-15,SPX,6243.759765625,
2025-07-16,SPX,6263.7001953125,
2025-07-17,SPX,6297.35986328125,
2025-07-18,SPX,6296.7900390625,
2025-07-21,SPX,6305.60009765625,
2025-07-22,SPX,6309.6201171875,
2025-07-23,SPX,6358.91015625,
2025-07-24,SPX,6363.35009765625,
2025-07-25,SPX,6388.64013671875,
2025-07-28,SPX,6389.77001953125,
2025-07-29,SPX,6370.85986328125,
2025-07-30,SPX,6362.89990234375,
2025-07-31,SPX,6339.39013671875,
2025-08-01,SPX,6238.009765625,
2025-08-04,SPX,6329.93994140625,
2025-08-05,SPX,6299.18994140625,
2025-08-06,SPX,6345.06005859375,
2025-08-07,SPX,6340.0,
2025-08-08,SPX,6389.4501953125,
2025-08-11,SPX,6373.4501953125,
2025-08-12,SPX,6445.759765625,
2025-08-13,SPX,6466.580078125,
2025-08-14,SPX,6468.5400390625,
2025-08-15,SPX,6449.7998046875,
2025-08-18,SPX,6449.14990234375,
2025-08-19,SPX,6411.3701171875,
2025-08-20,SPX,6395.77978515625,
2025-08-21,SPX,6370.169921875,
2025-08-22,SPX,6466.91015625,
2025-08-25,SPX,6439.31982421875,
2025-08-26,SPX,6465.93994140625,
2025-08-27,SPX,6481.39990234375,
2025-08-28,SPX,6501.85986328125,
2025-08-29,SPX,6460.259765625,
2025-09-02,SPX,6415.5400390625,
2025-09-03,SPX,6448.259765625,
2025-09-04,SPX,6502.080078125,
2025-09-05,SPX,6481.5,
2025-09-08,SPX,6495.14990234375,
2025-09-09,SPX,6512.60986328125,
2025-09-10,SPX,6532.0400390625,
2025-09-11,SPX,6587.47021484375,
2025-09-12,SPX,6584.2900390625,
2025-09-15,SPX,6615.27978515625,
2025-09-16,SPX,6606.759765625,
2025-09-17,SPX,6600.35009765625,
2025-09-18,SPX,6631.9599609375,
2025-09-19,SPX,6664.35986328125,
2025-09-22,SPX,6693.75,
2025-09-23,SPX,6656.919921875,
2025-09-24,SPX,6637.97021484375,
2025-09-25,SPX,6604.72021484375,
2025-09-26,SPX,6643.7001953125,
2025-09-29,SPX,6661.2099609375,
2025-09-30,SPX,6688.4599609375,
2025-10-01,SPX,6711.2001953125,
2025-10-02,SPX,6715.35009765625,
2025-10-03,SPX,6715.7900390625,
2025-10-06,SPX,6740.27978515625,
2025-10-07,SPX,6714.58984375,
2025-10-08,SPX,6753.72021484375,
2025-10-09,SPX,6735.10986328125,
2025-10-10,SPX,6552.509765625,
2025-10-13,SPX,6654.72021484375,
2025-10-14,SPX,6644.31005859375,
2025-10-15,SPX,6671.06005859375,
2025-10-16,SPX,6629.06982421875,
2025-10-17,SPX,6664.009765625,
2025-10-20,SPX,6735.1298828125,
2025-10-21,SPX,6735.35009765625,
2025-10-22,SPX,6699.39990234375,
2025-10-23,SPX,6738.43994140625,
2025-10-24,SPX,6791.68994140625,
2025-10-27,SPX,6875.16015625,
2025-10-28,SPX,6890.89013671875,
2025-10-29,SPX,6890.58984375,
2025-10-30,SPX,6822.33984375,
2025-10-31,SPX,6840.2001953125,
2025-11-03,SPX,6851.97021484375,
2025-11-04,SPX,6771.5498046875,
2025-11-05,SPX,6796.2900390625,
2025-11-06,SPX,6720.31982421875,
2025-11-07,SPX,6728.7998046875,
2025-11-10,SPX,6832.43017578125,
2025-11-11,SPX,6846.60986328125,
2025-11-12,SPX,6850.919921875,
2025-11-13,SPX,6737.490234375,
2025-11-14,SPX,6734.10986328125,
2025-11-17,SPX,6672.41015625,
2025-11-18,SPX,6617.31982421875,
2025-11-19,SPX,6642.16015625,
2025-11-20,SPX,6538.759765625,
2025-11-21,SPX,6602.990234375,
2025-11-24,SPX,6705.1201171875,
2025-11-25,SPX,6765.8798828125,
2025-11-26,SPX,6812.60986328125,
2025-11-28,SPX,6849.08984375,
2025-12-01,SPX,6812.6298828125,
2025-12-02,SPX,6829.3701171875,
2025-12-03,SPX,6849.72021484375,
2025-12-04,SPX,6857.1201171875,
2025-12-05,SPX,6870.39990234375,
2025-12-08,SPX,6846.509765625,
2025-12-09,SPX,6840.509765625,
2025-12-10,SPX,6886.68017578125,
2025-12-11,SPX,6901.0,
2025-12-12,SPX,6827.41015625,
2025-12-15,SPX,6816.509765625,
2025-12-16,SPX,6800.259765625,
2025-12-17,SPX,6721.43017578125,
2025-12-18,SPX,6774.759765625,
2025-12-19,SPX,6834.5,
2025-12-22,SPX,6878.490234375,
2025-12-23,SPX,6909.7900390625,
2025-12-24,SPX,6932.0498046875,
2025-12-26,SPX,6929.93994140625,
2025-12-29,SPX,6905.740234375,
2025-12-30,SPX,6896.240234375,
2025-12-31,SPX,6845.5,
2026-01-02,SPX,6858.47021484375,
2026-01-05,SPX,6902.0498046875,
2026-01-06,SPX,6944.81982421875,
2026-01-07,SPX,6920.93017578125,
2026-01-08,SPX,6921.4599609375,
2026-01-09,SPX,6966.27978515625,
2026-01-12,SPX,6977.27001953125,
2026-01-13,SPX,6963.740234375,
2026-01-14,SPX,6926.60009765625,
2026-01-15,SPX,6944.47021484375,
2026-01-16,SPX,6940.009765625,
2026-01-20,SPX,6796.85986328125,
2026-01-21,SPX,6875.6201171875,
2026-01-22,SPX,6913.35009765625,
2026-01-23,SPX,6915.60986328125,
2026-01-26,SPX,6950.22998046875,
2026-01-27,SPX,6978.60009765625,
2026-01-28,SPX,6978.02978515625,
2026-01-29,SPX,6969.009765625,
2026-01-30,SPX,6939.02978515625,
2026-02-02,SPX,6976.43994140625,
2026-02-03,SPX,6917.81005859375,
2026-02-04,SPX,6882.72021484375,
2026-02-05,SPX,6798.39990234375,
2026-02-06,SPX,6932.2998046875,
2026-02-09,SPX,6964.81982421875,
2026-02-10,SPX,6941.81005859375,
2026-02-11,SPX,6941.47021484375,
2026-02-12,SPX,6832.759765625,
2026-02-13,SPX,6836.169921875,
2026-02-17,SPX,6843.22021484375,
2026-02-18,SPX,6881.31005859375,
2026-02-19,SPX,6861.89013671875,
2026-02-20,SPX,6909.509765625,
2026-02-23,SPX,6837.75,
2026-02-24,SPX,6890.06982421875,
2026-02-25,SPX,6946.1298828125,
2026-02-26,SPX,6908.85986328125,
2026-02-27,SPX,6878.8798828125,
2026-03-02,SPX,6881.6201171875,
2026-03-03,SPX,6816.6298828125,
2026-03-04,SPX,6869.5,
2026-03-05,SPX,6830.7099609375,
2026-03-06,SPX,6740.02001953125,
2026-03-09,SPX,6795.990234375,
2026-03-10,SPX,6781.47998046875,
2026-03-11,SPX,6775.7998046875,
2026-03-12,SPX,6672.6201171875,
2026-03-13,SPX,6632.18994140625,
2026-03-16,SPX,6699.3798828125,
2026-03-17,SPX,6716.08984375,
2026-03-18,SPX,6624.7001953125,
2026-03-19,SPX,6606.490234375,
2026-03-20,SPX,6506.47998046875,
2026-03-23,SPX,6581.0,
2026-03-24,SPX,6556.3701171875,
2026-03-25,SPX,6591.89990234375,
2026-03-26,SPX,6477.16015625,
2026-03-27,SPX,6368.85009765625,
2026-03-30,SPX,6343.72021484375,
2026-03-31,SPX,6528.52001953125,
2026-04-01,SPX,6575.31982421875,
2026-04-02,SPX,6582.68994140625,
2026-04-06,SPX,6611.830078125,
2026-04-07,SPX,6616.85009765625,
2026-04-08,SPX,6782.81005859375,
2026-04-09,SPX,6824.66015625,
2026-04-10,SPX,6816.89013671875,
2026-04-13,SPX,6886.240234375,
2026-04-14,SPX,6967.3798828125,
2026-04-15,SPX,7022.9501953125,
2026-04-16,SPX,7041.27978515625,
2026-04-17,SPX,7126.06005859375,
2026-04-20,SPX,7109.14013671875,
2026-04-21,SPX,7064.009765625,
2026-04-22,SPX,7137.89990234375,
2026-04-23,SPX,7108.39990234375,
2026-04-24,SPX,7165.080078125,
2026-04-27,SPX,7173.91015625,
2026-04-28,SPX,7138.7998046875,
2026-04-29,SPX,7135.9501953125,
2026-04-30,SPX,7209.009765625,
2026-05-01,SPX,7230.1201171875,
2026-05-04,SPX,7200.75,
2026-05-05,SPX,7259.22021484375,
2026-05-06,SPX,7365.1201171875,
2026-05-07,SPX,7337.10986328125,
2026-05-08,SPX,7398.93017578125,
2026-05-11,SPX,7412.83984375,
2026-05-12,SPX,7400.9599609375,
2026-05-13,SPX,7444.25,
2026-05-14,SPX,7501.240234375,
2026-05-15,SPX,7408.5,
2026-05-18,SPX,7403.0498046875,
2026-05-19,SPX,7353.60986328125,
2026-05-20,SPX,7432.97021484375,
2026-05-21,SPX,7445.72021484375,
2026-05-22,SPX,7473.47021484375,
2026-05-26,SPX,7519.1201171875,
2026-05-27,SPX,7520.35986328125,
2026-05-28,SPX,7563.6298828125,
2026-05-29,SPX,7580.06005859375,
2026-06-01,SPX,7599.9599609375,
2026-06-02,SPX,7609.77978515625,
2026-06-03,SPX,7553.68017578125,
2026-06-04,SPX,7584.31005859375,
2026-06-05,SPX,7383.740234375,
2026-06-08,SPX,7405.72998046875,
2026-06-09,SPX,7386.64990234375,
2026-06-10,SPX,7266.990234375,
2026-06-11,SPX,7394.2998046875,
2026-06-12,SPX,7431.4599609375,
2026-06-15,SPX,7554.2900390625,
2026-06-16,SPX,7511.35009765625,
2026-06-17,SPX,7420.10009765625,
2026-06-18,SPX,7500.580078125,
2026-06-22,SPX,7472.7900390625,
2026-06-23,SPX,7365.4599609375,
2026-06-24,SPX,7358.22021484375,
2026-06-25,SPX,7357.490234375,
2026-06-26,SPX,7354.02001953125,
2026-06-29,SPX,7440.43017578125,
2026-06-30,SPX,7499.35986328125,
2026-07-01,SPX,7483.22998046875,
2026-07-02,SPX,7483.240234375,
2026-07-06,SPX,7537.43017578125,
2026-07-07,SPX,7503.85009765625,
2026-07-08,SPX,7482.7099609375,
2026-07-09,SPX,7543.64013671875,
2026-07-10,SPX,7575.39013671875,
2026-07-13,SPX,7515.33984375,
2026-07-14,SPX,7543.58984375,
2026-07-15,SPX,7572.39990234375,
2026-07-16,SPX,7533.77001953125,
2026-07-17,SPX,7457.68994140625,
2026-07-20,SPX,7443.27978515625,
2026-07-21,SPX,7509.2001953125,
2026-07-22,SPX,7498.9599609375,
2026-07-23,SPX,7408.2998046875,
2026-07-24,SPX,7411.97998046875,
2026-07-27,SPX,7413.18017578125,
2026-07-28,SPX,7428.77978515625,
2026-07-29,SPX,7316.14990234375,
2026-07-30,SPX,7437.6298828125,
2026-07-31,SPX,7489.72021484375,
2026-08-03,SPX,7600.5,
2026-08-04,SPX,7736.52001953125,
2026-08-05,SPX,7739.990234375,
