date,ticker,close_adj,return,volume,market_cap_usd_m
2022-04-11,GOTO.JK,382.0,,9410897000,
2022-04-12,GOTO.JK,370.0,,3887331000,
2022-04-13,GOTO.JK,374.0,,3262811400,
2022-04-14,GOTO.JK,376.0,,3675981900,
2022-04-18,GOTO.JK,378.0,,2660312700,
2022-04-19,GOTO.JK,358.0,,2252971800,
2022-04-20,GOTO.JK,338.0,,5804281200,
2022-04-21,GOTO.JK,340.0,,1670584600,
2022-04-22,GOTO.JK,340.0,,6075753400,
2022-04-25,GOTO.JK,328.0,,1960587900,
2022-04-26,GOTO.JK,310.0,,1843997100,
2022-04-27,GOTO.JK,290.0,,2077577300,
2022-04-28,GOTO.JK,272.0,,2280309800,
2022-05-09,GOTO.JK,254.0,,621345600,
2022-05-10,GOTO.JK,238.0,,201334400,
2022-05-11,GOTO.JK,222.0,,2942404500,
2022-05-12,GOTO.JK,208.0,,312982800,
2022-05-13,GOTO.JK,194.0,,407286800,
2022-05-17,GOTO.JK,200.0,,3671507800,
2022-05-18,GOTO.JK,248.0,,4266865400,
2022-05-19,GOTO.JK,280.0,,7571482600,
2022-05-20,GOTO.JK,304.0,,4241679500,
2022-05-23,GOTO.JK,296.0,,4968873700,
2022-05-24,GOTO.JK,302.0,,4221223100,
2022-05-25,GOTO.JK,304.0,,3111550600,
2022-05-27,GOTO.JK,312.0,,3009337300,
2022-05-30,GOTO.JK,314.0,,3448044600,
2022-05-31,GOTO.JK,304.0,,2072919200,
2022-06-02,GOTO.JK,344.0,,5638486100,
2022-06-03,GOTO.JK,354.0,,3103587800,
2022-06-06,GOTO.JK,330.0,,3429231900,
2022-06-07,GOTO.JK,364.0,,7097558600,
2022-06-08,GOTO.JK,378.0,,6461195500,
2022-06-09,GOTO.JK,384.0,,6857099000,
2022-06-10,GOTO.JK,386.0,,4737100100,
2022-06-13,GOTO.JK,388.0,,4416773900,
2022-06-14,GOTO.JK,400.0,,4917375800,
2022-06-15,GOTO.JK,404.0,,3624954900,
2022-06-16,GOTO.JK,392.0,,3994392700,
2022-06-17,GOTO.JK,366.0,,2749644800,
2022-06-20,GOTO.JK,370.0,,4244450500,
2022-06-21,GOTO.JK,378.0,,2290207400,
2022-06-22,GOTO.JK,380.0,,1834331100,
2022-06-23,GOTO.JK,380.0,,1406469400,
2022-06-24,GOTO.JK,392.0,,3220565000,
2022-06-27,GOTO.JK,394.0,,1513413700,
2022-06-28,GOTO.JK,392.0,,899052600,
2022-06-29,GOTO.JK,390.0,,968133900,
2022-06-30,GOTO.JK,388.0,,917267800,
2022-07-01,GOTO.JK,370.0,,1099867400,
2022-07-04,GOTO.JK,346.0,,705938600,
2022-07-05,GOTO.JK,334.0,,1573844700,
2022-07-06,GOTO.JK,324.0,,1129407400,
2022-07-07,GOTO.JK,338.0,,1074824400,
2022-07-08,GOTO.JK,350.0,,1241855000,
2022-07-11,GOTO.JK,338.0,,840928300,
2022-07-12,GOTO.JK,330.0,,802215500,
2022-07-13,GOTO.JK,324.0,,870421000,
2022-07-14,GOTO.JK,332.0,,786358600,
2022-07-15,GOTO.JK,320.0,,998698500,
2022-07-18,GOTO.JK,298.0,,1199187000,
2022-07-19,GOTO.JK,302.0,,1378449800,
2022-07-20,GOTO.JK,308.0,,973012900,
2022-07-21,GOTO.JK,300.0,,471674900,
2022-07-22,GOTO.JK,308.0,,901187400,
2022-07-25,GOTO.JK,300.0,,623353800,
2022-07-26,GOTO.JK,292.0,,793320900,
2022-07-27,GOTO.JK,294.0,,912067900,
2022-07-28,GOTO.JK,306.0,,1342198000,
2022-07-29,GOTO.JK,296.0,,692858200,
2022-08-01,GOTO.JK,286.0,,763215700,
2022-08-02,GOTO.JK,286.0,,499654100,
2022-08-03,GOTO.JK,296.0,,505564700,
2022-08-04,GOTO.JK,296.0,,685966500,
2022-08-05,GOTO.JK,296.0,,404408400,
2022-08-08,GOTO.JK,282.0,,695393800,
2022-08-09,GOTO.JK,280.0,,549107900,
2022-08-10,GOTO.JK,280.0,,378601800,
2022-08-11,GOTO.JK,296.0,,759510500,
2022-08-12,GOTO.JK,292.0,,281931400,
2022-08-15,GOTO.JK,294.0,,324300800,
2022-08-16,GOTO.JK,324.0,,1630048400,
2022-08-18,GOTO.JK,334.0,,1467786100,
2022-08-19,GOTO.JK,334.0,,819289600,
2022-08-22,GOTO.JK,320.0,,731674300,
2022-08-23,GOTO.JK,326.0,,533231400,
2022-08-24,GOTO.JK,328.0,,317306600,
2022-08-25,GOTO.JK,326.0,,359738000,
2022-08-26,GOTO.JK,318.0,,307009800,
2022-08-29,GOTO.JK,320.0,,452164000,
2022-08-30,GOTO.JK,324.0,,569989200,
2022-08-31,GOTO.JK,302.0,,1150395400,
2022-09-01,GOTO.JK,290.0,,604813200,
2022-09-02,GOTO.JK,284.0,,569390900,
2022-09-05,GOTO.JK,282.0,,551653400,
2022-09-06,GOTO.JK,282.0,,418847200,
2022-09-07,GOTO.JK,282.0,,1078750900,
2022-09-08,GOTO.JK,286.0,,1297537200,
2022-09-09,GOTO.JK,282.0,,722741900,
2022-09-12,GOTO.JK,278.0,,722425300,
2022-09-13,GOTO.JK,276.0,,646000200,
2022-09-14,GOTO.JK,272.0,,942221600,
2022-09-15,GOTO.JK,266.0,,1309751800,
2022-09-16,GOTO.JK,248.0,,1907902100,
2022-09-19,GOTO.JK,242.0,,1180390700,
2022-09-20,GOTO.JK,266.0,,1631009500,
2022-09-21,GOTO.JK,264.0,,478347600,
2022-09-22,GOTO.JK,264.0,,316075300,
2022-09-23,GOTO.JK,264.0,,323786500,
2022-09-26,GOTO.JK,256.0,,769370300,
2022-09-27,GOTO.JK,252.0,,409587600,
2022-09-28,GOTO.JK,258.0,,658985500,
2022-09-29,GOTO.JK,250.0,,296437700,
2022-09-30,GOTO.JK,246.0,,803170900,
2022-10-03,GOTO.JK,238.0,,616023400,
2022-10-04,GOTO.JK,238.0,,549085500,
2022-10-05,GOTO.JK,242.0,,585580100,
2022-10-06,GOTO.JK,246.0,,927469300,
2022-10-07,GOTO.JK,244.0,,362853000,
2022-10-10,GOTO.JK,242.0,,207344500,
2022-10-11,GOTO.JK,228.0,,663946000,
2022-10-12,GOTO.JK,218.0,,723078400,
2022-10-13,GOTO.JK,212.0,,681890600,
2022-10-14,GOTO.JK,202.0,,820686500,
2022-10-17,GOTO.JK,208.0,,1004378600,
2022-10-18,GOTO.JK,206.0,,633648100,
2022-10-19,GOTO.JK,204.0,,469606700,
2022-10-20,GOTO.JK,206.0,,1457661900,
2022-10-21,GOTO.JK,200.0,,757002500,
2022-10-24,GOTO.JK,190.0,,1350719400,
2022-10-25,GOTO.JK,193.0,,1586468900,
2022-10-26,GOTO.JK,197.0,,1716782100,
2022-10-27,GOTO.JK,198.0,,871228300,
2022-10-28,GOTO.JK,189.0,,722541000,
2022-10-31,GOTO.JK,186.0,,710166900,
2022-11-01,GOTO.JK,184.0,,509600800,
2022-11-02,GOTO.JK,195.0,,862237100,
2022-11-03,GOTO.JK,200.0,,1695523200,
2022-11-04,GOTO.JK,200.0,,734140700,
2022-11-07,GOTO.JK,197.0,,563929600,
2022-11-08,GOTO.JK,194.0,,283015000,
2022-11-09,GOTO.JK,199.0,,606657100,
2022-11-10,GOTO.JK,188.0,,1244264600,
2022-11-11,GOTO.JK,210.0,,2048184500,
2022-11-14,GOTO.JK,204.0,,718525700,
2022-11-15,GOTO.JK,204.0,,541628500,
2022-11-16,GOTO.JK,218.0,,1271055100,
2022-11-17,GOTO.JK,214.0,,516263700,
2022-11-18,GOTO.JK,222.0,,1401184800,
2022-11-21,GOTO.JK,210.0,,970473000,
2022-11-22,GOTO.JK,196.0,,1594524700,
2022-11-23,GOTO.JK,191.0,,876202200,
2022-11-24,GOTO.JK,188.0,,676498700,
2022-11-25,GOTO.JK,185.0,,928443000,
2022-11-28,GOTO.JK,173.0,,1756591500,
2022-11-29,GOTO.JK,162.0,,1747506600,
2022-11-30,GOTO.JK,151.0,,3201332700,
2022-12-01,GOTO.JK,141.0,,465761900,
2022-12-02,GOTO.JK,132.0,,194519700,
2022-12-05,GOTO.JK,123.0,,172815100,
2022-12-06,GOTO.JK,115.0,,188696800,
2022-12-07,GOTO.JK,107.0,,248475200,
2022-12-08,GOTO.JK,100.0,,482718800,
2022-12-09,GOTO.JK,93.0,,280769900,
2022-12-12,GOTO.JK,87.0,,283769700,
2022-12-13,GOTO.JK,100.0,,26555346900,
2022-12-14,GOTO.JK,94.0,,8603484800,
2022-12-15,GOTO.JK,97.0,,3462893800,
2022-12-16,GOTO.JK,96.0,,2824421100,
2022-12-19,GOTO.JK,92.0,,2101922500,
2022-12-20,GOTO.JK,87.0,,3307702700,
2022-12-21,GOTO.JK,89.0,,2681076200,
2022-12-22,GOTO.JK,89.0,,1597245400,
2022-12-23,GOTO.JK,86.0,,1468730500,
2022-12-26,GOTO.JK,82.0,,1796841400,
2022-12-27,GOTO.JK,91.0,,2664999700,
2022-12-28,GOTO.JK,91.0,,1870751400,
2022-12-29,GOTO.JK,97.0,,4103905500,
2022-12-30,GOTO.JK,91.0,,2801920800,
2023-01-02,GOTO.JK,93.0,,897258100,
2023-01-03,GOTO.JK,95.0,,2761729900,
2023-01-04,GOTO.JK,96.0,,1816437300,
2023-01-05,GOTO.JK,92.0,,1795026400,
2023-01-06,GOTO.JK,95.0,,802624500,
2023-01-09,GOTO.JK,93.0,,1911356800,
2023-01-10,GOTO.JK,95.0,,1876902000,
2023-01-11,GOTO.JK,94.0,,632614500,
2023-01-12,GOTO.JK,97.0,,2508642100,
2023-01-13,GOTO.JK,105.0,,6370530700,
2023-01-16,GOTO.JK,107.0,,3602544900,
2023-01-17,GOTO.JK,114.0,,7642543700,
2023-01-18,GOTO.JK,114.0,,4022915200,
2023-01-19,GOTO.JK,115.0,,2689869700,
2023-01-20,GOTO.JK,114.0,,4169642200,
2023-01-24,GOTO.JK,119.0,,6586988600,
2023-01-25,GOTO.JK,117.0,,5141106500,
2023-01-26,GOTO.JK,115.0,,2412800600,
2023-01-27,GOTO.JK,117.0,,2461734200,
2023-01-30,GOTO.JK,113.0,,1662060700,
2023-01-31,GOTO.JK,112.0,,2929808600,
2023-02-01,GOTO.JK,113.0,,1700371800,
2023-02-02,GOTO.JK,124.0,,6121060400,
2023-02-03,GOTO.JK,124.0,,4983617500,
2023-02-06,GOTO.JK,120.0,,1838131300,
2023-02-07,GOTO.JK,123.0,,3152141000,
2023-02-08,GOTO.JK,120.0,,2752037500,
2023-02-09,GOTO.JK,112.0,,4732017300,
2023-02-10,GOTO.JK,105.0,,803642100,
2023-02-13,GOTO.JK,116.0,,10381585300,
2023-02-14,GOTO.JK,119.0,,3119397900,
2023-02-15,GOTO.JK,118.0,,2267807300,
2023-02-16,GOTO.JK,121.0,,3464330000,
2023-02-17,GOTO.JK,125.0,,7262941800,
2023-02-20,GOTO.JK,122.0,,6521473000,
2023-02-21,GOTO.JK,121.0,,2981870500,
2023-02-22,GOTO.JK,116.0,,4225445100,
2023-02-23,GOTO.JK,116.0,,1792359400,
2023-02-24,GOTO.JK,120.0,,2348456200,
2023-02-27,GOTO.JK,118.0,,2277082600,
2023-02-28,GOTO.JK,118.0,,3160179500,
2023-03-01,GOTO.JK,122.0,,3981849100,
2023-03-02,GOTO.JK,121.0,,2721105200,
2023-03-03,GOTO.JK,124.0,,2184394100,
2023-03-06,GOTO.JK,128.0,,3551983600,
2023-03-07,GOTO.JK,129.0,,3779176100,
2023-03-08,GOTO.JK,130.0,,4196129100,
2023-03-09,GOTO.JK,129.0,,1922759300,
2023-03-10,GOTO.JK,125.0,,2283679700,
2023-03-13,GOTO.JK,126.0,,4384992200,
2023-03-14,GOTO.JK,121.0,,3851197200,
2023-03-15,GOTO.JK,121.0,,3063900200,
2023-03-16,GOTO.JK,117.0,,2961356000,
2023-03-17,GOTO.JK,116.0,,58034016600,
2023-03-20,GOTO.JK,108.0,,2667209800,
2023-03-21,GOTO.JK,110.0,,4671194300,
2023-03-24,GOTO.JK,115.0,,3269322300,
2023-03-27,GOTO.JK,115.0,,1562022400,
2023-03-28,GOTO.JK,118.0,,1526839400,
2023-03-29,GOTO.JK,116.0,,2192202900,
2023-03-30,GOTO.JK,112.0,,2525410300,
2023-03-31,GOTO.JK,109.0,,3043461400,
2023-04-03,GOTO.JK,110.0,,2344341500,
2023-04-04,GOTO.JK,110.0,,1524521400,
2023-04-05,GOTO.JK,107.0,,1998405100,
2023-04-06,GOTO.JK,101.0,,7189254300,
2023-04-10,GOTO.JK,94.0,,3935236200,
2023-04-11,GOTO.JK,99.0,,5972809700,
2023-04-12,GOTO.JK,93.0,,4216335000,
2023-04-13,GOTO.JK,91.0,,5114014300,
2023-04-14,GOTO.JK,92.0,,3840963100,
2023-04-17,GOTO.JK,92.0,,1182628900,
2023-04-18,GOTO.JK,95.0,,956749500,
2023-04-26,GOTO.JK,95.0,,1838524300,
2023-04-27,GOTO.JK,99.0,,5844603100,
2023-04-28,GOTO.JK,104.0,,2867792700,
2023-05-02,GOTO.JK,103.0,,1548215600,
2023-05-03,GOTO.JK,100.0,,1867045500,
2023-05-04,GOTO.JK,109.0,,3535125100,
2023-05-05,GOTO.JK,106.0,,3105323400,
2023-05-08,GOTO.JK,106.0,,4112031600,
2023-05-09,GOTO.JK,109.0,,4161078000,
2023-05-10,GOTO.JK,118.0,,5983231300,
2023-05-11,GOTO.JK,116.0,,5732919300,
2023-05-12,GOTO.JK,116.0,,7321741000,
2023-05-15,GOTO.JK,117.0,,3716716500,
2023-05-16,GOTO.JK,118.0,,3021416700,
2023-05-17,GOTO.JK,113.0,,5592195100,
2023-05-19,GOTO.JK,115.0,,4214466700,
2023-05-22,GOTO.JK,114.0,,4221737600,
2023-05-23,GOTO.JK,115.0,,4251378800,
2023-05-24,GOTO.JK,114.0,,3619630900,
2023-05-25,GOTO.JK,111.0,,4305481100,
2023-05-26,GOTO.JK,104.0,,3861463800,
2023-05-29,GOTO.JK,108.0,,4966821400,
2023-05-30,GOTO.JK,109.0,,5728320300,
2023-05-31,GOTO.JK,147.0,,66010808800,
2023-06-05,GOTO.JK,125.0,,3172186900,
2023-06-06,GOTO.JK,119.0,,10141976800,
2023-06-07,GOTO.JK,116.0,,3915981300,
2023-06-08,GOTO.JK,125.0,,5204715100,
2023-06-09,GOTO.JK,127.0,,7172535400,
2023-06-12,GOTO.JK,124.0,,3813070300,
2023-06-13,GOTO.JK,121.0,,4021624800,
2023-06-14,GOTO.JK,116.0,,3500010200,
2023-06-15,GOTO.JK,116.0,,3125574800,
2023-06-16,GOTO.JK,117.0,,4424854900,
2023-06-19,GOTO.JK,117.0,,2266856900,
2023-06-20,GOTO.JK,118.0,,1709433100,
2023-06-21,GOTO.JK,118.0,,1370208100,
2023-06-22,GOTO.JK,115.0,,2221730900,
2023-06-23,GOTO.JK,113.0,,1320419500,
2023-06-26,GOTO.JK,114.0,,2611487000,
2023-06-27,GOTO.JK,110.0,,3939117000,
2023-07-03,GOTO.JK,112.0,,1637549900,
2023-07-04,GOTO.JK,109.0,,1577276000,
2023-07-05,GOTO.JK,109.0,,1323145400,
2023-07-06,GOTO.JK,112.0,,1816152500,
2023-07-07,GOTO.JK,108.0,,1548015500,
2023-07-10,GOTO.JK,108.0,,906201900,
2023-07-11,GOTO.JK,106.0,,2241201500,
2023-07-12,GOTO.JK,108.0,,1657452800,
2023-07-13,GOTO.JK,109.0,,2486433600,
2023-07-14,GOTO.JK,113.0,,2787282700,
2023-07-17,GOTO.JK,118.0,,5259739000,
2023-07-18,GOTO.JK,115.0,,3676308800,
2023-07-20,GOTO.JK,114.0,,1291403400,
2023-07-21,GOTO.JK,113.0,,1724153900,
2023-07-24,GOTO.JK,111.0,,2390622100,
2023-07-25,GOTO.JK,114.0,,2132764100,
2023-07-26,GOTO.JK,113.0,,1549526400,
2023-07-27,GOTO.JK,111.0,,1293790200,
2023-07-28,GOTO.JK,111.0,,1045859700,
2023-07-31,GOTO.JK,113.0,,2236846500,
2023-08-01,GOTO.JK,112.0,,1685088000,
2023-08-02,GOTO.JK,109.0,,2203219400,
2023-08-03,GOTO.JK,109.0,,1560053200,
2023-08-04,GOTO.JK,108.0,,1223271700,
2023-08-07,GOTO.JK,109.0,,1725214800,
2023-08-08,GOTO.JK,104.0,,3338224900,
2023-08-09,GOTO.JK,93.0,,8576395700,
2023-08-10,GOTO.JK,94.0,,4564040400,
2023-08-11,GOTO.JK,91.0,,3487818100,
2023-08-14,GOTO.JK,91.0,,1782689300,
2023-08-15,GOTO.JK,97.0,,3623598700,
2023-08-16,GOTO.JK,93.0,,2982317700,
2023-08-18,GOTO.JK,92.0,,2036158900,
2023-08-21,GOTO.JK,88.0,,3285717900,
2023-08-22,GOTO.JK,88.0,,1829490700,
2023-08-23,GOTO.JK,86.0,,2971228900,
2023-08-24,GOTO.JK,85.0,,2139426800,
2023-08-25,GOTO.JK,84.0,,1891515700,
2023-08-28,GOTO.JK,85.0,,1258556100,
2023-08-29,GOTO.JK,91.0,,5895349700,
2023-08-30,GOTO.JK,91.0,,1791810200,
2023-08-31,GOTO.JK,96.0,,7823385500,
2023-09-01,GOTO.JK,95.0,,1217262200,
2023-09-04,GOTO.JK,93.0,,781467500,
2023-09-05,GOTO.JK,90.0,,1187086600,
2023-09-06,GOTO.JK,91.0,,1162712100,
2023-09-07,GOTO.JK,94.0,,5148035100,
2023-09-08,GOTO.JK,93.0,,1383698800,
2023-09-11,GOTO.JK,89.0,,3471215900,
2023-09-12,GOTO.JK,88.0,,1606448800,
2023-09-13,GOTO.JK,87.0,,1593539700,
2023-09-14,GOTO.JK,88.0,,1489175200,
2023-09-15,GOTO.JK,92.0,,3597333200,
2023-09-18,GOTO.JK,92.0,,1348133400,
2023-09-19,GOTO.JK,90.0,,550038500,
2023-09-20,GOTO.JK,90.0,,1687125100,
2023-09-21,GOTO.JK,88.0,,1530818800,
2023-09-22,GOTO.JK,87.0,,1058373800,
2023-09-25,GOTO.JK,87.0,,1603642100,
2023-09-26,GOTO.JK,87.0,,5154826100,
2023-09-27,GOTO.JK,86.0,,2659270500,
2023-09-29,GOTO.JK,85.0,,2859965800,
2023-10-02,GOTO.JK,85.0,,986519300,
2023-10-03,GOTO.JK,83.0,,2448384100,
2023-10-04,GOTO.JK,82.0,,3138177300,
2023-10-05,GOTO.JK,84.0,,2428232100,
2023-10-06,GOTO.JK,84.0,,1962597700,
2023-10-09,GOTO.JK,83.0,,1248266200,
2023-10-10,GOTO.JK,82.0,,933401300,
2023-10-11,GOTO.JK,79.0,,4908844300,
2023-10-12,GOTO.JK,73.0,,7212174800,
2023-10-13,GOTO.JK,67.0,,8916016400,
2023-10-16,GOTO.JK,66.0,,18896754400,
2023-10-17,GOTO.JK,65.0,,5588281300,
2023-10-18,GOTO.JK,63.0,,3065112200,
2023-10-19,GOTO.JK,64.0,,3617021300,
2023-10-20,GOTO.JK,60.0,,5213928100,
2023-10-23,GOTO.JK,63.0,,4144242600,
2023-10-24,GOTO.JK,63.0,,2156764800,
2023-10-25,GOTO.JK,60.0,,2333212100,
2023-10-26,GOTO.JK,57.0,,4355604000,
2023-10-27,GOTO.JK,56.0,,4221228800,
2023-10-30,GOTO.JK,56.0,,3227537700,
2023-10-31,GOTO.JK,60.0,,6189908200,
2023-11-01,GOTO.JK,62.0,,5268048300,
2023-11-02,GOTO.JK,71.0,,9289070300,
2023-11-03,GOTO.JK,70.0,,12357064800,
2023-11-06,GOTO.JK,76.0,,11609322800,
2023-11-07,GOTO.JK,77.0,,4504171300,
2023-11-08,GOTO.JK,76.0,,3477038100,
2023-11-09,GOTO.JK,75.0,,1518268000,
2023-11-10,GOTO.JK,76.0,,3357085400,
2023-11-13,GOTO.JK,79.0,,9298881400,
2023-11-14,GOTO.JK,81.0,,5498986700,
2023-11-15,GOTO.JK,86.0,,6644867700,
2023-11-16,GOTO.JK,86.0,,2298431700,
2023-11-17,GOTO.JK,84.0,,2981278100,
2023-11-20,GOTO.JK,89.0,,4394326900,
2023-11-21,GOTO.JK,88.0,,5198685700,
2023-11-22,GOTO.JK,84.0,,6607513200,
2023-11-23,GOTO.JK,94.0,,9123547000,
2023-11-24,GOTO.JK,94.0,,4614062100,
2023-11-27,GOTO.JK,95.0,,1908160100,
2023-11-28,GOTO.JK,91.0,,3143885400,
2023-11-29,GOTO.JK,94.0,,3080840600,
2023-11-30,GOTO.JK,97.0,,7385280200,
2023-12-01,GOTO.JK,109.0,,13428030100,
2023-12-04,GOTO.JK,100.0,,16585726300,
2023-12-05,GOTO.JK,101.0,,17958163300,
2023-12-06,GOTO.JK,92.0,,12740767300,
2023-12-07,GOTO.JK,95.0,,10304424500,
2023-12-08,GOTO.JK,108.0,,13024490900,
2023-12-11,GOTO.JK,86.0,,34077962600,
2023-12-12,GOTO.JK,94.0,,11639048100,
2023-12-13,GOTO.JK,89.0,,6156560000,
2023-12-14,GOTO.JK,94.0,,8677211700,
2023-12-15,GOTO.JK,93.0,,3854647300,
2023-12-18,GOTO.JK,86.0,,10422864500,
2023-12-19,GOTO.JK,87.0,,4229529900,
2023-12-20,GOTO.JK,88.0,,1556573400,
2023-12-21,GOTO.JK,88.0,,1534795200,
2023-12-22,GOTO.JK,86.0,,1601574600,
2023-12-27,GOTO.JK,85.0,,1346276400,
2023-12-28,GOTO.JK,85.0,,1587004900,
2023-12-29,GOTO.JK,86.0,,1346337600,
2024-01-02,GOTO.JK,87.0,,1033123000,
2024-01-03,GOTO.JK,88.0,,1522845800,
2024-01-04,GOTO.JK,87.0,,1260270300,
2024-01-05,GOTO.JK,86.0,,902294200,
2024-01-08,GOTO.JK,86.0,,1071109200,
2024-01-09,GOTO.JK,88.0,,2274055400,
2024-01-10,GOTO.JK,87.0,,1044012100,
2024-01-11,GOTO.JK,91.0,,4061289200,
2024-01-12,GOTO.JK,91.0,,2888649600,
2024-01-15,GOTO.JK,91.0,,0,
2024-01-16,GOTO.JK,90.0,,1673821700,
2024-01-17,GOTO.JK,87.0,,8685343600,
2024-01-18,GOTO.JK,87.0,,2358522500,
2024-01-19,GOTO.JK,86.0,,1688760800,
2024-01-22,GOTO.JK,87.0,,1280204300,
2024-01-23,GOTO.JK,85.0,,1205633700,
2024-01-24,GOTO.JK,84.0,,1836423500,
2024-01-25,GOTO.JK,84.0,,2211926800,
2024-01-26,GOTO.JK,82.0,,2392268900,
2024-01-29,GOTO.JK,78.0,,6171480200,
2024-01-30,GOTO.JK,87.0,,6031069200,
2024-01-31,GOTO.JK,88.0,,4262985100,
2024-02-01,GOTO.JK,90.0,,5426951900,
2024-02-02,GOTO.JK,90.0,,1905803800,
2024-02-05,GOTO.JK,84.0,,3604246900,
2024-02-06,GOTO.JK,84.0,,3995533800,
2024-02-07,GOTO.JK,84.0,,1405159400,
2024-02-12,GOTO.JK,86.0,,5204585300,
2024-02-13,GOTO.JK,86.0,,1682117100,
2024-02-15,GOTO.JK,85.0,,3065918100,
2024-02-16,GOTO.JK,83.0,,2159032500,
2024-02-19,GOTO.JK,84.0,,3548941500,
2024-02-20,GOTO.JK,83.0,,1983019100,
2024-02-21,GOTO.JK,80.0,,3151288700,
2024-02-22,GOTO.JK,79.0,,1520811700,
2024-02-23,GOTO.JK,79.0,,2076412600,
2024-02-26,GOTO.JK,78.0,,1035227600,
2024-02-27,GOTO.JK,80.0,,4767376600,
2024-02-28,GOTO.JK,75.0,,7850270400,
2024-02-29,GOTO.JK,71.0,,7046461300,
2024-03-01,GOTO.JK,69.0,,2513433500,
2024-03-04,GOTO.JK,64.0,,5851813700,
2024-03-05,GOTO.JK,63.0,,2393361600,
2024-03-06,GOTO.JK,74.0,,7056190100,
2024-03-07,GOTO.JK,70.0,,6569707300,
2024-03-08,GOTO.JK,70.0,,1759717600,
2024-03-13,GOTO.JK,67.0,,1995358600,
2024-03-14,GOTO.JK,70.0,,2693907300,
2024-03-15,GOTO.JK,71.0,,11303727700,
2024-03-18,GOTO.JK,73.0,,4905864000,
2024-03-19,GOTO.JK,72.0,,3124615500,
2024-03-20,GOTO.JK,65.0,,5974342400,
2024-03-21,GOTO.JK,67.0,,2407379900,
2024-03-22,GOTO.JK,68.0,,1404851500,
2024-03-25,GOTO.JK,68.0,,0,
2024-03-26,GOTO.JK,68.0,,0,
2024-03-27,GOTO.JK,66.0,,1824211100,
2024-03-28,GOTO.JK,69.0,,1875306700,
2024-04-01,GOTO.JK,68.0,,1275456800,
2024-04-02,GOTO.JK,70.0,,2224757900,
2024-04-03,GOTO.JK,68.0,,1190322400,
2024-04-04,GOTO.JK,69.0,,1093429800,
2024-04-05,GOTO.JK,68.0,,1149877400,
2024-04-16,GOTO.JK,65.0,,3869433700,
2024-04-17,GOTO.JK,62.0,,2984317500,
2024-04-18,GOTO.JK,62.0,,1902357100,
2024-04-19,GOTO.JK,59.0,,3167130600,
2024-04-22,GOTO.JK,59.0,,1962140100,
2024-04-23,GOTO.JK,61.0,,3051562600,
2024-04-24,GOTO.JK,64.0,,2611959200,
2024-04-25,GOTO.JK,62.0,,1395079800,
2024-04-26,GOTO.JK,61.0,,1793162200,
2024-04-29,GOTO.JK,63.0,,2183315600,
2024-04-30,GOTO.JK,63.0,,2530850000,
2024-05-02,GOTO.JK,63.0,,1609394400,
2024-05-03,GOTO.JK,66.0,,4524284200,
2024-05-06,GOTO.JK,69.0,,4215661500,
2024-05-07,GOTO.JK,65.0,,2250633100,
2024-05-08,GOTO.JK,67.0,,1821308400,
2024-05-13,GOTO.JK,67.0,,2011559400,
2024-05-14,GOTO.JK,65.0,,1286399300,
2024-05-15,GOTO.JK,66.0,,1437856700,
2024-05-16,GOTO.JK,66.0,,2169049600,
2024-05-17,GOTO.JK,66.0,,4139900700,
2024-05-20,GOTO.JK,65.0,,2106424900,
2024-05-21,GOTO.JK,64.0,,1189219500,
2024-05-22,GOTO.JK,66.0,,2527051500,
2024-05-27,GOTO.JK,70.0,,6008134500,
2024-05-28,GOTO.JK,74.0,,4578295900,
2024-05-29,GOTO.JK,71.0,,2986520500,
2024-05-30,GOTO.JK,67.0,,4459371700,
2024-05-31,GOTO.JK,65.0,,8579592100,
2024-06-03,GOTO.JK,64.0,,2819780100,
2024-06-04,GOTO.JK,61.0,,3897345000,
2024-06-05,GOTO.JK,59.0,,2941421600,
2024-06-06,GOTO.JK,60.0,,3653448500,
2024-06-07,GOTO.JK,58.0,,2112800200,
2024-06-10,GOTO.JK,56.0,,12293676100,
2024-06-11,GOTO.JK,53.0,,5391123100,
2024-06-12,GOTO.JK,52.0,,4916057200,
2024-06-13,GOTO.JK,52.0,,6275740200,
2024-06-14,GOTO.JK,52.0,,3781341000,
2024-06-19,GOTO.JK,50.0,,9357880800,
2024-06-20,GOTO.JK,50.0,,3692944100,
2024-06-21,GOTO.JK,50.0,,8090430900,
2024-06-24,GOTO.JK,51.0,,1898379900,
2024-06-25,GOTO.JK,50.0,,2216509800,
2024-06-26,GOTO.JK,50.0,,1958237500,
2024-06-27,GOTO.JK,50.0,,866920300,
2024-06-28,GOTO.JK,50.0,,1042748000,
2024-07-01,GOTO.JK,50.0,,452005800,
2024-07-02,GOTO.JK,50.0,,294810200,
2024-07-03,GOTO.JK,50.0,,534537400,
2024-07-04,GOTO.JK,50.0,,491141700,
2024-07-05,GOTO.JK,50.0,,303612500,
2024-07-08,GOTO.JK,50.0,,520213800,
2024-07-09,GOTO.JK,50.0,,336028000,
2024-07-10,GOTO.JK,50.0,,7937139200,
2024-07-11,GOTO.JK,50.0,,1466174900,
2024-07-12,GOTO.JK,50.0,,146512300,
2024-07-15,GOTO.JK,50.0,,374983200,
2024-07-16,GOTO.JK,50.0,,119356200,
2024-07-17,GOTO.JK,51.0,,9198716900,
2024-07-18,GOTO.JK,51.0,,2400367200,
2024-07-19,GOTO.JK,50.0,,1897339100,
2024-07-22,GOTO.JK,51.0,,1834439400,
2024-07-23,GOTO.JK,55.0,,12618321500,
2024-07-24,GOTO.JK,54.0,,2660984600,
2024-07-25,GOTO.JK,54.0,,911091700,
2024-07-26,GOTO.JK,53.0,,913457100,
2024-07-29,GOTO.JK,54.0,,1621366300,
2024-07-30,GOTO.JK,55.0,,1223172300,
2024-07-31,GOTO.JK,53.0,,2829429300,
2024-08-01,GOTO.JK,53.0,,1425057600,
2024-08-02,GOTO.JK,53.0,,2195681200,
2024-08-05,GOTO.JK,51.0,,5466579700,
2024-08-06,GOTO.JK,50.0,,1271351800,
2024-08-07,GOTO.JK,50.0,,1579478100,
2024-08-08,GOTO.JK,50.0,,1628260800,
2024-08-09,GOTO.JK,51.0,,1813186600,
2024-08-12,GOTO.JK,51.0,,4394672600,
2024-08-13,GOTO.JK,52.0,,1774401600,
2024-08-14,GOTO.JK,53.0,,3005755000,
2024-08-15,GOTO.JK,54.0,,1473984200,
2024-08-16,GOTO.JK,54.0,,750364500,
2024-08-19,GOTO.JK,54.0,,1171542100,
2024-08-20,GOTO.JK,53.0,,2776781200,
2024-08-21,GOTO.JK,53.0,,3026388200,
2024-08-22,GOTO.JK,52.0,,1177448900,
2024-08-23,GOTO.JK,53.0,,994970600,
2024-08-26,GOTO.JK,52.0,,1106182300,
2024-08-27,GOTO.JK,52.0,,1212024600,
2024-08-28,GOTO.JK,51.0,,1305362100,
2024-08-29,GOTO.JK,51.0,,1221450500,
2024-08-30,GOTO.JK,52.0,,4089429400,
2024-09-02,GOTO.JK,53.0,,962397500,
2024-09-03,GOTO.JK,52.0,,1070903100,
2024-09-04,GOTO.JK,52.0,,978460800,
2024-09-05,GOTO.JK,52.0,,574750300,
2024-09-06,GOTO.JK,53.0,,884911500,
2024-09-09,GOTO.JK,53.0,,1442505400,
2024-09-10,GOTO.JK,56.0,,7341565100,
2024-09-11,GOTO.JK,56.0,,2387567400,
2024-09-12,GOTO.JK,60.0,,11073380400,
2024-09-13,GOTO.JK,61.0,,4312534900,
2024-09-17,GOTO.JK,65.0,,7405920400,
2024-09-18,GOTO.JK,61.0,,8963789100,
2024-09-19,GOTO.JK,63.0,,8638630900,
2024-09-20,GOTO.JK,63.0,,11110626400,
2024-09-23,GOTO.JK,65.0,,5423426400,
2024-09-24,GOTO.JK,63.0,,3544257900,
2024-09-25,GOTO.JK,66.0,,10780374700,
2024-09-26,GOTO.JK,70.0,,6195847400,
2024-09-27,GOTO.JK,70.0,,6318881200,
2024-09-30,GOTO.JK,66.0,,6003849900,
2024-10-01,GOTO.JK,67.0,,2147891100,
2024-10-02,GOTO.JK,65.0,,5047793900,
2024-10-03,GOTO.JK,64.0,,3526729900,
2024-10-04,GOTO.JK,60.0,,8902101600,
2024-10-07,GOTO.JK,60.0,,4869564800,
2024-10-08,GOTO.JK,60.0,,2124278900,
2024-10-09,GOTO.JK,60.0,,1532427800,
2024-10-10,GOTO.JK,60.0,,1505316200,
2024-10-11,GOTO.JK,60.0,,1368235600,
2024-10-14,GOTO.JK,65.0,,4964790700,
2024-10-15,GOTO.JK,66.0,,3540081600,
2024-10-16,GOTO.JK,68.0,,4213989600,
2024-10-17,GOTO.JK,68.0,,2305911400,
2024-10-18,GOTO.JK,68.0,,1664544100,
2024-10-21,GOTO.JK,68.0,,3803288400,
2024-10-22,GOTO.JK,72.0,,8838490300,
2024-10-23,GOTO.JK,74.0,,4433473900,
2024-10-24,GOTO.JK,72.0,,2954179200,
2024-10-25,GOTO.JK,70.0,,3097612300,
2024-10-28,GOTO.JK,68.0,,3395966100,
2024-10-29,GOTO.JK,70.0,,2778898900,
2024-10-30,GOTO.JK,71.0,,1913545300,
2024-10-31,GOTO.JK,68.0,,4357477500,
2024-11-01,GOTO.JK,68.0,,2045930500,
2024-11-04,GOTO.JK,65.0,,4573255700,
2024-11-05,GOTO.JK,66.0,,2670744200,
2024-11-06,GOTO.JK,64.0,,3705990300,
2024-11-07,GOTO.JK,61.0,,2631644600,
2024-11-08,GOTO.JK,63.0,,2205440500,
2024-11-11,GOTO.JK,65.0,,2651146000,
2024-11-12,GOTO.JK,68.0,,3331831800,
2024-11-13,GOTO.JK,67.0,,2657887100,
2024-11-14,GOTO.JK,65.0,,2681785300,
2024-11-15,GOTO.JK,64.0,,2473614200,
2024-11-18,GOTO.JK,68.0,,3951518500,
2024-11-19,GOTO.JK,74.0,,7367676100,
2024-11-20,GOTO.JK,72.0,,4336619600,
2024-11-21,GOTO.JK,72.0,,3043522600,
2024-11-22,GOTO.JK,78.0,,9288446300,
2024-11-25,GOTO.JK,76.0,,10068829100,
2024-11-26,GOTO.JK,74.0,,3858695500,
2024-11-28,GOTO.JK,72.0,,5724835500,
2024-11-29,GOTO.JK,71.0,,7015945300,
2024-12-02,GOTO.JK,70.0,,3384985600,
2024-12-03,GOTO.JK,75.0,,5210483900,
2024-12-04,GOTO.JK,75.0,,3628567400,
2024-12-05,GOTO.JK,75.0,,1739195300,
2024-12-06,GOTO.JK,77.0,,2802568300,
2024-12-09,GOTO.JK,78.0,,9579731800,
2024-12-10,GOTO.JK,80.0,,3660168500,
2024-12-11,GOTO.JK,78.0,,8201886200,
2024-12-12,GOTO.JK,77.0,,2409227600,
2024-12-13,GOTO.JK,76.0,,2382654100,
2024-12-16,GOTO.JK,72.0,,7281091500,
2024-12-17,GOTO.JK,70.0,,5149706600,
2024-12-18,GOTO.JK,70.0,,1909298200,
2024-12-19,GOTO.JK,68.0,,3854282200,
2024-12-20,GOTO.JK,69.0,,2981674400,
2024-12-23,GOTO.JK,71.0,,3155772300,
2024-12-24,GOTO.JK,68.0,,1467603700,
2024-12-27,GOTO.JK,63.0,,5994574800,
2024-12-30,GOTO.JK,70.0,,6484986000,
2025-01-02,GOTO.JK,71.0,,3843585700,
2025-01-03,GOTO.JK,78.0,,6984717600,
2025-01-06,GOTO.JK,80.0,,8687120000,
2025-01-07,GOTO.JK,80.0,,4000212600,
2025-01-08,GOTO.JK,80.0,,3167409900,
2025-01-09,GOTO.JK,80.0,,3028169300,
2025-01-10,GOTO.JK,81.0,,4224089600,
2025-01-13,GOTO.JK,79.0,,2078651200,
2025-01-14,GOTO.JK,80.0,,2006622900,
2025-01-15,GOTO.JK,80.0,,2108100100,
2025-01-16,GOTO.JK,80.0,,1564795000,
2025-01-17,GOTO.JK,84.0,,5769234700,
2025-01-20,GOTO.JK,86.0,,5671240400,
2025-01-21,GOTO.JK,84.0,,5075992000,
2025-01-22,GOTO.JK,84.0,,3464820500,
2025-01-23,GOTO.JK,86.0,,2653410400,
2025-01-24,GOTO.JK,83.0,,2101549200,
2025-01-30,GOTO.JK,80.0,,4552402800,
2025-01-31,GOTO.JK,81.0,,2575817200,
2025-02-03,GOTO.JK,81.0,,2865844900,
2025-02-04,GOTO.JK,87.0,,11625310100,
2025-02-05,GOTO.JK,85.0,,13168298900,
2025-02-06,GOTO.JK,83.0,,4886877200,
2025-02-07,GOTO.JK,83.0,,3650957400,
2025-02-10,GOTO.JK,82.0,,3620780200,
2025-02-11,GOTO.JK,81.0,,2221938900,
2025-02-12,GOTO.JK,83.0,,1670297200,
2025-02-13,GOTO.JK,81.0,,2364592900,
2025-02-14,GOTO.JK,81.0,,1533596400,
2025-02-17,GOTO.JK,82.0,,1685080300,
2025-02-18,GOTO.JK,79.0,,3687312400,
2025-02-19,GOTO.JK,80.0,,2682124600,
2025-02-20,GOTO.JK,80.0,,2207569800,
2025-02-21,GOTO.JK,80.0,,3030158100,
2025-02-24,GOTO.JK,79.0,,1005073500,
2025-02-25,GOTO.JK,78.0,,3491481000,
2025-02-26,GOTO.JK,77.0,,2716005900,
2025-02-27,GOTO.JK,76.0,,4641603500,
2025-02-28,GOTO.JK,75.0,,4358754600,
2025-03-03,GOTO.JK,80.0,,3802566200,
2025-03-04,GOTO.JK,77.0,,2989084100,
2025-03-05,GOTO.JK,82.0,,3316313300,
2025-03-06,GOTO.JK,82.0,,2348761400,
2025-03-07,GOTO.JK,86.0,,9974932800,
2025-03-10,GOTO.JK,85.0,,3777386900,
2025-03-11,GOTO.JK,80.0,,4452211100,
2025-03-12,GOTO.JK,83.0,,3425290800,
2025-03-13,GOTO.JK,81.0,,3933883400,
2025-03-14,GOTO.JK,80.0,,2546497300,
2025-03-17,GOTO.JK,79.0,,1845752600,
2025-03-18,GOTO.JK,83.0,,5453812000,
2025-03-19,GOTO.JK,82.0,,1481073200,
2025-03-20,GOTO.JK,81.0,,2228311200,
2025-03-21,GOTO.JK,81.0,,5413267700,
2025-03-24,GOTO.JK,80.0,,1942655600,
2025-03-25,GOTO.JK,79.0,,1367054700,
2025-03-26,GOTO.JK,83.0,,4437898700,
2025-03-27,GOTO.JK,83.0,,1596472600,
2025-04-08,GOTO.JK,71.0,,5022688100,
2025-04-09,GOTO.JK,67.0,,4370283500,
2025-04-10,GOTO.JK,76.0,,4632030000,
2025-04-11,GOTO.JK,77.0,,1936217500,
2025-04-14,GOTO.JK,80.0,,3970258000,
2025-04-15,GOTO.JK,79.0,,3335040400,
2025-04-16,GOTO.JK,80.0,,2414261800,
2025-04-17,GOTO.JK,80.0,,1924884700,
2025-04-21,GOTO.JK,79.0,,647913400,
2025-04-22,GOTO.JK,79.0,,1200646700,
2025-04-23,GOTO.JK,80.0,,2618496700,
2025-04-24,GOTO.JK,80.0,,2750378200,
2025-04-25,GOTO.JK,84.0,,3960768900,
2025-04-28,GOTO.JK,82.0,,2033004200,
2025-04-29,GOTO.JK,85.0,,4306411800,
2025-04-30,GOTO.JK,85.0,,5131656000,
2025-05-02,GOTO.JK,82.0,,2627450200,
2025-05-05,GOTO.JK,83.0,,4625567400,
2025-05-06,GOTO.JK,83.0,,1579521600,
2025-05-07,GOTO.JK,84.0,,2030868500,
2025-05-08,GOTO.JK,81.0,,8497274400,
2025-05-09,GOTO.JK,81.0,,3082520800,
2025-05-14,GOTO.JK,79.0,,6907580600,
2025-05-15,GOTO.JK,73.0,,13596210000,
2025-05-16,GOTO.JK,73.0,,6456256600,
2025-05-19,GOTO.JK,71.0,,6453126500,
2025-05-20,GOTO.JK,72.0,,5141754300,
2025-05-21,GOTO.JK,70.0,,6245922300,
2025-05-22,GOTO.JK,72.0,,3954705700,
2025-05-23,GOTO.JK,72.0,,1138400000,
2025-05-26,GOTO.JK,68.0,,14901151700,
2025-05-27,GOTO.JK,66.0,,9144531100,
2025-05-28,GOTO.JK,64.0,,10590370000,
2025-06-02,GOTO.JK,62.0,,6575164000,
2025-06-03,GOTO.JK,62.0,,4777848900,
2025-06-04,GOTO.JK,62.0,,4930864400,
2025-06-05,GOTO.JK,61.0,,2076518800,
2025-06-10,GOTO.JK,66.0,,8602718000,
2025-06-11,GOTO.JK,68.0,,5158880500,
2025-06-12,GOTO.JK,67.0,,3337707200,
2025-06-13,GOTO.JK,64.0,,4201016500,
2025-06-16,GOTO.JK,64.0,,2745897400,
2025-06-17,GOTO.JK,64.0,,1211113800,
2025-06-18,GOTO.JK,63.0,,2434505700,
2025-06-19,GOTO.JK,61.0,,3974585500,
2025-06-20,GOTO.JK,59.0,,11574545200,
2025-06-23,GOTO.JK,57.0,,6601755900,
2025-06-24,GOTO.JK,57.0,,4670232000,
2025-06-25,GOTO.JK,59.0,,2379301100,
2025-06-26,GOTO.JK,60.0,,1759199400,
2025-06-30,GOTO.JK,58.0,,3299879000,
2025-07-01,GOTO.JK,59.0,,1089836500,
2025-07-02,GOTO.JK,57.0,,4064954000,
2025-07-03,GOTO.JK,57.0,,3172744900,
2025-07-04,GOTO.JK,59.0,,2412187900,
2025-07-07,GOTO.JK,60.0,,1635911400,
2025-07-08,GOTO.JK,60.0,,1498231100,
2025-07-09,GOTO.JK,59.0,,1312539300,
2025-07-10,GOTO.JK,60.0,,859690100,
2025-07-11,GOTO.JK,59.0,,880783400,
2025-07-14,GOTO.JK,59.0,,2366012400,
2025-07-15,GOTO.JK,59.0,,2225600700,
2025-07-16,GOTO.JK,59.0,,1317626000,
2025-07-17,GOTO.JK,60.0,,3100097700,
2025-07-18,GOTO.JK,58.0,,8325688300,
2025-07-21,GOTO.JK,57.0,,3164740000,
2025-07-22,GOTO.JK,58.0,,2602475000,
2025-07-23,GOTO.JK,60.0,,3746275900,
2025-07-24,GOTO.JK,59.0,,3405743000,
2025-07-25,GOTO.JK,58.0,,5090425000,
2025-07-28,GOTO.JK,59.0,,3567335000,
2025-07-29,GOTO.JK,59.0,,1423009300,
2025-07-30,GOTO.JK,64.0,,6540042400,
2025-07-31,GOTO.JK,65.0,,6524608400,
2025-08-01,GOTO.JK,65.0,,3039895900,
2025-08-04,GOTO.JK,63.0,,1964634100,
2025-08-05,GOTO.JK,65.0,,1329202900,
2025-08-06,GOTO.JK,65.0,,1312113200,
2025-08-07,GOTO.JK,63.0,,2490347000,
2025-08-08,GOTO.JK,62.0,,1944611300,
2025-08-11,GOTO.JK,62.0,,1588434100,
2025-08-12,GOTO.JK,65.0,,1752940900,
2025-08-13,GOTO.JK,64.0,,3230631400,
2025-08-14,GOTO.JK,62.0,,3815954900,
2025-08-15,GOTO.JK,62.0,,2688001200,
2025-08-19,GOTO.JK,61.0,,4700675900,
2025-08-20,GOTO.JK,61.0,,1633624900,
2025-08-21,GOTO.JK,61.0,,2876999000,
2025-08-22,GOTO.JK,61.0,,2296673100,
2025-08-25,GOTO.JK,60.0,,1569532300,
2025-08-26,GOTO.JK,61.0,,7395943700,
2025-08-27,GOTO.JK,60.0,,1096892600,
2025-08-28,GOTO.JK,59.0,,911818300,
2025-08-29,GOTO.JK,58.0,,3597693700,
2025-09-01,GOTO.JK,58.0,,2405006300,
2025-09-02,GOTO.JK,58.0,,1376538200,
2025-09-03,GOTO.JK,58.0,,1273540500,
2025-09-04,GOTO.JK,59.0,,1621019900,
2025-09-08,GOTO.JK,58.0,,1947303100,
2025-09-09,GOTO.JK,56.0,,3224398200,
2025-09-10,GOTO.JK,56.0,,1414873900,
2025-09-11,GOTO.JK,57.0,,2362188800,
2025-09-12,GOTO.JK,57.0,,1246327000,
2025-09-15,GOTO.JK,57.0,,1680677100,
2025-09-16,GOTO.JK,57.0,,5081307500,
2025-09-17,GOTO.JK,57.0,,1490814900,
2025-09-18,GOTO.JK,56.0,,3626324000,
2025-09-19,GOTO.JK,55.0,,8566178900,
2025-09-22,GOTO.JK,54.0,,2383689900,
2025-09-23,GOTO.JK,54.0,,4157100100,
2025-09-24,GOTO.JK,53.0,,1352485600,
2025-09-25,GOTO.JK,55.0,,6438375700,
2025-09-26,GOTO.JK,57.0,,3564352500,
2025-09-29,GOTO.JK,56.0,,1739822200,
2025-09-30,GOTO.JK,54.0,,3758567500,
2025-10-01,GOTO.JK,55.0,,3502080800,
2025-10-02,GOTO.JK,54.0,,1790087100,
2025-10-03,GOTO.JK,57.0,,8175859900,
2025-10-06,GOTO.JK,57.0,,4529777600,
2025-10-07,GOTO.JK,56.0,,2119953500,
2025-10-08,GOTO.JK,56.0,,985459900,
2025-10-09,GOTO.JK,55.0,,1552248700,
2025-10-10,GOTO.JK,54.0,,1869557400,
2025-10-13,GOTO.JK,55.0,,2250752100,
2025-10-14,GOTO.JK,55.0,,3714251200,
2025-10-15,GOTO.JK,54.0,,2080781400,
2025-10-16,GOTO.JK,55.0,,1139962100,
2025-10-17,GOTO.JK,55.0,,2350367900,
2025-10-20,GOTO.JK,55.0,,3051389000,
2025-10-21,GOTO.JK,56.0,,1916916800,
2025-10-22,GOTO.JK,54.0,,1072230600,
2025-10-23,GOTO.JK,56.0,,1122900600,
2025-10-24,GOTO.JK,55.0,,865633200,
2025-10-27,GOTO.JK,55.0,,5325151600,
2025-10-28,GOTO.JK,55.0,,1717311400,
2025-10-29,GOTO.JK,56.0,,924175800,
2025-10-30,GOTO.JK,60.0,,10550240400,
2025-10-31,GOTO.JK,60.0,,4058420600,
2025-11-03,GOTO.JK,59.0,,1787709700,
2025-11-04,GOTO.JK,57.0,,2872514200,
2025-11-05,GOTO.JK,62.0,,11797419300,
2025-11-06,GOTO.JK,61.0,,2792568800,
2025-11-07,GOTO.JK,61.0,,3833751700,
2025-11-10,GOTO.JK,67.0,,14345482000,
2025-11-11,GOTO.JK,67.0,,10123937400,
2025-11-12,GOTO.JK,65.0,,6511203800,
2025-11-13,GOTO.JK,64.0,,5228092900,
2025-11-14,GOTO.JK,65.0,,2688127300,
2025-11-17,GOTO.JK,62.0,,4772617200,
2025-11-18,GOTO.JK,61.0,,3441374500,
2025-11-19,GOTO.JK,60.0,,3613895900,
2025-11-20,GOTO.JK,60.0,,2875493100,
2025-11-21,GOTO.JK,64.0,,5357554500,
2025-11-24,GOTO.JK,65.0,,12188506300,
2025-11-25,GOTO.JK,65.0,,2198091500,
2025-11-26,GOTO.JK,65.0,,1781677400,
2025-11-27,GOTO.JK,65.0,,2847805200,
2025-11-28,GOTO.JK,64.0,,2270637900,
2025-12-01,GOTO.JK,67.0,,4333478300,
2025-12-02,GOTO.JK,65.0,,4418422800,
2025-12-03,GOTO.JK,64.0,,1956436600,
2025-12-04,GOTO.JK,64.0,,1341546300,
2025-12-05,GOTO.JK,64.0,,1794410100,
2025-12-08,GOTO.JK,70.0,,13380124800,
2025-12-09,GOTO.JK,71.0,,6529828600,
2025-12-10,GOTO.JK,70.0,,3321535800,
2025-12-11,GOTO.JK,68.0,,3956062600,
2025-12-12,GOTO.JK,66.0,,6017508700,
2025-12-15,GOTO.JK,65.0,,4882787900,
2025-12-16,GOTO.JK,68.0,,7444003400,
2025-12-17,GOTO.JK,66.0,,2632440600,
2025-12-18,GOTO.JK,65.0,,2169076500,
2025-12-19,GOTO.JK,65.0,,4051737900,
2025-12-22,GOTO.JK,64.0,,2113323700,
2025-12-23,GOTO.JK,64.0,,2589105200,
2025-12-24,GOTO.JK,65.0,,1422798300,
2025-12-29,GOTO.JK,64.0,,3075824400,
2025-12-30,GOTO.JK,64.0,,2456893000,
2026-01-02,GOTO.JK,69.0,,7020202800,
2026-01-05,GOTO.JK,68.0,,8987343900,
2026-01-06,GOTO.JK,68.0,,3387609800,
2026-01-07,GOTO.JK,67.0,,4281637900,
2026-01-08,GOTO.JK,66.0,,2604022900,
2026-01-09,GOTO.JK,66.0,,3299187600,
2026-01-12,GOTO.JK,66.0,,3384389300,
2026-01-13,GOTO.JK,67.0,,3132891700,
2026-01-14,GOTO.JK,69.0,,18437372600,
2026-01-15,GOTO.JK,68.0,,5561512700,
2026-01-19,GOTO.JK,66.0,,7028239800,
2026-01-20,GOTO.JK,66.0,,5220116600,
2026-01-21,GOTO.JK,64.0,,7269276700,
2026-01-22,GOTO.JK,62.0,,8304665000,
2026-01-23,GOTO.JK,60.0,,8845549400,
2026-01-26,GOTO.JK,60.0,,4896210800,
2026-01-27,GOTO.JK,65.0,,12307760600,
2026-01-28,GOTO.JK,60.0,,10963550000,
2026-01-29,GOTO.JK,63.0,,15220468500,
2026-01-30,GOTO.JK,64.0,,4190742000,
2026-02-02,GOTO.JK,61.0,,4681091200,
2026-02-03,GOTO.JK,62.0,,2063709800,
2026-02-04,GOTO.JK,62.0,,2039789700,
2026-02-05,GOTO.JK,60.0,,2841007700,
2026-02-06,GOTO.JK,60.0,,2643183600,
2026-02-09,GOTO.JK,60.0,,1596488300,
2026-02-10,GOTO.JK,59.0,,4569551300,
2026-02-11,GOTO.JK,60.0,,3907787700,
2026-02-12,GOTO.JK,60.0,,1419829400,
2026-02-13,GOTO.JK,59.0,,4200024900,
2026-02-18,GOTO.JK,60.0,,4716637100,
2026-02-19,GOTO.JK,61.0,,2247439900,
2026-02-20,GOTO.JK,61.0,,5194005200,
2026-02-23,GOTO.JK,62.0,,5794546700,
2026-02-24,GOTO.JK,61.0,,3555906000,
2026-02-25,GOTO.JK,60.0,,1364624900,
2026-02-26,GOTO.JK,60.0,,2397940400,
2026-02-27,GOTO.JK,61.0,,5304076700,
2026-03-02,GOTO.JK,59.0,,3939486600,
2026-03-03,GOTO.JK,58.0,,2822721700,
2026-03-04,GOTO.JK,57.0,,5917788000,
2026-03-05,GOTO.JK,57.0,,1945848400,
2026-03-06,GOTO.JK,56.0,,4466807200,
2026-03-09,GOTO.JK,55.0,,6992951900,
2026-03-10,GOTO.JK,55.0,,3339213800,
2026-03-11,GOTO.JK,57.0,,2671797300,
2026-03-12,GOTO.JK,56.0,,3371578900,
2026-03-13,GOTO.JK,55.0,,3802932400,
2026-03-16,GOTO.JK,52.0,,6367062200,
2026-03-17,GOTO.JK,51.0,,4306491000,
2026-03-25,GOTO.JK,53.0,,9934206000,
2026-03-26,GOTO.JK,52.0,,4495899400,
2026-03-27,GOTO.JK,51.0,,2800261100,
2026-03-30,GOTO.JK,52.0,,3209633400,
2026-03-31,GOTO.JK,51.0,,1837937600,
2026-04-01,GOTO.JK,53.0,,3587278100,
2026-04-02,GOTO.JK,53.0,,1867843400,
2026-04-06,GOTO.JK,52.0,,3043071700,
2026-04-07,GOTO.JK,51.0,,2472398300,
2026-04-08,GOTO.JK,52.0,,5218807000,
2026-04-09,GOTO.JK,52.0,,1148415900,
2026-04-10,GOTO.JK,52.0,,3341817300,
2026-04-13,GOTO.JK,52.0,,4235010800,
2026-04-14,GOTO.JK,52.0,,1611484100,
2026-04-15,GOTO.JK,52.0,,2258999200,
2026-04-16,GOTO.JK,52.0,,1887231700,
2026-04-17,GOTO.JK,52.0,,1112749400,
2026-04-20,GOTO.JK,53.0,,5355375400,
2026-04-21,GOTO.JK,56.0,,5512536000,
2026-04-22,GOTO.JK,56.0,,3432657000,
2026-04-23,GOTO.JK,54.0,,3728384800,
2026-04-24,GOTO.JK,52.0,,3359907700,
2026-04-27,GOTO.JK,53.0,,2799103600,
2026-04-28,GOTO.JK,53.0,,1376193600,
2026-04-29,GOTO.JK,55.0,,7685000300,
2026-04-30,GOTO.JK,54.0,,9260650700,
2026-05-04,GOTO.JK,51.0,,26429459800,
2026-05-05,GOTO.JK,50.0,,8111357900,
2026-05-06,GOTO.JK,50.0,,4506998400,
2026-05-07,GOTO.JK,50.0,,2994335700,
2026-05-08,GOTO.JK,50.0,,5975129800,
2026-05-11,GOTO.JK,50.0,,1502970500,
2026-05-12,GOTO.JK,50.0,,1918457200,
2026-05-13,GOTO.JK,50.0,,993936500,
2026-05-14,GOTO.JK,50.0,,0,
2026-05-15,GOTO.JK,50.0,,0,
2026-05-18,GOTO.JK,50.0,,1000157300,
2026-05-19,GOTO.JK,50.0,,345814000,
2026-05-20,GOTO.JK,50.0,,331704400,
2026-05-21,GOTO.JK,50.0,,323289500,
2026-05-22,GOTO.JK,50.0,,207040600,
2026-05-25,GOTO.JK,50.0,,217192000,
2026-05-26,GOTO.JK,50.0,,333371800,
2026-05-27,GOTO.JK,50.0,,0,
2026-05-28,GOTO.JK,50.0,,0,
2026-05-29,GOTO.JK,50.0,,2653923000,
2026-06-02,GOTO.JK,50.0,,398734700,
2026-06-03,GOTO.JK,50.0,,206119300,
2026-06-04,GOTO.JK,50.0,,163038900,
2026-06-05,GOTO.JK,50.0,,135370000,
2026-06-08,GOTO.JK,50.0,,105056400,
2026-06-09,GOTO.JK,50.0,,560561200,
2026-06-10,GOTO.JK,50.0,,551225800,
2026-06-11,GOTO.JK,50.0,,139923300,
2026-06-12,GOTO.JK,50.0,,67675000,
2026-06-15,GOTO.JK,50.0,,201214700,
2026-06-17,GOTO.JK,50.0,,226317100,
2026-06-18,GOTO.JK,50.0,,854768600,
2026-06-19,GOTO.JK,50.0,,1265000600,
2026-06-22,GOTO.JK,50.0,,423123800,
2026-06-23,GOTO.JK,50.0,,122955000,
2026-06-24,GOTO.JK,50.0,,40325100,
2026-06-25,GOTO.JK,50.0,,104694300,
2026-06-26,GOTO.JK,50.0,,26584500,
2026-06-29,GOTO.JK,50.0,,29999300,
2026-06-30,GOTO.JK,50.0,,219752000,
2026-07-01,GOTO.JK,50.0,,36262600,
2026-07-02,GOTO.JK,50.0,,14003900,
2026-07-03,GOTO.JK,50.0,,15650300,
2026-07-06,GOTO.JK,50.0,,9798900,
2026-07-07,GOTO.JK,50.0,,15085800,
2026-07-08,GOTO.JK,50.0,,281960200,
2026-07-09,GOTO.JK,50.0,,303800100,
2026-07-10,GOTO.JK,50.0,,297837900,
2026-07-13,GOTO.JK,50.0,,41629800,
2026-07-14,GOTO.JK,50.0,,183101700,
2026-07-15,GOTO.JK,50.0,,17937000,
2026-07-16,GOTO.JK,50.0,,21756900,
2026-07-17,GOTO.JK,50.0,,37001600,
2026-07-20,GOTO.JK,50.0,,23732000,
2026-07-21,GOTO.JK,50.0,,17690100,
2026-07-22,GOTO.JK,50.0,,276642700,
2026-07-23,GOTO.JK,50.0,,45197200,
2026-07-24,GOTO.JK,50.0,,15073500,
2026-07-27,GOTO.JK,50.0,,16006100,
2026-07-28,GOTO.JK,50.0,,23434900,
2026-07-29,GOTO.JK,50.0,,117731100,
2026-07-30,GOTO.JK,50.0,,97133900,
2026-07-31,GOTO.JK,50.0,,45918300,
2026-08-03,GOTO.JK,50.0,,46756100,
2026-08-04,GOTO.JK,50.0,,46203700,
2026-08-05,GOTO.JK,,,123652900,
2021-12-02,GRAB,8.75,,35751200,
2021-12-03,GRAB,8.989999771118164,,29667200,
2021-12-06,GRAB,9.0,,25416000,
2021-12-07,GRAB,8.850000381469727,,25775900,
2021-12-08,GRAB,8.890000343322754,,26187700,
2021-12-09,GRAB,8.079999923706055,,36086700,
2021-12-10,GRAB,7.119999885559082,,39572600,
2021-12-13,GRAB,7.170000076293945,,16689400,
2021-12-14,GRAB,6.789999961853027,,32797900,
2021-12-15,GRAB,7.139999866485596,,26431500,
2021-12-16,GRAB,7.25,,21053300,
2021-12-17,GRAB,7.570000171661377,,21849400,
2021-12-20,GRAB,7.300000190734863,,9573800,
2021-12-21,GRAB,7.300000190734863,,5539700,
2021-12-22,GRAB,7.340000152587891,,4354100,
2021-12-23,GRAB,7.349999904632568,,13381700,
2021-12-27,GRAB,7.090000152587891,,11855800,
2021-12-28,GRAB,6.980000019073486,,13889400,
2021-12-29,GRAB,6.960000038146973,,7289300,
2021-12-30,GRAB,7.150000095367432,,7295300,
2021-12-31,GRAB,7.130000114440918,,8813500,
2022-01-03,GRAB,7.21999979019165,,4685500,
2022-01-04,GRAB,7.289999961853027,,5867700,
2022-01-05,GRAB,6.900000095367432,,30569400,
2022-01-06,GRAB,6.650000095367432,,18589000,
2022-01-07,GRAB,6.809999942779541,,20806900,
2022-01-10,GRAB,6.599999904632568,,25171000,
2022-01-11,GRAB,6.539999961853027,,32226700,
2022-01-12,GRAB,6.25,,12255500,
2022-01-13,GRAB,6.110000133514404,,23936200,
2022-01-14,GRAB,6.039999961853027,,14430600,
2022-01-18,GRAB,5.539999961853027,,37366700,
2022-01-19,GRAB,5.650000095367432,,15743900,
2022-01-20,GRAB,5.940000057220459,,19200700,
2022-01-21,GRAB,5.599999904632568,,41267600,
2022-01-24,GRAB,5.559999942779541,,26709000,
2022-01-25,GRAB,5.820000171661377,,23614100,
2022-01-26,GRAB,5.940000057220459,,49730900,
2022-01-27,GRAB,5.710000038146973,,35972700,
2022-01-28,GRAB,5.510000228881836,,34813100,
2022-01-31,GRAB,5.659999847412109,,15311400,
2022-02-01,GRAB,5.699999809265137,,8873400,
2022-02-02,GRAB,5.480000019073486,,7885400,
2022-02-03,GRAB,4.980000019073486,,14941100,
2022-02-04,GRAB,5.320000171661377,,16123000,
2022-02-07,GRAB,5.340000152587891,,8767900,
2022-02-08,GRAB,5.210000038146973,,6864200,
2022-02-09,GRAB,5.550000190734863,,8462600,
2022-02-10,GRAB,6.349999904632568,,60463400,
2022-02-11,GRAB,5.889999866485596,,25100600,
2022-02-14,GRAB,5.920000076293945,,21790500,
2022-02-15,GRAB,6.0,,18128000,
2022-02-16,GRAB,6.039999961853027,,14953900,
2022-02-17,GRAB,5.809999942779541,,12389300,
2022-02-18,GRAB,5.519999980926514,,16555500,
2022-02-22,GRAB,5.170000076293945,,27064600,
2022-02-23,GRAB,5.300000190734863,,25403200,
2022-02-24,GRAB,5.5,,31376700,
2022-02-25,GRAB,5.800000190734863,,25186500,
2022-02-28,GRAB,5.760000228881836,,178830700,
2022-03-01,GRAB,5.519999980926514,,14092800,
2022-03-02,GRAB,5.230000019073486,,17905500,
2022-03-03,GRAB,3.2799999713897705,,116033100,
2022-03-04,GRAB,3.359999895095825,,85831200,
2022-03-07,GRAB,3.359999895095825,,27703000,
2022-03-08,GRAB,3.240000009536743,,28163700,
2022-03-09,GRAB,3.140000104904175,,27930300,
2022-03-10,GRAB,3.2899999618530273,,21733200,
2022-03-11,GRAB,3.140000104904175,,19410700,
2022-03-14,GRAB,3.0199999809265137,,24168900,
2022-03-15,GRAB,3.0299999713897705,,29505600,
2022-03-16,GRAB,3.5299999713897705,,35771100,
2022-03-17,GRAB,3.7799999713897705,,15341200,
2022-03-18,GRAB,4.099999904632568,,24107800,
2022-03-21,GRAB,3.869999885559082,,12827200,
2022-03-22,GRAB,3.75,,13185400,
2022-03-23,GRAB,3.7100000381469727,,9560700,
2022-03-24,GRAB,3.630000114440918,,15197600,
2022-03-25,GRAB,3.299999952316284,,15623000,
2022-03-28,GRAB,3.440000057220459,,15364400,
2022-03-29,GRAB,3.9100000858306885,,25046600,
2022-03-30,GRAB,3.549999952316284,,13017100,
2022-03-31,GRAB,3.5,,16983300,
2022-04-01,GRAB,3.4700000286102295,,15933800,
2022-04-04,GRAB,3.9200000762939453,,11890500,
2022-04-05,GRAB,3.694999933242798,,15310700,
2022-04-06,GRAB,3.5899999141693115,,11917900,
2022-04-07,GRAB,3.4800000190734863,,13258100,
2022-04-08,GRAB,3.609999895095825,,18061400,
2022-04-11,GRAB,3.5199999809265137,,14700800,
2022-04-12,GRAB,3.4000000953674316,,13262800,
2022-04-13,GRAB,3.4800000190734863,,13063500,
2022-04-14,GRAB,3.200000047683716,,17179300,
2022-04-18,GRAB,3.049999952316284,,15803000,
2022-04-19,GRAB,3.2899999618530273,,15616700,
2022-04-20,GRAB,3.009999990463257,,12208600,
2022-04-21,GRAB,2.859999895095825,,18761000,
2022-04-22,GRAB,2.8499999046325684,,15211100,
2022-04-25,GRAB,2.859999895095825,,12052400,
2022-04-26,GRAB,2.7100000381469727,,10721100,
2022-04-27,GRAB,2.7100000381469727,,10748500,
2022-04-28,GRAB,2.859999895095825,,13796500,
2022-04-29,GRAB,2.950000047683716,,14406500,
2022-05-02,GRAB,3.109999895095825,,14730600,
2022-05-03,GRAB,3.1500000953674316,,11257400,
2022-05-04,GRAB,3.180000066757202,,17477000,
2022-05-05,GRAB,3.0299999713897705,,11585300,
2022-05-06,GRAB,3.009999990463257,,16445700,
2022-05-09,GRAB,2.799999952316284,,17666500,
2022-05-10,GRAB,2.75,,20697400,
2022-05-11,GRAB,2.509999990463257,,32478000,
2022-05-12,GRAB,2.700000047683716,,37278800,
2022-05-13,GRAB,2.819999933242798,,18082100,
2022-05-16,GRAB,2.575000047683716,,18829900,
2022-05-17,GRAB,2.7300000190734863,,15632900,
2022-05-18,GRAB,2.5299999713897705,,19896500,
2022-05-19,GRAB,3.140000104904175,,110345700,
2022-05-20,GRAB,3.2100000381469727,,43042600,
2022-05-23,GRAB,2.890000104904175,,23067100,
2022-05-24,GRAB,2.549999952316284,,25673300,
2022-05-25,GRAB,2.4200000762939453,,48637500,
2022-05-26,GRAB,2.319999933242798,,46081400,
2022-05-27,GRAB,2.4100000858306885,,55179700,
2022-05-31,GRAB,2.6600000858306885,,92512500,
2022-06-01,GRAB,2.609999895095825,,31132800,
2022-06-02,GRAB,2.630000114440918,,24124000,
2022-06-03,GRAB,2.5399999618530273,,15899400,
2022-06-06,GRAB,2.640000104904175,,21889000,
2022-06-07,GRAB,2.6500000953674316,,26856900,
2022-06-08,GRAB,3.059999942779541,,45882800,
2022-06-09,GRAB,2.890000104904175,,44721700,
2022-06-10,GRAB,2.7100000381469727,,31612100,
2022-06-13,GRAB,2.430000066757202,,30489400,
2022-06-14,GRAB,2.450000047683716,,12385700,
2022-06-15,GRAB,2.5,,29913900,
2022-06-16,GRAB,2.3499999046325684,,25976800,
2022-06-17,GRAB,2.3299999237060547,,27548000,
2022-06-21,GRAB,2.7300000190734863,,53701900,
2022-06-22,GRAB,2.559999942779541,,27936500,
2022-06-23,GRAB,2.740000009536743,,29962100,
2022-06-24,GRAB,2.890000104904175,,38932800,
2022-06-27,GRAB,2.690000057220459,,38032900,
2022-06-28,GRAB,2.5199999809265137,,24474200,
2022-06-29,GRAB,2.549999952316284,,25163400,
2022-06-30,GRAB,2.5299999713897705,,34148300,
2022-07-01,GRAB,2.380000114440918,,39593800,
2022-07-05,GRAB,2.7100000381469727,,50315600,
2022-07-06,GRAB,2.5199999809265137,,33834700,
2022-07-07,GRAB,2.630000114440918,,25265800,
2022-07-08,GRAB,2.5,,26506300,
2022-07-11,GRAB,2.390000104904175,,33147600,
2022-07-12,GRAB,2.509999990463257,,26050400,
2022-07-13,GRAB,2.5,,31973000,
2022-07-14,GRAB,2.4800000190734863,,20023100,
2022-07-15,GRAB,2.490000009536743,,21032700,
2022-07-18,GRAB,2.7300000190734863,,30996000,
2022-07-19,GRAB,2.819999933242798,,17282700,
2022-07-20,GRAB,2.890000104904175,,15093700,
2022-07-21,GRAB,2.930000066757202,,13271300,
2022-07-22,GRAB,2.7300000190734863,,21139500,
2022-07-25,GRAB,2.75,,9040600,
2022-07-26,GRAB,2.890000104904175,,13755600,
2022-07-27,GRAB,2.930000066757202,,13016500,
2022-07-28,GRAB,2.9700000286102295,,9746700,
2022-07-29,GRAB,2.950000047683716,,11471800,
2022-08-01,GRAB,2.880000114440918,,9070500,
2022-08-02,GRAB,3.0999999046325684,,21186700,
2022-08-03,GRAB,3.299999952316284,,28397100,
2022-08-04,GRAB,3.619999885559082,,25273900,
2022-08-05,GRAB,3.809999942779541,,38812800,
2022-08-08,GRAB,3.740000009536743,,27501400,
2022-08-09,GRAB,3.559999942779541,,15945700,
2022-08-10,GRAB,3.680000066757202,,18229000,
2022-08-11,GRAB,3.759999990463257,,19933400,
2022-08-12,GRAB,3.8499999046325684,,32820500,
2022-08-15,GRAB,3.7699999809265137,,15312200,
2022-08-16,GRAB,3.6600000858306885,,13815300,
2022-08-17,GRAB,3.569999933242798,,17859800,
2022-08-18,GRAB,3.509999990463257,,11339200,
2022-08-19,GRAB,3.440000057220459,,15550200,
2022-08-22,GRAB,3.4000000953674316,,12541800,
2022-08-23,GRAB,3.4700000286102295,,13858900,
2022-08-24,GRAB,3.5999999046325684,,21544300,
2022-08-25,GRAB,3.1600000858306885,,47106200,
2022-08-26,GRAB,3.049999952316284,,37694200,
2022-08-29,GRAB,2.990000009536743,,25112800,
2022-08-30,GRAB,3.059999942779541,,35719500,
2022-08-31,GRAB,2.8499999046325684,,51519700,
2022-09-01,GRAB,2.869999885559082,,26277500,
2022-09-02,GRAB,2.9600000381469727,,22492700,
2022-09-06,GRAB,2.9000000953674316,,15202900,
2022-09-07,GRAB,3.059999942779541,,19726200,
2022-09-08,GRAB,3.0899999141693115,,31800200,
2022-09-09,GRAB,3.1500000953674316,,17689000,
2022-09-12,GRAB,3.380000114440918,,26622600,
2022-09-13,GRAB,3.0899999141693115,,34326900,
2022-09-14,GRAB,3.049999952316284,,33228100,
2022-09-15,GRAB,2.950000047683716,,21187100,
2022-09-16,GRAB,2.9800000190734863,,42460800,
2022-09-19,GRAB,3.140000104904175,,17408800,
2022-09-20,GRAB,2.950000047683716,,14166000,
2022-09-21,GRAB,2.8399999141693115,,14797400,
2022-09-22,GRAB,2.700000047683716,,17265600,
2022-09-23,GRAB,2.75,,19819900,
2022-09-26,GRAB,2.809999942779541,,18262300,
2022-09-27,GRAB,2.7200000286102295,,23424200,
2022-09-28,GRAB,2.809999942779541,,15895200,
2022-09-29,GRAB,2.559999942779541,,20242100,
2022-09-30,GRAB,2.630000114440918,,12304500,
2022-10-03,GRAB,2.700000047683716,,15105500,
2022-10-04,GRAB,2.9200000762939453,,29548000,
2022-10-05,GRAB,2.859999895095825,,13699600,
2022-10-06,GRAB,3.009999990463257,,12674200,
2022-10-07,GRAB,2.809999942779541,,20280400,
2022-10-10,GRAB,2.680000066757202,,14628100,
2022-10-11,GRAB,2.569999933242798,,18685200,
2022-10-12,GRAB,2.4800000190734863,,11475700,
2022-10-13,GRAB,2.4700000286102295,,14902800,
2022-10-14,GRAB,2.390000104904175,,16652900,
2022-10-17,GRAB,2.4600000381469727,,10876500,
2022-10-18,GRAB,2.5,,9934500,
2022-10-19,GRAB,2.380000114440918,,11069300,
2022-10-20,GRAB,2.380000114440918,,9864400,
2022-10-21,GRAB,2.359999895095825,,9389300,
2022-10-24,GRAB,2.309999942779541,,11648800,
2022-10-25,GRAB,2.4000000953674316,,13759400,
2022-10-26,GRAB,2.5199999809265137,,10859500,
2022-10-27,GRAB,2.4700000286102295,,7141100,
2022-10-28,GRAB,2.5399999618530273,,10378900,
2022-10-31,GRAB,2.5999999046325684,,10850500,
2022-11-01,GRAB,2.640000104904175,,14804900,
2022-11-02,GRAB,2.7100000381469727,,20393900,
2022-11-03,GRAB,2.7899999618530273,,16364300,
2022-11-04,GRAB,2.8299999237060547,,13237200,
2022-11-07,GRAB,2.940000057220459,,11179500,
2022-11-08,GRAB,2.7899999618530273,,10465400,
2022-11-09,GRAB,2.5899999141693115,,13234300,
2022-11-10,GRAB,2.6700000762939453,,13821300,
2022-11-11,GRAB,2.940000057220459,,43281700,
2022-11-14,GRAB,2.9600000381469727,,19406300,
2022-11-15,GRAB,3.130000114440918,,21713000,
2022-11-16,GRAB,3.1500000953674316,,56833400,
2022-11-17,GRAB,3.2200000286102295,,24801900,
2022-11-18,GRAB,3.2100000381469727,,12814400,
2022-11-21,GRAB,2.9700000286102295,,25698400,
2022-11-22,GRAB,2.9100000858306885,,11413400,
2022-11-23,GRAB,2.950000047683716,,10034900,
2022-11-25,GRAB,2.9600000381469727,,5958400,
2022-11-28,GRAB,2.799999952316284,,10609400,
2022-11-29,GRAB,2.8299999237060547,,11068000,
2022-11-30,GRAB,3.0199999809265137,,25069200,
2022-12-01,GRAB,3.069999933242798,,10155500,
2022-12-02,GRAB,3.1600000858306885,,16888600,
2022-12-05,GRAB,3.0999999046325684,,18313500,
2022-12-06,GRAB,3.009999990463257,,14053100,
2022-12-07,GRAB,2.940000057220459,,17067600,
2022-12-08,GRAB,3.059999942779541,,10066100,
2022-12-09,GRAB,3.0199999809265137,,6890600,
2022-12-12,GRAB,3.1500000953674316,,12249700,
2022-12-13,GRAB,3.2200000286102295,,19963100,
2022-12-14,GRAB,3.309999942779541,,17797500,
2022-12-15,GRAB,3.200000047683716,,18844500,
2022-12-16,GRAB,3.190000057220459,,18201400,
2022-12-19,GRAB,3.009999990463257,,8924600,
2022-12-20,GRAB,2.990000009536743,,9587800,
2022-12-21,GRAB,3.119999885559082,,9104400,
2022-12-22,GRAB,3.059999942779541,,12406200,
2022-12-23,GRAB,3.2699999809265137,,16310500,
2022-12-27,GRAB,3.299999952316284,,11488400,
2022-12-28,GRAB,3.1500000953674316,,7438700,
2022-12-29,GRAB,3.2100000381469727,,9292300,
2022-12-30,GRAB,3.2200000286102295,,5819400,
2023-01-03,GRAB,3.4600000381469727,,16958600,
2023-01-04,GRAB,3.5,,11774900,
2023-01-05,GRAB,3.4800000190734863,,7799400,
2023-01-06,GRAB,3.4700000286102295,,10875900,
2023-01-09,GRAB,3.7200000286102295,,27907500,
2023-01-10,GRAB,3.7200000286102295,,14966300,
2023-01-11,GRAB,3.609999895095825,,17341800,
2023-01-12,GRAB,3.609999895095825,,9942000,
2023-01-13,GRAB,3.5799999237060547,,13633900,
2023-01-17,GRAB,3.9700000286102295,,44296700,
2023-01-18,GRAB,3.7100000381469727,,61452800,
2023-01-19,GRAB,3.5899999141693115,,18957200,
2023-01-20,GRAB,3.680000066757202,,22306000,
2023-01-23,GRAB,3.740000009536743,,12914200,
2023-01-24,GRAB,3.5999999046325684,,11913500,
2023-01-25,GRAB,3.680000066757202,,16820100,
2023-01-26,GRAB,3.630000114440918,,15752200,
2023-01-27,GRAB,3.7100000381469727,,26018200,
2023-01-30,GRAB,3.7100000381469727,,15694900,
2023-01-31,GRAB,3.7899999618530273,,14392200,
2023-02-01,GRAB,3.7200000286102295,,19163600,
2023-02-02,GRAB,3.630000114440918,,28678200,
2023-02-03,GRAB,3.549999952316284,,20017100,
2023-02-06,GRAB,3.4600000381469727,,22717600,
2023-02-07,GRAB,3.5,,13876600,
2023-02-08,GRAB,3.609999895095825,,16726600,
2023-02-09,GRAB,3.440000057220459,,17004300,
2023-02-10,GRAB,3.3299999237060547,,14396000,
2023-02-13,GRAB,3.369999885559082,,27083600,
2023-02-14,GRAB,3.4800000190734863,,19160300,
2023-02-15,GRAB,3.680000066757202,,21899900,
2023-02-16,GRAB,3.6700000762939453,,20078600,
2023-02-17,GRAB,3.4800000190734863,,17605800,
2023-02-21,GRAB,3.4000000953674316,,12430000,
2023-02-22,GRAB,3.5,,18951100,
2023-02-23,GRAB,3.2100000381469727,,26941200,
2023-02-24,GRAB,3.0999999046325684,,21298300,
2023-02-27,GRAB,3.1700000762939453,,13512900,
2023-02-28,GRAB,3.2100000381469727,,12384000,
2023-03-01,GRAB,3.0999999046325684,,9128100,
2023-03-02,GRAB,3.200000047683716,,11134200,
2023-03-03,GRAB,3.2799999713897705,,11083400,
2023-03-06,GRAB,3.140000104904175,,12759300,
2023-03-07,GRAB,3.109999895095825,,12315000,
2023-03-08,GRAB,3.1600000858306885,,9262400,
2023-03-09,GRAB,2.990000009536743,,16911300,
2023-03-10,GRAB,2.8499999046325684,,15451500,
2023-03-13,GRAB,2.859999895095825,,11136000,
2023-03-14,GRAB,2.9100000858306885,,11652600,
2023-03-15,GRAB,2.8499999046325684,,6693400,
2023-03-16,GRAB,2.8399999141693115,,16010300,
2023-03-17,GRAB,2.859999895095825,,13455100,
2023-03-20,GRAB,2.7899999618530273,,7645700,
2023-03-21,GRAB,2.869999885559082,,10508600,
2023-03-22,GRAB,2.7799999713897705,,7478600,
2023-03-23,GRAB,2.75,,17044900,
2023-03-24,GRAB,2.680000066757202,,16265500,
2023-03-27,GRAB,2.7699999809265137,,9576500,
2023-03-28,GRAB,2.8499999046325684,,10819400,
2023-03-29,GRAB,3.0199999809265137,,16055600,
2023-03-30,GRAB,2.8499999046325684,,20958300,
2023-03-31,GRAB,3.009999990463257,,17120900,
2023-04-03,GRAB,3.0899999141693115,,17691500,
2023-04-04,GRAB,3.1500000953674316,,22440000,
2023-04-05,GRAB,3.119999885559082,,12060800,
2023-04-06,GRAB,3.0299999713897705,,16310900,
2023-04-10,GRAB,3.059999942779541,,7267700,
2023-04-11,GRAB,2.9800000190734863,,13225800,
2023-04-12,GRAB,2.990000009536743,,15155800,
2023-04-13,GRAB,3.0199999809265137,,8419000,
2023-04-14,GRAB,2.940000057220459,,13299500,
2023-04-17,GRAB,2.9700000286102295,,8299500,
2023-04-18,GRAB,2.990000009536743,,13747300,
2023-04-19,GRAB,3.049999952316284,,12174900,
2023-04-20,GRAB,3.009999990463257,,9756200,
2023-04-21,GRAB,2.930000066757202,,17314800,
2023-04-24,GRAB,2.9200000762939453,,5058700,
2023-04-25,GRAB,2.7699999809265137,,10180500,
2023-04-26,GRAB,2.759999990463257,,13668100,
2023-04-27,GRAB,2.7899999618530273,,12164600,
2023-04-28,GRAB,2.9100000858306885,,11320900,
2023-05-01,GRAB,2.940000057220459,,4495600,
2023-05-02,GRAB,2.940000057220459,,8588900,
2023-05-03,GRAB,2.869999885559082,,13472000,
2023-05-04,GRAB,2.9800000190734863,,9285500,
2023-05-05,GRAB,3.0199999809265137,,10098800,
2023-05-08,GRAB,3.3399999141693115,,29926900,
2023-05-09,GRAB,3.190000057220459,,23456400,
2023-05-10,GRAB,3.190000057220459,,12073000,
2023-05-11,GRAB,3.2100000381469727,,20313600,
2023-05-12,GRAB,3.1700000762939453,,13071600,
2023-05-15,GRAB,3.2799999713897705,,12092000,
2023-05-16,GRAB,3.1600000858306885,,16905000,
2023-05-17,GRAB,3.2200000286102295,,18129100,
2023-05-18,GRAB,2.744999885559082,,79570000,
2023-05-19,GRAB,2.755000114440918,,37201200,
2023-05-22,GRAB,3.059999942779541,,37356500,
2023-05-23,GRAB,3.009999990463257,,20445100,
2023-05-24,GRAB,3.049999952316284,,17346500,
2023-05-25,GRAB,3.0,,18259400,
2023-05-26,GRAB,3.0399999618530273,,12477100,
2023-05-30,GRAB,2.9200000762939453,,20845100,
2023-05-31,GRAB,2.9800000190734863,,96854100,
2023-06-01,GRAB,2.9800000190734863,,16150700,
2023-06-02,GRAB,3.0199999809265137,,8372400,
2023-06-05,GRAB,3.109999895095825,,10558000,
2023-06-06,GRAB,3.2300000190734863,,13026900,
2023-06-07,GRAB,3.240000009536743,,10615900,
2023-06-08,GRAB,3.4000000953674316,,14566300,
2023-06-09,GRAB,3.440000057220459,,22897800,
2023-06-12,GRAB,3.440000057220459,,10299500,
2023-06-13,GRAB,3.450000047683716,,27008200,
2023-06-14,GRAB,3.4000000953674316,,14024000,
2023-06-15,GRAB,3.440000057220459,,12061700,
2023-06-16,GRAB,3.4200000762939453,,23693700,
2023-06-20,GRAB,3.380000114440918,,15718100,
2023-06-21,GRAB,3.390000104904175,,12399500,
2023-06-22,GRAB,3.3299999237060547,,7501000,
2023-06-23,GRAB,3.200000047683716,,19439600,
2023-06-26,GRAB,3.200000047683716,,11122800,
2023-06-27,GRAB,3.2699999809265137,,11002500,
2023-06-28,GRAB,3.25,,12090300,
2023-06-29,GRAB,3.390000104904175,,9936700,
2023-06-30,GRAB,3.430000066757202,,10685100,
2023-07-03,GRAB,3.430000066757202,,8221300,
2023-07-05,GRAB,3.430000066757202,,8417700,
2023-07-06,GRAB,3.319999933242798,,12231300,
2023-07-07,GRAB,3.319999933242798,,8665000,
2023-07-10,GRAB,3.450000047683716,,13163500,
2023-07-11,GRAB,3.559999942779541,,19388400,
2023-07-12,GRAB,3.6700000762939453,,16143000,
2023-07-13,GRAB,3.700000047683716,,15682800,
2023-07-14,GRAB,3.619999885559082,,18267700,
2023-07-17,GRAB,3.619999885559082,,28377600,
2023-07-18,GRAB,3.509999990463257,,40363300,
2023-07-19,GRAB,3.509999990463257,,22568400,
2023-07-20,GRAB,3.640000104904175,,25176800,
2023-07-21,GRAB,3.5999999046325684,,18772900,
2023-07-24,GRAB,3.5999999046325684,,13393300,
2023-07-25,GRAB,3.569999933242798,,23496800,
2023-07-26,GRAB,3.6500000953674316,,14168200,
2023-07-27,GRAB,3.609999895095825,,17918200,
2023-07-28,GRAB,3.759999990463257,,18072100,
2023-07-31,GRAB,3.8299999237060547,,13016200,
2023-08-01,GRAB,3.799999952316284,,11789600,
2023-08-02,GRAB,3.6600000858306885,,19063100,
2023-08-03,GRAB,3.6700000762939453,,9908700,
2023-08-04,GRAB,3.5799999237060547,,9729900,
2023-08-07,GRAB,3.5899999141693115,,12244800,
2023-08-08,GRAB,3.640000104904175,,9255800,
2023-08-09,GRAB,3.569999933242798,,13483000,
2023-08-10,GRAB,3.569999933242798,,19100600,
2023-08-11,GRAB,3.5,,17331200,
2023-08-14,GRAB,3.490000009536743,,17327700,
2023-08-15,GRAB,3.4000000953674316,,15835700,
2023-08-16,GRAB,3.299999952316284,,18491600,
2023-08-17,GRAB,3.259999990463257,,14006600,
2023-08-18,GRAB,3.240000009536743,,14506700,
2023-08-21,GRAB,3.2699999809265137,,18499000,
2023-08-22,GRAB,3.3399999141693115,,25433200,
2023-08-23,GRAB,3.700000047683716,,44219300,
2023-08-24,GRAB,3.6600000858306885,,20518600,
2023-08-25,GRAB,3.700000047683716,,16983800,
2023-08-28,GRAB,3.690000057220459,,23646800,
2023-08-29,GRAB,3.7699999809265137,,17629700,
2023-08-30,GRAB,3.740000009536743,,28816400,
2023-08-31,GRAB,3.7699999809265137,,31974900,
2023-09-01,GRAB,3.8299999237060547,,22363600,
2023-09-05,GRAB,3.809999942779541,,15539100,
2023-09-06,GRAB,3.680000066757202,,20398800,
2023-09-07,GRAB,3.7300000190734863,,17496800,
2023-09-08,GRAB,3.7200000286102295,,13444300,
2023-09-11,GRAB,3.740000009536743,,13866300,
2023-09-12,GRAB,3.7899999618530273,,17665000,
2023-09-13,GRAB,3.5299999713897705,,86285700,
2023-09-14,GRAB,3.509999990463257,,18098700,
2023-09-15,GRAB,3.549999952316284,,14330400,
2023-09-18,GRAB,3.5299999713897705,,12394500,
2023-09-19,GRAB,3.490000009536743,,21918000,
2023-09-20,GRAB,3.4600000381469727,,13639700,
2023-09-21,GRAB,3.4600000381469727,,13790300,
2023-09-22,GRAB,3.430000066757202,,8708200,
2023-09-25,GRAB,3.430000066757202,,10990000,
2023-09-26,GRAB,3.4000000953674316,,11458800,
2023-09-27,GRAB,3.380000114440918,,20921100,
2023-09-28,GRAB,3.4700000286102295,,14482300,
2023-09-29,GRAB,3.5399999618530273,,15580200,
2023-10-02,GRAB,3.4800000190734863,,19845600,
2023-10-03,GRAB,3.3499999046325684,,27370300,
2023-10-04,GRAB,3.4000000953674316,,18224300,
2023-10-05,GRAB,3.4800000190734863,,16904000,
2023-10-06,GRAB,3.5,,9389800,
2023-10-09,GRAB,3.440000057220459,,13512600,
2023-10-10,GRAB,3.5299999713897705,,11492700,
2023-10-11,GRAB,3.490000009536743,,10962200,
2023-10-12,GRAB,3.4700000286102295,,13216900,
2023-10-13,GRAB,3.4200000762939453,,25474100,
2023-10-16,GRAB,3.4200000762939453,,22883500,
2023-10-17,GRAB,3.430000066757202,,11997800,
2023-10-18,GRAB,3.3299999237060547,,10501900,
2023-10-19,GRAB,3.299999952316284,,14667500,
2023-10-20,GRAB,3.2699999809265137,,15941000,
2023-10-23,GRAB,3.25,,22944800,
2023-10-24,GRAB,3.2799999713897705,,12833900,
2023-10-25,GRAB,3.200000047683716,,20352900,
2023-10-26,GRAB,3.0799999237060547,,24542200,
2023-10-27,GRAB,3.0299999713897705,,20551800,
2023-10-30,GRAB,3.0999999046325684,,11150700,
2023-10-31,GRAB,3.069999933242798,,14900900,
2023-11-01,GRAB,3.049999952316284,,15137300,
2023-11-02,GRAB,3.130000114440918,,15304400,
2023-11-03,GRAB,3.1600000858306885,,20086300,
2023-11-06,GRAB,3.140000104904175,,25308900,
2023-11-07,GRAB,3.1700000762939453,,21381300,
2023-11-08,GRAB,3.190000057220459,,20365900,
2023-11-09,GRAB,3.2899999618530273,,26811500,
2023-11-10,GRAB,3.2699999809265137,,17423100,
2023-11-13,GRAB,3.3299999237060547,,22343900,
2023-11-14,GRAB,3.319999933242798,,23279600,
2023-11-15,GRAB,3.4200000762939453,,19083800,
2023-11-16,GRAB,3.2899999618530273,,28915500,
2023-11-17,GRAB,3.309999942779541,,19511100,
2023-11-20,GRAB,3.2300000190734863,,24865500,
2023-11-21,GRAB,3.130000114440918,,22846200,
2023-11-22,GRAB,3.130000114440918,,15348100,
2023-11-24,GRAB,3.119999885559082,,8021800,
2023-11-27,GRAB,3.059999942779541,,17616300,
2023-11-28,GRAB,3.049999952316284,,15260000,
2023-11-29,GRAB,3.0799999237060547,,16142900,
2023-11-30,GRAB,3.0399999618530273,,50506600,
2023-12-01,GRAB,3.069999933242798,,23320200,
2023-12-04,GRAB,3.1500000953674316,,25401800,
2023-12-05,GRAB,3.140000104904175,,18192800,
2023-12-06,GRAB,3.0899999141693115,,25808200,
2023-12-07,GRAB,3.109999895095825,,18723000,
2023-12-08,GRAB,3.1500000953674316,,24985700,
2023-12-11,GRAB,3.0799999237060547,,12921300,
2023-12-12,GRAB,3.069999933242798,,13426900,
2023-12-13,GRAB,3.140000104904175,,19792000,
2023-12-14,GRAB,3.140000104904175,,32658300,
2023-12-15,GRAB,3.1500000953674316,,23480600,
2023-12-18,GRAB,3.1600000858306885,,16353800,
2023-12-19,GRAB,3.25,,30853200,
2023-12-20,GRAB,3.1700000762939453,,17314300,
2023-12-21,GRAB,3.259999990463257,,23871500,
2023-12-22,GRAB,3.2200000286102295,,12110600,
2023-12-26,GRAB,3.259999990463257,,7895300,
2023-12-27,GRAB,3.2699999809265137,,7653900,
2023-12-28,GRAB,3.25,,16691300,
2023-12-29,GRAB,3.369999885559082,,17695100,
2024-01-02,GRAB,3.299999952316284,,18982900,
2024-01-03,GRAB,3.2850000858306885,,26467500,
2024-01-04,GRAB,3.25,,14177800,
2024-01-05,GRAB,3.2699999809265137,,13294300,
2024-01-08,GRAB,3.359999895095825,,18017700,
2024-01-09,GRAB,3.3299999237060547,,17677500,
2024-01-10,GRAB,3.319999933242798,,9743300,
2024-01-11,GRAB,3.25,,12935600,
2024-01-12,GRAB,3.2100000381469727,,14188800,
2024-01-16,GRAB,3.0899999141693115,,20158400,
2024-01-17,GRAB,2.9200000762939453,,46965300,
2024-01-18,GRAB,3.0,,27393900,
2024-01-19,GRAB,3.0,,11660000,
2024-01-22,GRAB,3.0299999713897705,,11842700,
2024-01-23,GRAB,3.130000114440918,,12467600,
2024-01-24,GRAB,3.1700000762939453,,9640400,
2024-01-25,GRAB,3.1600000858306885,,9308400,
2024-01-26,GRAB,3.1700000762939453,,7505500,
2024-01-29,GRAB,3.240000009536743,,9585500,
2024-01-30,GRAB,3.0799999237060547,,18332400,
2024-01-31,GRAB,3.069999933242798,,13411100,
2024-02-01,GRAB,3.130000114440918,,9159700,
2024-02-02,GRAB,3.2200000286102295,,16327300,
2024-02-05,GRAB,3.2100000381469727,,22493500,
2024-02-06,GRAB,3.25,,17581000,
2024-02-07,GRAB,3.299999952316284,,15849000,
2024-02-08,GRAB,3.319999933242798,,18726000,
2024-02-09,GRAB,3.430000066757202,,21549500,
2024-02-12,GRAB,3.3399999141693115,,53971500,
2024-02-13,GRAB,3.299999952316284,,11337800,
2024-02-14,GRAB,3.4100000858306885,,33123100,
2024-02-15,GRAB,3.5199999809265137,,39258500,
2024-02-16,GRAB,3.5299999713897705,,30145700,
2024-02-20,GRAB,3.490000009536743,,29517400,
2024-02-21,GRAB,3.450000047683716,,34139400,
2024-02-22,GRAB,3.1600000858306885,,73363100,
2024-02-23,GRAB,3.1600000858306885,,28013100,
2024-02-26,GRAB,3.190000057220459,,14166800,
2024-02-27,GRAB,3.1449999809265137,,14993800,
2024-02-28,GRAB,3.0799999237060547,,14180500,
2024-02-29,GRAB,3.069999933242798,,30436800,
2024-03-01,GRAB,3.0999999046325684,,15188400,
2024-03-04,GRAB,3.069999933242798,,23564400,
2024-03-05,GRAB,3.0899999141693115,,31027700,
2024-03-06,GRAB,3.0999999046325684,,33835700,
2024-03-07,GRAB,3.200000047683716,,44075200,
2024-03-08,GRAB,3.0799999237060547,,27528400,
2024-03-11,GRAB,3.1700000762939453,,37032800,
2024-03-12,GRAB,3.2200000286102295,,21203700,
2024-03-13,GRAB,3.2300000190734863,,16985200,
2024-03-14,GRAB,3.240000009536743,,13610200,
2024-03-15,GRAB,3.1700000762939453,,126291300,
2024-03-18,GRAB,3.1700000762939453,,16099000,
2024-03-19,GRAB,3.180000066757202,,19614000,
2024-03-20,GRAB,3.200000047683716,,27859700,
2024-03-21,GRAB,3.25,,21843900,
2024-03-22,GRAB,3.1500000953674316,,21443800,
2024-03-25,GRAB,3.140000104904175,,10204500,
2024-03-26,GRAB,3.1600000858306885,,13627100,
2024-03-27,GRAB,3.200000047683716,,20693200,
2024-03-28,GRAB,3.140000104904175,,24603300,
2024-04-01,GRAB,3.190000057220459,,21062500,
2024-04-02,GRAB,3.2100000381469727,,28579100,
2024-04-03,GRAB,3.2300000190734863,,16414200,
2024-04-04,GRAB,3.1600000858306885,,19488600,
2024-04-05,GRAB,3.240000009536743,,29869200,
2024-04-08,GRAB,3.299999952316284,,28249200,
2024-04-09,GRAB,3.2899999618530273,,14560200,
2024-04-10,GRAB,3.3299999237060547,,19762500,
2024-04-11,GRAB,3.390000104904175,,42476600,
2024-04-12,GRAB,3.3299999237060547,,22260100,
2024-04-15,GRAB,3.309999942779541,,26269500,
2024-04-16,GRAB,3.2699999809265137,,14432200,
2024-04-17,GRAB,3.2100000381469727,,20708700,
2024-04-18,GRAB,3.390000104904175,,50839400,
2024-04-19,GRAB,3.369999885559082,,17880800,
2024-04-22,GRAB,3.3499999046325684,,28423000,
2024-04-23,GRAB,3.509999990463257,,70717200,
2024-04-24,GRAB,3.4800000190734863,,22175400,
2024-04-25,GRAB,3.5,,16958600,
2024-04-26,GRAB,3.5,,26856200,
2024-04-29,GRAB,3.5,,16277500,
2024-04-30,GRAB,3.5,,20548600,
2024-05-01,GRAB,3.490000009536743,,13525100,
2024-05-02,GRAB,3.5,,24452000,
2024-05-03,GRAB,3.5299999713897705,,14366000,
2024-05-06,GRAB,3.5299999713897705,,12528800,
2024-05-07,GRAB,3.5,,14917400,
2024-05-08,GRAB,3.5,,16323500,
2024-05-09,GRAB,3.549999952316284,,21456800,
2024-05-10,GRAB,3.5,,20061100,
2024-05-13,GRAB,3.5399999618530273,,21848900,
2024-05-14,GRAB,3.559999942779541,,21714800,
2024-05-15,GRAB,3.5999999046325684,,23980600,
2024-05-16,GRAB,3.6500000953674316,,61958500,
2024-05-17,GRAB,3.7200000286102295,,27337400,
2024-05-20,GRAB,3.740000009536743,,37364700,
2024-05-21,GRAB,3.7200000286102295,,19345800,
2024-05-22,GRAB,3.700000047683716,,32072000,
2024-05-23,GRAB,3.6700000762939453,,24310200,
2024-05-24,GRAB,3.6600000858306885,,21928100,
2024-05-28,GRAB,3.6500000953674316,,9576900,
2024-05-29,GRAB,3.640000104904175,,11760400,
2024-05-30,GRAB,3.6500000953674316,,24270000,
2024-05-31,GRAB,3.6700000762939453,,64820000,
2024-06-03,GRAB,3.6700000762939453,,18476900,
2024-06-04,GRAB,3.6600000858306885,,13260100,
2024-06-05,GRAB,3.680000066757202,,16003200,
2024-06-06,GRAB,3.680000066757202,,26419200,
2024-06-07,GRAB,3.6700000762939453,,14189400,
2024-06-10,GRAB,3.640000104904175,,20637500,
2024-06-11,GRAB,3.619999885559082,,12575000,
2024-06-12,GRAB,3.6500000953674316,,14262600,
2024-06-13,GRAB,3.640000104904175,,11407000,
2024-06-14,GRAB,3.5999999046325684,,32081600,
2024-06-17,GRAB,3.5899999141693115,,13355000,
2024-06-18,GRAB,3.5299999713897705,,29781100,
2024-06-20,GRAB,3.5199999809265137,,18444200,
2024-06-21,GRAB,3.5399999618530273,,18900300,
2024-06-24,GRAB,3.5299999713897705,,9688100,
2024-06-25,GRAB,3.5199999809265137,,9307300,
2024-06-26,GRAB,3.509999990463257,,9778000,
2024-06-27,GRAB,3.5399999618530273,,11254000,
2024-06-28,GRAB,3.549999952316284,,14058700,
2024-07-01,GRAB,3.5299999713897705,,19331000,
2024-07-02,GRAB,3.5,,17219400,
2024-07-03,GRAB,3.5399999618530273,,9413600,
2024-07-05,GRAB,3.549999952316284,,10660000,
2024-07-08,GRAB,3.549999952316284,,10720800,
2024-07-09,GRAB,3.5799999237060547,,12363400,
2024-07-10,GRAB,3.5799999237060547,,10848300,
2024-07-11,GRAB,3.5899999141693115,,13492300,
2024-07-12,GRAB,3.609999895095825,,12046600,
2024-07-15,GRAB,3.549999952316284,,25557300,
2024-07-16,GRAB,3.549999952316284,,14098000,
2024-07-17,GRAB,3.490000009536743,,23791000,
2024-07-18,GRAB,3.4100000858306885,,35259900,
2024-07-19,GRAB,3.380000114440918,,17210200,
2024-07-22,GRAB,3.380000114440918,,12564200,
2024-07-23,GRAB,3.380000114440918,,6393400,
2024-07-24,GRAB,3.359999895095825,,21329400,
2024-07-25,GRAB,3.319999933242798,,17734600,
2024-07-26,GRAB,3.3299999237060547,,13945100,
2024-07-29,GRAB,3.309999942779541,,11948400,
2024-07-30,GRAB,3.299999952316284,,15746200,
2024-07-31,GRAB,3.299999952316284,,13324600,
2024-08-01,GRAB,3.240000009536743,,13797000,
2024-08-02,GRAB,3.240000009536743,,21013900,
2024-08-05,GRAB,3.2200000286102295,,27748600,
2024-08-06,GRAB,3.1700000762939453,,25243900,
2024-08-07,GRAB,3.1700000762939453,,17816800,
2024-08-08,GRAB,3.2300000190734863,,24384800,
2024-08-09,GRAB,3.240000009536743,,13196900,
2024-08-12,GRAB,3.259999990463257,,26403400,
2024-08-13,GRAB,3.369999885559082,,16123800,
2024-08-14,GRAB,3.369999885559082,,36780900,
2024-08-15,GRAB,3.119999885559082,,85633200,
2024-08-16,GRAB,3.1700000762939453,,35776700,
2024-08-19,GRAB,3.3299999237060547,,41651600,
2024-08-20,GRAB,3.2300000190734863,,19272000,
2024-08-21,GRAB,3.2100000381469727,,24154600,
2024-08-22,GRAB,3.200000047683716,,19651700,
2024-08-23,GRAB,3.2300000190734863,,19097500,
2024-08-26,GRAB,3.240000009536743,,21296300,
2024-08-27,GRAB,3.240000009536743,,13069200,
2024-08-28,GRAB,3.2100000381469727,,13503000,
2024-08-29,GRAB,3.200000047683716,,17597800,
2024-08-30,GRAB,3.2200000286102295,,17869700,
2024-09-03,GRAB,3.319999933242798,,29014300,
2024-09-04,GRAB,3.3299999237060547,,12965400,
2024-09-05,GRAB,3.3399999141693115,,12516200,
2024-09-06,GRAB,3.2899999618530273,,14629900,
2024-09-09,GRAB,3.3499999046325684,,15574000,
2024-09-10,GRAB,3.3499999046325684,,16781100,
2024-09-11,GRAB,3.450000047683716,,24880700,
2024-09-12,GRAB,3.450000047683716,,19356100,
2024-09-13,GRAB,3.4700000286102295,,11575000,
2024-09-16,GRAB,3.5,,11956600,
2024-09-17,GRAB,3.569999933242798,,26818300,
2024-09-18,GRAB,3.6600000858306885,,92693800,
2024-09-19,GRAB,3.6600000858306885,,22317500,
2024-09-20,GRAB,3.640000104904175,,19873600,
2024-09-23,GRAB,3.6500000953674316,,25506900,
2024-09-24,GRAB,3.700000047683716,,21423300,
2024-09-25,GRAB,3.7799999713897705,,47332600,
2024-09-26,GRAB,3.799999952316284,,29002800,
2024-09-27,GRAB,3.8499999046325684,,30715500,
2024-09-30,GRAB,3.799999952316284,,36763200,
2024-10-01,GRAB,3.7899999618530273,,39070200,
2024-10-02,GRAB,3.7699999809265137,,31676300,
2024-10-03,GRAB,3.700000047683716,,27899300,
2024-10-04,GRAB,3.680000066757202,,22543700,
2024-10-07,GRAB,3.690000057220459,,19294800,
2024-10-08,GRAB,3.700000047683716,,35229500,
2024-10-09,GRAB,3.6600000858306885,,19621100,
2024-10-10,GRAB,3.630000114440918,,22801100,
2024-10-11,GRAB,3.6500000953674316,,25083000,
2024-10-14,GRAB,3.630000114440918,,25563700,
2024-10-15,GRAB,3.609999895095825,,32695100,
2024-10-16,GRAB,3.5999999046325684,,17748100,
2024-10-17,GRAB,3.619999885559082,,14300900,
2024-10-18,GRAB,3.7300000190734863,,34795500,
2024-10-21,GRAB,4.03000020980835,,59158300,
2024-10-22,GRAB,4.159999847412109,,68351700,
2024-10-23,GRAB,4.139999866485596,,52808500,
2024-10-24,GRAB,4.130000114440918,,42011700,
2024-10-25,GRAB,4.070000171661377,,21567300,
2024-10-28,GRAB,4.170000076293945,,24925100,
2024-10-29,GRAB,4.170000076293945,,24303800,
2024-10-30,GRAB,4.119999885559082,,15906600,
2024-10-31,GRAB,4.079999923706055,,19758600,
2024-11-01,GRAB,4.070000171661377,,12661600,
2024-11-04,GRAB,4.090000152587891,,14474900,
2024-11-05,GRAB,4.190000057220459,,19279900,
2024-11-06,GRAB,4.21999979019165,,22590200,
2024-11-07,GRAB,4.269999980926514,,23567200,
2024-11-08,GRAB,4.230000019073486,,20953700,
2024-11-11,GRAB,4.380000114440918,,68608600,
2024-11-12,GRAB,4.889999866485596,,148639400,
2024-11-13,GRAB,4.889999866485596,,80202800,
2024-11-14,GRAB,4.730000019073486,,44780600,
2024-11-15,GRAB,4.730000019073486,,54447500,
2024-11-18,GRAB,4.989999771118164,,59114000,
2024-11-19,GRAB,5.460000038146973,,96743700,
2024-11-20,GRAB,5.659999847412109,,82005300,
2024-11-21,GRAB,5.670000076293945,,52984900,
2024-11-22,GRAB,5.070000171661377,,58748900,
2024-11-25,GRAB,5.139999866485596,,48803000,
2024-11-26,GRAB,5.150000095367432,,20366500,
2024-11-27,GRAB,5.179999828338623,,36030200,
2024-11-29,GRAB,5.0,,27784600,
2024-12-02,GRAB,5.179999828338623,,26513200,
2024-12-03,GRAB,5.289999961853027,,39148500,
2024-12-04,GRAB,5.309999942779541,,44466400,
2024-12-05,GRAB,5.239999771118164,,26155100,
2024-12-06,GRAB,5.139999866485596,,26485300,
2024-12-09,GRAB,5.329999923706055,,36944300,
2024-12-10,GRAB,5.429999828338623,,65821800,
2024-12-11,GRAB,5.400000095367432,,30745500,
2024-12-12,GRAB,5.179999828338623,,34765700,
2024-12-13,GRAB,5.130000114440918,,28729100,
2024-12-16,GRAB,5.130000114440918,,34454600,
2024-12-17,GRAB,5.139999866485596,,31425500,
2024-12-18,GRAB,4.909999847412109,,25915100,
2024-12-19,GRAB,4.920000076293945,,22249700,
2024-12-20,GRAB,4.900000095367432,,28387300,
2024-12-23,GRAB,4.880000114440918,,17509500,
2024-12-24,GRAB,4.940000057220459,,8028900,
2024-12-26,GRAB,4.960000038146973,,11553900,
2024-12-27,GRAB,4.809999942779541,,22492700,
2024-12-30,GRAB,4.760000228881836,,17883400,
2024-12-31,GRAB,4.71999979019165,,15072400,
2025-01-02,GRAB,4.739999771118164,,15505200,
2025-01-03,GRAB,4.809999942779541,,16953800,
2025-01-06,GRAB,4.869999885559082,,22329400,
2025-01-07,GRAB,4.739999771118164,,23034600,
2025-01-08,GRAB,4.630000114440918,,23947600,
2025-01-10,GRAB,4.489999771118164,,30128900,
2025-01-13,GRAB,4.5,,21088200,
2025-01-14,GRAB,4.360000133514404,,31140400,
2025-01-15,GRAB,4.460000038146973,,25732200,
2025-01-16,GRAB,4.449999809265137,,23767400,
2025-01-17,GRAB,4.5,,30389000,
2025-01-21,GRAB,4.610000133514404,,34041100,
2025-01-22,GRAB,4.659999847412109,,27799400,
2025-01-23,GRAB,4.639999866485596,,17487700,
2025-01-24,GRAB,4.570000171661377,,20958300,
2025-01-27,GRAB,4.440000057220459,,18440300,
2025-01-28,GRAB,4.559999942779541,,15967200,
2025-01-29,GRAB,4.78000020980835,,34365300,
2025-01-30,GRAB,4.639999866485596,,28454700,
2025-01-31,GRAB,4.579999923706055,,25991200,
2025-02-03,GRAB,4.539999961853027,,20591200,
2025-02-04,GRAB,5.110000133514404,,77206800,
2025-02-05,GRAB,4.559999942779541,,63484700,
2025-02-06,GRAB,4.670000076293945,,29748300,
2025-02-07,GRAB,4.789999961853027,,32404800,
2025-02-10,GRAB,4.78000020980835,,22116100,
2025-02-11,GRAB,4.78000020980835,,26931800,
2025-02-12,GRAB,5.0,,57675400,
2025-02-13,GRAB,4.960000038146973,,48340500,
2025-02-14,GRAB,4.900000095367432,,31294800,
2025-02-18,GRAB,5.300000190734863,,111637000,
2025-02-19,GRAB,5.340000152587891,,86958600,
2025-02-20,GRAB,4.784999847412109,,82287600,
2025-02-21,GRAB,4.900000095367432,,56504900,
2025-02-24,GRAB,4.820000171661377,,38764600,
2025-02-25,GRAB,4.559999942779541,,38662400,
2025-02-26,GRAB,4.869999885559082,,35238900,
2025-02-27,GRAB,4.829999923706055,,36875000,
2025-02-28,GRAB,4.849999904632568,,55502500,
2025-03-03,GRAB,4.730000019073486,,45847400,
2025-03-04,GRAB,4.690000057220459,,33122700,
2025-03-05,GRAB,4.829999923706055,,25232300,
2025-03-06,GRAB,4.599999904632568,,27764600,
2025-03-07,GRAB,4.590000152587891,,39222900,
2025-03-10,GRAB,4.119999885559082,,80731900,
2025-03-11,GRAB,4.309999942779541,,50990200,
2025-03-12,GRAB,4.21999979019165,,31681400,
2025-03-13,GRAB,4.260000228881836,,30576800,
2025-03-14,GRAB,4.400000095367432,,17810700,
2025-03-17,GRAB,4.449999809265137,,21533900,
2025-03-18,GRAB,4.599999904632568,,36003600,
2025-03-19,GRAB,4.710000038146973,,38837200,
2025-03-20,GRAB,4.579999923706055,,17092500,
2025-03-21,GRAB,4.639999866485596,,23250300,
2025-03-24,GRAB,4.619999885559082,,34925900,
2025-03-25,GRAB,4.539999961853027,,18424400,
2025-03-26,GRAB,4.78000020980835,,34244700,
2025-03-27,GRAB,4.800000190734863,,27429900,
2025-03-28,GRAB,4.570000171661377,,25068600,
2025-03-31,GRAB,4.53000020980835,,30698400,
2025-04-01,GRAB,4.550000190734863,,15596900,
2025-04-02,GRAB,4.610000133514404,,30018000,
2025-04-03,GRAB,4.260000228881836,,29250500,
2025-04-04,GRAB,3.7300000190734863,,87102400,
2025-04-07,GRAB,3.4800000190734863,,95733900,
2025-04-08,GRAB,3.7300000190734863,,84309500,
2025-04-09,GRAB,4.260000228881836,,62957800,
2025-04-10,GRAB,3.9700000286102295,,52701000,
2025-04-11,GRAB,4.050000190734863,,47057800,
2025-04-14,GRAB,3.9800000190734863,,32449700,
2025-04-15,GRAB,4.059999942779541,,17983500,
2025-04-16,GRAB,4.039999961853027,,32231700,
2025-04-17,GRAB,4.110000133514404,,17716700,
2025-04-21,GRAB,4.070000171661377,,14223700,
2025-04-22,GRAB,4.239999771118164,,19817600,
2025-04-23,GRAB,4.380000114440918,,42330800,
2025-04-24,GRAB,4.679999828338623,,30544100,
2025-04-25,GRAB,4.78000020980835,,37684600,
2025-04-28,GRAB,4.760000228881836,,44312400,
2025-04-29,GRAB,4.789999961853027,,33239700,
2025-04-30,GRAB,4.880000114440918,,41720400,
2025-05-01,GRAB,4.769999980926514,,26912100,
2025-05-02,GRAB,4.889999866485596,,32785500,
2025-05-05,GRAB,4.860000133514404,,25044100,
2025-05-06,GRAB,4.840000152587891,,24915800,
2025-05-07,GRAB,4.840000152587891,,44351500,
2025-05-08,GRAB,4.929999828338623,,20799100,
2025-05-09,GRAB,4.900000095367432,,22257700,
2025-05-12,GRAB,4.989999771118164,,20835400,
2025-05-13,GRAB,5.03000020980835,,41385200,
2025-05-14,GRAB,5.25,,52036200,
2025-05-15,GRAB,5.059999942779541,,36267500,
2025-05-16,GRAB,5.090000152587891,,24671100,
2025-05-19,GRAB,5.079999923706055,,23549300,
2025-05-20,GRAB,4.940000057220459,,32516700,
2025-05-21,GRAB,4.809999942779541,,28478400,
2025-05-22,GRAB,4.960000038146973,,36674700,
2025-05-23,GRAB,4.949999809265137,,12721800,
2025-05-27,GRAB,4.96999979019165,,25510400,
2025-05-28,GRAB,4.96999979019165,,18857800,
2025-05-29,GRAB,4.889999866485596,,19388200,
2025-05-30,GRAB,4.869999885559082,,34303000,
2025-06-02,GRAB,4.849999904632568,,27515800,
2025-06-03,GRAB,4.989999771118164,,25703900,
2025-06-04,GRAB,5.019999980926514,,25535100,
2025-06-05,GRAB,5.059999942779541,,30355900,
2025-06-06,GRAB,5.170000076293945,,33223900,
2025-06-09,GRAB,4.980000019073486,,26682400,
2025-06-10,GRAB,4.679999828338623,,114376400,
2025-06-11,GRAB,4.730000019073486,,76419100,
2025-06-12,GRAB,4.630000114440918,,57486700,
2025-06-13,GRAB,4.570000171661377,,27567000,
2025-06-16,GRAB,4.710000038146973,,34437500,
2025-06-17,GRAB,4.800000190734863,,68451000,
2025-06-18,GRAB,4.659999847412109,,35749200,
2025-06-20,GRAB,4.489999771118164,,45366000,
2025-06-23,GRAB,4.559999942779541,,26692400,
2025-06-24,GRAB,4.739999771118164,,35627900,
2025-06-25,GRAB,4.590000152587891,,33606100,
2025-06-26,GRAB,4.670000076293945,,29919200,
2025-06-27,GRAB,4.920000076293945,,51195100,
2025-06-30,GRAB,5.03000020980835,,53350300,
2025-07-01,GRAB,4.929999828338623,,30189600,
2025-07-02,GRAB,4.900000095367432,,52767700,
2025-07-03,GRAB,4.869999885559082,,19438400,
2025-07-07,GRAB,4.96999979019165,,32824100,
2025-07-08,GRAB,4.800000190734863,,43948200,
2025-07-09,GRAB,4.989999771118164,,50068500,
2025-07-10,GRAB,4.920000076293945,,28539100,
2025-07-11,GRAB,5.0,,36728600,
2025-07-14,GRAB,5.010000228881836,,27022200,
2025-07-15,GRAB,5.039999961853027,,35314400,
2025-07-16,GRAB,5.130000114440918,,39529000,
2025-07-17,GRAB,5.25,,50947200,
2025-07-18,GRAB,5.340000152587891,,45217600,
2025-07-21,GRAB,5.349999904632568,,68286800,
2025-07-22,GRAB,5.46999979019165,,54391100,
2025-07-23,GRAB,5.369999885559082,,32321600,
2025-07-24,GRAB,5.340000152587891,,22180600,
2025-07-25,GRAB,5.360000133514404,,25384700,
2025-07-28,GRAB,5.28000020980835,,25521500,
2025-07-29,GRAB,5.309999942779541,,44062900,
2025-07-30,GRAB,5.289999961853027,,43481400,
2025-07-31,GRAB,4.889999866485596,,80297000,
2025-08-01,GRAB,4.800000190734863,,39733700,
2025-08-04,GRAB,4.960000038146973,,26747000,
2025-08-05,GRAB,4.96999979019165,,35509200,
2025-08-06,GRAB,4.769999980926514,,28108300,
2025-08-07,GRAB,4.949999809265137,,42229200,
2025-08-08,GRAB,4.880000114440918,,21994500,
2025-08-11,GRAB,4.820000171661377,,18079200,
2025-08-12,GRAB,4.989999771118164,,23595800,
2025-08-13,GRAB,5.119999885559082,,35414200,
2025-08-14,GRAB,5.130000114440918,,21178100,
2025-08-15,GRAB,5.130000114440918,,17794100,
2025-08-18,GRAB,5.099999904632568,,16970800,
2025-08-19,GRAB,5.050000190734863,,33067900,
2025-08-20,GRAB,5.03000020980835,,25642600,
2025-08-21,GRAB,5.010000228881836,,13694900,
2025-08-22,GRAB,5.130000114440918,,24241500,
2025-08-25,GRAB,5.010000228881836,,26740200,
2025-08-26,GRAB,5.0,,31901300,
2025-08-27,GRAB,4.949999809265137,,17636700,
2025-08-28,GRAB,4.96999979019165,,17844600,
2025-08-29,GRAB,4.989999771118164,,36145900,
2025-09-02,GRAB,4.929999828338623,,26846000,
2025-09-03,GRAB,4.920000076293945,,27014600,
2025-09-04,GRAB,5.050000190734863,,36213100,
2025-09-05,GRAB,5.159999847412109,,35099900,
2025-09-08,GRAB,5.190000057220459,,33633600,
2025-09-09,GRAB,5.289999961853027,,42873400,
2025-09-10,GRAB,5.300000190734863,,39979900,
2025-09-11,GRAB,5.53000020980835,,85350100,
2025-09-12,GRAB,6.0,,110319200,
2025-09-15,GRAB,6.139999866485596,,110348900,
2025-09-16,GRAB,6.320000171661377,,111341900,
2025-09-17,GRAB,6.099999904632568,,110391300,
2025-09-18,GRAB,6.349999904632568,,94937200,
2025-09-19,GRAB,6.389999866485596,,53037100,
2025-09-22,GRAB,6.449999809265137,,96489000,
2025-09-23,GRAB,6.320000171661377,,55175200,
2025-09-24,GRAB,6.21999979019165,,58607100,
2025-09-25,GRAB,6.25,,68323200,
2025-09-26,GRAB,6.110000133514404,,38493400,
2025-09-29,GRAB,6.110000133514404,,32120400,
2025-09-30,GRAB,6.019999980926514,,38655000,
2025-10-01,GRAB,5.900000095367432,,71049200,
2025-10-02,GRAB,6.050000190734863,,47729800,
2025-10-03,GRAB,6.159999847412109,,50405600,
2025-10-06,GRAB,6.389999866485596,,51292300,
2025-10-07,GRAB,6.269999980926514,,41965800,
2025-10-08,GRAB,6.360000133514404,,31303400,
2025-10-09,GRAB,6.170000076293945,,39888500,
2025-10-10,GRAB,5.860000133514404,,52095700,
2025-10-13,GRAB,5.929999828338623,,27376500,
2025-10-14,GRAB,5.909999847412109,,31275000,
2025-10-15,GRAB,5.920000076293945,,37986800,
2025-10-16,GRAB,5.710000038146973,,39900500,
2025-10-17,GRAB,5.639999866485596,,41462600,
2025-10-20,GRAB,5.670000076293945,,30957500,
2025-10-21,GRAB,5.599999904632568,,48870400,
2025-10-22,GRAB,5.619999885559082,,48402600,
2025-10-23,GRAB,5.71999979019165,,51345300,
2025-10-24,GRAB,5.849999904632568,,50349200,
2025-10-27,GRAB,6.119999885559082,,51338100,
2025-10-28,GRAB,5.940000057220459,,48236600,
2025-10-29,GRAB,6.050000190734863,,55308600,
2025-10-30,GRAB,5.980000019073486,,39456800,
2025-10-31,GRAB,6.010000228881836,,41950200,
2025-11-03,GRAB,6.070000171661377,,79564700,
2025-11-04,GRAB,5.784999847412109,,112273800,
2025-11-05,GRAB,5.639999866485596,,83244800,
2025-11-06,GRAB,5.630000114440918,,52901200,
2025-11-07,GRAB,5.559999942779541,,85490300,
2025-11-10,GRAB,5.900000095367432,,59920600,
2025-11-11,GRAB,5.880000114440918,,63902300,
2025-11-12,GRAB,5.789999961853027,,47395900,
2025-11-13,GRAB,5.539999961853027,,52359500,
2025-11-14,GRAB,5.409999847412109,,40982200,
2025-11-17,GRAB,5.329999923706055,,42280700,
2025-11-18,GRAB,5.320000171661377,,58324400,
2025-11-19,GRAB,5.309999942779541,,58833000,
2025-11-20,GRAB,4.980000019073486,,83061300,
2025-11-21,GRAB,4.900000095367432,,72818900,
2025-11-24,GRAB,5.25,,89782000,
2025-11-25,GRAB,5.239999771118164,,42646400,
2025-11-26,GRAB,5.320000171661377,,36742900,
2025-11-28,GRAB,5.449999809265137,,23586000,
2025-12-01,GRAB,5.269999980926514,,30693100,
2025-12-02,GRAB,5.260000228881836,,33420400,
2025-12-03,GRAB,5.269999980926514,,34722200,
2025-12-04,GRAB,5.300000190734863,,31185200,
2025-12-05,GRAB,5.190000057220459,,42094700,
2025-12-08,GRAB,5.159999847412109,,34257400,
2025-12-09,GRAB,5.150000095367432,,50690600,
2025-12-10,GRAB,5.179999828338623,,55972400,
2025-12-11,GRAB,5.179999828338623,,32941200,
2025-12-12,GRAB,5.150000095367432,,28823200,
2025-12-15,GRAB,5.019999980926514,,55131900,
2025-12-16,GRAB,4.949999809265137,,39244900,
2025-12-17,GRAB,4.869999885559082,,70858800,
2025-12-18,GRAB,4.920000076293945,,28343200,
2025-12-19,GRAB,4.929999828338623,,40602400,
2025-12-22,GRAB,5.179999828338623,,32166500,
2025-12-23,GRAB,5.079999923706055,,34138600,
2025-12-24,GRAB,5.130000114440918,,14531600,
2025-12-26,GRAB,5.150000095367432,,20772400,
2025-12-29,GRAB,5.099999904632568,,24028200,
2025-12-30,GRAB,5.070000171661377,,41079600,
2025-12-31,GRAB,4.989999771118164,,21767100,
2026-01-02,GRAB,5.079999923706055,,27494000,
2026-01-05,GRAB,5.090000152587891,,36489200,
2026-01-06,GRAB,5.269999980926514,,71653000,
2026-01-07,GRAB,5.079999923706055,,54486000,
2026-01-08,GRAB,4.880000114440918,,83641000,
2026-01-09,GRAB,4.849999904632568,,37901400,
2026-01-12,GRAB,4.889999866485596,,26783000,
2026-01-13,GRAB,4.789999961853027,,33430300,
2026-01-14,GRAB,4.630000114440918,,57522100,
2026-01-15,GRAB,4.389999866485596,,111735000,
2026-01-16,GRAB,4.380000114440918,,65603700,
2026-01-20,GRAB,4.510000228881836,,69498300,
2026-01-21,GRAB,4.400000095367432,,63926900,
2026-01-22,GRAB,4.550000190734863,,46274900,
2026-01-23,GRAB,4.579999923706055,,62502300,
2026-01-26,GRAB,4.559999942779541,,36327700,
2026-01-27,GRAB,4.690000057220459,,74725700,
2026-01-28,GRAB,4.53000020980835,,51929800,
2026-01-29,GRAB,4.46999979019165,,49499300,
2026-01-30,GRAB,4.300000190734863,,50346100,
2026-02-02,GRAB,4.409999847412109,,75958400,
2026-02-03,GRAB,4.269999980926514,,61463500,
2026-02-04,GRAB,4.190000057220459,,53397000,
2026-02-05,GRAB,4.150000095367432,,71321700,
2026-02-06,GRAB,4.269999980926514,,47296900,
2026-02-09,GRAB,4.260000228881836,,46154400,
2026-02-10,GRAB,4.309999942779541,,40562500,
2026-02-11,GRAB,4.230000019073486,,47991400,
2026-02-12,GRAB,4.269999980926514,,63567300,
2026-02-13,GRAB,4.130000114440918,,76183500,
2026-02-17,GRAB,4.269999980926514,,39291300,
2026-02-18,GRAB,4.449999809265137,,51800900,
2026-02-19,GRAB,4.400000095367432,,35693200,
2026-02-20,GRAB,4.380000114440918,,26041700,
2026-02-23,GRAB,4.179999828338623,,33806200,
2026-02-24,GRAB,4.150000095367432,,43612400,
2026-02-25,GRAB,4.210000038146973,,33835400,
2026-02-26,GRAB,4.309999942779541,,26936100,
2026-02-27,GRAB,4.21999979019165,,35247200,
2026-03-02,GRAB,4.179999828338623,,33392100,
2026-03-03,GRAB,4.079999923706055,,53754400,
2026-03-04,GRAB,4.099999904632568,,44607100,
2026-03-05,GRAB,4.03000020980835,,34719700,
2026-03-06,GRAB,3.9800000190734863,,34145600,
2026-03-09,GRAB,3.9600000381469727,,41265300,
2026-03-10,GRAB,3.869999885559082,,37265700,
2026-03-11,GRAB,3.890000104904175,,41076400,
2026-03-12,GRAB,3.75,,55832500,
2026-03-13,GRAB,3.7100000381469727,,28999100,
2026-03-16,GRAB,3.75,,28341300,
2026-03-17,GRAB,3.8399999141693115,,25284000,
2026-03-18,GRAB,3.75,,21379600,
2026-03-19,GRAB,3.680000066757202,,41349800,
2026-03-20,GRAB,3.559999942779541,,52691900,
2026-03-23,GRAB,3.640000104904175,,38475100,
2026-03-24,GRAB,3.7899999618530273,,84796400,
2026-03-25,GRAB,3.7300000190734863,,53742500,
2026-03-26,GRAB,3.7100000381469727,,41883700,
2026-03-27,GRAB,3.569999933242798,,66568400,
2026-03-30,GRAB,3.5299999713897705,,41924400,
2026-03-31,GRAB,3.6600000858306885,,66537400,
2026-04-01,GRAB,3.6700000762939453,,46337900,
2026-04-02,GRAB,3.619999885559082,,31776100,
2026-04-06,GRAB,3.559999942779541,,53056700,
2026-04-07,GRAB,3.5399999618530273,,66065400,
2026-04-08,GRAB,3.630000114440918,,93789200,
2026-04-09,GRAB,3.680000066757202,,51892200,
2026-04-10,GRAB,3.680000066757202,,48400100,
2026-04-13,GRAB,3.7300000190734863,,64209300,
2026-04-14,GRAB,3.819999933242798,,52935800,
2026-04-15,GRAB,3.9200000762939453,,54833100,
2026-04-16,GRAB,4.019999980926514,,76755800,
2026-04-17,GRAB,4.210000038146973,,72799800,
2026-04-20,GRAB,4.210000038146973,,48419500,
2026-04-21,GRAB,4.079999923706055,,45942500,
2026-04-22,GRAB,4.059999942779541,,38939800,
2026-04-23,GRAB,3.9600000381469727,,42263800,
2026-04-24,GRAB,3.9000000953674316,,46225200,
2026-04-27,GRAB,3.890000104904175,,52450300,
2026-04-28,GRAB,3.859999895095825,,48687900,
2026-04-29,GRAB,3.819999933242798,,41639000,
2026-04-30,GRAB,3.819999933242798,,51190000,
2026-05-01,GRAB,3.6700000762939453,,99788700,
2026-05-04,GRAB,3.619999885559082,,70132600,
2026-05-05,GRAB,3.680000066757202,,71316100,
2026-05-06,GRAB,3.7699999809265137,,62847500,
2026-05-07,GRAB,3.7899999618530273,,54665600,
2026-05-08,GRAB,3.7200000286102295,,52453100,
2026-05-11,GRAB,3.6500000953674316,,51166100,
2026-05-12,GRAB,3.640000104904175,,45258700,
2026-05-13,GRAB,3.630000114440918,,53009700,
2026-05-14,GRAB,3.569999933242798,,42608900,
2026-05-15,GRAB,3.549999952316284,,46939100,
2026-05-18,GRAB,3.5399999618530273,,38076500,
2026-05-19,GRAB,3.5,,75452500,
2026-05-20,GRAB,3.509999990463257,,40259800,
2026-05-21,GRAB,3.559999942779541,,36332600,
2026-05-22,GRAB,3.509999990463257,,30655700,
2026-05-26,GRAB,3.5899999141693115,,40755400,
2026-05-27,GRAB,3.640000104904175,,45633900,
2026-05-28,GRAB,3.5399999618530273,,42741700,
2026-05-29,GRAB,3.5399999618530273,,53341700,
2026-06-01,GRAB,3.609999895095825,,47370100,
2026-06-02,GRAB,3.5999999046325684,,40722000,
2026-06-03,GRAB,3.4100000858306885,,55800500,
2026-06-04,GRAB,3.4600000381469727,,45336600,
2026-06-05,GRAB,3.3399999141693115,,48833000,
2026-06-08,GRAB,3.3299999237060547,,42673600,
2026-06-09,GRAB,3.299999952316284,,58820900,
2026-06-10,GRAB,3.2699999809265137,,47067100,
2026-06-11,GRAB,3.3499999046325684,,64017200,
2026-06-12,GRAB,3.299999952316284,,50481800,
2026-06-15,GRAB,3.4600000381469727,,81964100,
2026-06-16,GRAB,3.490000009536743,,73256700,
2026-06-17,GRAB,3.450000047683716,,46718300,
2026-06-18,GRAB,3.569999933242798,,85667400,
2026-06-22,GRAB,3.490000009536743,,48072200,
2026-06-23,GRAB,3.4600000381469727,,56539700,
2026-06-24,GRAB,3.490000009536743,,54780400,
2026-06-25,GRAB,3.4600000381469727,,44841500,
2026-06-26,GRAB,3.549999952316284,,47805800,
2026-06-29,GRAB,3.740000009536743,,58702900,
2026-06-30,GRAB,3.7699999809265137,,64638300,
2026-07-01,GRAB,3.890000104904175,,45331700,
2026-07-02,GRAB,3.9000000953674316,,31337900,
2026-07-06,GRAB,3.8499999046325684,,82998500,
2026-07-07,GRAB,3.930000066757202,,45899400,
2026-07-08,GRAB,3.809999942779541,,42320400,
2026-07-09,GRAB,3.880000114440918,,28842300,
2026-07-10,GRAB,3.930000066757202,,24937100,
2026-07-13,GRAB,3.940000057220459,,38535100,
2026-07-14,GRAB,3.799999952316284,,33916000,
2026-07-15,GRAB,3.819999933242798,,24976500,
2026-07-16,GRAB,3.7300000190734863,,37126700,
2026-07-17,GRAB,3.569999933242798,,41888900,
2026-07-20,GRAB,3.619999885559082,,36983900,
2026-07-21,GRAB,3.5,,28595800,
2026-07-22,GRAB,3.3499999046325684,,44569800,
2026-07-23,GRAB,3.299999952316284,,34908600,
2026-07-24,GRAB,3.309999942779541,,57837500,
2026-07-27,GRAB,3.3499999046325684,,67625200,
2026-07-28,GRAB,3.450000047683716,,66801500,
2026-07-29,GRAB,3.3499999046325684,,69427700,
2026-07-30,GRAB,3.4000000953674316,,44395200,
2026-07-31,GRAB,3.5,,42223500,
2026-08-03,GRAB,3.6700000762939453,,65946700,
2026-08-04,GRAB,3.7200000286102295,,102923000,
2026-08-05,GRAB,3.677500009536743,,43212638,
2017-10-20,SE,16.260000228881836,,37563700,
2017-10-23,SE,15.260000228881836,,5753800,
2017-10-24,SE,15.239999771118164,,3748300,
2017-10-25,SE,13.729999542236328,,4408100,
2017-10-26,SE,14.020000457763672,,1850000,
2017-10-27,SE,14.010000228881836,,2414100,
2017-10-30,SE,14.100000381469727,,1230800,
2017-10-31,SE,15.079999923706055,,1664400,
2017-11-01,SE,15.430000305175781,,1247900,
2017-11-02,SE,15.239999771118164,,1190600,
2017-11-03,SE,14.989999771118164,,510000,
2017-11-06,SE,15.010000228881836,,616600,
2017-11-07,SE,15.0,,1000100,
2017-11-08,SE,14.84000015258789,,734000,
2017-11-09,SE,14.5,,1092600,
2017-11-10,SE,14.720000267028809,,631500,
2017-11-13,SE,14.729999542236328,,991800,
2017-11-14,SE,15.010000228881836,,1124700,
2017-11-15,SE,14.710000038146973,,712200,
2017-11-16,SE,15.029999732971191,,732800,
2017-11-17,SE,15.0,,1253300,
2017-11-20,SE,15.489999771118164,,786200,
2017-11-21,SE,14.779999732971191,,1377900,
2017-11-22,SE,13.850000381469727,,3799400,
2017-11-24,SE,13.329999923706055,,2265600,
2017-11-27,SE,12.670000076293945,,2934100,
2017-11-28,SE,11.449999809265137,,4752700,
2017-11-29,SE,10.970000267028809,,3725800,
2017-11-30,SE,11.600000381469727,,2325500,
2017-12-01,SE,12.430000305175781,,1403700,
2017-12-04,SE,11.979999542236328,,1471900,
2017-12-05,SE,12.729999542236328,,2044900,
2017-12-06,SE,12.130000114440918,,1788100,
2017-12-07,SE,12.920000076293945,,1779600,
2017-12-08,SE,13.289999961853027,,937800,
2017-12-11,SE,13.40999984741211,,1209000,
2017-12-12,SE,13.1899995803833,,1054500,
2017-12-13,SE,12.720000267028809,,477800,
2017-12-14,SE,11.770000457763672,,1117400,
2017-12-15,SE,12.0,,1469900,
2017-12-18,SE,11.920000076293945,,1689400,
2017-12-19,SE,11.869999885559082,,745900,
2017-12-20,SE,12.220000267028809,,706200,
2017-12-21,SE,12.770000457763672,,569400,
2017-12-22,SE,13.239999771118164,,747100,
2017-12-26,SE,13.0,,336000,
2017-12-27,SE,13.380000114440918,,406400,
2017-12-28,SE,13.5,,558300,
2017-12-29,SE,13.329999923706055,,484600,
2018-01-02,SE,13.010000228881836,,685700,
2018-01-03,SE,13.5,,681200,
2018-01-04,SE,13.0,,703700,
2018-01-05,SE,13.890000343322754,,682500,
2018-01-08,SE,13.869999885559082,,1245900,
2018-01-09,SE,13.819999694824219,,830400,
2018-01-10,SE,13.59000015258789,,851000,
2018-01-11,SE,14.229999542236328,,829200,
2018-01-12,SE,12.970000267028809,,1161600,
2018-01-16,SE,12.779999732971191,,1619600,
2018-01-17,SE,12.630000114440918,,733900,
2018-01-18,SE,12.579999923706055,,759600,
2018-01-19,SE,12.3100004196167,,642500,
2018-01-22,SE,12.59000015258789,,1062900,
2018-01-23,SE,12.899999618530273,,2207700,
2018-01-24,SE,12.760000228881836,,1406600,
2018-01-25,SE,12.75,,1177000,
2018-01-26,SE,13.289999961853027,,1606000,
2018-01-29,SE,12.220000267028809,,924700,
2018-01-30,SE,12.029999732971191,,705100,
2018-01-31,SE,12.260000228881836,,806400,
2018-02-01,SE,11.920000076293945,,612600,
2018-02-02,SE,11.930000305175781,,947900,
2018-02-05,SE,11.5,,485800,
2018-02-06,SE,11.180000305175781,,686900,
2018-02-07,SE,11.199999809265137,,394100,
2018-02-08,SE,10.880000114440918,,625700,
2018-02-09,SE,11.329999923706055,,630700,
2018-02-12,SE,11.489999771118164,,870300,
2018-02-13,SE,11.600000381469727,,1062800,
2018-02-14,SE,11.729999542236328,,741100,
2018-02-15,SE,12.380000114440918,,1524400,
2018-02-16,SE,12.329999923706055,,742600,
2018-02-20,SE,12.329999923706055,,780000,
2018-02-21,SE,12.520000457763672,,839200,
2018-02-22,SE,11.960000038146973,,264600,
2018-02-23,SE,12.15999984741211,,207400,
2018-02-26,SE,12.149999618530273,,752800,
2018-02-27,SE,12.260000228881836,,831300,
2018-02-28,SE,10.960000038146973,,4808300,
2018-03-01,SE,11.029999732971191,,3035100,
2018-03-02,SE,10.670000076293945,,983300,
2018-03-05,SE,10.779999732971191,,698300,
2018-03-06,SE,10.930000305175781,,633900,
2018-03-07,SE,11.59000015258789,,688700,
2018-03-08,SE,11.1899995803833,,720400,
2018-03-09,SE,11.079999923706055,,421000,
2018-03-12,SE,11.460000038146973,,654800,
2018-03-13,SE,11.300000190734863,,443200,
2018-03-14,SE,11.149999618530273,,1599200,
2018-03-15,SE,11.149999618530273,,567100,
2018-03-16,SE,11.1899995803833,,1280000,
2018-03-19,SE,10.760000228881836,,1121500,
2018-03-20,SE,10.720000267028809,,975200,
2018-03-21,SE,10.829999923706055,,1037300,
2018-03-22,SE,10.8100004196167,,908700,
2018-03-23,SE,10.779999732971191,,934800,
2018-03-26,SE,11.0,,514700,
2018-03-27,SE,10.869999885559082,,878900,
2018-03-28,SE,10.930000305175781,,1028600,
2018-03-29,SE,11.270000457763672,,612000,
2018-04-02,SE,11.25,,820400,
2018-04-03,SE,11.109999656677246,,940600,
2018-04-04,SE,11.09000015258789,,377800,
2018-04-05,SE,11.010000228881836,,440000,
2018-04-06,SE,10.65999984741211,,521600,
2018-04-09,SE,10.789999961853027,,378000,
2018-04-10,SE,10.699999809265137,,345100,
2018-04-11,SE,10.5,,1231200,
2018-04-12,SE,10.470000267028809,,663400,
2018-04-13,SE,10.350000381469727,,759100,
2018-04-16,SE,10.529999732971191,,634800,
2018-04-17,SE,10.869999885559082,,1048500,
2018-04-18,SE,11.90999984741211,,1258700,
2018-04-19,SE,11.59000015258789,,806800,
2018-04-20,SE,11.380000114440918,,602400,
2018-04-23,SE,10.789999961853027,,1024500,
2018-04-24,SE,10.970000267028809,,1037500,
2018-04-25,SE,10.619999885559082,,699600,
2018-04-26,SE,10.489999771118164,,666700,
2018-04-27,SE,10.609999656677246,,474800,
2018-04-30,SE,10.489999771118164,,261500,
2018-05-01,SE,10.479999542236328,,589900,
2018-05-02,SE,10.899999618530273,,639900,
2018-05-03,SE,10.890000343322754,,381000,
2018-05-04,SE,10.819999694824219,,528100,
2018-05-07,SE,10.479999542236328,,872600,
2018-05-08,SE,10.390000343322754,,533800,
2018-05-09,SE,10.34000015258789,,1233600,
2018-05-10,SE,10.960000038146973,,536700,
2018-05-11,SE,10.520000457763672,,594900,
2018-05-14,SE,10.449999809265137,,306100,
2018-05-15,SE,10.640000343322754,,611200,
2018-05-16,SE,11.979999542236328,,4612100,
2018-05-17,SE,11.739999771118164,,1827000,
2018-05-18,SE,13.069999694824219,,2831200,
2018-05-21,SE,13.609999656677246,,1928000,
2018-05-22,SE,13.369999885559082,,1013800,
2018-05-23,SE,14.260000228881836,,2988500,
2018-05-24,SE,14.609999656677246,,3253900,
2018-05-25,SE,14.5600004196167,,2312300,
2018-05-29,SE,14.899999618530273,,1682000,
2018-05-30,SE,14.609999656677246,,1160100,
2018-05-31,SE,14.789999961853027,,1271000,
2018-06-01,SE,16.309999465942383,,3677900,
2018-06-04,SE,15.3100004196167,,1632100,
2018-06-05,SE,16.399999618530273,,4023300,
2018-06-06,SE,16.0,,1163900,
2018-06-07,SE,15.920000076293945,,831700,
2018-06-08,SE,16.0,,739800,
2018-06-11,SE,15.869999885559082,,858800,
2018-06-12,SE,16.399999618530273,,2974900,
2018-06-13,SE,14.9399995803833,,8304000,
2018-06-14,SE,15.960000038146973,,10808600,
2018-06-15,SE,15.510000228881836,,3149400,
2018-06-18,SE,15.5600004196167,,1998300,
2018-06-19,SE,15.100000381469727,,2747800,
2018-06-20,SE,15.130000114440918,,1521100,
2018-06-21,SE,14.819999694824219,,2456400,
2018-06-22,SE,15.390000343322754,,3197900,
2018-06-25,SE,14.850000381469727,,1468600,
2018-06-26,SE,15.220000267028809,,2528100,
2018-06-27,SE,14.819999694824219,,2242200,
2018-06-28,SE,14.649999618530273,,1791400,
2018-06-29,SE,15.0,,1177400,
2018-07-02,SE,14.510000228881836,,1287900,
2018-07-03,SE,14.869999885559082,,612900,
2018-07-05,SE,15.600000381469727,,3590600,
2018-07-06,SE,16.530000686645508,,5583600,
2018-07-09,SE,16.25,,1598600,
2018-07-10,SE,15.680000305175781,,1730700,
2018-07-11,SE,15.489999771118164,,1765000,
2018-07-12,SE,16.079999923706055,,2872000,
2018-07-13,SE,15.90999984741211,,909100,
2018-07-16,SE,15.619999885559082,,1263000,
2018-07-17,SE,15.65999984741211,,903600,
2018-07-18,SE,15.5600004196167,,1069800,
2018-07-19,SE,15.75,,2669500,
2018-07-20,SE,15.3100004196167,,2612400,
2018-07-23,SE,15.25,,1905900,
2018-07-24,SE,14.300000190734863,,4232000,
2018-07-25,SE,14.460000038146973,,1099800,
2018-07-26,SE,14.350000381469727,,510300,
2018-07-27,SE,13.460000038146973,,2639400,
2018-07-30,SE,13.550000190734863,,1160100,
2018-07-31,SE,14.100000381469727,,1526500,
2018-08-01,SE,14.619999885559082,,1997400,
2018-08-02,SE,14.869999885559082,,2262100,
2018-08-03,SE,14.510000228881836,,1126300,
2018-08-06,SE,14.75,,899200,
2018-08-07,SE,14.460000038146973,,674900,
2018-08-08,SE,14.34000015258789,,895700,
2018-08-09,SE,14.300000190734863,,492200,
2018-08-10,SE,13.84000015258789,,787100,
2018-08-13,SE,14.1899995803833,,978400,
2018-08-14,SE,13.949999809265137,,1038300,
2018-08-15,SE,13.420000076293945,,2520500,
2018-08-16,SE,13.470000267028809,,1228300,
2018-08-17,SE,13.579999923706055,,725000,
2018-08-20,SE,13.84000015258789,,1173800,
2018-08-21,SE,14.260000228881836,,1613900,
2018-08-22,SE,13.569999694824219,,2834400,
2018-08-23,SE,14.350000381469727,,1440800,
2018-08-24,SE,14.739999771118164,,1677900,
2018-08-27,SE,15.15999984741211,,1791300,
2018-08-28,SE,15.100000381469727,,1599800,
2018-08-29,SE,14.90999984741211,,1006100,
2018-08-30,SE,13.880000114440918,,1728800,
2018-08-31,SE,14.25,,723500,
2018-09-04,SE,13.84000015258789,,1153000,
2018-09-05,SE,13.489999771118164,,2138600,
2018-09-06,SE,13.649999618530273,,1216800,
2018-09-07,SE,13.489999771118164,,838800,
2018-09-10,SE,12.770000457763672,,1481000,
2018-09-11,SE,12.40999984741211,,2025000,
2018-09-12,SE,13.239999771118164,,2369500,
2018-09-13,SE,13.920000076293945,,3067100,
2018-09-14,SE,13.630000114440918,,882400,
2018-09-17,SE,13.65999984741211,,594300,
2018-09-18,SE,13.65999984741211,,1306800,
2018-09-19,SE,13.4399995803833,,725300,
2018-09-20,SE,13.920000076293945,,1531300,
2018-09-21,SE,14.600000381469727,,2036400,
2018-09-24,SE,14.239999771118164,,722000,
2018-09-25,SE,14.470000267028809,,492100,
2018-09-26,SE,14.220000267028809,,594800,
2018-09-27,SE,14.15999984741211,,813300,
2018-09-28,SE,13.829999923706055,,1089700,
2018-10-01,SE,14.489999771118164,,1400600,
2018-10-02,SE,13.899999618530273,,940500,
2018-10-03,SE,13.890000343322754,,701900,
2018-10-04,SE,12.819999694824219,,1721300,
2018-10-05,SE,12.920000076293945,,1309700,
2018-10-08,SE,12.670000076293945,,862200,
2018-10-09,SE,12.6899995803833,,773800,
2018-10-10,SE,11.90999984741211,,1393800,
2018-10-11,SE,11.899999618530273,,2290400,
2018-10-12,SE,12.770000457763672,,1008500,
2018-10-15,SE,13.09000015258789,,926800,
2018-10-16,SE,13.670000076293945,,1402500,
2018-10-17,SE,13.6899995803833,,852800,
2018-10-18,SE,13.1899995803833,,1718400,
2018-10-19,SE,12.9399995803833,,1858500,
2018-10-22,SE,13.100000381469727,,706700,
2018-10-23,SE,13.039999961853027,,873600,
2018-10-24,SE,12.510000228881836,,502600,
2018-10-25,SE,12.75,,545100,
2018-10-26,SE,12.619999885559082,,452200,
2018-10-29,SE,12.100000381469727,,568600,
2018-10-30,SE,12.390000343322754,,1395300,
2018-10-31,SE,13.050000190734863,,2142500,
2018-11-01,SE,13.020000457763672,,932700,
2018-11-02,SE,12.859999656677246,,889600,
2018-11-05,SE,12.210000038146973,,1484700,
2018-11-06,SE,12.649999618530273,,2621600,
2018-11-07,SE,13.1899995803833,,3902400,
2018-11-08,SE,13.050000190734863,,736200,
2018-11-09,SE,12.329999923706055,,1018400,
2018-11-12,SE,12.779999732971191,,1477600,
2018-11-13,SE,12.4399995803833,,1053200,
2018-11-14,SE,12.239999771118164,,548000,
2018-11-15,SE,12.460000038146973,,1094400,
2018-11-16,SE,12.510000228881836,,1149300,
2018-11-19,SE,12.699999809265137,,1912300,
2018-11-20,SE,12.109999656677246,,2625900,
2018-11-21,SE,12.800000190734863,,3421100,
2018-11-23,SE,12.899999618530273,,895400,
2018-11-26,SE,12.630000114440918,,2215300,
2018-11-27,SE,13.329999923706055,,4942900,
2018-11-28,SE,13.25,,2817100,
2018-11-29,SE,12.899999618530273,,1362700,
2018-11-30,SE,13.34000015258789,,3133300,
2018-12-03,SE,13.289999961853027,,1818600,
2018-12-04,SE,12.449999809265137,,1254000,
2018-12-06,SE,12.4399995803833,,1812400,
2018-12-07,SE,12.100000381469727,,1198000,
2018-12-10,SE,11.8100004196167,,1510900,
2018-12-11,SE,12.0,,701600,
2018-12-12,SE,12.229999542236328,,1503700,
2018-12-13,SE,12.15999984741211,,426500,
2018-12-14,SE,11.869999885559082,,650900,
2018-12-17,SE,11.710000038146973,,1019500,
2018-12-18,SE,11.65999984741211,,714700,
2018-12-19,SE,11.40999984741211,,537400,
2018-12-20,SE,10.989999771118164,,1197800,
2018-12-21,SE,10.739999771118164,,1035900,
2018-12-24,SE,10.739999771118164,,211800,
2018-12-26,SE,11.390000343322754,,591600,
2018-12-27,SE,11.399999618530273,,487900,
2018-12-28,SE,11.149999618530273,,727400,
2018-12-31,SE,11.319999694824219,,574400,
2019-01-02,SE,11.050000190734863,,570400,
2019-01-03,SE,10.720000267028809,,941700,
2019-01-04,SE,11.5600004196167,,963600,
2019-01-07,SE,11.949999809265137,,550900,
2019-01-08,SE,12.300000190734863,,2513100,
2019-01-09,SE,12.5,,2407900,
2019-01-10,SE,12.569999694824219,,594000,
2019-01-11,SE,12.569999694824219,,2594300,
2019-01-14,SE,12.050000190734863,,989500,
2019-01-15,SE,12.180000305175781,,1888300,
2019-01-16,SE,12.380000114440918,,1947000,
2019-01-17,SE,12.390000343322754,,1695200,
2019-01-18,SE,12.600000381469727,,1583700,
2019-01-22,SE,13.050000190734863,,3007600,
2019-01-23,SE,12.710000038146973,,1324800,
2019-01-24,SE,13.119999885559082,,1195900,
2019-01-25,SE,13.630000114440918,,3415500,
2019-01-28,SE,13.510000228881836,,809100,
2019-01-29,SE,13.449999809265137,,386700,
2019-01-30,SE,13.5600004196167,,684200,
2019-01-31,SE,14.010000228881836,,3829300,
2019-02-01,SE,15.329999923706055,,4941600,
2019-02-04,SE,14.960000038146973,,1932800,
2019-02-05,SE,15.020000457763672,,1632600,
2019-02-06,SE,14.800000190734863,,781100,
2019-02-07,SE,14.75,,1896900,
2019-02-08,SE,15.100000381469727,,2156100,
2019-02-11,SE,15.510000228881836,,4517600,
2019-02-12,SE,16.0,,7204100,
2019-02-13,SE,15.880000114440918,,3498700,
2019-02-14,SE,16.0,,2175100,
2019-02-15,SE,16.0,,1519800,
2019-02-19,SE,16.0,,2143300,
2019-02-20,SE,15.84000015258789,,3779500,
2019-02-21,SE,15.710000038146973,,1955700,
2019-02-22,SE,15.989999771118164,,3799100,
2019-02-25,SE,15.899999618530273,,4446100,
2019-02-26,SE,16.200000762939453,,5613200,
2019-02-27,SE,21.860000610351562,,27474100,
2019-02-28,SE,21.5,,7529300,
2019-03-01,SE,23.200000762939453,,7847700,
2019-03-04,SE,23.010000228881836,,9715900,
2019-03-05,SE,24.059999465942383,,10515600,
2019-03-06,SE,22.8799991607666,,30676100,
2019-03-07,SE,23.440000534057617,,12031800,
2019-03-08,SE,23.700000762939453,,5493300,
2019-03-11,SE,23.31999969482422,,8467800,
2019-03-12,SE,23.100000381469727,,7479700,
2019-03-13,SE,22.8799991607666,,5130900,
2019-03-14,SE,22.899999618530273,,4640300,
2019-03-15,SE,23.510000228881836,,9029800,
2019-03-18,SE,24.219999313354492,,6666700,
2019-03-19,SE,24.040000915527344,,5182700,
2019-03-20,SE,24.3700008392334,,4742500,
2019-03-21,SE,24.649999618530273,,4642400,
2019-03-22,SE,24.149999618530273,,2934700,
2019-03-25,SE,23.969999313354492,,2465500,
2019-03-26,SE,24.360000610351562,,2516400,
2019-03-27,SE,23.799999237060547,,5393800,
2019-03-28,SE,23.530000686645508,,3485700,
2019-03-29,SE,23.520000457763672,,4083000,
2019-04-01,SE,23.350000381469727,,4967900,
2019-04-02,SE,23.299999237060547,,2417400,
2019-04-03,SE,23.309999465942383,,3042300,
2019-04-04,SE,22.0,,5684600,
2019-04-05,SE,23.0,,4448100,
2019-04-08,SE,22.350000381469727,,3810300,
2019-04-09,SE,22.100000381469727,,3241500,
2019-04-10,SE,22.520000457763672,,4105900,
2019-04-11,SE,23.40999984741211,,6406900,
2019-04-12,SE,23.6299991607666,,3837400,
2019-04-15,SE,23.649999618530273,,2792300,
2019-04-16,SE,23.450000762939453,,2950700,
2019-04-17,SE,22.850000381469727,,4889500,
2019-04-18,SE,22.969999313354492,,4085100,
2019-04-22,SE,23.68000030517578,,4178900,
2019-04-23,SE,24.420000076293945,,6384900,
2019-04-24,SE,24.5,,2898000,
2019-04-25,SE,24.350000381469727,,2400800,
2019-04-26,SE,25.549999237060547,,5907900,
2019-04-29,SE,25.360000610351562,,8093700,
2019-04-30,SE,24.889999389648438,,2142100,
2019-05-01,SE,24.969999313354492,,3918800,
2019-05-02,SE,24.700000762939453,,3958700,
2019-05-03,SE,25.200000762939453,,2705100,
2019-05-06,SE,25.190000534057617,,2790100,
2019-05-07,SE,24.299999237060547,,4911200,
2019-05-08,SE,24.59000015258789,,5405000,
2019-05-09,SE,24.739999771118164,,1877000,
2019-05-10,SE,25.690000534057617,,4227300,
2019-05-13,SE,24.3799991607666,,6154100,
2019-05-14,SE,24.920000076293945,,6061200,
2019-05-15,SE,25.600000381469727,,3443500,
2019-05-16,SE,26.93000030517578,,6364400,
2019-05-17,SE,26.670000076293945,,5432800,
2019-05-20,SE,25.799999237060547,,8024600,
2019-05-21,SE,25.389999389648438,,6979500,
2019-05-22,SE,31.5,,23992000,
2019-05-23,SE,30.59000015258789,,6177500,
2019-05-24,SE,29.989999771118164,,3713400,
2019-05-28,SE,29.190000534057617,,3733600,
2019-05-29,SE,28.329999923706055,,3241300,
2019-05-30,SE,28.3700008392334,,3420000,
2019-05-31,SE,28.440000534057617,,2254300,
2019-06-03,SE,27.969999313354492,,2960800,
2019-06-04,SE,28.729999542236328,,4153000,
2019-06-05,SE,29.229999542236328,,2237100,
2019-06-06,SE,29.739999771118164,,3227100,
2019-06-07,SE,30.850000381469727,,2711700,
2019-06-10,SE,30.799999237060547,,2040200,
2019-06-11,SE,30.489999771118164,,3522200,
2019-06-12,SE,31.219999313354492,,3704900,
2019-06-13,SE,30.760000228881836,,2895100,
2019-06-14,SE,29.959999084472656,,2859300,
2019-06-17,SE,29.950000762939453,,2548300,
2019-06-18,SE,31.260000228881836,,4281200,
2019-06-19,SE,31.489999771118164,,4677800,
2019-06-20,SE,32.29999923706055,,6072600,
2019-06-21,SE,34.45000076293945,,7590900,
2019-06-24,SE,34.189998626708984,,2972400,
2019-06-25,SE,33.41999816894531,,2939900,
2019-06-26,SE,33.810001373291016,,5671400,
2019-06-27,SE,33.77000045776367,,1909700,
2019-06-28,SE,33.220001220703125,,3354600,
2019-07-01,SE,34.27000045776367,,3894600,
2019-07-02,SE,35.13999938964844,,2697000,
2019-07-03,SE,35.689998626708984,,1917100,
2019-07-05,SE,35.709999084472656,,1746000,
2019-07-08,SE,35.36000061035156,,2876100,
2019-07-09,SE,35.56999969482422,,3640000,
2019-07-10,SE,36.08000183105469,,3968500,
2019-07-11,SE,36.0,,1069300,
2019-07-12,SE,35.16999816894531,,1335600,
2019-07-15,SE,35.16999816894531,,1353300,
2019-07-16,SE,35.209999084472656,,1555500,
2019-07-17,SE,34.310001373291016,,1858600,
2019-07-18,SE,34.41999816894531,,2595100,
2019-07-19,SE,34.650001525878906,,1828700,
2019-07-22,SE,35.25,,3325700,
2019-07-23,SE,35.06999969482422,,1435300,
2019-07-24,SE,35.81999969482422,,2624800,
2019-07-25,SE,36.380001068115234,,3476100,
2019-07-26,SE,37.38999938964844,,3445900,
2019-07-29,SE,36.72999954223633,,2375800,
2019-07-30,SE,35.709999084472656,,2107100,
2019-07-31,SE,35.099998474121094,,2219600,
2019-08-01,SE,35.290000915527344,,5028100,
2019-08-02,SE,37.709999084472656,,4901700,
2019-08-05,SE,34.02000045776367,,6639100,
2019-08-06,SE,33.939998626708984,,3174100,
2019-08-07,SE,34.52000045776367,,2357400,
2019-08-08,SE,35.58000183105469,,3268900,
2019-08-09,SE,34.689998626708984,,2169900,
2019-08-12,SE,34.0,,1526800,
2019-08-13,SE,34.619998931884766,,1975500,
2019-08-14,SE,33.380001068115234,,3119200,
2019-08-15,SE,34.38999938964844,,3912900,
2019-08-16,SE,35.41999816894531,,4846400,
2019-08-19,SE,36.099998474121094,,6501500,
2019-08-20,SE,33.0,,19614600,
2019-08-21,SE,31.889999389648438,,5713200,
2019-08-22,SE,32.220001220703125,,3978900,
2019-08-23,SE,30.8700008392334,,4527300,
2019-08-26,SE,31.719999313354492,,4696700,
2019-08-27,SE,31.889999389648438,,2143100,
2019-08-28,SE,32.290000915527344,,2930900,
2019-08-29,SE,32.41999816894531,,1672900,
2019-08-30,SE,32.119998931884766,,2280900,
2019-09-03,SE,30.8799991607666,,3802900,
2019-09-04,SE,31.90999984741211,,6396600,
2019-09-05,SE,31.600000381469727,,5892800,
2019-09-06,SE,31.610000610351562,,2387700,
2019-09-09,SE,30.040000915527344,,6360000,
2019-09-10,SE,30.34000015258789,,4283200,
2019-09-11,SE,31.18000030517578,,4009300,
2019-09-12,SE,31.329999923706055,,3518500,
2019-09-13,SE,31.030000686645508,,1468800,
2019-09-16,SE,30.920000076293945,,1226800,
2019-09-17,SE,30.8700008392334,,1225100,
2019-09-18,SE,31.100000381469727,,1188200,
2019-09-19,SE,31.950000762939453,,2787500,
2019-09-20,SE,32.27000045776367,,1993700,
2019-09-23,SE,32.439998626708984,,2298900,
2019-09-24,SE,31.260000228881836,,2666600,
2019-09-25,SE,32.439998626708984,,4336400,
2019-09-26,SE,32.470001220703125,,2036200,
2019-09-27,SE,30.420000076293945,,5961000,
2019-09-30,SE,30.950000762939453,,3625200,
2019-10-01,SE,31.290000915527344,,1468400,
2019-10-02,SE,30.06999969482422,,2512500,
2019-10-03,SE,31.149999618530273,,3525200,
2019-10-04,SE,31.0,,2600400,
2019-10-07,SE,30.540000915527344,,3793300,
2019-10-08,SE,27.850000381469727,,10536700,
2019-10-09,SE,28.6200008392334,,5254900,
2019-10-10,SE,27.850000381469727,,5211400,
2019-10-11,SE,27.920000076293945,,3357900,
2019-10-14,SE,27.5,,2232200,
2019-10-15,SE,28.280000686645508,,5729800,
2019-10-16,SE,28.09000015258789,,1521600,
2019-10-17,SE,27.829999923706055,,2370200,
2019-10-18,SE,26.979999542236328,,4361800,
2019-10-21,SE,27.229999542236328,,4058300,
2019-10-22,SE,26.700000762939453,,3681800,
2019-10-23,SE,27.260000228881836,,3985000,
2019-10-24,SE,28.049999237060547,,2754400,
2019-10-25,SE,28.5,,3683300,
2019-10-28,SE,29.1200008392334,,2135600,
2019-10-29,SE,29.350000381469727,,3163700,
2019-10-30,SE,29.790000915527344,,1302100,
2019-10-31,SE,29.760000228881836,,1767300,
2019-11-01,SE,29.899999618530273,,2548000,
2019-11-04,SE,30.889999389648438,,3022400,
2019-11-05,SE,30.549999237060547,,6256900,
2019-11-06,SE,30.649999618530273,,2817100,
2019-11-07,SE,30.950000762939453,,5430600,
2019-11-08,SE,31.700000762939453,,4025600,
2019-11-11,SE,31.0,,5340700,
2019-11-12,SE,36.7599983215332,,14267400,
2019-11-13,SE,35.18000030517578,,11648000,
2019-11-14,SE,36.91999816894531,,11893400,
2019-11-15,SE,36.380001068115234,,6774100,
2019-11-18,SE,36.630001068115234,,4202400,
2019-11-19,SE,37.0099983215332,,2652400,
2019-11-20,SE,37.27000045776367,,4860100,
2019-11-21,SE,37.220001220703125,,1888900,
2019-11-22,SE,37.27000045776367,,3372600,
2019-11-25,SE,37.349998474121094,,6599500,
2019-11-26,SE,37.75,,4077000,
2019-11-27,SE,37.779998779296875,,3035900,
2019-11-29,SE,37.040000915527344,,2219300,
2019-12-02,SE,36.56999969482422,,3014900,
2019-12-03,SE,36.77000045776367,,4876200,
2019-12-04,SE,37.09000015258789,,1419300,
2019-12-05,SE,37.84000015258789,,6288200,
2019-12-06,SE,37.810001373291016,,3418100,
2019-12-09,SE,36.7400016784668,,3535600,
2019-12-10,SE,36.630001068115234,,3343000,
2019-12-11,SE,36.77000045776367,,5570200,
2019-12-12,SE,37.29999923706055,,4489500,
2019-12-13,SE,36.79999923706055,,2941200,
2019-12-16,SE,38.0,,3912100,
2019-12-17,SE,38.0,,4825200,
2019-12-18,SE,37.61000061035156,,7190700,
2019-12-19,SE,38.81999969482422,,5935600,
2019-12-20,SE,39.0099983215332,,3741900,
2019-12-23,SE,38.849998474121094,,2662200,
2019-12-24,SE,39.119998931884766,,702900,
2019-12-26,SE,39.08000183105469,,1921700,
2019-12-27,SE,39.29999923706055,,1530100,
2019-12-30,SE,39.209999084472656,,3066100,
2019-12-31,SE,40.220001220703125,,3517200,
2020-01-02,SE,40.040000915527344,,5857000,
2020-01-03,SE,40.4900016784668,,5237800,
2020-01-06,SE,40.47999954223633,,4049200,
2020-01-07,SE,41.0099983215332,,3947600,
2020-01-08,SE,40.15999984741211,,3200800,
2020-01-09,SE,40.529998779296875,,3129700,
2020-01-10,SE,39.58000183105469,,3360900,
2020-01-13,SE,40.02000045776367,,1647300,
2020-01-14,SE,39.939998626708984,,3445800,
2020-01-15,SE,40.41999816894531,,2312300,
2020-01-16,SE,40.959999084472656,,2351500,
2020-01-17,SE,41.279998779296875,,3217500,
2020-01-21,SE,41.310001373291016,,4195500,
2020-01-22,SE,44.36000061035156,,10448600,
2020-01-23,SE,44.75,,4141600,
2020-01-24,SE,45.33000183105469,,5869400,
2020-01-27,SE,44.349998474121094,,3065600,
2020-01-28,SE,45.029998779296875,,1561300,
2020-01-29,SE,45.13999938964844,,2059000,
2020-01-30,SE,45.59000015258789,,1542000,
2020-01-31,SE,45.2400016784668,,2784500,
2020-02-03,SE,46.369998931884766,,3350400,
2020-02-04,SE,46.81999969482422,,3841400,
2020-02-05,SE,45.810001373291016,,4292900,
2020-02-06,SE,45.720001220703125,,2679100,
2020-02-07,SE,46.20000076293945,,3073100,
2020-02-10,SE,45.15999984741211,,3370300,
2020-02-11,SE,46.34000015258789,,2793700,
2020-02-12,SE,46.93000030517578,,2096100,
2020-02-13,SE,47.95000076293945,,7357200,
2020-02-14,SE,48.4900016784668,,3698000,
2020-02-18,SE,49.84000015258789,,5075800,
2020-02-19,SE,51.20000076293945,,4737400,
2020-02-20,SE,52.5,,9306800,
2020-02-21,SE,51.849998474121094,,5698300,
2020-02-24,SE,48.20000076293945,,8968100,
2020-02-25,SE,46.70000076293945,,6217700,
2020-02-26,SE,46.41999816894531,,3198200,
2020-02-27,SE,45.06999969482422,,8820800,
2020-02-28,SE,45.060001373291016,,5054400,
2020-03-02,SE,48.040000915527344,,7254600,
2020-03-03,SE,48.95000076293945,,10998400,
2020-03-04,SE,52.52000045776367,,5619300,
2020-03-05,SE,52.560001373291016,,4239200,
2020-03-06,SE,50.349998474121094,,5801800,
2020-03-09,SE,45.90999984741211,,7509400,
2020-03-10,SE,50.689998626708984,,7620700,
2020-03-11,SE,48.02000045776367,,3794000,
2020-03-12,SE,41.630001068115234,,8734000,
2020-03-13,SE,44.5099983215332,,6643200,
2020-03-16,SE,41.08000183105469,,6871000,
2020-03-17,SE,44.2599983215332,,5394200,
2020-03-18,SE,41.959999084472656,,7571800,
2020-03-19,SE,39.70000076293945,,7276900,
2020-03-20,SE,38.0,,5849000,
2020-03-23,SE,38.45000076293945,,5627900,
2020-03-24,SE,42.84000015258789,,6362200,
2020-03-25,SE,44.040000915527344,,4203300,
2020-03-26,SE,45.7400016784668,,5064900,
2020-03-27,SE,43.93000030517578,,4146800,
2020-03-30,SE,44.459999084472656,,3071200,
2020-03-31,SE,44.310001373291016,,2682700,
2020-04-01,SE,43.16999816894531,,3713500,
2020-04-02,SE,44.58000183105469,,2733000,
2020-04-03,SE,42.099998474121094,,5554400,
2020-04-06,SE,44.79999923706055,,3309500,
2020-04-07,SE,45.220001220703125,,4112800,
2020-04-08,SE,45.45000076293945,,1896200,
2020-04-09,SE,45.06999969482422,,3650000,
2020-04-13,SE,46.9900016784668,,2664800,
2020-04-14,SE,50.220001220703125,,4886500,
2020-04-15,SE,49.779998779296875,,2414200,
2020-04-16,SE,53.95000076293945,,6896400,
2020-04-17,SE,53.02000045776367,,3781400,
2020-04-20,SE,54.220001220703125,,2513000,
2020-04-21,SE,51.97999954223633,,3771700,
2020-04-22,SE,54.040000915527344,,3067900,
2020-04-23,SE,53.630001068115234,,2737100,
2020-04-24,SE,54.38999938964844,,2329900,
2020-04-27,SE,55.34000015258789,,3311500,
2020-04-28,SE,53.29999923706055,,4566800,
2020-04-29,SE,55.52000045776367,,2828500,
2020-04-30,SE,55.58000183105469,,2167600,
2020-05-01,SE,54.779998779296875,,2053800,
2020-05-04,SE,55.22999954223633,,2677200,
2020-05-05,SE,57.93000030517578,,4678600,
2020-05-06,SE,61.689998626708984,,8235400,
2020-05-07,SE,60.369998931884766,,6619500,
2020-05-08,SE,62.4900016784668,,3231000,
2020-05-11,SE,62.90999984741211,,3545000,
2020-05-12,SE,62.70000076293945,,3724300,
2020-05-13,SE,61.97999954223633,,5419300,
2020-05-14,SE,61.59000015258789,,5295700,
2020-05-15,SE,61.959999084472656,,6439600,
2020-05-18,SE,69.48999786376953,,9972900,
2020-05-19,SE,68.2699966430664,,14057000,
2020-05-20,SE,72.4000015258789,,10281000,
2020-05-21,SE,77.80999755859375,,11053800,
2020-05-22,SE,79.0,,6901900,
2020-05-26,SE,83.16000366210938,,7287900,
2020-05-27,SE,78.91000366210938,,11287600,
2020-05-28,SE,75.66000366210938,,6485800,
2020-05-29,SE,79.80000305175781,,4958100,
2020-06-01,SE,82.47000122070312,,4527000,
2020-06-02,SE,86.86000061035156,,4726400,
2020-06-03,SE,88.06999969482422,,6449700,
2020-06-04,SE,85.30999755859375,,5842700,
2020-06-05,SE,89.69999694824219,,5178900,
2020-06-08,SE,90.87999725341797,,6408000,
2020-06-09,SE,90.77999877929688,,3750800,
2020-06-10,SE,92.16000366210938,,4520400,
2020-06-11,SE,88.58000183105469,,7983400,
2020-06-12,SE,92.9800033569336,,4234300,
2020-06-15,SE,97.25,,5158200,
2020-06-16,SE,100.80000305175781,,5710200,
2020-06-17,SE,106.80999755859375,,7328200,
2020-06-18,SE,106.4800033569336,,6714400,
2020-06-19,SE,106.94000244140625,,7589600,
2020-06-22,SE,113.38999938964844,,6732400,
2020-06-23,SE,111.0999984741211,,8163300,
2020-06-24,SE,103.63999938964844,,10785400,
2020-06-25,SE,104.31999969482422,,4465300,
2020-06-26,SE,105.19999694824219,,4453900,
2020-06-29,SE,108.7699966430664,,4478300,
2020-06-30,SE,107.23999786376953,,2912400,
2020-07-01,SE,114.45999908447266,,4728800,
2020-07-02,SE,117.62000274658203,,3278100,
2020-07-06,SE,114.41000366210938,,5475600,
2020-07-07,SE,112.9000015258789,,4917700,
2020-07-08,SE,124.45999908447266,,7608300,
2020-07-09,SE,123.05000305175781,,5192900,
2020-07-10,SE,121.0,,2501300,
2020-07-13,SE,113.6500015258789,,4961600,
2020-07-14,SE,113.30000305175781,,5621200,
2020-07-15,SE,113.20999908447266,,2941700,
2020-07-16,SE,109.0,,3044800,
2020-07-17,SE,109.04000091552734,,1697000,
2020-07-20,SE,115.25,,3510100,
2020-07-21,SE,115.44999694824219,,2526300,
2020-07-22,SE,114.6500015258789,,1397400,
2020-07-23,SE,108.94999694824219,,2745400,
2020-07-24,SE,107.12000274658203,,3797800,
2020-07-27,SE,114.18000030517578,,3498500,
2020-07-28,SE,116.0,,2937000,
2020-07-29,SE,118.69000244140625,,2385500,
2020-07-30,SE,122.29000091552734,,3665400,
2020-07-31,SE,122.19999694824219,,4166700,
2020-08-03,SE,132.75,,4569800,
2020-08-04,SE,137.50999450683594,,4490600,
2020-08-05,SE,145.47000122070312,,4543000,
2020-08-06,SE,138.2100067138672,,4497700,
2020-08-07,SE,129.0,,5050200,
2020-08-10,SE,122.69999694824219,,5945300,
2020-08-11,SE,120.36000061035156,,3967900,
2020-08-12,SE,126.91999816894531,,3832400,
2020-08-13,SE,128.0,,4053600,
2020-08-14,SE,126.5,,3299400,
2020-08-17,SE,134.27999877929688,,6073200,
2020-08-18,SE,145.97999572753906,,12364800,
2020-08-19,SE,150.55999755859375,,5442100,
2020-08-20,SE,152.63999938964844,,4178400,
2020-08-21,SE,147.4199981689453,,3934100,
2020-08-24,SE,150.41000366210938,,4437800,
2020-08-25,SE,154.1300048828125,,3644900,
2020-08-26,SE,159.0,,5392700,
2020-08-27,SE,153.14999389648438,,3919200,
2020-08-28,SE,152.6699981689453,,2396500,
2020-08-31,SE,152.80999755859375,,3949200,
2020-09-01,SE,161.8000030517578,,5358200,
2020-09-02,SE,157.22000122070312,,4471600,
2020-09-03,SE,147.55999755859375,,6682700,
2020-09-04,SE,144.14999389648438,,7891400,
2020-09-08,SE,138.0,,7301100,
2020-09-09,SE,142.02999877929688,,3896300,
2020-09-10,SE,139.5,,2591900,
2020-09-11,SE,139.50999450683594,,2337000,
2020-09-14,SE,147.82000732421875,,3586100,
2020-09-15,SE,149.99000549316406,,3010300,
2020-09-16,SE,147.5800018310547,,1536100,
2020-09-17,SE,149.0800018310547,,3154400,
2020-09-18,SE,147.5500030517578,,2542800,
2020-09-21,SE,150.6999969482422,,2230100,
2020-09-22,SE,152.1199951171875,,3080600,
2020-09-23,SE,147.8800048828125,,3441800,
2020-09-24,SE,150.05999755859375,,3102000,
2020-09-25,SE,155.2899932861328,,4289600,
2020-09-28,SE,159.97000122070312,,3658100,
2020-09-29,SE,155.14999389648438,,2500400,
2020-09-30,SE,154.0399932861328,,2290500,
2020-10-01,SE,160.0,,3054200,
2020-10-02,SE,155.36000061035156,,3017000,
2020-10-05,SE,157.5800018310547,,3345900,
2020-10-06,SE,163.44000244140625,,5642700,
2020-10-07,SE,167.4199981689453,,4245600,
2020-10-08,SE,169.2899932861328,,3370800,
2020-10-09,SE,172.1199951171875,,2645500,
2020-10-12,SE,167.17999267578125,,3050400,
2020-10-13,SE,172.39999389648438,,2064100,
2020-10-14,SE,167.6300048828125,,2208300,
2020-10-15,SE,169.3000030517578,,1994500,
2020-10-16,SE,165.1999969482422,,2158300,
2020-10-19,SE,162.83999633789062,,2567700,
2020-10-20,SE,166.8699951171875,,1921600,
2020-10-21,SE,168.3800048828125,,2175600,
2020-10-22,SE,161.6300048828125,,3112700,
2020-10-23,SE,162.9600067138672,,1841200,
2020-10-26,SE,162.36000061035156,,1965700,
2020-10-27,SE,172.2899932861328,,3340200,
2020-10-28,SE,163.24000549316406,,2794100,
2020-10-29,SE,167.02000427246094,,1902300,
2020-10-30,SE,157.6999969482422,,3226900,
2020-11-02,SE,159.6699981689453,,2719800,
2020-11-03,SE,166.38999938964844,,2081300,
2020-11-04,SE,176.9600067138672,,3116100,
2020-11-05,SE,184.6199951171875,,3371000,
2020-11-06,SE,186.7899932861328,,1734800,
2020-11-09,SE,169.0800018310547,,6129200,
2020-11-10,SE,156.52999877929688,,7169100,
2020-11-11,SE,169.1300048828125,,6227100,
2020-11-12,SE,178.77000427246094,,4093300,
2020-11-13,SE,181.44000244140625,,2902900,
2020-11-16,SE,178.22000122070312,,4711000,
2020-11-17,SE,170.6199951171875,,6000700,
2020-11-18,SE,165.16000366210938,,4290100,
2020-11-19,SE,173.47000122070312,,2750400,
2020-11-20,SE,183.11000061035156,,3841400,
2020-11-23,SE,182.9199981689453,,3122400,
2020-11-24,SE,176.9199981689453,,3308700,
2020-11-25,SE,177.6999969482422,,2155800,
2020-11-27,SE,182.5500030517578,,1895800,
2020-11-30,SE,180.3699951171875,,2289600,
2020-12-01,SE,177.3800048828125,,2323400,
2020-12-02,SE,183.8800048828125,,4206600,
2020-12-03,SE,183.52999877929688,,5084000,
2020-12-04,SE,198.77999877929688,,11898800,
2020-12-07,SE,198.57000732421875,,2951600,
2020-12-08,SE,205.8699951171875,,5915500,
2020-12-09,SE,202.67999267578125,,3627600,
2020-12-10,SE,198.9499969482422,,3969000,
2020-12-11,SE,193.3800048828125,,6945700,
2020-12-14,SE,190.25999450683594,,2889600,
2020-12-15,SE,188.08999633789062,,3005200,
2020-12-16,SE,192.99000549316406,,3706800,
2020-12-17,SE,198.0500030517578,,2842500,
2020-12-18,SE,200.35000610351562,,2633200,
2020-12-21,SE,196.89999389648438,,3157700,
2020-12-22,SE,200.64999389648438,,2244000,
2020-12-23,SE,195.07000732421875,,1878600,
2020-12-24,SE,193.17999267578125,,1132100,
2020-12-28,SE,180.27999877929688,,5843100,
2020-12-29,SE,188.35000610351562,,3111900,
2020-12-30,SE,196.75,,2526300,
2020-12-31,SE,199.0500030517578,,3775300,
2021-01-04,SE,196.05999755859375,,4332700,
2021-01-05,SE,202.92999267578125,,3297500,
2021-01-06,SE,194.3699951171875,,3224800,
2021-01-07,SE,203.94000244140625,,3392000,
2021-01-08,SE,210.16000366210938,,4604400,
2021-01-11,SE,209.05999755859375,,2553900,
2021-01-12,SE,218.47999572753906,,5471700,
2021-01-13,SE,226.77999877929688,,5065800,
2021-01-14,SE,229.66000366210938,,3890500,
2021-01-15,SE,226.0500030517578,,2346800,
2021-01-19,SE,231.63999938964844,,2515800,
2021-01-20,SE,233.14999389648438,,2152500,
2021-01-21,SE,233.9600067138672,,1648000,
2021-01-22,SE,236.49000549316406,,2043100,
2021-01-25,SE,228.67999267578125,,4295200,
2021-01-26,SE,217.22000122070312,,3869600,
2021-01-27,SE,205.77999877929688,,6373000,
2021-01-28,SE,219.77999877929688,,5835000,
2021-01-29,SE,216.7100067138672,,3419600,
2021-02-01,SE,233.52999877929688,,4397100,
2021-02-02,SE,238.5399932861328,,3377900,
2021-02-03,SE,243.5399932861328,,3816500,
2021-02-04,SE,243.9600067138672,,2435700,
2021-02-05,SE,256.760009765625,,3637700,
2021-02-08,SE,263.4599914550781,,3684600,
2021-02-09,SE,274.6600036621094,,3978400,
2021-02-10,SE,270.9700012207031,,4306600,
2021-02-11,SE,274.6300048828125,,2404800,
2021-02-12,SE,276.1199951171875,,2604700,
2021-02-16,SE,278.1400146484375,,3052900,
2021-02-17,SE,268.2200012207031,,3655800,
2021-02-18,SE,267.5,,3309400,
2021-02-19,SE,280.0,,3561200,
2021-02-22,SE,252.9600067138672,,6114000,
2021-02-23,SE,251.80999755859375,,7832200,
2021-02-24,SE,248.0399932861328,,4219200,
2021-02-25,SE,235.35000610351562,,4754700,
2021-02-26,SE,235.69000244140625,,4502600,
2021-03-01,SE,248.50999450683594,,4083000,
2021-03-02,SE,250.0,,7843100,
2021-03-03,SE,251.27999877929688,,5080400,
2021-03-04,SE,229.67999267578125,,11574600,
2021-03-05,SE,229.75999450683594,,9360500,
2021-03-08,SE,206.0500030517578,,8293300,
2021-03-09,SE,228.47000122070312,,5949900,
2021-03-10,SE,217.2100067138672,,6311400,
2021-03-11,SE,236.7899932861328,,6173600,
2021-03-12,SE,234.99000549316406,,4015400,
2021-03-15,SE,231.33999633789062,,3409200,
2021-03-16,SE,233.4600067138672,,3751400,
2021-03-17,SE,224.35000610351562,,6356800,
2021-03-18,SE,211.25999450683594,,5054400,
2021-03-19,SE,214.89999389648438,,3433000,
2021-03-22,SE,217.83999633789062,,3132000,
2021-03-23,SE,216.63999938964844,,3149400,
2021-03-24,SE,197.5,,8021700,
2021-03-25,SE,202.61000061035156,,6522000,
2021-03-26,SE,209.24000549316406,,5270000,
2021-03-29,SE,204.25,,4326300,
2021-03-30,SE,214.35000610351562,,5073200,
2021-03-31,SE,223.22999572753906,,4872500,
2021-04-01,SE,236.4499969482422,,4868500,
2021-04-05,SE,234.89999389648438,,2373700,
2021-04-06,SE,247.02999877929688,,4752500,
2021-04-07,SE,245.22000122070312,,3714200,
2021-04-08,SE,253.11000061035156,,3912900,
2021-04-09,SE,250.92999267578125,,2657600,
2021-04-12,SE,245.33999633789062,,2915300,
2021-04-13,SE,244.1999969482422,,2186400,
2021-04-14,SE,245.55999755859375,,2776600,
2021-04-15,SE,250.10000610351562,,3953100,
2021-04-16,SE,252.4199981689453,,1925600,
2021-04-19,SE,250.0,,4399800,
2021-04-20,SE,236.44000244140625,,3749000,
2021-04-21,SE,241.08999633789062,,2212300,
2021-04-22,SE,246.49000549316406,,2989000,
2021-04-23,SE,258.5899963378906,,2700900,
2021-04-26,SE,272.010009765625,,3885700,
2021-04-27,SE,267.1400146484375,,2829200,
2021-04-28,SE,265.6700134277344,,1841800,
2021-04-29,SE,256.8299865722656,,2448700,
2021-04-30,SE,252.5399932861328,,2011500,
2021-05-03,SE,254.6199951171875,,2141500,
2021-05-04,SE,243.47999572753906,,4445100,
2021-05-05,SE,244.89999389648438,,2771100,
2021-05-06,SE,238.25,,4643800,
2021-05-07,SE,240.27999877929688,,2281400,
2021-05-10,SE,222.5500030517578,,6593100,
2021-05-11,SE,228.77000427246094,,5050600,
2021-05-12,SE,213.4199981689453,,4473700,
2021-05-13,SE,202.33999633789062,,5779500,
2021-05-14,SE,216.69000244140625,,3488000,
2021-05-17,SE,218.83999633789062,,3803400,
2021-05-18,SE,228.0,,9603700,
2021-05-19,SE,226.66000366210938,,3922700,
2021-05-20,SE,246.14999389648438,,6234700,
2021-05-21,SE,246.3300018310547,,4539900,
2021-05-24,SE,254.0,,4251200,
2021-05-25,SE,249.5399932861328,,2027100,
2021-05-26,SE,246.22999572753906,,1988500,
2021-05-27,SE,260.6199951171875,,6829000,
2021-05-28,SE,253.24000549316406,,3174800,
2021-06-01,SE,257.5400085449219,,2934400,
2021-06-02,SE,258.3500061035156,,1507200,
2021-06-03,SE,249.60000610351562,,2181400,
2021-06-04,SE,256.82000732421875,,1953400,
2021-06-07,SE,257.32000732421875,,1987900,
2021-06-08,SE,264.1000061035156,,3611200,
2021-06-09,SE,263.0799865722656,,2201900,
2021-06-10,SE,271.1199951171875,,3428900,
2021-06-11,SE,277.69000244140625,,3048500,
2021-06-14,SE,277.07000732421875,,2801000,
2021-06-15,SE,271.19000244140625,,2872200,
2021-06-16,SE,274.7799987792969,,2350600,
2021-06-17,SE,283.239990234375,,4189400,
2021-06-18,SE,282.489990234375,,2529900,
2021-06-21,SE,281.05999755859375,,1721600,
2021-06-22,SE,280.8699951171875,,1666800,
2021-06-23,SE,280.8800048828125,,2797100,
2021-06-24,SE,289.4200134277344,,4060600,
2021-06-25,SE,283.3500061035156,,3565600,
2021-06-28,SE,281.1199951171875,,2475200,
2021-06-29,SE,287.19000244140625,,3092200,
2021-06-30,SE,274.6000061035156,,4929500,
2021-07-01,SE,272.30999755859375,,2946300,
2021-07-02,SE,273.70001220703125,,1873300,
2021-07-06,SE,275.67999267578125,,2522900,
2021-07-07,SE,267.8599853515625,,2792000,
2021-07-08,SE,267.0,,3079900,
2021-07-09,SE,275.70001220703125,,1969900,
2021-07-12,SE,275.8599853515625,,1098900,
2021-07-13,SE,280.94000244140625,,2129600,
2021-07-14,SE,275.5799865722656,,1910700,
2021-07-15,SE,268.8299865722656,,2111600,
2021-07-16,SE,267.6000061035156,,1517600,
2021-07-19,SE,272.8399963378906,,1842700,
2021-07-20,SE,279.6400146484375,,1946900,
2021-07-21,SE,293.9200134277344,,2830900,
2021-07-22,SE,293.7900085449219,,1914600,
2021-07-23,SE,297.6700134277344,,2668300,
2021-07-26,SE,289.7200012207031,,2393300,
2021-07-27,SE,270.9200134277344,,7949000,
2021-07-28,SE,275.5400085449219,,4302500,
2021-07-29,SE,285.010009765625,,2419500,
2021-07-30,SE,276.1600036621094,,2288500,
2021-08-02,SE,281.2900085449219,,1683000,
2021-08-03,SE,282.9700012207031,,1446000,
2021-08-04,SE,293.510009765625,,2653000,
2021-08-05,SE,304.0,,4667400,
2021-08-06,SE,302.7200012207031,,2683400,
2021-08-09,SE,307.1400146484375,,2447400,
2021-08-10,SE,296.95001220703125,,1893900,
2021-08-11,SE,297.0,,1599100,
2021-08-12,SE,306.239990234375,,2291800,
2021-08-13,SE,306.7099914550781,,1887600,
2021-08-16,SE,290.489990234375,,3715800,
2021-08-17,SE,308.2699890136719,,7334500,
2021-08-18,SE,318.6099853515625,,4936300,
2021-08-19,SE,321.1199951171875,,5107000,
2021-08-20,SE,309.3299865722656,,4813200,
2021-08-23,SE,315.2300109863281,,3229300,
2021-08-24,SE,312.0,,2272700,
2021-08-25,SE,320.0899963378906,,2235800,
2021-08-26,SE,321.7699890136719,,2742600,
2021-08-27,SE,321.0299987792969,,2903100,
2021-08-30,SE,331.82000732421875,,3579900,
2021-08-31,SE,338.32000732421875,,11631800,
2021-09-01,SE,340.0799865722656,,4197700,
2021-09-02,SE,339.0,,2405700,
2021-09-03,SE,353.3599853515625,,2901600,
2021-09-07,SE,351.0199890136719,,3452200,
2021-09-08,SE,343.79998779296875,,3737700,
2021-09-09,SE,322.6000061035156,,9807300,
2021-09-10,SE,325.5,,9690300,
2021-09-13,SE,323.05999755859375,,4660100,
2021-09-14,SE,333.54998779296875,,3691700,
2021-09-15,SE,337.6199951171875,,2821800,
2021-09-16,SE,342.9100036621094,,3990300,
2021-09-17,SE,339.80999755859375,,3350700,
2021-09-20,SE,329.6199951171875,,4893000,
2021-09-21,SE,329.3900146484375,,2426900,
2021-09-22,SE,337.30999755859375,,2057400,
2021-09-23,SE,342.7200012207031,,1895900,
2021-09-24,SE,340.4100036621094,,2371900,
2021-09-27,SE,336.260009765625,,3037700,
2021-09-28,SE,316.7200012207031,,4728500,
2021-09-29,SE,311.7799987792969,,3861800,
2021-09-30,SE,318.7300109863281,,3732500,
2021-10-01,SE,319.55999755859375,,2424600,
2021-10-04,SE,317.8999938964844,,2519300,
2021-10-05,SE,320.94000244140625,,2601400,
2021-10-06,SE,315.3399963378906,,2000000,
2021-10-07,SE,324.25,,2526500,
2021-10-08,SE,323.2799987792969,,1775500,
2021-10-11,SE,316.07000732421875,,1304300,
2021-10-12,SE,324.8999938964844,,2094000,
2021-10-13,SE,349.3500061035156,,5903800,
2021-10-14,SE,345.3699951171875,,3050300,
2021-10-15,SE,354.5,,2603700,
2021-10-18,SE,357.0899963378906,,2197300,
2021-10-19,SE,366.989990234375,,2570400,
2021-10-20,SE,360.6000061035156,,2258300,
2021-10-21,SE,363.29998779296875,,1468100,
2021-10-22,SE,355.29998779296875,,3093700,
2021-10-25,SE,348.32000732421875,,4415700,
2021-10-26,SE,343.57000732421875,,2562100,
2021-10-27,SE,340.1700134277344,,2116100,
2021-10-28,SE,352.7300109863281,,2760700,
2021-10-29,SE,343.57000732421875,,2518300,
2021-11-01,SE,354.0400085449219,,3183100,
2021-11-02,SE,360.2300109863281,,1993600,
2021-11-03,SE,353.6600036621094,,1549300,
2021-11-04,SE,356.95001220703125,,2000800,
2021-11-05,SE,357.7799987792969,,2164800,
2021-11-08,SE,344.0899963378906,,3463300,
2021-11-09,SE,340.9100036621094,,3446000,
2021-11-10,SE,335.29998779296875,,2970400,
2021-11-11,SE,333.29998779296875,,2864700,
2021-11-12,SE,341.2900085449219,,2890500,
2021-11-15,SE,343.0199890136719,,3623600,
2021-11-16,SE,329.9100036621094,,8403800,
2021-11-17,SE,314.4100036621094,,10798000,
2021-11-18,SE,310.739990234375,,4001100,
2021-11-19,SE,309.989990234375,,3409000,
2021-11-22,SE,299.1300048828125,,7042800,
2021-11-23,SE,287.5199890136719,,9759800,
2021-11-24,SE,289.5899963378906,,5139500,
2021-11-26,SE,296.82000732421875,,3854100,
2021-11-29,SE,297.9599914550781,,4505900,
2021-11-30,SE,288.07000732421875,,15548700,
2021-12-01,SE,261.80999755859375,,8561500,
2021-12-02,SE,261.1099853515625,,7260100,
2021-12-03,SE,253.44000244140625,,7002300,
2021-12-06,SE,246.8699951171875,,6118000,
2021-12-07,SE,252.13999938964844,,5365000,
2021-12-08,SE,263.010009765625,,4597500,
2021-12-09,SE,254.8000030517578,,3864100,
2021-12-10,SE,237.94000244140625,,7211800,
2021-12-13,SE,231.0399932861328,,5824600,
2021-12-14,SE,224.72000122070312,,5052600,
2021-12-15,SE,226.5,,6105100,
2021-12-16,SE,214.52000427246094,,6116200,
2021-12-17,SE,212.8000030517578,,9214400,
2021-12-20,SE,205.67999267578125,,4708700,
2021-12-21,SE,227.92999267578125,,7464300,
2021-12-22,SE,222.8800048828125,,3411200,
2021-12-23,SE,222.0500030517578,,2625000,
2021-12-27,SE,219.60000610351562,,2376800,
2021-12-28,SE,216.88999938964844,,2569200,
2021-12-29,SE,213.91000366210938,,1927900,
2021-12-30,SE,224.30999755859375,,3791500,
2021-12-31,SE,223.7100067138672,,2366400,
2022-01-03,SE,223.30999755859375,,3547100,
2022-01-04,SE,197.83999633789062,,19429000,
2022-01-05,SE,184.72000122070312,,17390500,
2022-01-06,SE,192.75999450683594,,11285300,
2022-01-07,SE,187.10000610351562,,7099300,
2022-01-10,SE,187.10000610351562,,11987200,
2022-01-11,SE,197.86000061035156,,8474400,
2022-01-12,SE,200.60000610351562,,6952500,
2022-01-13,SE,180.5500030517578,,7645700,
2022-01-14,SE,175.02999877929688,,7680500,
2022-01-18,SE,170.47999572753906,,9450300,
2022-01-19,SE,167.8300018310547,,6110900,
2022-01-20,SE,170.05999755859375,,6380600,
2022-01-21,SE,154.41000366210938,,11606500,
2022-01-24,SE,149.32000732421875,,18213500,
2022-01-25,SE,144.9199981689453,,9002200,
2022-01-26,SE,135.61000061035156,,10477900,
2022-01-27,SE,128.27999877929688,,11022200,
2022-01-28,SE,136.6199951171875,,15076500,
2022-01-31,SE,150.30999755859375,,9621600,
2022-02-01,SE,158.94000244140625,,7308600,
2022-02-02,SE,147.44000244140625,,6923200,
2022-02-03,SE,145.0399932861328,,9381900,
2022-02-04,SE,155.02000427246094,,6176900,
2022-02-07,SE,156.1199951171875,,8302500,
2022-02-08,SE,162.50999450683594,,7272100,
2022-02-09,SE,173.9499969482422,,8629800,
2022-02-10,SE,164.66000366210938,,7502500,
2022-02-11,SE,158.27999877929688,,5256600,
2022-02-14,SE,129.1699981689453,,28413100,
2022-02-15,SE,149.5500030517578,,16847600,
2022-02-16,SE,141.5800018310547,,8266700,
2022-02-17,SE,137.64999389648438,,5541500,
2022-02-18,SE,127.69000244140625,,9776200,
2022-02-22,SE,125.72000122070312,,9012200,
2022-02-23,SE,120.5199966430664,,8054400,
2022-02-24,SE,122.75,,11055800,
2022-02-25,SE,137.4600067138672,,13409000,
2022-02-28,SE,145.60000610351562,,39154000,
2022-03-01,SE,126.5,,17505800,
2022-03-02,SE,117.75,,12799600,
2022-03-03,SE,110.04000091552734,,10424400,
2022-03-04,SE,97.44000244140625,,17393200,
2022-03-07,SE,89.98999786376953,,15459400,
2022-03-08,SE,91.52999877929688,,11630300,
2022-03-09,SE,99.0,,8713400,
2022-03-10,SE,98.94999694824219,,9083000,
2022-03-11,SE,91.04000091552734,,7583200,
2022-03-14,SE,87.77999877929688,,8433400,
2022-03-15,SE,93.7699966430664,,10171700,
2022-03-16,SE,111.36000061035156,,15234300,
2022-03-17,SE,114.2300033569336,,7132400,
2022-03-18,SE,122.54000091552734,,10544500,
2022-03-21,SE,114.2300033569336,,7514200,
2022-03-22,SE,124.5,,7786100,
2022-03-23,SE,126.81999969482422,,6428700,
2022-03-24,SE,123.31999969482422,,7330800,
2022-03-25,SE,116.12000274658203,,4890400,
2022-03-28,SE,116.9800033569336,,10356000,
2022-03-29,SE,127.36000061035156,,8084100,
2022-03-30,SE,123.44000244140625,,6768100,
2022-03-31,SE,119.79000091552734,,6527100,
2022-04-01,SE,121.0999984741211,,5216600,
2022-04-04,SE,132.72000122070312,,7806800,
2022-04-05,SE,124.86000061035156,,5568300,
2022-04-06,SE,120.7699966430664,,4609000,
2022-04-07,SE,116.25,,5106000,
2022-04-08,SE,114.41999816894531,,4714800,
2022-04-11,SE,113.93000030517578,,5168200,
2022-04-12,SE,108.80000305175781,,5328600,
2022-04-13,SE,113.16999816894531,,4338200,
2022-04-14,SE,108.58000183105469,,4317800,
2022-04-18,SE,104.02999877929688,,4014700,
2022-04-19,SE,107.52999877929688,,3527200,
2022-04-20,SE,100.16999816894531,,4604800,
2022-04-21,SE,91.22000122070312,,7378800,
2022-04-22,SE,87.62000274658203,,8016600,
2022-04-25,SE,89.5199966430664,,6844400,
2022-04-26,SE,83.30999755859375,,4762000,
2022-04-27,SE,82.5199966430664,,4594800,
2022-04-28,SE,84.69999694824219,,4754700,
2022-04-29,SE,82.76000213623047,,7659500,
2022-05-02,SE,88.69000244140625,,4875400,
2022-05-03,SE,87.58999633789062,,3294400,
2022-05-04,SE,90.16999816894531,,5380700,
2022-05-05,SE,81.91000366210938,,7219000,
2022-05-06,SE,76.19999694824219,,9516700,
2022-05-09,SE,64.62000274658203,,17459100,
2022-05-10,SE,64.18000030517578,,10371500,
2022-05-11,SE,57.11000061035156,,14385100,
2022-05-12,SE,61.45000076293945,,15848600,
2022-05-13,SE,75.4000015258789,,17415500,
2022-05-16,SE,70.33000183105469,,10943500,
2022-05-17,SE,80.20999908447266,,21749200,
2022-05-18,SE,74.19999694824219,,8861300,
2022-05-19,SE,76.88999938964844,,9149900,
2022-05-20,SE,79.66000366210938,,11188200,
2022-05-23,SE,77.25,,6959500,
2022-05-24,SE,71.33999633789062,,5974500,
2022-05-25,SE,75.70999908447266,,8538400,
2022-05-26,SE,79.55000305175781,,5817800,
2022-05-27,SE,82.86000061035156,,6388300,
2022-05-31,SE,82.66000366210938,,12952100,
2022-06-01,SE,79.75,,6358900,
2022-06-02,SE,83.04000091552734,,5813900,
2022-06-03,SE,78.76000213623047,,4655300,
2022-06-06,SE,81.25,,5123500,
2022-06-07,SE,86.27999877929688,,7766000,
2022-06-08,SE,88.80999755859375,,9086200,
2022-06-09,SE,82.18000030517578,,6289400,
2022-06-10,SE,76.27999877929688,,5871700,
2022-06-13,SE,70.62000274658203,,7135500,
2022-06-14,SE,70.94999694824219,,5834900,
2022-06-15,SE,75.68000030517578,,5291300,
2022-06-16,SE,69.02999877929688,,5841700,
2022-06-17,SE,70.19999694824219,,6543800,
2022-06-21,SE,72.87000274658203,,4912100,
2022-06-22,SE,71.27999877929688,,3458900,
2022-06-23,SE,78.19999694824219,,6669300,
2022-06-24,SE,80.47000122070312,,5922300,
2022-06-27,SE,75.05000305175781,,5999800,
2022-06-28,SE,71.88999938964844,,4774100,
2022-06-29,SE,68.9000015258789,,5465400,
2022-06-30,SE,66.86000061035156,,6131200,
2022-07-01,SE,69.05999755859375,,4593100,
2022-07-05,SE,75.33999633789062,,5848300,
2022-07-06,SE,73.7300033569336,,4633800,
2022-07-07,SE,76.5,,5210700,
2022-07-08,SE,77.5199966430664,,5041900,
2022-07-11,SE,72.70999908447266,,4017900,
2022-07-12,SE,72.51000213623047,,2563500,
2022-07-13,SE,71.11000061035156,,4661900,
2022-07-14,SE,67.77999877929688,,3979300,
2022-07-15,SE,69.1500015258789,,2819700,
2022-07-18,SE,69.25,,4908000,
2022-07-19,SE,75.3499984741211,,6820700,
2022-07-20,SE,78.5199966430664,,7250600,
2022-07-21,SE,83.38999938964844,,7400800,
2022-07-22,SE,77.31999969482422,,4662100,
2022-07-25,SE,75.13999938964844,,3303400,
2022-07-26,SE,71.81999969482422,,3901100,
2022-07-27,SE,76.91999816894531,,4968200,
2022-07-28,SE,76.77999877929688,,3845600,
2022-07-29,SE,76.31999969482422,,4394200,
2022-08-01,SE,77.23999786376953,,4418300,
2022-08-02,SE,79.48999786376953,,3687700,
2022-08-03,SE,84.01000213623047,,4630200,
2022-08-04,SE,86.95999908447266,,5966500,
2022-08-05,SE,87.56999969482422,,5129200,
2022-08-08,SE,85.54000091552734,,5828400,
2022-08-09,SE,83.52999877929688,,3492700,
2022-08-10,SE,87.27999877929688,,4453700,
2022-08-11,SE,88.58000183105469,,6766300,
2022-08-12,SE,88.70999908447266,,5269400,
2022-08-15,SE,89.97000122070312,,6851700,
2022-08-16,SE,77.43000030517578,,25583000,
2022-08-17,SE,72.48999786376953,,21892300,
2022-08-18,SE,70.0,,14365800,
2022-08-19,SE,67.66999816894531,,11230100,
2022-08-22,SE,64.30000305175781,,8489000,
2022-08-23,SE,63.380001068115234,,8325800,
2022-08-24,SE,64.63999938964844,,8152900,
2022-08-25,SE,67.48999786376953,,5432100,
2022-08-26,SE,63.81999969482422,,6842400,
2022-08-29,SE,61.34000015258789,,7805800,
2022-08-30,SE,62.34000015258789,,5707100,
2022-08-31,SE,62.0,,5293300,
2022-09-01,SE,61.31999969482422,,5835700,
2022-09-02,SE,59.93000030517578,,4215900,
2022-09-06,SE,58.41999816894531,,5845200,
2022-09-07,SE,58.83000183105469,,5901800,
2022-09-08,SE,59.36000061035156,,5061500,
2022-09-09,SE,63.470001220703125,,7175000,
2022-09-12,SE,66.43000030517578,,4756200,
2022-09-13,SE,63.04999923706055,,5116400,
2022-09-14,SE,62.880001068115234,,2788700,
2022-09-15,SE,60.77000045776367,,4874900,
2022-09-16,SE,59.0099983215332,,6450200,
2022-09-19,SE,59.75,,3597700,
2022-09-20,SE,57.439998626708984,,4472400,
2022-09-21,SE,57.040000915527344,,4269100,
2022-09-22,SE,54.97999954223633,,6418800,
2022-09-23,SE,53.810001373291016,,7186700,
2022-09-26,SE,53.970001220703125,,5040000,
2022-09-27,SE,54.599998474121094,,5054300,
2022-09-28,SE,55.75,,6029300,
2022-09-29,SE,53.630001068115234,,6923800,
2022-09-30,SE,56.04999923706055,,6579600,
2022-10-03,SE,55.290000915527344,,6913800,
2022-10-04,SE,60.66999816894531,,6169700,
2022-10-05,SE,60.5,,3836200,
2022-10-06,SE,61.91999816894531,,4227800,
2022-10-07,SE,60.04999923706055,,5268900,
2022-10-10,SE,59.20000076293945,,4902600,
2022-10-11,SE,57.4900016784668,,5033800,
2022-10-12,SE,57.36000061035156,,5629000,
2022-10-13,SE,54.45000076293945,,7408200,
2022-10-14,SE,51.06999969482422,,6351200,
2022-10-17,SE,52.93000030517578,,5107900,
2022-10-18,SE,53.689998626708984,,3429800,
2022-10-19,SE,47.91999816894531,,9810000,
2022-10-20,SE,47.38999938964844,,4657400,
2022-10-21,SE,46.18000030517578,,5615400,
2022-10-24,SE,47.0099983215332,,7245300,
2022-10-25,SE,50.0099983215332,,4829300,
2022-10-26,SE,50.630001068115234,,4130400,
2022-10-27,SE,49.59000015258789,,2616400,
2022-10-28,SE,49.540000915527344,,4802000,
2022-10-31,SE,49.68000030517578,,3359300,
2022-11-01,SE,49.11000061035156,,3604000,
2022-11-02,SE,47.27000045776367,,3988200,
2022-11-03,SE,45.84000015258789,,4029700,
2022-11-04,SE,44.0099983215332,,7553900,
2022-11-07,SE,48.470001220703125,,5675900,
2022-11-08,SE,47.060001373291016,,4066100,
2022-11-09,SE,40.91999816894531,,8313600,
2022-11-10,SE,45.9900016784668,,7769900,
2022-11-11,SE,49.43000030517578,,9957300,
2022-11-14,SE,45.79999923706055,,11480900,
2022-11-15,SE,62.310001373291016,,42881100,
2022-11-16,SE,58.7599983215332,,10874300,
2022-11-17,SE,59.93000030517578,,9008500,
2022-11-18,SE,56.939998626708984,,4939000,
2022-11-21,SE,54.09000015258789,,5238800,
2022-11-22,SE,53.54999923706055,,4146900,
2022-11-23,SE,55.630001068115234,,4059200,
2022-11-25,SE,54.31999969482422,,3034700,
2022-11-28,SE,53.45000076293945,,3583700,
2022-11-29,SE,54.2599983215332,,6328600,
2022-11-30,SE,58.369998931884766,,6730400,
2022-12-01,SE,61.150001525878906,,7323700,
2022-12-02,SE,61.380001068115234,,4338000,
2022-12-05,SE,59.02000045776367,,6005200,
2022-12-06,SE,59.7599983215332,,3276600,
2022-12-07,SE,58.099998474121094,,3334100,
2022-12-08,SE,61.08000183105469,,5027200,
2022-12-09,SE,60.650001525878906,,4340400,
2022-12-12,SE,62.27000045776367,,3070400,
2022-12-13,SE,63.52000045776367,,5844400,
2022-12-14,SE,64.9800033569336,,3785200,
2022-12-15,SE,61.04999923706055,,4184800,
2022-12-16,SE,53.689998626708984,,10190900,
2022-12-19,SE,53.02000045776367,,6299900,
2022-12-20,SE,51.02000045776367,,4802500,
2022-12-21,SE,52.439998626708984,,4779800,
2022-12-22,SE,50.22999954223633,,4393500,
2022-12-23,SE,49.91999816894531,,3498100,
2022-12-27,SE,50.25,,2937400,
2022-12-28,SE,48.91999816894531,,2948300,
2022-12-29,SE,52.810001373291016,,6249700,
2022-12-30,SE,52.029998779296875,,3309000,
2023-01-03,SE,52.97999954223633,,4713300,
2023-01-04,SE,55.66999816894531,,4062400,
2023-01-05,SE,55.84000015258789,,2944100,
2023-01-06,SE,55.689998626708984,,3135200,
2023-01-09,SE,53.040000915527344,,6304200,
2023-01-10,SE,54.209999084472656,,4834400,
2023-01-11,SE,56.810001373291016,,3943100,
2023-01-12,SE,58.380001068115234,,3820400,
2023-01-13,SE,60.119998931884766,,4336100,
2023-01-17,SE,62.189998626708984,,4975200,
2023-01-18,SE,62.04999923706055,,5670200,
2023-01-19,SE,61.31999969482422,,3026800,
2023-01-20,SE,65.86000061035156,,11628500,
2023-01-23,SE,66.7300033569336,,4828600,
2023-01-24,SE,64.0,,4028700,
2023-01-25,SE,64.26000213623047,,4382000,
2023-01-26,SE,67.0,,3525600,
2023-01-27,SE,68.55000305175781,,5069400,
2023-01-30,SE,64.61000061035156,,4363000,
2023-01-31,SE,64.44999694824219,,3433000,
2023-02-01,SE,68.94999694824219,,4454400,
2023-02-02,SE,72.51000213623047,,7374400,
2023-02-03,SE,70.47000122070312,,4002700,
2023-02-06,SE,66.26000213623047,,4332800,
2023-02-07,SE,68.54000091552734,,3317600,
2023-02-08,SE,68.3499984741211,,2898100,
2023-02-09,SE,67.31999969482422,,2933900,
2023-02-10,SE,64.0,,3504400,
2023-02-13,SE,65.0199966430664,,2314800,
2023-02-14,SE,64.2300033569336,,3483300,
2023-02-15,SE,65.80999755859375,,4427200,
2023-02-16,SE,66.83000183105469,,6071500,
2023-02-17,SE,65.01000213623047,,5187200,
2023-02-21,SE,62.90999984741211,,4987300,
2023-02-22,SE,63.29999923706055,,3229400,
2023-02-23,SE,62.380001068115234,,5143700,
2023-02-24,SE,60.0099983215332,,4608600,
2023-02-27,SE,59.97999954223633,,3185800,
2023-02-28,SE,62.4900016784668,,3407100,
2023-03-01,SE,62.06999969482422,,4008800,
2023-03-02,SE,63.560001373291016,,3101700,
2023-03-03,SE,65.66999816894531,,3946700,
2023-03-06,SE,65.70999908447266,,8168000,
2023-03-07,SE,80.05999755859375,,50929300,
2023-03-08,SE,79.80999755859375,,13572000,
2023-03-09,SE,77.56999969482422,,8146800,
2023-03-10,SE,73.44999694824219,,8538900,
2023-03-13,SE,74.79000091552734,,5485600,
2023-03-14,SE,76.63999938964844,,4608000,
2023-03-15,SE,75.2300033569336,,4121800,
2023-03-16,SE,78.2699966430664,,3542300,
2023-03-17,SE,78.4000015258789,,3427900,
2023-03-20,SE,76.91000366210938,,3292200,
2023-03-21,SE,79.86000061035156,,4634700,
2023-03-22,SE,77.66000366210938,,5069200,
2023-03-23,SE,83.66999816894531,,7812600,
2023-03-24,SE,82.37999725341797,,4150900,
2023-03-27,SE,83.23999786376953,,3459300,
2023-03-28,SE,81.75,,4928800,
2023-03-29,SE,85.55999755859375,,5908700,
2023-03-30,SE,86.62000274658203,,3950900,
2023-03-31,SE,86.55000305175781,,3160900,
2023-04-03,SE,87.81999969482422,,4595200,
2023-04-04,SE,87.63999938964844,,2874500,
2023-04-05,SE,85.69999694824219,,3150800,
2023-04-06,SE,84.08000183105469,,3686100,
2023-04-10,SE,83.52999877929688,,3163900,
2023-04-11,SE,82.02999877929688,,4376400,
2023-04-12,SE,81.30000305175781,,2965600,
2023-04-13,SE,83.97000122070312,,2602500,
2023-04-14,SE,83.5199966430664,,1962000,
2023-04-17,SE,82.8499984741211,,2779700,
2023-04-18,SE,82.51000213623047,,2995800,
2023-04-19,SE,81.48999786376953,,1712400,
2023-04-20,SE,78.76000213623047,,3605000,
2023-04-21,SE,79.16999816894531,,2069200,
2023-04-24,SE,78.70999908447266,,2309000,
2023-04-25,SE,74.94000244140625,,3769900,
2023-04-26,SE,73.47000122070312,,3044700,
2023-04-27,SE,74.7300033569336,,2722200,
2023-04-28,SE,76.16999816894531,,2431200,
2023-05-01,SE,75.8499984741211,,1747600,
2023-05-02,SE,74.44999694824219,,2111200,
2023-05-03,SE,74.62000274658203,,1901600,
2023-05-04,SE,76.0,,1369100,
2023-05-05,SE,78.41000366210938,,3010200,
2023-05-08,SE,84.33000183105469,,5764500,
2023-05-09,SE,84.0,,4300500,
2023-05-10,SE,85.54000091552734,,2757400,
2023-05-11,SE,86.70999908447266,,3678300,
2023-05-12,SE,84.7699966430664,,3743200,
2023-05-15,SE,88.06999969482422,,5111600,
2023-05-16,SE,72.44999694824219,,26427700,
2023-05-17,SE,72.38999938964844,,9207300,
2023-05-18,SE,70.16000366210938,,6045800,
2023-05-19,SE,69.44000244140625,,5865000,
2023-05-22,SE,67.97000122070312,,6187200,
2023-05-23,SE,64.36000061035156,,10867400,
2023-05-24,SE,63.189998626708984,,5912000,
2023-05-25,SE,60.47999954223633,,7387100,
2023-05-26,SE,60.119998931884766,,6612100,
2023-05-30,SE,58.56999969482422,,6362100,
2023-05-31,SE,57.40999984741211,,9795800,
2023-06-01,SE,57.97999954223633,,6091900,
2023-06-02,SE,59.38999938964844,,4677700,
2023-06-05,SE,58.599998474121094,,3855800,
2023-06-06,SE,61.279998779296875,,5744000,
2023-06-07,SE,60.970001220703125,,4765300,
2023-06-08,SE,63.540000915527344,,5500100,
2023-06-09,SE,63.380001068115234,,3515100,
2023-06-12,SE,65.02999877929688,,3602800,
2023-06-13,SE,65.69999694824219,,5013400,
2023-06-14,SE,63.63999938964844,,4509600,
2023-06-15,SE,62.869998931884766,,5451900,
2023-06-16,SE,62.08000183105469,,4709300,
2023-06-20,SE,61.209999084472656,,2951900,
2023-06-21,SE,60.310001373291016,,2863400,
2023-06-22,SE,59.4900016784668,,3281100,
2023-06-23,SE,58.90999984741211,,4025900,
2023-06-26,SE,56.9900016784668,,4612200,
2023-06-27,SE,57.34000015258789,,4426300,
2023-06-28,SE,57.099998474121094,,5210400,
2023-06-29,SE,56.880001068115234,,3334900,
2023-06-30,SE,58.040000915527344,,5587200,
2023-07-03,SE,57.7400016784668,,3156000,
2023-07-05,SE,57.9900016784668,,3991200,
2023-07-06,SE,55.2400016784668,,5398600,
2023-07-07,SE,54.97999954223633,,3623400,
2023-07-10,SE,58.040000915527344,,5418800,
2023-07-11,SE,59.11000061035156,,6306300,
2023-07-12,SE,61.029998779296875,,5518600,
2023-07-13,SE,63.060001373291016,,5123100,
2023-07-14,SE,62.5,,3634100,
2023-07-17,SE,62.7400016784668,,2657800,
2023-07-18,SE,61.459999084472656,,2915800,
2023-07-19,SE,62.41999816894531,,3341200,
2023-07-20,SE,60.15999984741211,,3622200,
2023-07-21,SE,61.18000030517578,,2981200,
2023-07-24,SE,61.15999984741211,,4336600,
2023-07-25,SE,61.0,,2731100,
2023-07-26,SE,61.70000076293945,,2785700,
2023-07-27,SE,60.25,,4359500,
2023-07-28,SE,63.720001220703125,,5227500,
2023-07-31,SE,66.5199966430664,,5512300,
2023-08-01,SE,65.91000366210938,,3054500,
2023-08-02,SE,61.720001220703125,,5201100,
2023-08-03,SE,61.7599983215332,,3253200,
2023-08-04,SE,59.439998626708984,,4802900,
2023-08-07,SE,58.529998779296875,,3219800,
2023-08-08,SE,57.33000183105469,,4785000,
2023-08-09,SE,56.310001373291016,,3632200,
2023-08-10,SE,57.2599983215332,,5434400,
2023-08-11,SE,57.619998931884766,,7441400,
2023-08-14,SE,56.900001525878906,,7840700,
2023-08-15,SE,40.58000183105469,,52278000,
2023-08-16,SE,40.5,,23299100,
2023-08-17,SE,39.4900016784668,,11627100,
2023-08-18,SE,38.68000030517578,,10975800,
2023-08-21,SE,38.66999816894531,,8383000,
2023-08-22,SE,36.52000045776367,,11551600,
2023-08-23,SE,36.849998474121094,,8560000,
2023-08-24,SE,35.209999084472656,,12124100,
2023-08-25,SE,36.16999816894531,,11837800,
2023-08-28,SE,36.900001525878906,,6926500,
2023-08-29,SE,37.560001373291016,,6413500,
2023-08-30,SE,37.93000030517578,,5907400,
2023-08-31,SE,37.630001068115234,,7856500,
2023-09-01,SE,38.52000045776367,,7032500,
2023-09-05,SE,37.310001373291016,,6979500,
2023-09-06,SE,39.220001220703125,,12004900,
2023-09-07,SE,39.150001525878906,,5396300,
2023-09-08,SE,38.25,,5300900,
2023-09-11,SE,38.2400016784668,,4137100,
2023-09-12,SE,38.31999969482422,,3432700,
2023-09-13,SE,39.029998779296875,,6283300,
2023-09-14,SE,39.88999938964844,,7735100,
2023-09-15,SE,39.279998779296875,,6882300,
2023-09-18,SE,38.279998779296875,,4459200,
2023-09-19,SE,38.380001068115234,,5363300,
2023-09-20,SE,37.529998779296875,,5781200,
2023-09-21,SE,35.95000076293945,,10874600,
2023-09-22,SE,35.959999084472656,,7449400,
2023-09-25,SE,40.20000076293945,,28883800,
2023-09-26,SE,40.150001525878906,,12023200,
2023-09-27,SE,42.09000015258789,,21219000,
2023-09-28,SE,43.119998931884766,,10106000,
2023-09-29,SE,43.95000076293945,,9964100,
2023-10-02,SE,43.95000076293945,,6121700,
2023-10-03,SE,42.599998474121094,,8785800,
2023-10-04,SE,41.7599983215332,,7780000,
2023-10-05,SE,42.119998931884766,,5517300,
2023-10-06,SE,42.40999984741211,,4948500,
2023-10-09,SE,41.470001220703125,,5240000,
2023-10-10,SE,44.04999923706055,,6900900,
2023-10-11,SE,44.38999938964844,,7415300,
2023-10-12,SE,45.36000061035156,,6714400,
2023-10-13,SE,45.56999969482422,,8832300,
2023-10-16,SE,46.689998626708984,,6570400,
2023-10-17,SE,46.689998626708984,,6367500,
2023-10-18,SE,45.65999984741211,,3742200,
2023-10-19,SE,45.09000015258789,,4160300,
2023-10-20,SE,44.61000061035156,,4050500,
2023-10-23,SE,44.470001220703125,,4570800,
2023-10-24,SE,45.279998779296875,,3722500,
2023-10-25,SE,43.970001220703125,,3411300,
2023-10-26,SE,40.81999969482422,,8758000,
2023-10-27,SE,39.970001220703125,,4276100,
2023-10-30,SE,41.45000076293945,,3420900,
2023-10-31,SE,41.70000076293945,,2364200,
2023-11-01,SE,40.439998626708984,,6329500,
2023-11-02,SE,41.349998474121094,,3799900,
2023-11-03,SE,44.790000915527344,,5727200,
2023-11-06,SE,44.470001220703125,,3772700,
2023-11-07,SE,44.5099983215332,,2715800,
2023-11-08,SE,44.4900016784668,,5009300,
2023-11-09,SE,43.599998474121094,,5969300,
2023-11-10,SE,45.47999954223633,,7091300,
2023-11-13,SE,46.029998779296875,,10972700,
2023-11-14,SE,35.869998931884766,,43413600,
2023-11-15,SE,38.4900016784668,,23300500,
2023-11-16,SE,37.900001525878906,,9195300,
2023-11-17,SE,37.56999969482422,,5628300,
2023-11-20,SE,38.52000045776367,,10330200,
2023-11-21,SE,38.2599983215332,,4799400,
2023-11-22,SE,37.5,,6877900,
2023-11-24,SE,36.380001068115234,,8187800,
2023-11-27,SE,37.470001220703125,,8048400,
2023-11-28,SE,39.720001220703125,,14708800,
2023-11-29,SE,36.7400016784668,,18157900,
2023-11-30,SE,36.220001220703125,,8143200,
2023-12-01,SE,37.47999954223633,,10411900,
2023-12-04,SE,38.20000076293945,,9816200,
2023-12-05,SE,38.0,,11104100,
2023-12-06,SE,38.58000183105469,,6851600,
2023-12-07,SE,39.040000915527344,,4159600,
2023-12-08,SE,40.0,,6535900,
2023-12-11,SE,37.869998931884766,,23052800,
2023-12-12,SE,38.560001373291016,,6984500,
2023-12-13,SE,37.5,,8710600,
2023-12-14,SE,37.650001525878906,,15616400,
2023-12-15,SE,35.7400016784668,,20662500,
2023-12-18,SE,36.61000061035156,,12520000,
2023-12-19,SE,36.939998626708984,,9917800,
2023-12-20,SE,35.11000061035156,,11393900,
2023-12-21,SE,37.970001220703125,,18436000,
2023-12-22,SE,38.58000183105469,,10640500,
2023-12-26,SE,39.150001525878906,,5466100,
2023-12-27,SE,40.0,,10632600,
2023-12-28,SE,40.36000061035156,,7165000,
2023-12-29,SE,40.5,,9287800,
2024-01-02,SE,38.45000076293945,,8355000,
2024-01-03,SE,38.79999923706055,,6954100,
2024-01-04,SE,37.81999969482422,,4794800,
2024-01-05,SE,37.90999984741211,,5229100,
2024-01-08,SE,38.599998474121094,,4878900,
2024-01-09,SE,38.13999938964844,,4620200,
2024-01-10,SE,38.38999938964844,,5359800,
2024-01-11,SE,37.11000061035156,,5917600,
2024-01-12,SE,35.88999938964844,,9034600,
2024-01-16,SE,35.720001220703125,,7211400,
2024-01-17,SE,34.81999969482422,,6878400,
2024-01-18,SE,35.84000015258789,,7495500,
2024-01-19,SE,36.400001525878906,,6610300,
2024-01-22,SE,37.150001525878906,,7382600,
2024-01-23,SE,38.2400016784668,,6413400,
2024-01-24,SE,39.2599983215332,,7004900,
2024-01-25,SE,39.400001525878906,,4095100,
2024-01-26,SE,39.56999969482422,,5478800,
2024-01-29,SE,40.630001068115234,,5295400,
2024-01-30,SE,39.25,,5057300,
2024-01-31,SE,38.13999938964844,,5315800,
2024-02-01,SE,40.470001220703125,,8920500,
2024-02-02,SE,42.02000045776367,,9608800,
2024-02-05,SE,41.869998931884766,,7162600,
2024-02-06,SE,42.38999938964844,,6793500,
2024-02-07,SE,43.61000061035156,,4901200,
2024-02-08,SE,43.34000015258789,,5164600,
2024-02-09,SE,43.5099983215332,,4257000,
2024-02-12,SE,43.540000915527344,,4600700,
2024-02-13,SE,41.9900016784668,,4264200,
2024-02-14,SE,42.689998626708984,,3991200,
2024-02-15,SE,43.9900016784668,,4415900,
2024-02-16,SE,44.9900016784668,,7490100,
2024-02-20,SE,44.689998626708984,,5284100,
2024-02-21,SE,44.209999084472656,,3839300,
2024-02-22,SE,44.45000076293945,,4804400,
2024-02-23,SE,45.02000045776367,,5684400,
2024-02-26,SE,45.36000061035156,,4354900,
2024-02-27,SE,46.72999954223633,,6355300,
2024-02-28,SE,47.75,,10221800,
2024-02-29,SE,48.52000045776367,,8150100,
2024-03-01,SE,51.04999923706055,,13112900,
2024-03-04,SE,53.900001525878906,,34712900,
2024-03-05,SE,55.75,,12926500,
2024-03-06,SE,59.220001220703125,,14854500,
2024-03-07,SE,59.34000015258789,,7181600,
2024-03-08,SE,57.720001220703125,,7225400,
2024-03-11,SE,58.40999984741211,,4870900,
2024-03-12,SE,58.02000045776367,,5323700,
2024-03-13,SE,60.56999969482422,,7712800,
2024-03-14,SE,60.75,,7685700,
2024-03-15,SE,58.130001068115234,,6975700,
2024-03-18,SE,57.849998474121094,,4069200,
2024-03-19,SE,55.9900016784668,,6869300,
2024-03-20,SE,55.9900016784668,,3569700,
2024-03-21,SE,54.54999923706055,,5444700,
2024-03-22,SE,54.470001220703125,,3825300,
2024-03-25,SE,54.650001525878906,,3540500,
2024-03-26,SE,55.560001373291016,,5375400,
2024-03-27,SE,53.56999969482422,,6878700,
2024-03-28,SE,53.709999084472656,,5247800,
2024-04-01,SE,53.02000045776367,,3441400,
2024-04-02,SE,54.599998474121094,,4138000,
2024-04-03,SE,53.04999923706055,,4206400,
2024-04-04,SE,53.43000030517578,,5852700,
2024-04-05,SE,55.279998779296875,,7152200,
2024-04-08,SE,55.97999954223633,,3144700,
2024-04-09,SE,57.02000045776367,,3828300,
2024-04-10,SE,57.06999969482422,,4058600,
2024-04-11,SE,55.689998626708984,,4183600,
2024-04-12,SE,53.279998779296875,,5406600,
2024-04-15,SE,52.720001220703125,,3942300,
2024-04-16,SE,56.380001068115234,,13151600,
2024-04-17,SE,55.630001068115234,,5382800,
2024-04-18,SE,56.29999923706055,,5538700,
2024-04-19,SE,55.060001373291016,,3651200,
2024-04-22,SE,59.43000030517578,,11958700,
2024-04-23,SE,62.0099983215332,,8043500,
2024-04-24,SE,63.27000045776367,,6313700,
2024-04-25,SE,62.83000183105469,,6822600,
2024-04-26,SE,62.86000061035156,,4641500,
2024-04-29,SE,64.5199966430664,,4988800,
2024-04-30,SE,63.189998626708984,,5130300,
2024-05-01,SE,62.720001220703125,,5287300,
2024-05-02,SE,63.97999954223633,,6114900,
2024-05-03,SE,66.66000366210938,,5615800,
2024-05-06,SE,66.12999725341797,,5786600,
2024-05-07,SE,65.16000366210938,,4767400,
2024-05-08,SE,66.75,,7419100,
2024-05-09,SE,65.98999786376953,,6411800,
2024-05-10,SE,64.91000366210938,,6647500,
2024-05-13,SE,64.45999908447266,,11155500,
2024-05-14,SE,66.26000213623047,,17104300,
2024-05-15,SE,68.63999938964844,,7411300,
2024-05-16,SE,71.44000244140625,,10016700,
2024-05-17,SE,73.76000213623047,,5844100,
2024-05-20,SE,73.12000274658203,,4723100,
2024-05-21,SE,73.26000213623047,,4482900,
2024-05-22,SE,73.66999816894531,,3572400,
2024-05-23,SE,71.7300033569336,,6120100,
2024-05-24,SE,71.9800033569336,,2713800,
2024-05-28,SE,69.62999725341797,,8044000,
2024-05-29,SE,68.06999969482422,,3491200,
2024-05-30,SE,67.1500015258789,,4295700,
2024-05-31,SE,67.5199966430664,,3874300,
2024-06-03,SE,69.3499984741211,,4392400,
2024-06-04,SE,70.08000183105469,,3984700,
2024-06-05,SE,71.12999725341797,,3738600,
2024-06-06,SE,72.0,,3047500,
2024-06-07,SE,72.47000122070312,,4371900,
2024-06-10,SE,72.97000122070312,,3195100,
2024-06-11,SE,73.30000305175781,,4863700,
2024-06-12,SE,73.87999725341797,,5112100,
2024-06-13,SE,74.55999755859375,,3806200,
2024-06-14,SE,74.41999816894531,,3300500,
2024-06-17,SE,74.91999816894531,,4423100,
2024-06-18,SE,76.27999877929688,,2867400,
2024-06-20,SE,76.0,,5180200,
2024-06-21,SE,75.41999816894531,,5958200,
2024-06-24,SE,75.88999938964844,,3156800,
2024-06-25,SE,74.19000244140625,,10277500,
2024-06-26,SE,74.9000015258789,,4027000,
2024-06-27,SE,74.51000213623047,,4855900,
2024-06-28,SE,71.41999816894531,,9941100,
2024-07-01,SE,69.38999938964844,,10843900,
2024-07-02,SE,70.33999633789062,,5764600,
2024-07-03,SE,71.48999786376953,,3098600,
2024-07-05,SE,71.87999725341797,,4945500,
2024-07-08,SE,72.95999908447266,,3084700,
2024-07-09,SE,73.54000091552734,,4753000,
2024-07-10,SE,74.70999908447266,,3388300,
2024-07-11,SE,73.9000015258789,,2593800,
2024-07-12,SE,73.83000183105469,,2650200,
2024-07-15,SE,71.87000274658203,,3966900,
2024-07-16,SE,71.22000122070312,,2785100,
2024-07-17,SE,69.63999938964844,,3844400,
2024-07-18,SE,68.76000213623047,,2970700,
2024-07-19,SE,68.3499984741211,,3006800,
2024-07-22,SE,67.47000122070312,,3701300,
2024-07-23,SE,66.9800033569336,,4762300,
2024-07-24,SE,65.20999908447266,,2147000,
2024-07-25,SE,64.0999984741211,,4269000,
2024-07-26,SE,65.33999633789062,,3704100,
2024-07-29,SE,65.62000274658203,,2751200,
2024-07-30,SE,65.04000091552734,,4039400,
2024-07-31,SE,65.69999694824219,,2496500,
2024-08-01,SE,64.05000305175781,,2691700,
2024-08-02,SE,60.75,,6838200,
2024-08-05,SE,59.939998626708984,,7424700,
2024-08-06,SE,60.63999938964844,,4807800,
2024-08-07,SE,60.72999954223633,,3652400,
2024-08-08,SE,62.65999984741211,,3241800,
2024-08-09,SE,64.86000061035156,,4376000,
2024-08-12,SE,66.91999816894531,,9319700,
2024-08-13,SE,74.8499984741211,,16258300,
2024-08-14,SE,76.80000305175781,,8517500,
2024-08-15,SE,79.29000091552734,,9540900,
2024-08-16,SE,78.81999969482422,,5658600,
2024-08-19,SE,82.2300033569336,,6781600,
2024-08-20,SE,81.05999755859375,,6149000,
2024-08-21,SE,82.04000091552734,,3512400,
2024-08-22,SE,82.75,,4402700,
2024-08-23,SE,83.18000030517578,,3715300,
2024-08-26,SE,82.80999755859375,,5255900,
2024-08-27,SE,82.31999969482422,,2759900,
2024-08-28,SE,81.23999786376953,,4363300,
2024-08-29,SE,77.5199966430664,,9320900,
2024-08-30,SE,78.30999755859375,,4678200,
2024-09-03,SE,77.4000015258789,,3561000,
2024-09-04,SE,78.1500015258789,,3567900,
2024-09-05,SE,78.72000122070312,,3295900,
2024-09-06,SE,77.18000030517578,,4918800,
2024-09-09,SE,76.91000366210938,,2512400,
2024-09-10,SE,77.4800033569336,,2527900,
2024-09-11,SE,77.94999694824219,,3055700,
2024-09-12,SE,79.12000274658203,,4312300,
2024-09-13,SE,81.18000030517578,,3537500,
2024-09-16,SE,79.87999725341797,,3837200,
2024-09-17,SE,80.33000183105469,,2900900,
2024-09-18,SE,82.4000015258789,,4706400,
2024-09-19,SE,85.01000213623047,,6198000,
2024-09-20,SE,85.70999908447266,,5325300,
2024-09-23,SE,90.66999816894531,,8565900,
2024-09-24,SE,92.8499984741211,,5154400,
2024-09-25,SE,93.94999694824219,,4310100,
2024-09-26,SE,94.83000183105469,,4459300,
2024-09-27,SE,94.30999755859375,,3256100,
2024-09-30,SE,94.27999877929688,,5851800,
2024-10-01,SE,97.48999786376953,,5506900,
2024-10-02,SE,95.30000305175781,,3087700,
2024-10-03,SE,95.13999938964844,,2708100,
2024-10-04,SE,95.98999786376953,,3007800,
2024-10-07,SE,95.1500015258789,,2628100,
2024-10-08,SE,95.33000183105469,,2560200,
2024-10-09,SE,96.47000122070312,,3241300,
2024-10-10,SE,95.8499984741211,,1676800,
2024-10-11,SE,99.29000091552734,,4991300,
2024-10-14,SE,100.19000244140625,,2904200,
2024-10-15,SE,96.83000183105469,,3160800,
2024-10-16,SE,99.37000274658203,,3656200,
2024-10-17,SE,98.95999908447266,,3236600,
2024-10-18,SE,98.9000015258789,,2965600,
2024-10-21,SE,99.08999633789062,,2983200,
2024-10-22,SE,99.58999633789062,,2034400,
2024-10-23,SE,99.38999938964844,,2061200,
2024-10-24,SE,100.5199966430664,,2473500,
2024-10-25,SE,99.1500015258789,,1950600,
2024-10-28,SE,99.26000213623047,,1504000,
2024-10-29,SE,95.98999786376953,,3952300,
2024-10-30,SE,95.3499984741211,,2768700,
2024-10-31,SE,94.05000305175781,,2730300,
2024-11-01,SE,95.37999725341797,,3977000,
2024-11-04,SE,95.19000244140625,,2126800,
2024-11-05,SE,95.73999786376953,,1685000,
2024-11-06,SE,95.37000274658203,,2630300,
2024-11-07,SE,95.72000122070312,,2899900,
2024-11-08,SE,93.55999755859375,,4819400,
2024-11-11,SE,97.45999908447266,,5975400,
2024-11-12,SE,107.6500015258789,,14162100,
2024-11-13,SE,104.95999908447266,,6121300,
2024-11-14,SE,103.33000183105469,,4380300,
2024-11-15,SE,102.94000244140625,,6441900,
2024-11-18,SE,108.62999725341797,,5643200,
2024-11-19,SE,113.68000030517578,,6228700,
2024-11-20,SE,114.45999908447266,,3978100,
2024-11-21,SE,116.33000183105469,,5085400,
2024-11-22,SE,113.04000091552734,,3176700,
2024-11-25,SE,114.0,,4171700,
2024-11-26,SE,113.93000030517578,,2389700,
2024-11-27,SE,115.70999908447266,,3351000,
2024-11-29,SE,113.80000305175781,,2622600,
2024-12-02,SE,113.23999786376953,,3120100,
2024-12-03,SE,115.5,,2753200,
2024-12-04,SE,117.41000366210938,,4219900,
2024-12-05,SE,117.12000274658203,,6075000,
2024-12-06,SE,116.25,,4954200,
2024-12-09,SE,114.1500015258789,,4109900,
2024-12-10,SE,112.05000305175781,,2599500,
2024-12-11,SE,116.66999816894531,,3790100,
2024-12-12,SE,117.29000091552734,,2322500,
2024-12-13,SE,116.47000122070312,,1767500,
2024-12-16,SE,114.61000061035156,,2740800,
2024-12-17,SE,115.79000091552734,,3068400,
2024-12-18,SE,110.98999786376953,,3058000,
2024-12-19,SE,111.63999938964844,,2979500,
2024-12-20,SE,110.63999938964844,,3544700,
2024-12-23,SE,109.38999938964844,,3347400,
2024-12-24,SE,111.47000122070312,,991900,
2024-12-26,SE,109.6500015258789,,1372700,
2024-12-27,SE,108.72000122070312,,2293700,
2024-12-30,SE,107.4800033569336,,2373900,
2024-12-31,SE,106.0999984741211,,1904100,
2025-01-02,SE,104.87000274658203,,4386200,
2025-01-03,SE,106.31999969482422,,3010000,
2025-01-06,SE,108.45999908447266,,4766300,
2025-01-07,SE,106.41999816894531,,3671000,
2025-01-08,SE,109.3499984741211,,3122500,
2025-01-10,SE,108.29000091552734,,3337300,
2025-01-13,SE,106.87000274658203,,2702600,
2025-01-14,SE,110.44000244140625,,3336800,
2025-01-15,SE,110.81999969482422,,3028100,
2025-01-16,SE,111.62999725341797,,5298600,
2025-01-17,SE,115.08000183105469,,2679300,
2025-01-21,SE,118.16000366210938,,4626300,
2025-01-22,SE,118.36000061035156,,3307800,
2025-01-23,SE,116.45999908447266,,2516500,
2025-01-24,SE,117.79000091552734,,1546800,
2025-01-27,SE,114.2300033569336,,2663900,
2025-01-28,SE,119.52999877929688,,4587900,
2025-01-29,SE,121.91999816894531,,3196800,
2025-01-30,SE,123.37999725341797,,3374600,
2025-01-31,SE,121.79000091552734,,5729700,
2025-02-03,SE,121.9000015258789,,2579000,
2025-02-04,SE,123.1500015258789,,3944600,
2025-02-05,SE,123.08000183105469,,2705000,
2025-02-06,SE,122.66000366210938,,2834600,
2025-02-07,SE,123.0,,3051700,
2025-02-10,SE,125.27999877929688,,2732800,
2025-02-11,SE,129.7100067138672,,4650800,
2025-02-12,SE,130.64999389648438,,2955600,
2025-02-13,SE,133.1300048828125,,3590800,
2025-02-14,SE,134.9499969482422,,3762700,
2025-02-18,SE,138.6199951171875,,7628700,
2025-02-19,SE,136.22000122070312,,3178900,
2025-02-20,SE,132.8300018310547,,3435700,
2025-02-21,SE,127.62000274658203,,4711800,
2025-02-24,SE,127.19000244140625,,5396400,
2025-02-25,SE,123.91999816894531,,6543800,
2025-02-26,SE,128.27000427246094,,3560100,
2025-02-27,SE,126.41999816894531,,2652700,
2025-02-28,SE,127.2699966430664,,5837500,
2025-03-03,SE,123.48999786376953,,5943400,
2025-03-04,SE,132.30999755859375,,9456600,
2025-03-05,SE,146.30999755859375,,9753500,
2025-03-06,SE,139.14999389648438,,7022300,
2025-03-07,SE,135.69000244140625,,7247200,
2025-03-10,SE,127.31999969482422,,9144600,
2025-03-11,SE,127.70999908447266,,6959500,
2025-03-12,SE,129.6199951171875,,5735000,
2025-03-13,SE,124.80999755859375,,4539500,
2025-03-14,SE,127.43000030517578,,3140400,
2025-03-17,SE,132.63999938964844,,5348800,
2025-03-18,SE,125.12999725341797,,6934900,
2025-03-19,SE,126.1500015258789,,3923000,
2025-03-20,SE,127.08999633789062,,4432700,
2025-03-21,SE,126.06999969482422,,3156100,
2025-03-24,SE,129.47999572753906,,3184500,
2025-03-25,SE,130.3000030517578,,4337300,
2025-03-26,SE,129.27000427246094,,3535200,
2025-03-27,SE,133.57000732421875,,5718700,
2025-03-28,SE,130.6699981689453,,3272600,
2025-03-31,SE,130.49000549316406,,3545700,
2025-04-01,SE,132.4600067138672,,5170000,
2025-04-02,SE,134.5800018310547,,3091900,
2025-04-03,SE,120.05000305175781,,15183300,
2025-04-04,SE,106.62999725341797,,15813900,
2025-04-07,SE,108.66000366210938,,11311900,
2025-04-08,SE,105.56999969482422,,7077100,
2025-04-09,SE,119.08999633789062,,10641600,
2025-04-10,SE,115.27999877929688,,4724000,
2025-04-11,SE,117.80999755859375,,4399500,
2025-04-14,SE,118.7300033569336,,3900900,
2025-04-15,SE,119.75,,4169000,
2025-04-16,SE,118.7300033569336,,6022000,
2025-04-17,SE,120.97000122070312,,3674400,
2025-04-21,SE,116.52999877929688,,2923500,
2025-04-22,SE,118.5199966430664,,3612800,
2025-04-23,SE,120.44999694824219,,4470200,
2025-04-24,SE,124.2300033569336,,6044700,
2025-04-25,SE,127.76000213623047,,3518700,
2025-04-28,SE,130.27999877929688,,3239300,
2025-04-29,SE,133.9199981689453,,3583700,
2025-04-30,SE,134.0500030517578,,3208200,
2025-05-01,SE,137.30999755859375,,3223800,
2025-05-02,SE,141.77999877929688,,3899900,
2025-05-05,SE,142.5,,2557500,
2025-05-06,SE,142.47000122070312,,3289300,
2025-05-07,SE,142.52999877929688,,4374900,
2025-05-08,SE,145.82000732421875,,3536500,
2025-05-09,SE,139.1699981689453,,4692100,
2025-05-12,SE,142.4499969482422,,7194400,
2025-05-13,SE,154.1300048828125,,12348400,
2025-05-14,SE,163.17999267578125,,11197900,
2025-05-15,SE,164.6300048828125,,6286300,
2025-05-16,SE,161.50999450683594,,3701100,
2025-05-19,SE,162.72000122070312,,3972200,
2025-05-20,SE,162.41000366210938,,2319300,
2025-05-21,SE,163.25999450683594,,2849200,
2025-05-22,SE,160.69000244140625,,3033300,
2025-05-23,SE,164.05999755859375,,3656800,
2025-05-27,SE,165.24000549316406,,6394200,
2025-05-28,SE,164.9199981689453,,4782500,
2025-05-29,SE,161.2100067138672,,4287400,
2025-05-30,SE,160.3699951171875,,5670900,
2025-06-02,SE,165.10000610351562,,3276600,
2025-06-03,SE,165.77000427246094,,3460500,
2025-06-04,SE,168.16000366210938,,3134100,
2025-06-05,SE,170.39999389648438,,3622900,
2025-06-06,SE,165.61000061035156,,4359500,
2025-06-09,SE,164.5800018310547,,1659100,
2025-06-10,SE,156.8699951171875,,5610600,
2025-06-11,SE,154.44000244140625,,4784400,
2025-06-12,SE,154.6300048828125,,3370900,
2025-06-13,SE,154.3800048828125,,4956400,
2025-06-16,SE,158.19000244140625,,4102200,
2025-06-17,SE,157.27000427246094,,3300600,
2025-06-18,SE,155.69000244140625,,2758800,
2025-06-20,SE,153.39999389648438,,3174000,
2025-06-23,SE,153.52000427246094,,2630900,
2025-06-24,SE,158.2899932861328,,5000400,
2025-06-25,SE,155.80999755859375,,3562200,
2025-06-26,SE,158.50999450683594,,3740100,
2025-06-27,SE,159.30999755859375,,4607100,
2025-06-30,SE,159.94000244140625,,4681400,
2025-07-01,SE,150.5,,6451800,
2025-07-02,SE,149.4199981689453,,3448800,
2025-07-03,SE,149.47000122070312,,2289200,
2025-07-07,SE,151.11000061035156,,2448100,
2025-07-08,SE,149.11000061035156,,3728700,
2025-07-09,SE,152.74000549316406,,3988600,
2025-07-10,SE,149.39999389648438,,5445500,
2025-07-11,SE,148.25999450683594,,2875000,
2025-07-14,SE,151.1199951171875,,3530400,
2025-07-15,SE,158.25999450683594,,5083300,
2025-07-16,SE,161.3000030517578,,7759200,
2025-07-17,SE,167.0800018310547,,5095300,
2025-07-18,SE,168.5500030517578,,4355100,
2025-07-21,SE,155.2899932861328,,7744500,
2025-07-22,SE,154.82000732421875,,4410000,
2025-07-23,SE,158.57000732421875,,3450600,
2025-07-24,SE,157.8699951171875,,2148100,
2025-07-25,SE,157.7100067138672,,4272700,
2025-07-28,SE,160.74000549316406,,2479000,
2025-07-29,SE,160.4600067138672,,2031300,
2025-07-30,SE,159.25,,3658200,
2025-07-31,SE,156.64999389648438,,2981300,
2025-08-01,SE,154.2100067138672,,2768600,
2025-08-04,SE,156.74000549316406,,2113200,
2025-08-05,SE,151.44000244140625,,5636700,
2025-08-06,SE,147.5399932861328,,6095000,
2025-08-07,SE,148.86000061035156,,3689700,
2025-08-08,SE,147.61000061035156,,3846100,
2025-08-11,SE,146.22999572753906,,7008400,
2025-08-12,SE,174.1199951171875,,19402500,
2025-08-13,SE,174.66000366210938,,7751400,
2025-08-14,SE,174.00999450683594,,3556300,
2025-08-15,SE,177.27999877929688,,4346700,
2025-08-18,SE,177.27000427246094,,2516400,
2025-08-19,SE,179.25,,4088500,
2025-08-20,SE,178.74000549316406,,3428300,
2025-08-21,SE,179.60000610351562,,2616700,
2025-08-22,SE,185.52999877929688,,4864600,
2025-08-25,SE,187.5500030517578,,4745800,
2025-08-26,SE,188.2899932861328,,2531700,
2025-08-27,SE,182.91000366210938,,2586600,
2025-08-28,SE,186.24000549316406,,3570600,
2025-08-29,SE,186.5399932861328,,5354500,
2025-09-02,SE,178.77999877929688,,5167500,
2025-09-03,SE,180.97999572753906,,2776100,
2025-09-04,SE,189.7100067138672,,3970900,
2025-09-05,SE,191.6199951171875,,4430200,
2025-09-08,SE,190.57000732421875,,3182700,
2025-09-09,SE,192.6699981689453,,3209400,
2025-09-10,SE,193.0399932861328,,2485600,
2025-09-11,SE,196.5,,4523400,
2025-09-12,SE,196.0500030517578,,3049000,
2025-09-15,SE,190.4600067138672,,3215900,
2025-09-16,SE,189.07000732421875,,3708700,
2025-09-17,SE,186.88999938964844,,3519400,
2025-09-18,SE,190.55999755859375,,4202100,
2025-09-19,SE,192.75999450683594,,3152400,
2025-09-22,SE,192.9600067138672,,2362000,
2025-09-23,SE,185.25,,3570100,
2025-09-24,SE,185.82000732421875,,2495800,
2025-09-25,SE,185.91000366210938,,3110200,
2025-09-26,SE,184.5800018310547,,3143200,
2025-09-29,SE,181.4499969482422,,3839700,
2025-09-30,SE,178.72999572753906,,4199400,
2025-10-01,SE,182.00999450683594,,4333400,
2025-10-02,SE,184.22000122070312,,3429400,
2025-10-03,SE,184.91000366210938,,2215200,
2025-10-06,SE,189.5,,2973300,
2025-10-07,SE,191.00999450683594,,2458700,
2025-10-08,SE,192.69000244140625,,2718000,
2025-10-09,SE,188.0,,4338400,
2025-10-10,SE,180.82000732421875,,3196300,
2025-10-13,SE,182.60000610351562,,2371000,
2025-10-14,SE,180.69000244140625,,2744500,
2025-10-15,SE,163.4199981689453,,9218300,
2025-10-16,SE,162.64999389648438,,12260800,
2025-10-17,SE,160.05999755859375,,6112900,
2025-10-20,SE,165.6999969482422,,4097800,
2025-10-21,SE,164.60000610351562,,3882800,
2025-10-22,SE,156.74000549316406,,7693100,
2025-10-23,SE,156.25999450683594,,3057900,
2025-10-24,SE,154.66000366210938,,2532600,
2025-10-27,SE,160.10000610351562,,3932000,
2025-10-28,SE,159.7100067138672,,4508000,
2025-10-29,SE,155.92999267578125,,3152500,
2025-10-30,SE,155.92999267578125,,4045400,
2025-10-31,SE,156.25,,3122000,
2025-11-03,SE,157.41000366210938,,2694200,
2025-11-04,SE,156.50999450683594,,2981800,
2025-11-05,SE,157.75999450683594,,2723700,
2025-11-06,SE,153.55999755859375,,4305800,
2025-11-07,SE,149.94000244140625,,7065000,
2025-11-10,SE,155.0500030517578,,8953700,
2025-11-11,SE,142.30999755859375,,16009100,
2025-11-12,SE,143.35000610351562,,6978700,
2025-11-13,SE,140.0399932861328,,5486200,
2025-11-14,SE,140.85000610351562,,6168500,
2025-11-17,SE,145.75,,5145900,
2025-11-18,SE,147.25999450683594,,4416800,
2025-11-19,SE,143.52999877929688,,3567300,
2025-11-20,SE,130.99000549316406,,10163700,
2025-11-21,SE,131.33999633789062,,7647500,
2025-11-24,SE,136.3800048828125,,5855300,
2025-11-25,SE,136.2899932861328,,4313100,
2025-11-26,SE,134.25999450683594,,4661700,
2025-11-28,SE,139.00999450683594,,2590500,
2025-12-01,SE,135.27999877929688,,4135600,
2025-12-02,SE,137.8300018310547,,3556200,
2025-12-03,SE,135.0399932861328,,3318700,
2025-12-04,SE,135.41000366210938,,2689200,
2025-12-05,SE,133.99000549316406,,3580000,
2025-12-08,SE,128.27999877929688,,7294200,
2025-12-09,SE,128.66000366210938,,5845200,
2025-12-10,SE,124.22000122070312,,7090800,
2025-12-11,SE,126.5999984741211,,6427100,
2025-12-12,SE,125.0199966430664,,4132400,
2025-12-15,SE,121.55999755859375,,3651000,
2025-12-16,SE,124.2699966430664,,5373300,
2025-12-17,SE,118.94999694824219,,5494100,
2025-12-18,SE,120.45999908447266,,5655900,
2025-12-19,SE,121.97000122070312,,4908100,
2025-12-22,SE,124.77999877929688,,3641600,
2025-12-23,SE,125.7699966430664,,3274600,
2025-12-24,SE,126.25,,1716600,
2025-12-26,SE,127.8499984741211,,1840500,
2025-12-29,SE,130.88999938964844,,4615900,
2025-12-30,SE,128.35000610351562,,2425300,
2025-12-31,SE,127.56999969482422,,1974000,
2026-01-02,SE,131.49000549316406,,3407400,
2026-01-05,SE,139.77999877929688,,6905400,
2026-01-06,SE,142.88999938964844,,8311800,
2026-01-07,SE,139.24000549316406,,4316200,
2026-01-08,SE,134.14999389648438,,4156200,
2026-01-09,SE,133.52000427246094,,2921600,
2026-01-12,SE,131.58999633789062,,3083200,
2026-01-13,SE,129.86000061035156,,6346300,
2026-01-14,SE,125.25,,6248800,
2026-01-15,SE,124.0,,5026400,
2026-01-16,SE,121.41999816894531,,3989400,
2026-01-20,SE,121.22000122070312,,6096900,
2026-01-21,SE,121.12999725341797,,7875100,
2026-01-22,SE,122.83000183105469,,6826600,
2026-01-23,SE,124.77999877929688,,3701700,
2026-01-26,SE,125.93000030517578,,3823300,
2026-01-27,SE,127.11000061035156,,2784700,
2026-01-28,SE,126.55000305175781,,5645600,
2026-01-29,SE,121.9000015258789,,5797700,
2026-01-30,SE,116.48999786376953,,5395800,
2026-02-02,SE,113.58999633789062,,7639300,
2026-02-03,SE,108.19999694824219,,10319600,
2026-02-04,SE,106.26000213623047,,10093600,
2026-02-05,SE,108.56999969482422,,7897700,
2026-02-06,SE,108.54000091552734,,7723500,
2026-02-09,SE,108.86000061035156,,6581700,
2026-02-10,SE,113.33000183105469,,6155500,
2026-02-11,SE,114.5199966430664,,5579400,
2026-02-12,SE,109.05999755859375,,6932800,
2026-02-13,SE,106.73999786376953,,5137700,
2026-02-17,SE,108.51000213623047,,3754500,
2026-02-18,SE,112.77999877929688,,4276800,
2026-02-19,SE,114.5999984741211,,3227500,
2026-02-20,SE,115.0,,3065800,
2026-02-23,SE,111.23999786376953,,3951100,
2026-02-24,SE,107.11000061035156,,7030900,
2026-02-25,SE,104.47000122070312,,6300300,
2026-02-26,SE,110.9000015258789,,6276700,
2026-02-27,SE,108.44999694824219,,5515000,
2026-03-02,SE,105.20999908447266,,8486500,
2026-03-03,SE,87.81999969482422,,34838400,
2026-03-04,SE,88.26000213623047,,12027400,
2026-03-05,SE,95.5199966430664,,11432200,
2026-03-06,SE,91.9800033569336,,7466300,
2026-03-09,SE,90.0999984741211,,6762800,
2026-03-10,SE,89.16999816894531,,4408200,
2026-03-11,SE,87.81999969482422,,4093200,
2026-03-12,SE,85.16000366210938,,4609800,
2026-03-13,SE,86.0,,2983700,
2026-03-16,SE,87.56999969482422,,3732900,
2026-03-17,SE,87.58999633789062,,3682300,
2026-03-18,SE,84.47000122070312,,3271000,
2026-03-19,SE,80.9800033569336,,5359100,
2026-03-20,SE,78.8499984741211,,6022000,
2026-03-23,SE,79.79000091552734,,4818300,
2026-03-24,SE,78.30999755859375,,3986100,
2026-03-25,SE,82.47000122070312,,3013900,
2026-03-26,SE,79.86000061035156,,2557200,
2026-03-27,SE,78.16000366210938,,2503500,
2026-03-30,SE,78.30999755859375,,3394600,
2026-03-31,SE,82.80999755859375,,4062000,
2026-04-01,SE,82.16000366210938,,3924200,
2026-04-02,SE,82.27999877929688,,2318200,
2026-04-06,SE,82.29000091552734,,2062600,
2026-04-07,SE,81.36000061035156,,1905800,
2026-04-08,SE,85.30999755859375,,5444300,
2026-04-09,SE,85.45999908447266,,2639600,
2026-04-10,SE,85.91999816894531,,3378300,
2026-04-13,SE,86.41000366210938,,3162600,
2026-04-14,SE,85.5999984741211,,4716100,
2026-04-15,SE,90.33000183105469,,4770900,
2026-04-16,SE,90.4000015258789,,3169100,
2026-04-17,SE,91.33000183105469,,3792300,
2026-04-20,SE,89.33999633789062,,4192500,
2026-04-21,SE,86.83000183105469,,3344800,
2026-04-22,SE,86.29000091552734,,7161900,
2026-04-23,SE,83.3499984741211,,3385400,
2026-04-24,SE,85.44000244140625,,3283100,
2026-04-27,SE,85.48999786376953,,2917400,
2026-04-28,SE,85.83999633789062,,3526200,
2026-04-29,SE,83.20999908447266,,3904000,
2026-04-30,SE,84.87999725341797,,2890400,
2026-05-01,SE,86.19999694824219,,2655100,
2026-05-04,SE,85.41000366210938,,2143000,
2026-05-05,SE,84.4800033569336,,2695200,
2026-05-06,SE,90.0199966430664,,3806300,
2026-05-07,SE,88.63999938964844,,4340900,
2026-05-08,SE,86.7300033569336,,4006700,
2026-05-11,SE,84.87000274658203,,11019000,
2026-05-12,SE,96.0199966430664,,14999700,
2026-05-13,SE,93.5199966430664,,10087100,
2026-05-14,SE,88.33000183105469,,4864600,
2026-05-15,SE,88.2300033569336,,4228900,
2026-05-18,SE,88.29000091552734,,3588600,
2026-05-19,SE,87.27999877929688,,3233400,
2026-05-20,SE,86.55000305175781,,4488700,
2026-05-21,SE,88.95999908447266,,3119800,
2026-05-22,SE,87.2699966430664,,2712800,
2026-05-26,SE,89.0199966430664,,3366400,
2026-05-27,SE,93.45999908447266,,3585500,
2026-05-28,SE,91.94000244140625,,3548400,
2026-05-29,SE,90.52999877929688,,5715100,
2026-06-01,SE,95.25,,3915300,
2026-06-02,SE,93.13999938964844,,2779800,
2026-06-03,SE,89.45999908447266,,5241600,
2026-06-04,SE,92.08999633789062,,2521800,
2026-06-05,SE,86.55999755859375,,4358200,
2026-06-08,SE,84.48999786376953,,2936900,
2026-06-09,SE,84.87000274658203,,3009300,
2026-06-10,SE,82.44000244140625,,4079200,
2026-06-11,SE,85.69000244140625,,2731500,
2026-06-12,SE,82.94000244140625,,3428200,
2026-06-15,SE,86.66000366210938,,3899800,
2026-06-16,SE,86.80999755859375,,3228700,
2026-06-17,SE,90.83999633789062,,4944700,
2026-06-18,SE,91.27999877929688,,3538500,
2026-06-22,SE,89.04000091552734,,2752000,
2026-06-23,SE,91.79000091552734,,3241200,
2026-06-24,SE,92.75,,3389600,
2026-06-25,SE,89.01000213623047,,3016300,
2026-06-26,SE,91.33000183105469,,2716800,
2026-06-29,SE,92.94999694824219,,2744700,
2026-06-30,SE,95.83000183105469,,6330100,
2026-07-01,SE,102.33000183105469,,6207300,
2026-07-02,SE,103.30000305175781,,7394600,
2026-07-06,SE,105.0,,4833400,
2026-07-07,SE,104.2300033569336,,3479500,
2026-07-08,SE,105.30999755859375,,5048400,
2026-07-09,SE,109.11000061035156,,3839200,
2026-07-10,SE,111.13999938964844,,8048000,
2026-07-13,SE,110.66000366210938,,6623000,
2026-07-14,SE,109.29000091552734,,5027700,
2026-07-15,SE,111.36000061035156,,4263600,
2026-07-16,SE,106.22000122070312,,5108200,
2026-07-17,SE,104.05000305175781,,6010600,
2026-07-20,SE,105.69000244140625,,2603100,
2026-07-21,SE,106.26000213623047,,2388500,
2026-07-22,SE,104.87999725341797,,3612800,
2026-07-23,SE,99.5,,5287300,
2026-07-24,SE,100.0,,4941300,
2026-07-27,SE,104.38999938964844,,4608900,
2026-07-28,SE,107.41000366210938,,6244600,
2026-07-29,SE,108.37000274658203,,3411600,
2026-07-30,SE,106.23999786376953,,3676800,
2026-07-31,SE,106.73999786376953,,3034800,
2026-08-03,SE,111.1500015258789,,4513000,
2026-08-04,SE,111.44000244140625,,4233500,
2026-08-05,SE,114.1050033569336,,1877215,
