STRUCTURE,STRUCTURE_ID,STRUCTURE_NAME,ACTION,FREQ,Frequency of observation,ADJUSTMENT,Adjustment,REF_AREA,Reference area,SECTOR,Institutional sector,COUNTERPART_SECTOR,Counterpart institutional sector,TRANSACTION,Transaction,INSTR_ASSET,Financial instruments and non-financial assets,ACTIVITY,Economic activity,EXPENDITURE,Expenditure,UNIT_MEASURE,Unit of measure,PRICE_BASE,Price base,TRANSFORMATION,Transformation,TABLE_IDENTIFIER,Table identifier,TIME_PERIOD,Time period,OBS_VALUE,Observation value,REF_YEAR_PRICE,Price reference year,BASE_PER,Base period,CONF_STATUS,Confidentiality status,DECIMALS,Decimals,OBS_STATUS,Observation status,UNIT_MULT,Unit multiplier,CURRENCY,Currency
DATAFLOW,OECD.SDD.NAD:DSD_NAMAIN1@DF_QNA(1.1),Quarterly National Accounts (for 'Developer API'),I,Q,Quarterly,Y,Calendar and seasonally adjusted,IDN,Indonesia,S1M,Households and non-profit institutions serving households (NPISH),S1,Total economy,P3,Final consumption expenditure,_Z,Not applicable,_Z,Not applicable,_T,Total,USD_PPP,"US dollars, PPP converted",V,Current prices,LA,Annual levels,T0102,Table 0102 - GDP identity from the expenditure side,2022-Q4,,2181470.8,,,,,,F,Free (free for publication),1,One,A,Normal value,6,Millions,USD,US dollar
DATAFLOW,OECD.SDD.NAD:DSD_NAMAIN1@DF_QNA(1.1),Quarterly National Accounts (for 'Developer API'),I,Q,Quarterly,Y,Calendar and seasonally adjusted,IDN,Indonesia,S1M,Households and non-profit institutions serving households (NPISH),S1,Total economy,P3,Final consumption expenditure,_Z,Not applicable,_Z,Not applicable,_T,Total,USD_PPP,"US dollars, PPP converted",V,Current prices,LA,Annual levels,T0102,Table 0102 - GDP identity from the expenditure side,2023-Q1,,2252627.5,,,,,,F,Free (free for publication),1,One,A,Normal value,6,Millions,USD,US dollar
DATAFLOW,OECD.SDD.NAD:DSD_NAMAIN1@DF_QNA(1.1),Quarterly National Accounts (for 'Developer API'),I,Q,Quarterly,Y,Calendar and seasonally adjusted,IDN,Indonesia,S1M,Households and non-profit institutions serving households (NPISH),S1,Total economy,P3,Final consumption expenditure,_Z,Not applicable,_Z,Not applicable,_T,Total,USD_PPP,"US dollars, PPP converted",V,Current prices,LA,Annual levels,T0102,Table 0102 - GDP identity from the expenditure side,2023-Q2,,2327058,,,,,,F,Free (free for publication),1,One,A,Normal value,6,Millions,USD,US dollar
DATAFLOW,OECD.SDD.NAD:DSD_NAMAIN1@DF_QNA(1.1),Quarterly National Accounts (for 'Developer API'),I,Q,Quarterly,Y,Calendar and seasonally adjusted,IDN,Indonesia,S1M,Households and non-profit institutions serving households (NPISH),S1,Total economy,P3,Final consumption expenditure,_Z,Not applicable,_Z,Not applicable,_T,Total,USD_PPP,"US dollars, PPP converted",V,Current prices,LA,Annual levels,T0102,Table 0102 - GDP identity from the expenditure side,2023-Q3,,2400682.5,,,,,,F,Free (free for publication),1,One,A,Normal value,6,Millions,USD,US dollar
DATAFLOW,OECD.SDD.NAD:DSD_NAMAIN1@DF_QNA(1.1),Quarterly National Accounts (for 'Developer API'),I,Q,Quarterly,Y,Calendar and seasonally adjusted,IDN,Indonesia,S1M,Households and non-profit institutions serving households (NPISH),S1,Total economy,P3,Final consumption expenditure,_Z,Not applicable,_Z,Not applicable,_T,Total,USD_PPP,"US dollars, PPP converted",V,Current prices,LA,Annual levels,T0102,Table 0102 - GDP identity from the expenditure side,2023-Q4,,2460474.2,,,,,,F,Free (free for publication),1,One,A,Normal value,6,Millions,USD,US dollar
DATAFLOW,OECD.SDD.NAD:DSD_NAMAIN1@DF_QNA(1.1),Quarterly National Accounts (for 'Developer API'),I,Q,Quarterly,Y,Calendar and seasonally adjusted,IDN,Indonesia,S1M,Households and non-profit institutions serving households (NPISH),S1,Total economy,P3,Final consumption expenditure,_Z,Not applicable,_Z,Not applicable,_T,Total,USD_PPP,"US dollars, PPP converted",V,Current prices,LA,Annual levels,T0102,Table 0102 - GDP identity from the expenditure side,2024-Q1,,2523179.1,,,,,,F,Free (free for publication),1,One,A,Normal value,6,Millions,USD,US dollar
DATAFLOW,OECD.SDD.NAD:DSD_NAMAIN1@DF_QNA(1.1),Quarterly National Accounts (for 'Developer API'),I,Q,Quarterly,Y,Calendar and seasonally adjusted,IDN,Indonesia,S1M,Households and non-profit institutions serving households (NPISH),S1,Total economy,P3,Final consumption expenditure,_Z,Not applicable,_Z,Not applicable,_T,Total,USD_PPP,"US dollars, PPP converted",V,Current prices,LA,Annual levels,T0102,Table 0102 - GDP identity from the expenditure side,2024-Q2,,2561590,,,,,,F,Free (free for publication),1,One,A,Normal value,6,Millions,USD,US dollar
DATAFLOW,OECD.SDD.NAD:DSD_NAMAIN1@DF_QNA(1.1),Quarterly National Accounts (for 'Developer API'),I,Q,Quarterly,Y,Calendar and seasonally adjusted,IDN,Indonesia,S1M,Households and non-profit institutions serving households (NPISH),S1,Total economy,P3,Final consumption expenditure,_Z,Not applicable,_Z,Not applicable,_T,Total,USD_PPP,"US dollars, PPP converted",V,Current prices,LA,Annual levels,T0102,Table 0102 - GDP identity from the expenditure side,2024-Q3,,2601407.4,,,,,,F,Free (free for publication),1,One,A,Normal value,6,Millions,USD,US dollar
DATAFLOW,OECD.SDD.NAD:DSD_NAMAIN1@DF_QNA(1.1),Quarterly National Accounts (for 'Developer API'),I,Q,Quarterly,Y,Calendar and seasonally adjusted,IDN,Indonesia,S1M,Households and non-profit institutions serving households (NPISH),S1,Total economy,P3,Final consumption expenditure,_Z,Not applicable,_Z,Not applicable,_T,Total,USD_PPP,"US dollars, PPP converted",V,Current prices,LA,Annual levels,T0102,Table 0102 - GDP identity from the expenditure side,2024-Q4,,2647245.3,,,,,,F,Free (free for publication),1,One,A,Normal value,6,Millions,USD,US dollar
DATAFLOW,OECD.SDD.NAD:DSD_NAMAIN1@DF_QNA(1.1),Quarterly National Accounts (for 'Developer API'),I,Q,Quarterly,Y,Calendar and seasonally adjusted,IDN,Indonesia,S1M,Households and non-profit institutions serving households (NPISH),S1,Total economy,P3,Final consumption expenditure,_Z,Not applicable,_Z,Not applicable,_T,Total,USD_PPP,"US dollars, PPP converted",V,Current prices,LA,Annual levels,T0102,Table 0102 - GDP identity from the expenditure side,2025-Q1,,2701385.7,,,,,,F,Free (free for publication),1,One,A,Normal value,6,Millions,USD,US dollar
DATAFLOW,OECD.SDD.NAD:DSD_NAMAIN1@DF_QNA(1.1),Quarterly National Accounts (for 'Developer API'),I,Q,Quarterly,Y,Calendar and seasonally adjusted,IDN,Indonesia,S1M,Households and non-profit institutions serving households (NPISH),S1,Total economy,P3,Final consumption expenditure,_Z,Not applicable,_Z,Not applicable,_T,Total,USD_PPP,"US dollars, PPP converted",V,Current prices,LA,Annual levels,T0102,Table 0102 - GDP identity from the expenditure side,2025-Q2,,2749033.2,,,,,,F,Free (free for publication),1,One,A,Normal value,6,Millions,USD,US dollar
DATAFLOW,OECD.SDD.NAD:DSD_NAMAIN1@DF_QNA(1.1),Quarterly National Accounts (for 'Developer API'),I,Q,Quarterly,Y,Calendar and seasonally adjusted,IDN,Indonesia,S1M,Households and non-profit institutions serving households (NPISH),S1,Total economy,P3,Final consumption expenditure,_Z,Not applicable,_Z,Not applicable,_T,Total,USD_PPP,"US dollars, PPP converted",V,Current prices,LA,Annual levels,T0102,Table 0102 - GDP identity from the expenditure side,2025-Q3,,2812442.5,,,,,,F,Free (free for publication),1,One,A,Normal value,6,Millions,USD,US dollar
DATAFLOW,OECD.SDD.NAD:DSD_NAMAIN1@DF_QNA(1.1),Quarterly National Accounts (for 'Developer API'),I,Q,Quarterly,Y,Calendar and seasonally adjusted,IDN,Indonesia,S1M,Households and non-profit institutions serving households (NPISH),S1,Total economy,P3,Final consumption expenditure,_Z,Not applicable,_Z,Not applicable,_T,Total,USD_PPP,"US dollars, PPP converted",V,Current prices,LA,Annual levels,T0102,Table 0102 - GDP identity from the expenditure side,2025-Q4,,2871806.7,,,,,,F,Free (free for publication),1,One,A,Normal value,6,Millions,USD,US dollar
DATAFLOW,OECD.SDD.NAD:DSD_NAMAIN1@DF_QNA(1.1),Quarterly National Accounts (for 'Developer API'),I,Q,Quarterly,Y,Calendar and seasonally adjusted,IDN,Indonesia,S1M,Households and non-profit institutions serving households (NPISH),S1,Total economy,P3,Final consumption expenditure,_Z,Not applicable,_Z,Not applicable,_T,Total,USD_PPP,"US dollars, PPP converted",V,Current prices,LA,Annual levels,T0102,Table 0102 - GDP identity from the expenditure side,2026-Q1,,2934506.2,,,,,,F,Free (free for publication),1,One,A,Normal value,6,Millions,USD,US dollar
DATAFLOW,OECD.SDD.NAD:DSD_NAMAIN1@DF_QNA(1.1),Quarterly National Accounts (for 'Developer API'),I,Q,Quarterly,Y,Calendar and seasonally adjusted,IDN,Indonesia,S1M,Households and non-profit institutions serving households (NPISH),S1,Total economy,P3,Final consumption expenditure,_Z,Not applicable,_Z,Not applicable,_T,Total,PC,Percentage change,L,Chain linked volume,GCM,Cumulative growth rate since base period,T0102,Table 0102 - GDP identity from the expenditure side,2022-Q3,,3.617231779,,,,2019-Q4,,F,Free (free for publication),1,One,A,Normal value,0,Units,_Z,Not applicable
DATAFLOW,OECD.SDD.NAD:DSD_NAMAIN1@DF_QNA(1.1),Quarterly National Accounts (for 'Developer API'),I,Q,Quarterly,Y,Calendar and seasonally adjusted,IDN,Indonesia,S1M,Households and non-profit institutions serving households (NPISH),S1,Total economy,P3,Final consumption expenditure,_Z,Not applicable,_Z,Not applicable,_T,Total,PC,Percentage change,L,Chain linked volume,GCM,Cumulative growth rate since base period,T0102,Table 0102 - GDP identity from the expenditure side,2022-Q4,,5.034923744,,,,2019-Q4,,F,Free (free for publication),1,One,A,Normal value,0,Units,_Z,Not applicable
DATAFLOW,OECD.SDD.NAD:DSD_NAMAIN1@DF_QNA(1.1),Quarterly National Accounts (for 'Developer API'),I,Q,Quarterly,Y,Calendar and seasonally adjusted,IDN,Indonesia,S1M,Households and non-profit institutions serving households (NPISH),S1,Total economy,P3,Final consumption expenditure,_Z,Not applicable,_Z,Not applicable,_T,Total,PC,Percentage change,L,Chain linked volume,GCM,Cumulative growth rate since base period,T0102,Table 0102 - GDP identity from the expenditure side,2023-Q1,,6.110852675,,,,2019-Q4,,F,Free (free for publication),1,One,A,Normal value,0,Units,_Z,Not applicable
DATAFLOW,OECD.SDD.NAD:DSD_NAMAIN1@DF_QNA(1.1),Quarterly National Accounts (for 'Developer API'),I,Q,Quarterly,Y,Calendar and seasonally adjusted,IDN,Indonesia,S1M,Households and non-profit institutions serving households (NPISH),S1,Total economy,P3,Final consumption expenditure,_Z,Not applicable,_Z,Not applicable,_T,Total,PC,Percentage change,L,Chain linked volume,GCM,Cumulative growth rate since base period,T0102,Table 0102 - GDP identity from the expenditure side,2023-Q2,,7.602129776,,,,2019-Q4,,F,Free (free for publication),1,One,A,Normal value,0,Units,_Z,Not applicable
DATAFLOW,OECD.SDD.NAD:DSD_NAMAIN1@DF_QNA(1.1),Quarterly National Accounts (for 'Developer API'),I,Q,Quarterly,Y,Calendar and seasonally adjusted,IDN,Indonesia,S1M,Households and non-profit institutions serving households (NPISH),S1,Total economy,P3,Final consumption expenditure,_Z,Not applicable,_Z,Not applicable,_T,Total,PC,Percentage change,L,Chain linked volume,GCM,Cumulative growth rate since base period,T0102,Table 0102 - GDP identity from the expenditure side,2023-Q3,,8.915507527,,,,2019-Q4,,F,Free (free for publication),1,One,A,Normal value,0,Units,_Z,Not applicable
DATAFLOW,OECD.SDD.NAD:DSD_NAMAIN1@DF_QNA(1.1),Quarterly National Accounts (for 'Developer API'),I,Q,Quarterly,Y,Calendar and seasonally adjusted,IDN,Indonesia,S1M,Households and non-profit institutions serving households (NPISH),S1,Total economy,P3,Final consumption expenditure,_Z,Not applicable,_Z,Not applicable,_T,Total,PC,Percentage change,L,Chain linked volume,GCM,Cumulative growth rate since base period,T0102,Table 0102 - GDP identity from the expenditure side,2023-Q4,,10.215284593,,,,2019-Q4,,F,Free (free for publication),1,One,A,Normal value,0,Units,_Z,Not applicable
DATAFLOW,OECD.SDD.NAD:DSD_NAMAIN1@DF_QNA(1.1),Quarterly National Accounts (for 'Developer API'),I,Q,Quarterly,Y,Calendar and seasonally adjusted,IDN,Indonesia,S1M,Households and non-profit institutions serving households (NPISH),S1,Total economy,P3,Final consumption expenditure,_Z,Not applicable,_Z,Not applicable,_T,Total,PC,Percentage change,L,Chain linked volume,GCM,Cumulative growth rate since base period,T0102,Table 0102 - GDP identity from the expenditure side,2024-Q1,,11.746917438,,,,2019-Q4,,F,Free (free for publication),1,One,A,Normal value,0,Units,_Z,Not applicable
DATAFLOW,OECD.SDD.NAD:DSD_NAMAIN1@DF_QNA(1.1),Quarterly National Accounts (for 'Developer API'),I,Q,Quarterly,Y,Calendar and seasonally adjusted,IDN,Indonesia,S1M,Households and non-profit institutions serving households (NPISH),S1,Total economy,P3,Final consumption expenditure,_Z,Not applicable,_Z,Not applicable,_T,Total,PC,Percentage change,L,Chain linked volume,GCM,Cumulative growth rate since base period,T0102,Table 0102 - GDP identity from the expenditure side,2024-Q2,,12.974105853,,,,2019-Q4,,F,Free (free for publication),1,One,A,Normal value,0,Units,_Z,Not applicable
DATAFLOW,OECD.SDD.NAD:DSD_NAMAIN1@DF_QNA(1.1),Quarterly National Accounts (for 'Developer API'),I,Q,Quarterly,Y,Calendar and seasonally adjusted,IDN,Indonesia,S1M,Households and non-profit institutions serving households (NPISH),S1,Total economy,P3,Final consumption expenditure,_Z,Not applicable,_Z,Not applicable,_T,Total,PC,Percentage change,L,Chain linked volume,GCM,Cumulative growth rate since base period,T0102,Table 0102 - GDP identity from the expenditure side,2024-Q3,,14.422145752,,,,2019-Q4,,F,Free (free for publication),1,One,A,Normal value,0,Units,_Z,Not applicable
DATAFLOW,OECD.SDD.NAD:DSD_NAMAIN1@DF_QNA(1.1),Quarterly National Accounts (for 'Developer API'),I,Q,Quarterly,Y,Calendar and seasonally adjusted,IDN,Indonesia,S1M,Households and non-profit institutions serving households (NPISH),S1,Total economy,P3,Final consumption expenditure,_Z,Not applicable,_Z,Not applicable,_T,Total,PC,Percentage change,L,Chain linked volume,GCM,Cumulative growth rate since base period,T0102,Table 0102 - GDP identity from the expenditure side,2024-Q4,,15.822644106,,,,2019-Q4,,F,Free (free for publication),1,One,A,Normal value,0,Units,_Z,Not applicable
DATAFLOW,OECD.SDD.NAD:DSD_NAMAIN1@DF_QNA(1.1),Quarterly National Accounts (for 'Developer API'),I,Q,Quarterly,Y,Calendar and seasonally adjusted,IDN,Indonesia,S1M,Households and non-profit institutions serving households (NPISH),S1,Total economy,P3,Final consumption expenditure,_Z,Not applicable,_Z,Not applicable,_T,Total,PC,Percentage change,L,Chain linked volume,GCM,Cumulative growth rate since base period,T0102,Table 0102 - GDP identity from the expenditure side,2025-Q1,,17.133332994,,,,2019-Q4,,F,Free (free for publication),1,One,A,Normal value,0,Units,_Z,Not applicable
DATAFLOW,OECD.SDD.NAD:DSD_NAMAIN1@DF_QNA(1.1),Quarterly National Accounts (for 'Developer API'),I,Q,Quarterly,Y,Calendar and seasonally adjusted,IDN,Indonesia,S1M,Households and non-profit institutions serving households (NPISH),S1,Total economy,P3,Final consumption expenditure,_Z,Not applicable,_Z,Not applicable,_T,Total,PC,Percentage change,L,Chain linked volume,GCM,Cumulative growth rate since base period,T0102,Table 0102 - GDP identity from the expenditure side,2025-Q2,,18.706718245,,,,2019-Q4,,F,Free (free for publication),1,One,A,Normal value,0,Units,_Z,Not applicable
DATAFLOW,OECD.SDD.NAD:DSD_NAMAIN1@DF_QNA(1.1),Quarterly National Accounts (for 'Developer API'),I,Q,Quarterly,Y,Calendar and seasonally adjusted,IDN,Indonesia,S1M,Households and non-profit institutions serving households (NPISH),S1,Total economy,P3,Final consumption expenditure,_Z,Not applicable,_Z,Not applicable,_T,Total,PC,Percentage change,L,Chain linked volume,GCM,Cumulative growth rate since base period,T0102,Table 0102 - GDP identity from the expenditure side,2025-Q3,,20.128576718,,,,2019-Q4,,F,Free (free for publication),1,One,A,Normal value,0,Units,_Z,Not applicable
DATAFLOW,OECD.SDD.NAD:DSD_NAMAIN1@DF_QNA(1.1),Quarterly National Accounts (for 'Developer API'),I,Q,Quarterly,Y,Calendar and seasonally adjusted,IDN,Indonesia,S1M,Households and non-profit institutions serving households (NPISH),S1,Total economy,P3,Final consumption expenditure,_Z,Not applicable,_Z,Not applicable,_T,Total,PC,Percentage change,L,Chain linked volume,GCM,Cumulative growth rate since base period,T0102,Table 0102 - GDP identity from the expenditure side,2025-Q4,,21.666506385,,,,2019-Q4,,F,Free (free for publication),1,One,A,Normal value,0,Units,_Z,Not applicable
DATAFLOW,OECD.SDD.NAD:DSD_NAMAIN1@DF_QNA(1.1),Quarterly National Accounts (for 'Developer API'),I,Q,Quarterly,Y,Calendar and seasonally adjusted,IDN,Indonesia,S1M,Households and non-profit institutions serving households (NPISH),S1,Total economy,P3,Final consumption expenditure,_Z,Not applicable,_Z,Not applicable,_T,Total,PC,Percentage change,L,Chain linked volume,GCM,Cumulative growth rate since base period,T0102,Table 0102 - GDP identity from the expenditure side,2026-Q1,,23.273473959,,,,2019-Q4,,F,Free (free for publication),1,One,A,Normal value,0,Units,_Z,Not applicable
DATAFLOW,OECD.SDD.NAD:DSD_NAMAIN1@DF_QNA(1.1),Quarterly National Accounts (for 'Developer API'),I,Q,Quarterly,Y,Calendar and seasonally adjusted,IDN,Indonesia,S1M,Households and non-profit institutions serving households (NPISH),S1,Total economy,P3,Final consumption expenditure,_Z,Not applicable,_Z,Not applicable,_T,Total,PC,Percentage change,L,Chain linked volume,GCM,Cumulative growth rate since base period,T0102,Table 0102 - GDP identity from the expenditure side,2026-Q2,,24.784418406,,,,2019-Q4,,F,Free (free for publication),1,One,A,Normal value,0,Units,_Z,Not applicable
DATAFLOW,OECD.SDD.NAD:DSD_NAMAIN1@DF_QNA(1.1),Quarterly National Accounts (for 'Developer API'),I,Q,Quarterly,Y,Calendar and seasonally adjusted,IDN,Indonesia,S1M,Households and non-profit institutions serving households (NPISH),S1,Total economy,P3,Final consumption expenditure,_Z,Not applicable,_Z,Not applicable,_T,Total,PC,Percentage change,L,Chain linked volume,GY,"Growth rate, over 1 year",T0102,Table 0102 - GDP identity from the expenditure side,2022-Q3,,6.13577472,,,,,,F,Free (free for publication),1,One,A,Normal value,0,Units,_Z,Not applicable
DATAFLOW,OECD.SDD.NAD:DSD_NAMAIN1@DF_QNA(1.1),Quarterly National Accounts (for 'Developer API'),I,Q,Quarterly,Y,Calendar and seasonally adjusted,IDN,Indonesia,S1M,Households and non-profit institutions serving households (NPISH),S1,Total economy,P3,Final consumption expenditure,_Z,Not applicable,_Z,Not applicable,_T,Total,PC,Percentage change,L,Chain linked volume,GY,"Growth rate, over 1 year",T0102,Table 0102 - GDP identity from the expenditure side,2022-Q4,,5.046104678,,,,,,F,Free (free for publication),1,One,A,Normal value,0,Units,_Z,Not applicable
DATAFLOW,OECD.SDD.NAD:DSD_NAMAIN1@DF_QNA(1.1),Quarterly National Accounts (for 'Developer API'),I,Q,Quarterly,Y,Calendar and seasonally adjusted,IDN,Indonesia,S1M,Households and non-profit institutions serving households (NPISH),S1,Total economy,P3,Final consumption expenditure,_Z,Not applicable,_Z,Not applicable,_T,Total,PC,Percentage change,L,Chain linked volume,GY,"Growth rate, over 1 year",T0102,Table 0102 - GDP identity from the expenditure side,2023-Q1,,4.684887744,,,,,,F,Free (free for publication),1,One,A,Normal value,0,Units,_Z,Not applicable
DATAFLOW,OECD.SDD.NAD:DSD_NAMAIN1@DF_QNA(1.1),Quarterly National Accounts (for 'Developer API'),I,Q,Quarterly,Y,Calendar and seasonally adjusted,IDN,Indonesia,S1M,Households and non-profit institutions serving households (NPISH),S1,Total economy,P3,Final consumption expenditure,_Z,Not applicable,_Z,Not applicable,_T,Total,PC,Percentage change,L,Chain linked volume,GY,"Growth rate, over 1 year",T0102,Table 0102 - GDP identity from the expenditure side,2023-Q2,,5.037955884,,,,,,F,Free (free for publication),1,One,A,Normal value,0,Units,_Z,Not applicable
DATAFLOW,OECD.SDD.NAD:DSD_NAMAIN1@DF_QNA(1.1),Quarterly National Accounts (for 'Developer API'),I,Q,Quarterly,Y,Calendar and seasonally adjusted,IDN,Indonesia,S1M,Households and non-profit institutions serving households (NPISH),S1,Total economy,P3,Final consumption expenditure,_Z,Not applicable,_Z,Not applicable,_T,Total,PC,Percentage change,L,Chain linked volume,GY,"Growth rate, over 1 year",T0102,Table 0102 - GDP identity from the expenditure side,2023-Q3,,5.113315283,,,,,,F,Free (free for publication),1,One,A,Normal value,0,Units,_Z,Not applicable
DATAFLOW,OECD.SDD.NAD:DSD_NAMAIN1@DF_QNA(1.1),Quarterly National Accounts (for 'Developer API'),I,Q,Quarterly,Y,Calendar and seasonally adjusted,IDN,Indonesia,S1M,Households and non-profit institutions serving households (NPISH),S1,Total economy,P3,Final consumption expenditure,_Z,Not applicable,_Z,Not applicable,_T,Total,PC,Percentage change,L,Chain linked volume,GY,"Growth rate, over 1 year",T0102,Table 0102 - GDP identity from the expenditure side,2023-Q4,,4.932036568,,,,,,F,Free (free for publication),1,One,A,Normal value,0,Units,_Z,Not applicable
DATAFLOW,OECD.SDD.NAD:DSD_NAMAIN1@DF_QNA(1.1),Quarterly National Accounts (for 'Developer API'),I,Q,Quarterly,Y,Calendar and seasonally adjusted,IDN,Indonesia,S1M,Households and non-profit institutions serving households (NPISH),S1,Total economy,P3,Final consumption expenditure,_Z,Not applicable,_Z,Not applicable,_T,Total,PC,Percentage change,L,Chain linked volume,GY,"Growth rate, over 1 year",T0102,Table 0102 - GDP identity from the expenditure side,2024-Q1,,5.311487582,,,,,,F,Free (free for publication),1,One,A,Normal value,0,Units,_Z,Not applicable
DATAFLOW,OECD.SDD.NAD:DSD_NAMAIN1@DF_QNA(1.1),Quarterly National Accounts (for 'Developer API'),I,Q,Quarterly,Y,Calendar and seasonally adjusted,IDN,Indonesia,S1M,Households and non-profit institutions serving households (NPISH),S1,Total economy,P3,Final consumption expenditure,_Z,Not applicable,_Z,Not applicable,_T,Total,PC,Percentage change,L,Chain linked volume,GY,"Growth rate, over 1 year",T0102,Table 0102 - GDP identity from the expenditure side,2024-Q2,,4.992444004,,,,,,F,Free (free for publication),1,One,A,Normal value,0,Units,_Z,Not applicable
DATAFLOW,OECD.SDD.NAD:DSD_NAMAIN1@DF_QNA(1.1),Quarterly National Accounts (for 'Developer API'),I,Q,Quarterly,Y,Calendar and seasonally adjusted,IDN,Indonesia,S1M,Households and non-profit institutions serving households (NPISH),S1,Total economy,P3,Final consumption expenditure,_Z,Not applicable,_Z,Not applicable,_T,Total,PC,Percentage change,L,Chain linked volume,GY,"Growth rate, over 1 year",T0102,Table 0102 - GDP identity from the expenditure side,2024-Q3,,5.055880792,,,,,,F,Free (free for publication),1,One,A,Normal value,0,Units,_Z,Not applicable
DATAFLOW,OECD.SDD.NAD:DSD_NAMAIN1@DF_QNA(1.1),Quarterly National Accounts (for 'Developer API'),I,Q,Quarterly,Y,Calendar and seasonally adjusted,IDN,Indonesia,S1M,Households and non-profit institutions serving households (NPISH),S1,Total economy,P3,Final consumption expenditure,_Z,Not applicable,_Z,Not applicable,_T,Total,PC,Percentage change,L,Chain linked volume,GY,"Growth rate, over 1 year",T0102,Table 0102 - GDP identity from the expenditure side,2024-Q4,,5.087642366,,,,,,F,Free (free for publication),1,One,A,Normal value,0,Units,_Z,Not applicable
DATAFLOW,OECD.SDD.NAD:DSD_NAMAIN1@DF_QNA(1.1),Quarterly National Accounts (for 'Developer API'),I,Q,Quarterly,Y,Calendar and seasonally adjusted,IDN,Indonesia,S1M,Households and non-profit institutions serving households (NPISH),S1,Total economy,P3,Final consumption expenditure,_Z,Not applicable,_Z,Not applicable,_T,Total,PC,Percentage change,L,Chain linked volume,GY,"Growth rate, over 1 year",T0102,Table 0102 - GDP identity from the expenditure side,2025-Q1,,4.820191625,,,,,,F,Free (free for publication),1,One,A,Normal value,0,Units,_Z,Not applicable
DATAFLOW,OECD.SDD.NAD:DSD_NAMAIN1@DF_QNA(1.1),Quarterly National Accounts (for 'Developer API'),I,Q,Quarterly,Y,Calendar and seasonally adjusted,IDN,Indonesia,S1M,Households and non-profit institutions serving households (NPISH),S1,Total economy,P3,Final consumption expenditure,_Z,Not applicable,_Z,Not applicable,_T,Total,PC,Percentage change,L,Chain linked volume,GY,"Growth rate, over 1 year",T0102,Table 0102 - GDP identity from the expenditure side,2025-Q2,,5.07427109,,,,,,F,Free (free for publication),1,One,A,Normal value,0,Units,_Z,Not applicable
DATAFLOW,OECD.SDD.NAD:DSD_NAMAIN1@DF_QNA(1.1),Quarterly National Accounts (for 'Developer API'),I,Q,Quarterly,Y,Calendar and seasonally adjusted,IDN,Indonesia,S1M,Households and non-profit institutions serving households (NPISH),S1,Total economy,P3,Final consumption expenditure,_Z,Not applicable,_Z,Not applicable,_T,Total,PC,Percentage change,L,Chain linked volume,GY,"Growth rate, over 1 year",T0102,Table 0102 - GDP identity from the expenditure side,2025-Q3,,4.987173531,,,,,,F,Free (free for publication),1,One,A,Normal value,0,Units,_Z,Not applicable
DATAFLOW,OECD.SDD.NAD:DSD_NAMAIN1@DF_QNA(1.1),Quarterly National Accounts (for 'Developer API'),I,Q,Quarterly,Y,Calendar and seasonally adjusted,IDN,Indonesia,S1M,Households and non-profit institutions serving households (NPISH),S1,Total economy,P3,Final consumption expenditure,_Z,Not applicable,_Z,Not applicable,_T,Total,PC,Percentage change,L,Chain linked volume,GY,"Growth rate, over 1 year",T0102,Table 0102 - GDP identity from the expenditure side,2025-Q4,,5.045526568,,,,,,F,Free (free for publication),1,One,A,Normal value,0,Units,_Z,Not applicable
DATAFLOW,OECD.SDD.NAD:DSD_NAMAIN1@DF_QNA(1.1),Quarterly National Accounts (for 'Developer API'),I,Q,Quarterly,Y,Calendar and seasonally adjusted,IDN,Indonesia,S1M,Households and non-profit institutions serving households (NPISH),S1,Total economy,P3,Final consumption expenditure,_Z,Not applicable,_Z,Not applicable,_T,Total,PC,Percentage change,L,Chain linked volume,GY,"Growth rate, over 1 year",T0102,Table 0102 - GDP identity from the expenditure side,2026-Q1,,5.242009946,,,,,,F,Free (free for publication),1,One,A,Normal value,0,Units,_Z,Not applicable
DATAFLOW,OECD.SDD.NAD:DSD_NAMAIN1@DF_QNA(1.1),Quarterly National Accounts (for 'Developer API'),I,Q,Quarterly,Y,Calendar and seasonally adjusted,IDN,Indonesia,S1M,Households and non-profit institutions serving households (NPISH),S1,Total economy,P3,Final consumption expenditure,_Z,Not applicable,_Z,Not applicable,_T,Total,PC,Percentage change,L,Chain linked volume,GY,"Growth rate, over 1 year",T0102,Table 0102 - GDP identity from the expenditure side,2026-Q2,,5.119929395,,,,,,F,Free (free for publication),1,One,A,Normal value,0,Units,_Z,Not applicable
DATAFLOW,OECD.SDD.NAD:DSD_NAMAIN1@DF_QNA(1.1),Quarterly National Accounts (for 'Developer API'),I,Q,Quarterly,Y,Calendar and seasonally adjusted,IDN,Indonesia,S1M,Households and non-profit institutions serving households (NPISH),S1,Total economy,P3,Final consumption expenditure,_Z,Not applicable,_Z,Not applicable,_T,Total,PC,Percentage change,L,Chain linked volume,G1,"Growth rate, period on period",T0102,Table 0102 - GDP identity from the expenditure side,2022-Q3,,1.148018567,,,,,,F,Free (free for publication),1,One,A,Normal value,0,Units,_Z,Not applicable
DATAFLOW,OECD.SDD.NAD:DSD_NAMAIN1@DF_QNA(1.1),Quarterly National Accounts (for 'Developer API'),I,Q,Quarterly,Y,Calendar and seasonally adjusted,IDN,Indonesia,S1M,Households and non-profit institutions serving households (NPISH),S1,Total economy,P3,Final consumption expenditure,_Z,Not applicable,_Z,Not applicable,_T,Total,PC,Percentage change,L,Chain linked volume,G1,"Growth rate, period on period",T0102,Table 0102 - GDP identity from the expenditure side,2022-Q4,,1.368200965,,,,,,F,Free (free for publication),1,One,A,Normal value,0,Units,_Z,Not applicable
DATAFLOW,OECD.SDD.NAD:DSD_NAMAIN1@DF_QNA(1.1),Quarterly National Accounts (for 'Developer API'),I,Q,Quarterly,Y,Calendar and seasonally adjusted,IDN,Indonesia,S1M,Households and non-profit institutions serving households (NPISH),S1,Total economy,P3,Final consumption expenditure,_Z,Not applicable,_Z,Not applicable,_T,Total,PC,Percentage change,L,Chain linked volume,G1,"Growth rate, period on period",T0102,Table 0102 - GDP identity from the expenditure side,2023-Q1,,1.024353513,,,,,,F,Free (free for publication),1,One,A,Normal value,0,Units,_Z,Not applicable
DATAFLOW,OECD.SDD.NAD:DSD_NAMAIN1@DF_QNA(1.1),Quarterly National Accounts (for 'Developer API'),I,Q,Quarterly,Y,Calendar and seasonally adjusted,IDN,Indonesia,S1M,Households and non-profit institutions serving households (NPISH),S1,Total economy,P3,Final consumption expenditure,_Z,Not applicable,_Z,Not applicable,_T,Total,PC,Percentage change,L,Chain linked volume,G1,"Growth rate, period on period",T0102,Table 0102 - GDP identity from the expenditure side,2023-Q2,,1.405395455,,,,,,F,Free (free for publication),1,One,A,Normal value,0,Units,_Z,Not applicable
DATAFLOW,OECD.SDD.NAD:DSD_NAMAIN1@DF_QNA(1.1),Quarterly National Accounts (for 'Developer API'),I,Q,Quarterly,Y,Calendar and seasonally adjusted,IDN,Indonesia,S1M,Households and non-profit institutions serving households (NPISH),S1,Total economy,P3,Final consumption expenditure,_Z,Not applicable,_Z,Not applicable,_T,Total,PC,Percentage change,L,Chain linked volume,G1,"Growth rate, period on period",T0102,Table 0102 - GDP identity from the expenditure side,2023-Q3,,1.220587133,,,,,,F,Free (free for publication),1,One,A,Normal value,0,Units,_Z,Not applicable
DATAFLOW,OECD.SDD.NAD:DSD_NAMAIN1@DF_QNA(1.1),Quarterly National Accounts (for 'Developer API'),I,Q,Quarterly,Y,Calendar and seasonally adjusted,IDN,Indonesia,S1M,Households and non-profit institutions serving households (NPISH),S1,Total economy,P3,Final consumption expenditure,_Z,Not applicable,_Z,Not applicable,_T,Total,PC,Percentage change,L,Chain linked volume,G1,"Growth rate, period on period",T0102,Table 0102 - GDP identity from the expenditure side,2023-Q4,,1.193381085,,,,,,F,Free (free for publication),1,One,A,Normal value,0,Units,_Z,Not applicable
DATAFLOW,OECD.SDD.NAD:DSD_NAMAIN1@DF_QNA(1.1),Quarterly National Accounts (for 'Developer API'),I,Q,Quarterly,Y,Calendar and seasonally adjusted,IDN,Indonesia,S1M,Households and non-profit institutions serving households (NPISH),S1,Total economy,P3,Final consumption expenditure,_Z,Not applicable,_Z,Not applicable,_T,Total,PC,Percentage change,L,Chain linked volume,G1,"Growth rate, period on period",T0102,Table 0102 - GDP identity from the expenditure side,2024-Q1,,1.38967372,,,,,,F,Free (free for publication),1,One,A,Normal value,0,Units,_Z,Not applicable
DATAFLOW,OECD.SDD.NAD:DSD_NAMAIN1@DF_QNA(1.1),Quarterly National Accounts (for 'Developer API'),I,Q,Quarterly,Y,Calendar and seasonally adjusted,IDN,Indonesia,S1M,Households and non-profit institutions serving households (NPISH),S1,Total economy,P3,Final consumption expenditure,_Z,Not applicable,_Z,Not applicable,_T,Total,PC,Percentage change,L,Chain linked volume,G1,"Growth rate, period on period",T0102,Table 0102 - GDP identity from the expenditure side,2024-Q2,,1.098185474,,,,,,F,Free (free for publication),1,One,A,Normal value,0,Units,_Z,Not applicable
DATAFLOW,OECD.SDD.NAD:DSD_NAMAIN1@DF_QNA(1.1),Quarterly National Accounts (for 'Developer API'),I,Q,Quarterly,Y,Calendar and seasonally adjusted,IDN,Indonesia,S1M,Households and non-profit institutions serving households (NPISH),S1,Total economy,P3,Final consumption expenditure,_Z,Not applicable,_Z,Not applicable,_T,Total,PC,Percentage change,L,Chain linked volume,G1,"Growth rate, period on period",T0102,Table 0102 - GDP identity from the expenditure side,2024-Q3,,1.281744952,,,,,,F,Free (free for publication),1,One,A,Normal value,0,Units,_Z,Not applicable
DATAFLOW,OECD.SDD.NAD:DSD_NAMAIN1@DF_QNA(1.1),Quarterly National Accounts (for 'Developer API'),I,Q,Quarterly,Y,Calendar and seasonally adjusted,IDN,Indonesia,S1M,Households and non-profit institutions serving households (NPISH),S1,Total economy,P3,Final consumption expenditure,_Z,Not applicable,_Z,Not applicable,_T,Total,PC,Percentage change,L,Chain linked volume,G1,"Growth rate, period on period",T0102,Table 0102 - GDP identity from the expenditure side,2024-Q4,,1.223974909,,,,,,F,Free (free for publication),1,One,A,Normal value,0,Units,_Z,Not applicable
DATAFLOW,OECD.SDD.NAD:DSD_NAMAIN1@DF_QNA(1.1),Quarterly National Accounts (for 'Developer API'),I,Q,Quarterly,Y,Calendar and seasonally adjusted,IDN,Indonesia,S1M,Households and non-profit institutions serving households (NPISH),S1,Total economy,P3,Final consumption expenditure,_Z,Not applicable,_Z,Not applicable,_T,Total,PC,Percentage change,L,Chain linked volume,G1,"Growth rate, period on period",T0102,Table 0102 - GDP identity from the expenditure side,2025-Q1,,1.131634404,,,,,,F,Free (free for publication),1,One,A,Normal value,0,Units,_Z,Not applicable
DATAFLOW,OECD.SDD.NAD:DSD_NAMAIN1@DF_QNA(1.1),Quarterly National Accounts (for 'Developer API'),I,Q,Quarterly,Y,Calendar and seasonally adjusted,IDN,Indonesia,S1M,Households and non-profit institutions serving households (NPISH),S1,Total economy,P3,Final consumption expenditure,_Z,Not applicable,_Z,Not applicable,_T,Total,PC,Percentage change,L,Chain linked volume,G1,"Growth rate, period on period",T0102,Table 0102 - GDP identity from the expenditure side,2025-Q2,,1.343242962,,,,,,F,Free (free for publication),1,One,A,Normal value,0,Units,_Z,Not applicable
DATAFLOW,OECD.SDD.NAD:DSD_NAMAIN1@DF_QNA(1.1),Quarterly National Accounts (for 'Developer API'),I,Q,Quarterly,Y,Calendar and seasonally adjusted,IDN,Indonesia,S1M,Households and non-profit institutions serving households (NPISH),S1,Total economy,P3,Final consumption expenditure,_Z,Not applicable,_Z,Not applicable,_T,Total,PC,Percentage change,L,Chain linked volume,G1,"Growth rate, period on period",T0102,Table 0102 - GDP identity from the expenditure side,2025-Q3,,1.197791072,,,,,,F,Free (free for publication),1,One,A,Normal value,0,Units,_Z,Not applicable
DATAFLOW,OECD.SDD.NAD:DSD_NAMAIN1@DF_QNA(1.1),Quarterly National Accounts (for 'Developer API'),I,Q,Quarterly,Y,Calendar and seasonally adjusted,IDN,Indonesia,S1M,Households and non-profit institutions serving households (NPISH),S1,Total economy,P3,Final consumption expenditure,_Z,Not applicable,_Z,Not applicable,_T,Total,PC,Percentage change,L,Chain linked volume,G1,"Growth rate, period on period",T0102,Table 0102 - GDP identity from the expenditure side,2025-Q4,,1.280236318,,,,,,F,Free (free for publication),1,One,A,Normal value,0,Units,_Z,Not applicable
DATAFLOW,OECD.SDD.NAD:DSD_NAMAIN1@DF_QNA(1.1),Quarterly National Accounts (for 'Developer API'),I,Q,Quarterly,Y,Calendar and seasonally adjusted,IDN,Indonesia,S1M,Households and non-profit institutions serving households (NPISH),S1,Total economy,P3,Final consumption expenditure,_Z,Not applicable,_Z,Not applicable,_T,Total,PC,Percentage change,L,Chain linked volume,G1,"Growth rate, period on period",T0102,Table 0102 - GDP identity from the expenditure side,2026-Q1,,1.320797006,,,,,,F,Free (free for publication),1,One,A,Normal value,0,Units,_Z,Not applicable
DATAFLOW,OECD.SDD.NAD:DSD_NAMAIN1@DF_QNA(1.1),Quarterly National Accounts (for 'Developer API'),I,Q,Quarterly,Y,Calendar and seasonally adjusted,IDN,Indonesia,S1M,Households and non-profit institutions serving households (NPISH),S1,Total economy,P3,Final consumption expenditure,_Z,Not applicable,_Z,Not applicable,_T,Total,PC,Percentage change,L,Chain linked volume,G1,"Growth rate, period on period",T0102,Table 0102 - GDP identity from the expenditure side,2026-Q2,,1.225684974,,,,,,F,Free (free for publication),1,One,A,Normal value,0,Units,_Z,Not applicable
DATAFLOW,OECD.SDD.NAD:DSD_NAMAIN1@DF_QNA(1.1),Quarterly National Accounts (for 'Developer API'),I,Q,Quarterly,Y,Calendar and seasonally adjusted,IDN,Indonesia,S1M,Households and non-profit institutions serving households (NPISH),S1,Total economy,P3,Final consumption expenditure,_Z,Not applicable,_Z,Not applicable,_T,Total,XDC,National currency,V,Current prices,LA,Annual levels,T0102,Table 0102 - GDP identity from the expenditure side,2022-Q3,,10523266517.5,,,,,,F,Free (free for publication),1,One,A,Normal value,6,Millions,IDR,Rupiah
DATAFLOW,OECD.SDD.NAD:DSD_NAMAIN1@DF_QNA(1.1),Quarterly National Accounts (for 'Developer API'),I,Q,Quarterly,Y,Calendar and seasonally adjusted,IDN,Indonesia,S1M,Households and non-profit institutions serving households (NPISH),S1,Total economy,P3,Final consumption expenditure,_Z,Not applicable,_Z,Not applicable,_T,Total,XDC,National currency,V,Current prices,LA,Annual levels,T0102,Table 0102 - GDP identity from the expenditure side,2022-Q4,,10787584404,,,,,,F,Free (free for publication),1,One,A,Normal value,6,Millions,IDR,Rupiah
DATAFLOW,OECD.SDD.NAD:DSD_NAMAIN1@DF_QNA(1.1),Quarterly National Accounts (for 'Developer API'),I,Q,Quarterly,Y,Calendar and seasonally adjusted,IDN,Indonesia,S1M,Households and non-profit institutions serving households (NPISH),S1,Total economy,P3,Final consumption expenditure,_Z,Not applicable,_Z,Not applicable,_T,Total,XDC,National currency,V,Current prices,LA,Annual levels,T0102,Table 0102 - GDP identity from the expenditure side,2023-Q1,,11022555789,,,,,,F,Free (free for publication),1,One,A,Normal value,6,Millions,IDR,Rupiah
DATAFLOW,OECD.SDD.NAD:DSD_NAMAIN1@DF_QNA(1.1),Quarterly National Accounts (for 'Developer API'),I,Q,Quarterly,Y,Calendar and seasonally adjusted,IDN,Indonesia,S1M,Households and non-profit institutions serving households (NPISH),S1,Total economy,P3,Final consumption expenditure,_Z,Not applicable,_Z,Not applicable,_T,Total,XDC,National currency,V,Current prices,LA,Annual levels,T0102,Table 0102 - GDP identity from the expenditure side,2023-Q2,,11258117100.1,,,,,,F,Free (free for publication),1,One,A,Normal value,6,Millions,IDR,Rupiah
DATAFLOW,OECD.SDD.NAD:DSD_NAMAIN1@DF_QNA(1.1),Quarterly National Accounts (for 'Developer API'),I,Q,Quarterly,Y,Calendar and seasonally adjusted,IDN,Indonesia,S1M,Households and non-profit institutions serving households (NPISH),S1,Total economy,P3,Final consumption expenditure,_Z,Not applicable,_Z,Not applicable,_T,Total,XDC,National currency,V,Current prices,LA,Annual levels,T0102,Table 0102 - GDP identity from the expenditure side,2023-Q3,,11484555026.6,,,,,,F,Free (free for publication),1,One,A,Normal value,6,Millions,IDR,Rupiah
DATAFLOW,OECD.SDD.NAD:DSD_NAMAIN1@DF_QNA(1.1),Quarterly National Accounts (for 'Developer API'),I,Q,Quarterly,Y,Calendar and seasonally adjusted,IDN,Indonesia,S1M,Households and non-profit institutions serving households (NPISH),S1,Total economy,P3,Final consumption expenditure,_Z,Not applicable,_Z,Not applicable,_T,Total,XDC,National currency,V,Current prices,LA,Annual levels,T0102,Table 0102 - GDP identity from the expenditure side,2023-Q4,,11721649788.8,,,,,,F,Free (free for publication),1,One,A,Normal value,6,Millions,IDR,Rupiah
DATAFLOW,OECD.SDD.NAD:DSD_NAMAIN1@DF_QNA(1.1),Quarterly National Accounts (for 'Developer API'),I,Q,Quarterly,Y,Calendar and seasonally adjusted,IDN,Indonesia,S1M,Households and non-profit institutions serving households (NPISH),S1,Total economy,P3,Final consumption expenditure,_Z,Not applicable,_Z,Not applicable,_T,Total,XDC,National currency,V,Current prices,LA,Annual levels,T0102,Table 0102 - GDP identity from the expenditure side,2024-Q1,,11970747495.1,,,,,,F,Free (free for publication),1,One,A,Normal value,6,Millions,IDR,Rupiah
DATAFLOW,OECD.SDD.NAD:DSD_NAMAIN1@DF_QNA(1.1),Quarterly National Accounts (for 'Developer API'),I,Q,Quarterly,Y,Calendar and seasonally adjusted,IDN,Indonesia,S1M,Households and non-profit institutions serving households (NPISH),S1,Total economy,P3,Final consumption expenditure,_Z,Not applicable,_Z,Not applicable,_T,Total,XDC,National currency,V,Current prices,LA,Annual levels,T0102,Table 0102 - GDP identity from the expenditure side,2024-Q2,,12173503838,,,,,,F,Free (free for publication),1,One,A,Normal value,6,Millions,IDR,Rupiah
DATAFLOW,OECD.SDD.NAD:DSD_NAMAIN1@DF_QNA(1.1),Quarterly National Accounts (for 'Developer API'),I,Q,Quarterly,Y,Calendar and seasonally adjusted,IDN,Indonesia,S1M,Households and non-profit institutions serving households (NPISH),S1,Total economy,P3,Final consumption expenditure,_Z,Not applicable,_Z,Not applicable,_T,Total,XDC,National currency,V,Current prices,LA,Annual levels,T0102,Table 0102 - GDP identity from the expenditure side,2024-Q3,,12360486999,,,,,,F,Free (free for publication),1,One,A,Normal value,6,Millions,IDR,Rupiah
DATAFLOW,OECD.SDD.NAD:DSD_NAMAIN1@DF_QNA(1.1),Quarterly National Accounts (for 'Developer API'),I,Q,Quarterly,Y,Calendar and seasonally adjusted,IDN,Indonesia,S1M,Households and non-profit institutions serving households (NPISH),S1,Total economy,P3,Final consumption expenditure,_Z,Not applicable,_Z,Not applicable,_T,Total,XDC,National currency,V,Current prices,LA,Annual levels,T0102,Table 0102 - GDP identity from the expenditure side,2024-Q4,,12557308658.1,,,,,,F,Free (free for publication),1,One,A,Normal value,6,Millions,IDR,Rupiah
DATAFLOW,OECD.SDD.NAD:DSD_NAMAIN1@DF_QNA(1.1),Quarterly National Accounts (for 'Developer API'),I,Q,Quarterly,Y,Calendar and seasonally adjusted,IDN,Indonesia,S1M,Households and non-profit institutions serving households (NPISH),S1,Total economy,P3,Final consumption expenditure,_Z,Not applicable,_Z,Not applicable,_T,Total,XDC,National currency,V,Current prices,LA,Annual levels,T0102,Table 0102 - GDP identity from the expenditure side,2025-Q1,,12755226555.1,,,,,,F,Free (free for publication),1,One,A,Normal value,6,Millions,IDR,Rupiah
DATAFLOW,OECD.SDD.NAD:DSD_NAMAIN1@DF_QNA(1.1),Quarterly National Accounts (for 'Developer API'),I,Q,Quarterly,Y,Calendar and seasonally adjusted,IDN,Indonesia,S1M,Households and non-profit institutions serving households (NPISH),S1,Total economy,P3,Final consumption expenditure,_Z,Not applicable,_Z,Not applicable,_T,Total,XDC,National currency,V,Current prices,LA,Annual levels,T0102,Table 0102 - GDP identity from the expenditure side,2025-Q2,,13022687814.8,,,,,,F,Free (free for publication),1,One,A,Normal value,6,Millions,IDR,Rupiah
DATAFLOW,OECD.SDD.NAD:DSD_NAMAIN1@DF_QNA(1.1),Quarterly National Accounts (for 'Developer API'),I,Q,Quarterly,Y,Calendar and seasonally adjusted,IDN,Indonesia,S1M,Households and non-profit institutions serving households (NPISH),S1,Total economy,P3,Final consumption expenditure,_Z,Not applicable,_Z,Not applicable,_T,Total,XDC,National currency,V,Current prices,LA,Annual levels,T0102,Table 0102 - GDP identity from the expenditure side,2025-Q3,,13285786900.1,,,,,,F,Free (free for publication),1,One,A,Normal value,6,Millions,IDR,Rupiah
DATAFLOW,OECD.SDD.NAD:DSD_NAMAIN1@DF_QNA(1.1),Quarterly National Accounts (for 'Developer API'),I,Q,Quarterly,Y,Calendar and seasonally adjusted,IDN,Indonesia,S1M,Households and non-profit institutions serving households (NPISH),S1,Total economy,P3,Final consumption expenditure,_Z,Not applicable,_Z,Not applicable,_T,Total,XDC,National currency,V,Current prices,LA,Annual levels,T0102,Table 0102 - GDP identity from the expenditure side,2025-Q4,,13561651294.3,,,,,,F,Free (free for publication),1,One,A,Normal value,6,Millions,IDR,Rupiah
DATAFLOW,OECD.SDD.NAD:DSD_NAMAIN1@DF_QNA(1.1),Quarterly National Accounts (for 'Developer API'),I,Q,Quarterly,Y,Calendar and seasonally adjusted,IDN,Indonesia,S1M,Households and non-profit institutions serving households (NPISH),S1,Total economy,P3,Final consumption expenditure,_Z,Not applicable,_Z,Not applicable,_T,Total,XDC,National currency,V,Current prices,LA,Annual levels,T0102,Table 0102 - GDP identity from the expenditure side,2026-Q1,,13853136909.4,,,,,,F,Free (free for publication),1,One,A,Normal value,6,Millions,IDR,Rupiah
DATAFLOW,OECD.SDD.NAD:DSD_NAMAIN1@DF_QNA(1.1),Quarterly National Accounts (for 'Developer API'),I,Q,Quarterly,Y,Calendar and seasonally adjusted,IDN,Indonesia,S1M,Households and non-profit institutions serving households (NPISH),S1,Total economy,P3,Final consumption expenditure,_Z,Not applicable,_Z,Not applicable,_T,Total,XDC,National currency,V,Current prices,LA,Annual levels,T0102,Table 0102 - GDP identity from the expenditure side,2026-Q2,,14117863710.7,,,,,,F,Free (free for publication),1,One,A,Normal value,6,Millions,IDR,Rupiah
DATAFLOW,OECD.SDD.NAD:DSD_NAMAIN1@DF_QNA(1.1),Quarterly National Accounts (for 'Developer API'),I,Q,Quarterly,N,Neither seasonally adjusted nor calendar adjusted,IDN,Indonesia,S1M,Households and non-profit institutions serving households (NPISH),S1,Total economy,P3,Final consumption expenditure,_Z,Not applicable,_Z,Not applicable,_T,Total,XDC,National currency,V,Current prices,N,Non transformed data,T0102,Table 0102 - GDP identity from the expenditure side,2026-Q1,,3449969404.5,,,,,,F,Free (free for publication),1,One,A,Normal value,6,Millions,IDR,Rupiah
DATAFLOW,OECD.SDD.NAD:DSD_NAMAIN1@DF_QNA(1.1),Quarterly National Accounts (for 'Developer API'),I,Q,Quarterly,N,Neither seasonally adjusted nor calendar adjusted,IDN,Indonesia,S1M,Households and non-profit institutions serving households (NPISH),S1,Total economy,P3,Final consumption expenditure,_Z,Not applicable,_Z,Not applicable,_T,Total,XDC,National currency,V,Current prices,N,Non transformed data,T0102,Table 0102 - GDP identity from the expenditure side,2026-Q2,,3582127229.6,,,,,,F,Free (free for publication),1,One,A,Normal value,6,Millions,IDR,Rupiah
DATAFLOW,OECD.SDD.NAD:DSD_NAMAIN1@DF_QNA(1.1),Quarterly National Accounts (for 'Developer API'),I,Q,Quarterly,Y,Calendar and seasonally adjusted,IDN,Indonesia,S1M,Households and non-profit institutions serving households (NPISH),S1,Total economy,P3,Final consumption expenditure,_Z,Not applicable,_Z,Not applicable,_T,Total,XDC,National currency,V,Current prices,N,Non transformed data,T0102,Table 0102 - GDP identity from the expenditure side,2022-Q3,,2630816629.4,,,,,,F,Free (free for publication),1,One,A,Normal value,6,Millions,IDR,Rupiah
DATAFLOW,OECD.SDD.NAD:DSD_NAMAIN1@DF_QNA(1.1),Quarterly National Accounts (for 'Developer API'),I,Q,Quarterly,Y,Calendar and seasonally adjusted,IDN,Indonesia,S1M,Households and non-profit institutions serving households (NPISH),S1,Total economy,P3,Final consumption expenditure,_Z,Not applicable,_Z,Not applicable,_T,Total,XDC,National currency,V,Current prices,N,Non transformed data,T0102,Table 0102 - GDP identity from the expenditure side,2022-Q4,,2696896101,,,,,,F,Free (free for publication),1,One,A,Normal value,6,Millions,IDR,Rupiah
DATAFLOW,OECD.SDD.NAD:DSD_NAMAIN1@DF_QNA(1.1),Quarterly National Accounts (for 'Developer API'),I,Q,Quarterly,Y,Calendar and seasonally adjusted,IDN,Indonesia,S1M,Households and non-profit institutions serving households (NPISH),S1,Total economy,P3,Final consumption expenditure,_Z,Not applicable,_Z,Not applicable,_T,Total,XDC,National currency,V,Current prices,N,Non transformed data,T0102,Table 0102 - GDP identity from the expenditure side,2023-Q1,,2755638947.2,,,,,,F,Free (free for publication),1,One,A,Normal value,6,Millions,IDR,Rupiah
DATAFLOW,OECD.SDD.NAD:DSD_NAMAIN1@DF_QNA(1.1),Quarterly National Accounts (for 'Developer API'),I,Q,Quarterly,Y,Calendar and seasonally adjusted,IDN,Indonesia,S1M,Households and non-profit institutions serving households (NPISH),S1,Total economy,P3,Final consumption expenditure,_Z,Not applicable,_Z,Not applicable,_T,Total,XDC,National currency,V,Current prices,N,Non transformed data,T0102,Table 0102 - GDP identity from the expenditure side,2023-Q2,,2814529275,,,,,,F,Free (free for publication),1,One,A,Normal value,6,Millions,IDR,Rupiah
DATAFLOW,OECD.SDD.NAD:DSD_NAMAIN1@DF_QNA(1.1),Quarterly National Accounts (for 'Developer API'),I,Q,Quarterly,Y,Calendar and seasonally adjusted,IDN,Indonesia,S1M,Households and non-profit institutions serving households (NPISH),S1,Total economy,P3,Final consumption expenditure,_Z,Not applicable,_Z,Not applicable,_T,Total,XDC,National currency,V,Current prices,N,Non transformed data,T0102,Table 0102 - GDP identity from the expenditure side,2023-Q3,,2871138756.6,,,,,,F,Free (free for publication),1,One,A,Normal value,6,Millions,IDR,Rupiah
DATAFLOW,OECD.SDD.NAD:DSD_NAMAIN1@DF_QNA(1.1),Quarterly National Accounts (for 'Developer API'),I,Q,Quarterly,Y,Calendar and seasonally adjusted,IDN,Indonesia,S1M,Households and non-profit institutions serving households (NPISH),S1,Total economy,P3,Final consumption expenditure,_Z,Not applicable,_Z,Not applicable,_T,Total,XDC,National currency,V,Current prices,N,Non transformed data,T0102,Table 0102 - GDP identity from the expenditure side,2023-Q4,,2930412447.2,,,,,,F,Free (free for publication),1,One,A,Normal value,6,Millions,IDR,Rupiah
DATAFLOW,OECD.SDD.NAD:DSD_NAMAIN1@DF_QNA(1.1),Quarterly National Accounts (for 'Developer API'),I,Q,Quarterly,Y,Calendar and seasonally adjusted,IDN,Indonesia,S1M,Households and non-profit institutions serving households (NPISH),S1,Total economy,P3,Final consumption expenditure,_Z,Not applicable,_Z,Not applicable,_T,Total,XDC,National currency,V,Current prices,N,Non transformed data,T0102,Table 0102 - GDP identity from the expenditure side,2024-Q1,,2992686873.8,,,,,,F,Free (free for publication),1,One,A,Normal value,6,Millions,IDR,Rupiah
DATAFLOW,OECD.SDD.NAD:DSD_NAMAIN1@DF_QNA(1.1),Quarterly National Accounts (for 'Developer API'),I,Q,Quarterly,Y,Calendar and seasonally adjusted,IDN,Indonesia,S1M,Households and non-profit institutions serving households (NPISH),S1,Total economy,P3,Final consumption expenditure,_Z,Not applicable,_Z,Not applicable,_T,Total,XDC,National currency,V,Current prices,N,Non transformed data,T0102,Table 0102 - GDP identity from the expenditure side,2024-Q2,,3043375959.5,,,,,,F,Free (free for publication),1,One,A,Normal value,6,Millions,IDR,Rupiah
DATAFLOW,OECD.SDD.NAD:DSD_NAMAIN1@DF_QNA(1.1),Quarterly National Accounts (for 'Developer API'),I,Q,Quarterly,Y,Calendar and seasonally adjusted,IDN,Indonesia,S1M,Households and non-profit institutions serving households (NPISH),S1,Total economy,P3,Final consumption expenditure,_Z,Not applicable,_Z,Not applicable,_T,Total,XDC,National currency,V,Current prices,N,Non transformed data,T0102,Table 0102 - GDP identity from the expenditure side,2024-Q3,,3090121749.8,,,,,,F,Free (free for publication),1,One,A,Normal value,6,Millions,IDR,Rupiah
DATAFLOW,OECD.SDD.NAD:DSD_NAMAIN1@DF_QNA(1.1),Quarterly National Accounts (for 'Developer API'),I,Q,Quarterly,Y,Calendar and seasonally adjusted,IDN,Indonesia,S1M,Households and non-profit institutions serving households (NPISH),S1,Total economy,P3,Final consumption expenditure,_Z,Not applicable,_Z,Not applicable,_T,Total,XDC,National currency,V,Current prices,N,Non transformed data,T0102,Table 0102 - GDP identity from the expenditure side,2024-Q4,,3139327164.5,,,,,,F,Free (free for publication),1,One,A,Normal value,6,Millions,IDR,Rupiah
DATAFLOW,OECD.SDD.NAD:DSD_NAMAIN1@DF_QNA(1.1),Quarterly National Accounts (for 'Developer API'),I,Q,Quarterly,Y,Calendar and seasonally adjusted,IDN,Indonesia,S1M,Households and non-profit institutions serving households (NPISH),S1,Total economy,P3,Final consumption expenditure,_Z,Not applicable,_Z,Not applicable,_T,Total,XDC,National currency,V,Current prices,N,Non transformed data,T0102,Table 0102 - GDP identity from the expenditure side,2025-Q1,,3188806638.8,,,,,,F,Free (free for publication),1,One,A,Normal value,6,Millions,IDR,Rupiah
DATAFLOW,OECD.SDD.NAD:DSD_NAMAIN1@DF_QNA(1.1),Quarterly National Accounts (for 'Developer API'),I,Q,Quarterly,Y,Calendar and seasonally adjusted,IDN,Indonesia,S1M,Households and non-profit institutions serving households (NPISH),S1,Total economy,P3,Final consumption expenditure,_Z,Not applicable,_Z,Not applicable,_T,Total,XDC,National currency,V,Current prices,N,Non transformed data,T0102,Table 0102 - GDP identity from the expenditure side,2025-Q2,,3255671953.7,,,,,,F,Free (free for publication),1,One,A,Normal value,6,Millions,IDR,Rupiah
DATAFLOW,OECD.SDD.NAD:DSD_NAMAIN1@DF_QNA(1.1),Quarterly National Accounts (for 'Developer API'),I,Q,Quarterly,Y,Calendar and seasonally adjusted,IDN,Indonesia,S1M,Households and non-profit institutions serving households (NPISH),S1,Total economy,P3,Final consumption expenditure,_Z,Not applicable,_Z,Not applicable,_T,Total,XDC,National currency,V,Current prices,N,Non transformed data,T0102,Table 0102 - GDP identity from the expenditure side,2025-Q3,,3321446725,,,,,,F,Free (free for publication),1,One,A,Normal value,6,Millions,IDR,Rupiah
DATAFLOW,OECD.SDD.NAD:DSD_NAMAIN1@DF_QNA(1.1),Quarterly National Accounts (for 'Developer API'),I,Q,Quarterly,Y,Calendar and seasonally adjusted,IDN,Indonesia,S1M,Households and non-profit institutions serving households (NPISH),S1,Total economy,P3,Final consumption expenditure,_Z,Not applicable,_Z,Not applicable,_T,Total,XDC,National currency,V,Current prices,N,Non transformed data,T0102,Table 0102 - GDP identity from the expenditure side,2025-Q4,,3390412823.6,,,,,,F,Free (free for publication),1,One,A,Normal value,6,Millions,IDR,Rupiah
DATAFLOW,OECD.SDD.NAD:DSD_NAMAIN1@DF_QNA(1.1),Quarterly National Accounts (for 'Developer API'),I,Q,Quarterly,Y,Calendar and seasonally adjusted,IDN,Indonesia,S1M,Households and non-profit institutions serving households (NPISH),S1,Total economy,P3,Final consumption expenditure,_Z,Not applicable,_Z,Not applicable,_T,Total,XDC,National currency,V,Current prices,N,Non transformed data,T0102,Table 0102 - GDP identity from the expenditure side,2026-Q1,,3463284227.4,,,,,,F,Free (free for publication),1,One,A,Normal value,6,Millions,IDR,Rupiah
DATAFLOW,OECD.SDD.NAD:DSD_NAMAIN1@DF_QNA(1.1),Quarterly National Accounts (for 'Developer API'),I,Q,Quarterly,Y,Calendar and seasonally adjusted,IDN,Indonesia,S1M,Households and non-profit institutions serving households (NPISH),S1,Total economy,P3,Final consumption expenditure,_Z,Not applicable,_Z,Not applicable,_T,Total,XDC,National currency,V,Current prices,N,Non transformed data,T0102,Table 0102 - GDP identity from the expenditure side,2026-Q2,,3529465927.7,,,,,,F,Free (free for publication),1,One,A,Normal value,6,Millions,IDR,Rupiah
DATAFLOW,OECD.SDD.NAD:DSD_NAMAIN1@DF_QNA(1.1),Quarterly National Accounts (for 'Developer API'),I,Q,Quarterly,N,Neither seasonally adjusted nor calendar adjusted,IDN,Indonesia,S1M,Households and non-profit institutions serving households (NPISH),S1,Total economy,P3,Final consumption expenditure,_Z,Not applicable,_Z,Not applicable,_T,Total,XDC,National currency,V,Current prices,N,Non transformed data,T0102,Table 0102 - GDP identity from the expenditure side,2022-Q4,,2701936617.1,,,,,,F,Free (free for publication),1,One,A,Normal value,6,Millions,IDR,Rupiah
DATAFLOW,OECD.SDD.NAD:DSD_NAMAIN1@DF_QNA(1.1),Quarterly National Accounts (for 'Developer API'),I,Q,Quarterly,N,Neither seasonally adjusted nor calendar adjusted,IDN,Indonesia,S1M,Households and non-profit institutions serving households (NPISH),S1,Total economy,P3,Final consumption expenditure,_Z,Not applicable,_Z,Not applicable,_T,Total,XDC,National currency,V,Current prices,N,Non transformed data,T0102,Table 0102 - GDP identity from the expenditure side,2023-Q1,,2741846843.8,,,,,,F,Free (free for publication),1,One,A,Normal value,6,Millions,IDR,Rupiah
DATAFLOW,OECD.SDD.NAD:DSD_NAMAIN1@DF_QNA(1.1),Quarterly National Accounts (for 'Developer API'),I,Q,Quarterly,N,Neither seasonally adjusted nor calendar adjusted,IDN,Indonesia,S1M,Households and non-profit institutions serving households (NPISH),S1,Total economy,P3,Final consumption expenditure,_Z,Not applicable,_Z,Not applicable,_T,Total,XDC,National currency,V,Current prices,N,Non transformed data,T0102,Table 0102 - GDP identity from the expenditure side,2023-Q2,,2851581401.5,,,,,,F,Free (free for publication),1,One,A,Normal value,6,Millions,IDR,Rupiah
DATAFLOW,OECD.SDD.NAD:DSD_NAMAIN1@DF_QNA(1.1),Quarterly National Accounts (for 'Developer API'),I,Q,Quarterly,N,Neither seasonally adjusted nor calendar adjusted,IDN,Indonesia,S1M,Households and non-profit institutions serving households (NPISH),S1,Total economy,P3,Final consumption expenditure,_Z,Not applicable,_Z,Not applicable,_T,Total,XDC,National currency,V,Current prices,N,Non transformed data,T0102,Table 0102 - GDP identity from the expenditure side,2023-Q3,,2851607397,,,,,,F,Free (free for publication),1,One,A,Normal value,6,Millions,IDR,Rupiah
DATAFLOW,OECD.SDD.NAD:DSD_NAMAIN1@DF_QNA(1.1),Quarterly National Accounts (for 'Developer API'),I,Q,Quarterly,N,Neither seasonally adjusted nor calendar adjusted,IDN,Indonesia,S1M,Households and non-profit institutions serving households (NPISH),S1,Total economy,P3,Final consumption expenditure,_Z,Not applicable,_Z,Not applicable,_T,Total,XDC,National currency,V,Current prices,N,Non transformed data,T0102,Table 0102 - GDP identity from the expenditure side,2023-Q4,,2926683783.8,,,,,,F,Free (free for publication),1,One,A,Normal value,6,Millions,IDR,Rupiah
DATAFLOW,OECD.SDD.NAD:DSD_NAMAIN1@DF_QNA(1.1),Quarterly National Accounts (for 'Developer API'),I,Q,Quarterly,N,Neither seasonally adjusted nor calendar adjusted,IDN,Indonesia,S1M,Households and non-profit institutions serving households (NPISH),S1,Total economy,P3,Final consumption expenditure,_Z,Not applicable,_Z,Not applicable,_T,Total,XDC,National currency,V,Current prices,N,Non transformed data,T0102,Table 0102 - GDP identity from the expenditure side,2024-Q1,,2981150940.8,,,,,,F,Free (free for publication),1,One,A,Normal value,6,Millions,IDR,Rupiah
DATAFLOW,OECD.SDD.NAD:DSD_NAMAIN1@DF_QNA(1.1),Quarterly National Accounts (for 'Developer API'),I,Q,Quarterly,N,Neither seasonally adjusted nor calendar adjusted,IDN,Indonesia,S1M,Households and non-profit institutions serving households (NPISH),S1,Total economy,P3,Final consumption expenditure,_Z,Not applicable,_Z,Not applicable,_T,Total,XDC,National currency,V,Current prices,N,Non transformed data,T0102,Table 0102 - GDP identity from the expenditure side,2024-Q2,,3092608340.4,,,,,,F,Free (free for publication),1,One,A,Normal value,6,Millions,IDR,Rupiah
DATAFLOW,OECD.SDD.NAD:DSD_NAMAIN1@DF_QNA(1.1),Quarterly National Accounts (for 'Developer API'),I,Q,Quarterly,N,Neither seasonally adjusted nor calendar adjusted,IDN,Indonesia,S1M,Households and non-profit institutions serving households (NPISH),S1,Total economy,P3,Final consumption expenditure,_Z,Not applicable,_Z,Not applicable,_T,Total,XDC,National currency,V,Current prices,N,Non transformed data,T0102,Table 0102 - GDP identity from the expenditure side,2024-Q3,,3065805744.9,,,,,,F,Free (free for publication),1,One,A,Normal value,6,Millions,IDR,Rupiah
DATAFLOW,OECD.SDD.NAD:DSD_NAMAIN1@DF_QNA(1.1),Quarterly National Accounts (for 'Developer API'),I,Q,Quarterly,N,Neither seasonally adjusted nor calendar adjusted,IDN,Indonesia,S1M,Households and non-profit institutions serving households (NPISH),S1,Total economy,P3,Final consumption expenditure,_Z,Not applicable,_Z,Not applicable,_T,Total,XDC,National currency,V,Current prices,N,Non transformed data,T0102,Table 0102 - GDP identity from the expenditure side,2024-Q4,,3125946721.4,,,,,,F,Free (free for publication),1,One,A,Normal value,6,Millions,IDR,Rupiah
DATAFLOW,OECD.SDD.NAD:DSD_NAMAIN1@DF_QNA(1.1),Quarterly National Accounts (for 'Developer API'),I,Q,Quarterly,N,Neither seasonally adjusted nor calendar adjusted,IDN,Indonesia,S1M,Households and non-profit institutions serving households (NPISH),S1,Total economy,P3,Final consumption expenditure,_Z,Not applicable,_Z,Not applicable,_T,Total,XDC,National currency,V,Current prices,N,Non transformed data,T0102,Table 0102 - GDP identity from the expenditure side,2025-Q1,,3169813944.8,,,,,,F,Free (free for publication),1,One,A,Normal value,6,Millions,IDR,Rupiah
DATAFLOW,OECD.SDD.NAD:DSD_NAMAIN1@DF_QNA(1.1),Quarterly National Accounts (for 'Developer API'),I,Q,Quarterly,N,Neither seasonally adjusted nor calendar adjusted,IDN,Indonesia,S1M,Households and non-profit institutions serving households (NPISH),S1,Total economy,P3,Final consumption expenditure,_Z,Not applicable,_Z,Not applicable,_T,Total,XDC,National currency,V,Current prices,N,Non transformed data,T0102,Table 0102 - GDP identity from the expenditure side,2025-Q2,,3306752849.7,,,,,,F,Free (free for publication),1,One,A,Normal value,6,Millions,IDR,Rupiah
DATAFLOW,OECD.SDD.NAD:DSD_NAMAIN1@DF_QNA(1.1),Quarterly National Accounts (for 'Developer API'),I,Q,Quarterly,N,Neither seasonally adjusted nor calendar adjusted,IDN,Indonesia,S1M,Households and non-profit institutions serving households (NPISH),S1,Total economy,P3,Final consumption expenditure,_Z,Not applicable,_Z,Not applicable,_T,Total,XDC,National currency,V,Current prices,N,Non transformed data,T0102,Table 0102 - GDP identity from the expenditure side,2025-Q3,,3298139430.5,,,,,,F,Free (free for publication),1,One,A,Normal value,6,Millions,IDR,Rupiah
DATAFLOW,OECD.SDD.NAD:DSD_NAMAIN1@DF_QNA(1.1),Quarterly National Accounts (for 'Developer API'),I,Q,Quarterly,N,Neither seasonally adjusted nor calendar adjusted,IDN,Indonesia,S1M,Households and non-profit institutions serving households (NPISH),S1,Total economy,P3,Final consumption expenditure,_Z,Not applicable,_Z,Not applicable,_T,Total,XDC,National currency,V,Current prices,N,Non transformed data,T0102,Table 0102 - GDP identity from the expenditure side,2025-Q4,,3381631916,,,,,,F,Free (free for publication),1,One,A,Normal value,6,Millions,IDR,Rupiah
DATAFLOW,OECD.SDD.NAD:DSD_NAMAIN1@DF_QNA(1.1),Quarterly National Accounts (for 'Developer API'),I,Q,Quarterly,Y,Calendar and seasonally adjusted,IDN,Indonesia,S1M,Households and non-profit institutions serving households (NPISH),S1,Total economy,P3,Final consumption expenditure,_Z,Not applicable,_Z,Not applicable,_T,Total,USD_PPP,"US dollars, PPP converted",LR,Chain linked volume (rebased),LA,Annual levels,T0102,Table 0102 - GDP identity from the expenditure side,2022-Q3,,2043734.2,,2020,,,,F,Free (free for publication),1,One,A,Normal value,6,Millions,USD,US dollar
DATAFLOW,OECD.SDD.NAD:DSD_NAMAIN1@DF_QNA(1.1),Quarterly National Accounts (for 'Developer API'),I,Q,Quarterly,Y,Calendar and seasonally adjusted,IDN,Indonesia,S1M,Households and non-profit institutions serving households (NPISH),S1,Total economy,P3,Final consumption expenditure,_Z,Not applicable,_Z,Not applicable,_T,Total,USD_PPP,"US dollars, PPP converted",LR,Chain linked volume (rebased),LA,Annual levels,T0102,Table 0102 - GDP identity from the expenditure side,2022-Q4,,2071696.6,,2020,,,,F,Free (free for publication),1,One,A,Normal value,6,Millions,USD,US dollar
DATAFLOW,OECD.SDD.NAD:DSD_NAMAIN1@DF_QNA(1.1),Quarterly National Accounts (for 'Developer API'),I,Q,Quarterly,Y,Calendar and seasonally adjusted,IDN,Indonesia,S1M,Households and non-profit institutions serving households (NPISH),S1,Total economy,P3,Final consumption expenditure,_Z,Not applicable,_Z,Not applicable,_T,Total,USD_PPP,"US dollars, PPP converted",LR,Chain linked volume (rebased),LA,Annual levels,T0102,Table 0102 - GDP identity from the expenditure side,2023-Q1,,2092918.1,,2020,,,,F,Free (free for publication),1,One,A,Normal value,6,Millions,USD,US dollar
DATAFLOW,OECD.SDD.NAD:DSD_NAMAIN1@DF_QNA(1.1),Quarterly National Accounts (for 'Developer API'),I,Q,Quarterly,Y,Calendar and seasonally adjusted,IDN,Indonesia,S1M,Households and non-profit institutions serving households (NPISH),S1,Total economy,P3,Final consumption expenditure,_Z,Not applicable,_Z,Not applicable,_T,Total,USD_PPP,"US dollars, PPP converted",LR,Chain linked volume (rebased),LA,Annual levels,T0102,Table 0102 - GDP identity from the expenditure side,2023-Q2,,2122331.9,,2020,,,,F,Free (free for publication),1,One,A,Normal value,6,Millions,USD,US dollar
DATAFLOW,OECD.SDD.NAD:DSD_NAMAIN1@DF_QNA(1.1),Quarterly National Accounts (for 'Developer API'),I,Q,Quarterly,Y,Calendar and seasonally adjusted,IDN,Indonesia,S1M,Households and non-profit institutions serving households (NPISH),S1,Total economy,P3,Final consumption expenditure,_Z,Not applicable,_Z,Not applicable,_T,Total,USD_PPP,"US dollars, PPP converted",LR,Chain linked volume (rebased),LA,Annual levels,T0102,Table 0102 - GDP identity from the expenditure side,2023-Q3,,2148236.8,,2020,,,,F,Free (free for publication),1,One,A,Normal value,6,Millions,USD,US dollar
DATAFLOW,OECD.SDD.NAD:DSD_NAMAIN1@DF_QNA(1.1),Quarterly National Accounts (for 'Developer API'),I,Q,Quarterly,Y,Calendar and seasonally adjusted,IDN,Indonesia,S1M,Households and non-profit institutions serving households (NPISH),S1,Total economy,P3,Final consumption expenditure,_Z,Not applicable,_Z,Not applicable,_T,Total,USD_PPP,"US dollars, PPP converted",LR,Chain linked volume (rebased),LA,Annual levels,T0102,Table 0102 - GDP identity from the expenditure side,2023-Q4,,2173873.4,,2020,,,,F,Free (free for publication),1,One,A,Normal value,6,Millions,USD,US dollar
DATAFLOW,OECD.SDD.NAD:DSD_NAMAIN1@DF_QNA(1.1),Quarterly National Accounts (for 'Developer API'),I,Q,Quarterly,Y,Calendar and seasonally adjusted,IDN,Indonesia,S1M,Households and non-profit institutions serving households (NPISH),S1,Total economy,P3,Final consumption expenditure,_Z,Not applicable,_Z,Not applicable,_T,Total,USD_PPP,"US dollars, PPP converted",LR,Chain linked volume (rebased),LA,Annual levels,T0102,Table 0102 - GDP identity from the expenditure side,2024-Q1,,2204083.2,,2020,,,,F,Free (free for publication),1,One,A,Normal value,6,Millions,USD,US dollar
DATAFLOW,OECD.SDD.NAD:DSD_NAMAIN1@DF_QNA(1.1),Quarterly National Accounts (for 'Developer API'),I,Q,Quarterly,Y,Calendar and seasonally adjusted,IDN,Indonesia,S1M,Households and non-profit institutions serving households (NPISH),S1,Total economy,P3,Final consumption expenditure,_Z,Not applicable,_Z,Not applicable,_T,Total,USD_PPP,"US dollars, PPP converted",LR,Chain linked volume (rebased),LA,Annual levels,T0102,Table 0102 - GDP identity from the expenditure side,2024-Q2,,2228288.1,,2020,,,,F,Free (free for publication),1,One,A,Normal value,6,Millions,USD,US dollar
DATAFLOW,OECD.SDD.NAD:DSD_NAMAIN1@DF_QNA(1.1),Quarterly National Accounts (for 'Developer API'),I,Q,Quarterly,Y,Calendar and seasonally adjusted,IDN,Indonesia,S1M,Households and non-profit institutions serving households (NPISH),S1,Total economy,P3,Final consumption expenditure,_Z,Not applicable,_Z,Not applicable,_T,Total,USD_PPP,"US dollars, PPP converted",LR,Chain linked volume (rebased),LA,Annual levels,T0102,Table 0102 - GDP identity from the expenditure side,2024-Q3,,2256849.1,,2020,,,,F,Free (free for publication),1,One,A,Normal value,6,Millions,USD,US dollar
DATAFLOW,OECD.SDD.NAD:DSD_NAMAIN1@DF_QNA(1.1),Quarterly National Accounts (for 'Developer API'),I,Q,Quarterly,Y,Calendar and seasonally adjusted,IDN,Indonesia,S1M,Households and non-profit institutions serving households (NPISH),S1,Total economy,P3,Final consumption expenditure,_Z,Not applicable,_Z,Not applicable,_T,Total,USD_PPP,"US dollars, PPP converted",LR,Chain linked volume (rebased),LA,Annual levels,T0102,Table 0102 - GDP identity from the expenditure side,2024-Q4,,2284472.3,,2020,,,,F,Free (free for publication),1,One,A,Normal value,6,Millions,USD,US dollar
DATAFLOW,OECD.SDD.NAD:DSD_NAMAIN1@DF_QNA(1.1),Quarterly National Accounts (for 'Developer API'),I,Q,Quarterly,Y,Calendar and seasonally adjusted,IDN,Indonesia,S1M,Households and non-profit institutions serving households (NPISH),S1,Total economy,P3,Final consumption expenditure,_Z,Not applicable,_Z,Not applicable,_T,Total,USD_PPP,"US dollars, PPP converted",LR,Chain linked volume (rebased),LA,Annual levels,T0102,Table 0102 - GDP identity from the expenditure side,2025-Q1,,2310324.2,,2020,,,,F,Free (free for publication),1,One,A,Normal value,6,Millions,USD,US dollar
DATAFLOW,OECD.SDD.NAD:DSD_NAMAIN1@DF_QNA(1.1),Quarterly National Accounts (for 'Developer API'),I,Q,Quarterly,Y,Calendar and seasonally adjusted,IDN,Indonesia,S1M,Households and non-profit institutions serving households (NPISH),S1,Total economy,P3,Final consumption expenditure,_Z,Not applicable,_Z,Not applicable,_T,Total,USD_PPP,"US dollars, PPP converted",LR,Chain linked volume (rebased),LA,Annual levels,T0102,Table 0102 - GDP identity from the expenditure side,2025-Q2,,2341357.5,,2020,,,,F,Free (free for publication),1,One,A,Normal value,6,Millions,USD,US dollar
DATAFLOW,OECD.SDD.NAD:DSD_NAMAIN1@DF_QNA(1.1),Quarterly National Accounts (for 'Developer API'),I,Q,Quarterly,Y,Calendar and seasonally adjusted,IDN,Indonesia,S1M,Households and non-profit institutions serving households (NPISH),S1,Total economy,P3,Final consumption expenditure,_Z,Not applicable,_Z,Not applicable,_T,Total,USD_PPP,"US dollars, PPP converted",LR,Chain linked volume (rebased),LA,Annual levels,T0102,Table 0102 - GDP identity from the expenditure side,2025-Q3,,2369402,,2020,,,,F,Free (free for publication),1,One,A,Normal value,6,Millions,USD,US dollar
DATAFLOW,OECD.SDD.NAD:DSD_NAMAIN1@DF_QNA(1.1),Quarterly National Accounts (for 'Developer API'),I,Q,Quarterly,Y,Calendar and seasonally adjusted,IDN,Indonesia,S1M,Households and non-profit institutions serving households (NPISH),S1,Total economy,P3,Final consumption expenditure,_Z,Not applicable,_Z,Not applicable,_T,Total,USD_PPP,"US dollars, PPP converted",LR,Chain linked volume (rebased),LA,Annual levels,T0102,Table 0102 - GDP identity from the expenditure side,2025-Q4,,2399736,,2020,,,,F,Free (free for publication),1,One,A,Normal value,6,Millions,USD,US dollar
DATAFLOW,OECD.SDD.NAD:DSD_NAMAIN1@DF_QNA(1.1),Quarterly National Accounts (for 'Developer API'),I,Q,Quarterly,Y,Calendar and seasonally adjusted,IDN,Indonesia,S1M,Households and non-profit institutions serving households (NPISH),S1,Total economy,P3,Final consumption expenditure,_Z,Not applicable,_Z,Not applicable,_T,Total,USD_PPP,"US dollars, PPP converted",LR,Chain linked volume (rebased),LA,Annual levels,T0102,Table 0102 - GDP identity from the expenditure side,2026-Q1,,2431431.6,,2020,,,,F,Free (free for publication),1,One,A,Normal value,6,Millions,USD,US dollar
DATAFLOW,OECD.SDD.NAD:DSD_NAMAIN1@DF_QNA(1.1),Quarterly National Accounts (for 'Developer API'),I,Q,Quarterly,Y,Calendar and seasonally adjusted,IDN,Indonesia,S1M,Households and non-profit institutions serving households (NPISH),S1,Total economy,P3,Final consumption expenditure,_Z,Not applicable,_Z,Not applicable,_T,Total,USD_PPP,"US dollars, PPP converted",LR,Chain linked volume (rebased),LA,Annual levels,T0102,Table 0102 - GDP identity from the expenditure side,2026-Q2,,2461233.3,,2020,,,,F,Free (free for publication),1,One,A,Normal value,6,Millions,USD,US dollar
DATAFLOW,OECD.SDD.NAD:DSD_NAMAIN1@DF_QNA(1.1),Quarterly National Accounts (for 'Developer API'),I,Q,Quarterly,Y,Calendar and seasonally adjusted,IDN,Indonesia,S1M,Households and non-profit institutions serving households (NPISH),S1,Total economy,P3,Final consumption expenditure,_Z,Not applicable,_Z,Not applicable,_T,Total,IX,Index,DR,Deflator (rebased),N,Non transformed data,T0102,Table 0102 - GDP identity from the expenditure side,2022-Q3,,107.472999252,,2020,,,,F,Free (free for publication),1,One,A,Normal value,0,Units,_Z,Not applicable
DATAFLOW,OECD.SDD.NAD:DSD_NAMAIN1@DF_QNA(1.1),Quarterly National Accounts (for 'Developer API'),I,Q,Quarterly,Y,Calendar and seasonally adjusted,IDN,Indonesia,S1M,Households and non-profit institutions serving households (NPISH),S1,Total economy,P3,Final consumption expenditure,_Z,Not applicable,_Z,Not applicable,_T,Total,IX,Index,DR,Deflator (rebased),N,Non transformed data,T0102,Table 0102 - GDP identity from the expenditure side,2022-Q4,,108.68541476,,2020,,,,F,Free (free for publication),1,One,A,Normal value,0,Units,_Z,Not applicable
DATAFLOW,OECD.SDD.NAD:DSD_NAMAIN1@DF_QNA(1.1),Quarterly National Accounts (for 'Developer API'),I,Q,Quarterly,Y,Calendar and seasonally adjusted,IDN,Indonesia,S1M,Households and non-profit institutions serving households (NPISH),S1,Total economy,P3,Final consumption expenditure,_Z,Not applicable,_Z,Not applicable,_T,Total,IX,Index,DR,Deflator (rebased),N,Non transformed data,T0102,Table 0102 - GDP identity from the expenditure side,2023-Q1,,109.926724135,,2020,,,,F,Free (free for publication),1,One,A,Normal value,0,Units,_Z,Not applicable
DATAFLOW,OECD.SDD.NAD:DSD_NAMAIN1@DF_QNA(1.1),Quarterly National Accounts (for 'Developer API'),I,Q,Quarterly,Y,Calendar and seasonally adjusted,IDN,Indonesia,S1M,Households and non-profit institutions serving households (NPISH),S1,Total economy,P3,Final consumption expenditure,_Z,Not applicable,_Z,Not applicable,_T,Total,IX,Index,DR,Deflator (rebased),N,Non transformed data,T0102,Table 0102 - GDP identity from the expenditure side,2023-Q2,,110.719898496,,2020,,,,F,Free (free for publication),1,One,A,Normal value,0,Units,_Z,Not applicable
DATAFLOW,OECD.SDD.NAD:DSD_NAMAIN1@DF_QNA(1.1),Quarterly National Accounts (for 'Developer API'),I,Q,Quarterly,Y,Calendar and seasonally adjusted,IDN,Indonesia,S1M,Households and non-profit institutions serving households (NPISH),S1,Total economy,P3,Final consumption expenditure,_Z,Not applicable,_Z,Not applicable,_T,Total,IX,Index,DR,Deflator (rebased),N,Non transformed data,T0102,Table 0102 - GDP identity from the expenditure side,2023-Q3,,111.584851087,,2020,,,,F,Free (free for publication),1,One,A,Normal value,0,Units,_Z,Not applicable
DATAFLOW,OECD.SDD.NAD:DSD_NAMAIN1@DF_QNA(1.1),Quarterly National Accounts (for 'Developer API'),I,Q,Quarterly,Y,Calendar and seasonally adjusted,IDN,Indonesia,S1M,Households and non-profit institutions serving households (NPISH),S1,Total economy,P3,Final consumption expenditure,_Z,Not applicable,_Z,Not applicable,_T,Total,IX,Index,DR,Deflator (rebased),N,Non transformed data,T0102,Table 0102 - GDP identity from the expenditure side,2023-Q4,,112.545387311,,2020,,,,F,Free (free for publication),1,One,A,Normal value,0,Units,_Z,Not applicable
DATAFLOW,OECD.SDD.NAD:DSD_NAMAIN1@DF_QNA(1.1),Quarterly National Accounts (for 'Developer API'),I,Q,Quarterly,Y,Calendar and seasonally adjusted,IDN,Indonesia,S1M,Households and non-profit institutions serving households (NPISH),S1,Total economy,P3,Final consumption expenditure,_Z,Not applicable,_Z,Not applicable,_T,Total,IX,Index,DR,Deflator (rebased),N,Non transformed data,T0102,Table 0102 - GDP identity from the expenditure side,2024-Q1,,113.361739925,,2020,,,,F,Free (free for publication),1,One,A,Normal value,0,Units,_Z,Not applicable
DATAFLOW,OECD.SDD.NAD:DSD_NAMAIN1@DF_QNA(1.1),Quarterly National Accounts (for 'Developer API'),I,Q,Quarterly,Y,Calendar and seasonally adjusted,IDN,Indonesia,S1M,Households and non-profit institutions serving households (NPISH),S1,Total economy,P3,Final consumption expenditure,_Z,Not applicable,_Z,Not applicable,_T,Total,IX,Index,DR,Deflator (rebased),N,Non transformed data,T0102,Table 0102 - GDP identity from the expenditure side,2024-Q2,,114.029565386,,2020,,,,F,Free (free for publication),1,One,A,Normal value,0,Units,_Z,Not applicable
DATAFLOW,OECD.SDD.NAD:DSD_NAMAIN1@DF_QNA(1.1),Quarterly National Accounts (for 'Developer API'),I,Q,Quarterly,Y,Calendar and seasonally adjusted,IDN,Indonesia,S1M,Households and non-profit institutions serving households (NPISH),S1,Total economy,P3,Final consumption expenditure,_Z,Not applicable,_Z,Not applicable,_T,Total,IX,Index,DR,Deflator (rebased),N,Non transformed data,T0102,Table 0102 - GDP identity from the expenditure side,2024-Q3,,114.315805047,,2020,,,,F,Free (free for publication),1,One,A,Normal value,0,Units,_Z,Not applicable
DATAFLOW,OECD.SDD.NAD:DSD_NAMAIN1@DF_QNA(1.1),Quarterly National Accounts (for 'Developer API'),I,Q,Quarterly,Y,Calendar and seasonally adjusted,IDN,Indonesia,S1M,Households and non-profit institutions serving households (NPISH),S1,Total economy,P3,Final consumption expenditure,_Z,Not applicable,_Z,Not applicable,_T,Total,IX,Index,DR,Deflator (rebased),N,Non transformed data,T0102,Table 0102 - GDP identity from the expenditure side,2024-Q4,,114.731818953,,2020,,,,F,Free (free for publication),1,One,A,Normal value,0,Units,_Z,Not applicable
DATAFLOW,OECD.SDD.NAD:DSD_NAMAIN1@DF_QNA(1.1),Quarterly National Accounts (for 'Developer API'),I,Q,Quarterly,Y,Calendar and seasonally adjusted,IDN,Indonesia,S1M,Households and non-profit institutions serving households (NPISH),S1,Total economy,P3,Final consumption expenditure,_Z,Not applicable,_Z,Not applicable,_T,Total,IX,Index,DR,Deflator (rebased),N,Non transformed data,T0102,Table 0102 - GDP identity from the expenditure side,2025-Q1,,115.236075765,,2020,,,,F,Free (free for publication),1,One,A,Normal value,0,Units,_Z,Not applicable
DATAFLOW,OECD.SDD.NAD:DSD_NAMAIN1@DF_QNA(1.1),Quarterly National Accounts (for 'Developer API'),I,Q,Quarterly,Y,Calendar and seasonally adjusted,IDN,Indonesia,S1M,Households and non-profit institutions serving households (NPISH),S1,Total economy,P3,Final consumption expenditure,_Z,Not applicable,_Z,Not applicable,_T,Total,IX,Index,DR,Deflator (rebased),N,Non transformed data,T0102,Table 0102 - GDP identity from the expenditure side,2025-Q2,,116.093021813,,2020,,,,F,Free (free for publication),1,One,A,Normal value,0,Units,_Z,Not applicable
DATAFLOW,OECD.SDD.NAD:DSD_NAMAIN1@DF_QNA(1.1),Quarterly National Accounts (for 'Developer API'),I,Q,Quarterly,Y,Calendar and seasonally adjusted,IDN,Indonesia,S1M,Households and non-profit institutions serving households (NPISH),S1,Total economy,P3,Final consumption expenditure,_Z,Not applicable,_Z,Not applicable,_T,Total,IX,Index,DR,Deflator (rebased),N,Non transformed data,T0102,Table 0102 - GDP identity from the expenditure side,2025-Q3,,117.036610425,,2020,,,,F,Free (free for publication),1,One,A,Normal value,0,Units,_Z,Not applicable
DATAFLOW,OECD.SDD.NAD:DSD_NAMAIN1@DF_QNA(1.1),Quarterly National Accounts (for 'Developer API'),I,Q,Quarterly,Y,Calendar and seasonally adjusted,IDN,Indonesia,S1M,Households and non-profit institutions serving households (NPISH),S1,Total economy,P3,Final consumption expenditure,_Z,Not applicable,_Z,Not applicable,_T,Total,IX,Index,DR,Deflator (rebased),N,Non transformed data,T0102,Table 0102 - GDP identity from the expenditure side,2025-Q4,,117.956620269,,2020,,,,F,Free (free for publication),1,One,A,Normal value,0,Units,_Z,Not applicable
DATAFLOW,OECD.SDD.NAD:DSD_NAMAIN1@DF_QNA(1.1),Quarterly National Accounts (for 'Developer API'),I,Q,Quarterly,Y,Calendar and seasonally adjusted,IDN,Indonesia,S1M,Households and non-profit institutions serving households (NPISH),S1,Total economy,P3,Final consumption expenditure,_Z,Not applicable,_Z,Not applicable,_T,Total,IX,Index,DR,Deflator (rebased),N,Non transformed data,T0102,Table 0102 - GDP identity from the expenditure side,2026-Q1,,118.921198154,,2020,,,,F,Free (free for publication),1,One,A,Normal value,0,Units,_Z,Not applicable
DATAFLOW,OECD.SDD.NAD:DSD_NAMAIN1@DF_QNA(1.1),Quarterly National Accounts (for 'Developer API'),I,Q,Quarterly,Y,Calendar and seasonally adjusted,IDN,Indonesia,S1M,Households and non-profit institutions serving households (NPISH),S1,Total economy,P3,Final consumption expenditure,_Z,Not applicable,_Z,Not applicable,_T,Total,IX,Index,DR,Deflator (rebased),N,Non transformed data,T0102,Table 0102 - GDP identity from the expenditure side,2026-Q2,,119.726258447,,2020,,,,F,Free (free for publication),1,One,A,Normal value,0,Units,_Z,Not applicable
DATAFLOW,OECD.SDD.NAD:DSD_NAMAIN1@DF_QNA(1.1),Quarterly National Accounts (for 'Developer API'),I,Q,Quarterly,Y,Calendar and seasonally adjusted,IDN,Indonesia,S1M,Households and non-profit institutions serving households (NPISH),S1,Total economy,P3,Final consumption expenditure,_Z,Not applicable,_Z,Not applicable,_T,Total,IX,Index,LR,Chain linked volume (rebased),N,Non transformed data,T0102,Table 0102 - GDP identity from the expenditure side,2022-Q3,,107.583203382,,2020,,,,F,Free (free for publication),1,One,A,Normal value,0,Units,_Z,Not applicable
DATAFLOW,OECD.SDD.NAD:DSD_NAMAIN1@DF_QNA(1.1),Quarterly National Accounts (for 'Developer API'),I,Q,Quarterly,Y,Calendar and seasonally adjusted,IDN,Indonesia,S1M,Households and non-profit institutions serving households (NPISH),S1,Total economy,P3,Final consumption expenditure,_Z,Not applicable,_Z,Not applicable,_T,Total,IX,Index,LR,Chain linked volume (rebased),N,Non transformed data,T0102,Table 0102 - GDP identity from the expenditure side,2022-Q4,,109.055157809,,2020,,,,F,Free (free for publication),1,One,A,Normal value,0,Units,_Z,Not applicable
DATAFLOW,OECD.SDD.NAD:DSD_NAMAIN1@DF_QNA(1.1),Quarterly National Accounts (for 'Developer API'),I,Q,Quarterly,Y,Calendar and seasonally adjusted,IDN,Indonesia,S1M,Households and non-profit institutions serving households (NPISH),S1,Total economy,P3,Final consumption expenditure,_Z,Not applicable,_Z,Not applicable,_T,Total,IX,Index,LR,Chain linked volume (rebased),N,Non transformed data,T0102,Table 0102 - GDP identity from the expenditure side,2023-Q1,,110.172268149,,2020,,,,F,Free (free for publication),1,One,A,Normal value,0,Units,_Z,Not applicable
DATAFLOW,OECD.SDD.NAD:DSD_NAMAIN1@DF_QNA(1.1),Quarterly National Accounts (for 'Developer API'),I,Q,Quarterly,Y,Calendar and seasonally adjusted,IDN,Indonesia,S1M,Households and non-profit institutions serving households (NPISH),S1,Total economy,P3,Final consumption expenditure,_Z,Not applicable,_Z,Not applicable,_T,Total,IX,Index,LR,Chain linked volume (rebased),N,Non transformed data,T0102,Table 0102 - GDP identity from the expenditure side,2023-Q2,,111.720624199,,2020,,,,F,Free (free for publication),1,One,A,Normal value,0,Units,_Z,Not applicable
DATAFLOW,OECD.SDD.NAD:DSD_NAMAIN1@DF_QNA(1.1),Quarterly National Accounts (for 'Developer API'),I,Q,Quarterly,Y,Calendar and seasonally adjusted,IDN,Indonesia,S1M,Households and non-profit institutions serving households (NPISH),S1,Total economy,P3,Final consumption expenditure,_Z,Not applicable,_Z,Not applicable,_T,Total,IX,Index,LR,Chain linked volume (rebased),N,Non transformed data,T0102,Table 0102 - GDP identity from the expenditure side,2023-Q3,,113.084271763,,2020,,,,F,Free (free for publication),1,One,A,Normal value,0,Units,_Z,Not applicable
DATAFLOW,OECD.SDD.NAD:DSD_NAMAIN1@DF_QNA(1.1),Quarterly National Accounts (for 'Developer API'),I,Q,Quarterly,Y,Calendar and seasonally adjusted,IDN,Indonesia,S1M,Households and non-profit institutions serving households (NPISH),S1,Total economy,P3,Final consumption expenditure,_Z,Not applicable,_Z,Not applicable,_T,Total,IX,Index,LR,Chain linked volume (rebased),N,Non transformed data,T0102,Table 0102 - GDP identity from the expenditure side,2023-Q4,,114.433798072,,2020,,,,F,Free (free for publication),1,One,A,Normal value,0,Units,_Z,Not applicable
DATAFLOW,OECD.SDD.NAD:DSD_NAMAIN1@DF_QNA(1.1),Quarterly National Accounts (for 'Developer API'),I,Q,Quarterly,Y,Calendar and seasonally adjusted,IDN,Indonesia,S1M,Households and non-profit institutions serving households (NPISH),S1,Total economy,P3,Final consumption expenditure,_Z,Not applicable,_Z,Not applicable,_T,Total,IX,Index,LR,Chain linked volume (rebased),N,Non transformed data,T0102,Table 0102 - GDP identity from the expenditure side,2024-Q1,,116.02405449,,2020,,,,F,Free (free for publication),1,One,A,Normal value,0,Units,_Z,Not applicable
DATAFLOW,OECD.SDD.NAD:DSD_NAMAIN1@DF_QNA(1.1),Quarterly National Accounts (for 'Developer API'),I,Q,Quarterly,Y,Calendar and seasonally adjusted,IDN,Indonesia,S1M,Households and non-profit institutions serving households (NPISH),S1,Total economy,P3,Final consumption expenditure,_Z,Not applicable,_Z,Not applicable,_T,Total,IX,Index,LR,Chain linked volume (rebased),N,Non transformed data,T0102,Table 0102 - GDP identity from the expenditure side,2024-Q2,,117.298213803,,2020,,,,F,Free (free for publication),1,One,A,Normal value,0,Units,_Z,Not applicable
DATAFLOW,OECD.SDD.NAD:DSD_NAMAIN1@DF_QNA(1.1),Quarterly National Accounts (for 'Developer API'),I,Q,Quarterly,Y,Calendar and seasonally adjusted,IDN,Indonesia,S1M,Households and non-profit institutions serving households (NPISH),S1,Total economy,P3,Final consumption expenditure,_Z,Not applicable,_Z,Not applicable,_T,Total,IX,Index,LR,Chain linked volume (rebased),N,Non transformed data,T0102,Table 0102 - GDP identity from the expenditure side,2024-Q3,,118.801677737,,2020,,,,F,Free (free for publication),1,One,A,Normal value,0,Units,_Z,Not applicable
DATAFLOW,OECD.SDD.NAD:DSD_NAMAIN1@DF_QNA(1.1),Quarterly National Accounts (for 'Developer API'),I,Q,Quarterly,Y,Calendar and seasonally adjusted,IDN,Indonesia,S1M,Households and non-profit institutions serving households (NPISH),S1,Total economy,P3,Final consumption expenditure,_Z,Not applicable,_Z,Not applicable,_T,Total,IX,Index,LR,Chain linked volume (rebased),N,Non transformed data,T0102,Table 0102 - GDP identity from the expenditure side,2024-Q4,,120.255780464,,2020,,,,F,Free (free for publication),1,One,A,Normal value,0,Units,_Z,Not applicable
DATAFLOW,OECD.SDD.NAD:DSD_NAMAIN1@DF_QNA(1.1),Quarterly National Accounts (for 'Developer API'),I,Q,Quarterly,Y,Calendar and seasonally adjusted,IDN,Indonesia,S1M,Households and non-profit institutions serving households (NPISH),S1,Total economy,P3,Final consumption expenditure,_Z,Not applicable,_Z,Not applicable,_T,Total,IX,Index,LR,Chain linked volume (rebased),N,Non transformed data,T0102,Table 0102 - GDP identity from the expenditure side,2025-Q1,,121.616636248,,2020,,,,F,Free (free for publication),1,One,A,Normal value,0,Units,_Z,Not applicable
DATAFLOW,OECD.SDD.NAD:DSD_NAMAIN1@DF_QNA(1.1),Quarterly National Accounts (for 'Developer API'),I,Q,Quarterly,Y,Calendar and seasonally adjusted,IDN,Indonesia,S1M,Households and non-profit institutions serving households (NPISH),S1,Total economy,P3,Final consumption expenditure,_Z,Not applicable,_Z,Not applicable,_T,Total,IX,Index,LR,Chain linked volume (rebased),N,Non transformed data,T0102,Table 0102 - GDP identity from the expenditure side,2025-Q2,,123.250243155,,2020,,,,F,Free (free for publication),1,One,A,Normal value,0,Units,_Z,Not applicable
DATAFLOW,OECD.SDD.NAD:DSD_NAMAIN1@DF_QNA(1.1),Quarterly National Accounts (for 'Developer API'),I,Q,Quarterly,Y,Calendar and seasonally adjusted,IDN,Indonesia,S1M,Households and non-profit institutions serving households (NPISH),S1,Total economy,P3,Final consumption expenditure,_Z,Not applicable,_Z,Not applicable,_T,Total,IX,Index,LR,Chain linked volume (rebased),N,Non transformed data,T0102,Table 0102 - GDP identity from the expenditure side,2025-Q3,,124.726523564,,2020,,,,F,Free (free for publication),1,One,A,Normal value,0,Units,_Z,Not applicable
DATAFLOW,OECD.SDD.NAD:DSD_NAMAIN1@DF_QNA(1.1),Quarterly National Accounts (for 'Developer API'),I,Q,Quarterly,Y,Calendar and seasonally adjusted,IDN,Indonesia,S1M,Households and non-profit institutions serving households (NPISH),S1,Total economy,P3,Final consumption expenditure,_Z,Not applicable,_Z,Not applicable,_T,Total,IX,Index,LR,Chain linked volume (rebased),N,Non transformed data,T0102,Table 0102 - GDP identity from the expenditure side,2025-Q4,,126.323317816,,2020,,,,F,Free (free for publication),1,One,A,Normal value,0,Units,_Z,Not applicable
DATAFLOW,OECD.SDD.NAD:DSD_NAMAIN1@DF_QNA(1.1),Quarterly National Accounts (for 'Developer API'),I,Q,Quarterly,Y,Calendar and seasonally adjusted,IDN,Indonesia,S1M,Households and non-profit institutions serving households (NPISH),S1,Total economy,P3,Final consumption expenditure,_Z,Not applicable,_Z,Not applicable,_T,Total,IX,Index,LR,Chain linked volume (rebased),N,Non transformed data,T0102,Table 0102 - GDP identity from the expenditure side,2026-Q1,,127.991792416,,2020,,,,F,Free (free for publication),1,One,A,Normal value,0,Units,_Z,Not applicable
DATAFLOW,OECD.SDD.NAD:DSD_NAMAIN1@DF_QNA(1.1),Quarterly National Accounts (for 'Developer API'),I,Q,Quarterly,Y,Calendar and seasonally adjusted,IDN,Indonesia,S1M,Households and non-profit institutions serving households (NPISH),S1,Total economy,P3,Final consumption expenditure,_Z,Not applicable,_Z,Not applicable,_T,Total,IX,Index,LR,Chain linked volume (rebased),N,Non transformed data,T0102,Table 0102 - GDP identity from the expenditure side,2026-Q2,,129.560568583,,2020,,,,F,Free (free for publication),1,One,A,Normal value,0,Units,_Z,Not applicable
DATAFLOW,OECD.SDD.NAD:DSD_NAMAIN1@DF_QNA(1.1),Quarterly National Accounts (for 'Developer API'),I,Q,Quarterly,Y,Calendar and seasonally adjusted,IDN,Indonesia,S1M,Households and non-profit institutions serving households (NPISH),S1,Total economy,P3,Final consumption expenditure,_Z,Not applicable,_Z,Not applicable,_T,Total,IX,Index,D,Deflator,N,Non transformed data,T0102,Table 0102 - GDP identity from the expenditure side,2022-Q3,,165.493019038,,2010,,,,F,Free (free for publication),1,One,A,Normal value,0,Units,_Z,Not applicable
DATAFLOW,OECD.SDD.NAD:DSD_NAMAIN1@DF_QNA(1.1),Quarterly National Accounts (for 'Developer API'),I,Q,Quarterly,Y,Calendar and seasonally adjusted,IDN,Indonesia,S1M,Households and non-profit institutions serving households (NPISH),S1,Total economy,P3,Final consumption expenditure,_Z,Not applicable,_Z,Not applicable,_T,Total,IX,Index,D,Deflator,N,Non transformed data,T0102,Table 0102 - GDP identity from the expenditure side,2022-Q4,,167.359965193,,2010,,,,F,Free (free for publication),1,One,A,Normal value,0,Units,_Z,Not applicable
DATAFLOW,OECD.SDD.NAD:DSD_NAMAIN1@DF_QNA(1.1),Quarterly National Accounts (for 'Developer API'),I,Q,Quarterly,Y,Calendar and seasonally adjusted,IDN,Indonesia,S1M,Households and non-profit institutions serving households (NPISH),S1,Total economy,P3,Final consumption expenditure,_Z,Not applicable,_Z,Not applicable,_T,Total,IX,Index,D,Deflator,N,Non transformed data,T0102,Table 0102 - GDP identity from the expenditure side,2023-Q1,,169.271403763,,2010,,,,F,Free (free for publication),1,One,A,Normal value,0,Units,_Z,Not applicable
DATAFLOW,OECD.SDD.NAD:DSD_NAMAIN1@DF_QNA(1.1),Quarterly National Accounts (for 'Developer API'),I,Q,Quarterly,Y,Calendar and seasonally adjusted,IDN,Indonesia,S1M,Households and non-profit institutions serving households (NPISH),S1,Total economy,P3,Final consumption expenditure,_Z,Not applicable,_Z,Not applicable,_T,Total,IX,Index,D,Deflator,N,Non transformed data,T0102,Table 0102 - GDP identity from the expenditure side,2023-Q2,,170.492778624,,2010,,,,F,Free (free for publication),1,One,A,Normal value,0,Units,_Z,Not applicable
DATAFLOW,OECD.SDD.NAD:DSD_NAMAIN1@DF_QNA(1.1),Quarterly National Accounts (for 'Developer API'),I,Q,Quarterly,Y,Calendar and seasonally adjusted,IDN,Indonesia,S1M,Households and non-profit institutions serving households (NPISH),S1,Total economy,P3,Final consumption expenditure,_Z,Not applicable,_Z,Not applicable,_T,Total,IX,Index,D,Deflator,N,Non transformed data,T0102,Table 0102 - GDP identity from the expenditure side,2023-Q3,,171.824681675,,2010,,,,F,Free (free for publication),1,One,A,Normal value,0,Units,_Z,Not applicable
DATAFLOW,OECD.SDD.NAD:DSD_NAMAIN1@DF_QNA(1.1),Quarterly National Accounts (for 'Developer API'),I,Q,Quarterly,Y,Calendar and seasonally adjusted,IDN,Indonesia,S1M,Households and non-profit institutions serving households (NPISH),S1,Total economy,P3,Final consumption expenditure,_Z,Not applicable,_Z,Not applicable,_T,Total,IX,Index,D,Deflator,N,Non transformed data,T0102,Table 0102 - GDP identity from the expenditure side,2023-Q4,,173.303769825,,2010,,,,F,Free (free for publication),1,One,A,Normal value,0,Units,_Z,Not applicable
DATAFLOW,OECD.SDD.NAD:DSD_NAMAIN1@DF_QNA(1.1),Quarterly National Accounts (for 'Developer API'),I,Q,Quarterly,Y,Calendar and seasonally adjusted,IDN,Indonesia,S1M,Households and non-profit institutions serving households (NPISH),S1,Total economy,P3,Final consumption expenditure,_Z,Not applicable,_Z,Not applicable,_T,Total,IX,Index,D,Deflator,N,Non transformed data,T0102,Table 0102 - GDP identity from the expenditure side,2024-Q1,,174.560835876,,2010,,,,F,Free (free for publication),1,One,A,Normal value,0,Units,_Z,Not applicable
DATAFLOW,OECD.SDD.NAD:DSD_NAMAIN1@DF_QNA(1.1),Quarterly National Accounts (for 'Developer API'),I,Q,Quarterly,Y,Calendar and seasonally adjusted,IDN,Indonesia,S1M,Households and non-profit institutions serving households (NPISH),S1,Total economy,P3,Final consumption expenditure,_Z,Not applicable,_Z,Not applicable,_T,Total,IX,Index,D,Deflator,N,Non transformed data,T0102,Table 0102 - GDP identity from the expenditure side,2024-Q2,,175.589191393,,2010,,,,F,Free (free for publication),1,One,A,Normal value,0,Units,_Z,Not applicable
DATAFLOW,OECD.SDD.NAD:DSD_NAMAIN1@DF_QNA(1.1),Quarterly National Accounts (for 'Developer API'),I,Q,Quarterly,Y,Calendar and seasonally adjusted,IDN,Indonesia,S1M,Households and non-profit institutions serving households (NPISH),S1,Total economy,P3,Final consumption expenditure,_Z,Not applicable,_Z,Not applicable,_T,Total,IX,Index,D,Deflator,N,Non transformed data,T0102,Table 0102 - GDP identity from the expenditure side,2024-Q3,,176.029959455,,2010,,,,F,Free (free for publication),1,One,A,Normal value,0,Units,_Z,Not applicable
DATAFLOW,OECD.SDD.NAD:DSD_NAMAIN1@DF_QNA(1.1),Quarterly National Accounts (for 'Developer API'),I,Q,Quarterly,Y,Calendar and seasonally adjusted,IDN,Indonesia,S1M,Households and non-profit institutions serving households (NPISH),S1,Total economy,P3,Final consumption expenditure,_Z,Not applicable,_Z,Not applicable,_T,Total,IX,Index,D,Deflator,N,Non transformed data,T0102,Table 0102 - GDP identity from the expenditure side,2024-Q4,,176.670561261,,2010,,,,F,Free (free for publication),1,One,A,Normal value,0,Units,_Z,Not applicable
DATAFLOW,OECD.SDD.NAD:DSD_NAMAIN1@DF_QNA(1.1),Quarterly National Accounts (for 'Developer API'),I,Q,Quarterly,Y,Calendar and seasonally adjusted,IDN,Indonesia,S1M,Households and non-profit institutions serving households (NPISH),S1,Total economy,P3,Final consumption expenditure,_Z,Not applicable,_Z,Not applicable,_T,Total,IX,Index,D,Deflator,N,Non transformed data,T0102,Table 0102 - GDP identity from the expenditure side,2025-Q1,,177.447044496,,2010,,,,F,Free (free for publication),1,One,A,Normal value,0,Units,_Z,Not applicable
DATAFLOW,OECD.SDD.NAD:DSD_NAMAIN1@DF_QNA(1.1),Quarterly National Accounts (for 'Developer API'),I,Q,Quarterly,Y,Calendar and seasonally adjusted,IDN,Indonesia,S1M,Households and non-profit institutions serving households (NPISH),S1,Total economy,P3,Final consumption expenditure,_Z,Not applicable,_Z,Not applicable,_T,Total,IX,Index,D,Deflator,N,Non transformed data,T0102,Table 0102 - GDP identity from the expenditure side,2025-Q2,,178.766618618,,2010,,,,F,Free (free for publication),1,One,A,Normal value,0,Units,_Z,Not applicable
DATAFLOW,OECD.SDD.NAD:DSD_NAMAIN1@DF_QNA(1.1),Quarterly National Accounts (for 'Developer API'),I,Q,Quarterly,Y,Calendar and seasonally adjusted,IDN,Indonesia,S1M,Households and non-profit institutions serving households (NPISH),S1,Total economy,P3,Final consumption expenditure,_Z,Not applicable,_Z,Not applicable,_T,Total,IX,Index,D,Deflator,N,Non transformed data,T0102,Table 0102 - GDP identity from the expenditure side,2025-Q3,,180.219609874,,2010,,,,F,Free (free for publication),1,One,A,Normal value,0,Units,_Z,Not applicable
DATAFLOW,OECD.SDD.NAD:DSD_NAMAIN1@DF_QNA(1.1),Quarterly National Accounts (for 'Developer API'),I,Q,Quarterly,Y,Calendar and seasonally adjusted,IDN,Indonesia,S1M,Households and non-profit institutions serving households (NPISH),S1,Total economy,P3,Final consumption expenditure,_Z,Not applicable,_Z,Not applicable,_T,Total,IX,Index,D,Deflator,N,Non transformed data,T0102,Table 0102 - GDP identity from the expenditure side,2025-Q4,,181.636293205,,2010,,,,F,Free (free for publication),1,One,A,Normal value,0,Units,_Z,Not applicable
DATAFLOW,OECD.SDD.NAD:DSD_NAMAIN1@DF_QNA(1.1),Quarterly National Accounts (for 'Developer API'),I,Q,Quarterly,Y,Calendar and seasonally adjusted,IDN,Indonesia,S1M,Households and non-profit institutions serving households (NPISH),S1,Total economy,P3,Final consumption expenditure,_Z,Not applicable,_Z,Not applicable,_T,Total,IX,Index,D,Deflator,N,Non transformed data,T0102,Table 0102 - GDP identity from the expenditure side,2026-Q1,,183.121604933,,2010,,,,F,Free (free for publication),1,One,A,Normal value,0,Units,_Z,Not applicable
DATAFLOW,OECD.SDD.NAD:DSD_NAMAIN1@DF_QNA(1.1),Quarterly National Accounts (for 'Developer API'),I,Q,Quarterly,Y,Calendar and seasonally adjusted,IDN,Indonesia,S1M,Households and non-profit institutions serving households (NPISH),S1,Total economy,P3,Final consumption expenditure,_Z,Not applicable,_Z,Not applicable,_T,Total,IX,Index,D,Deflator,N,Non transformed data,T0102,Table 0102 - GDP identity from the expenditure side,2026-Q2,,184.361282427,,2010,,,,F,Free (free for publication),1,One,A,Normal value,0,Units,_Z,Not applicable
DATAFLOW,OECD.SDD.NAD:DSD_NAMAIN1@DF_QNA(1.1),Quarterly National Accounts (for 'Developer API'),I,Q,Quarterly,Y,Calendar and seasonally adjusted,IDN,Indonesia,S1M,Households and non-profit institutions serving households (NPISH),S1,Total economy,P3,Final consumption expenditure,_Z,Not applicable,_Z,Not applicable,_T,Total,XDC,National currency,LR,Chain linked volume (rebased),LA,Annual levels,T0102,Table 0102 - GDP identity from the expenditure side,2022-Q3,,9791544472.3,,2020,,,,F,Free (free for publication),1,One,A,Normal value,6,Millions,IDR,Rupiah
DATAFLOW,OECD.SDD.NAD:DSD_NAMAIN1@DF_QNA(1.1),Quarterly National Accounts (for 'Developer API'),I,Q,Quarterly,Y,Calendar and seasonally adjusted,IDN,Indonesia,S1M,Households and non-profit institutions serving households (NPISH),S1,Total economy,P3,Final consumption expenditure,_Z,Not applicable,_Z,Not applicable,_T,Total,XDC,National currency,LR,Chain linked volume (rebased),LA,Annual levels,T0102,Table 0102 - GDP identity from the expenditure side,2022-Q4,,9925512478.2,,2020,,,,F,Free (free for publication),1,One,A,Normal value,6,Millions,IDR,Rupiah
DATAFLOW,OECD.SDD.NAD:DSD_NAMAIN1@DF_QNA(1.1),Quarterly National Accounts (for 'Developer API'),I,Q,Quarterly,Y,Calendar and seasonally adjusted,IDN,Indonesia,S1M,Households and non-profit institutions serving households (NPISH),S1,Total economy,P3,Final consumption expenditure,_Z,Not applicable,_Z,Not applicable,_T,Total,XDC,National currency,LR,Chain linked volume (rebased),LA,Annual levels,T0102,Table 0102 - GDP identity from the expenditure side,2023-Q1,,10027184814,,2020,,,,F,Free (free for publication),1,One,A,Normal value,6,Millions,IDR,Rupiah
DATAFLOW,OECD.SDD.NAD:DSD_NAMAIN1@DF_QNA(1.1),Quarterly National Accounts (for 'Developer API'),I,Q,Quarterly,Y,Calendar and seasonally adjusted,IDN,Indonesia,S1M,Households and non-profit institutions serving households (NPISH),S1,Total economy,P3,Final consumption expenditure,_Z,Not applicable,_Z,Not applicable,_T,Total,XDC,National currency,LR,Chain linked volume (rebased),LA,Annual levels,T0102,Table 0102 - GDP identity from the expenditure side,2023-Q2,,10168106413.7,,2020,,,,F,Free (free for publication),1,One,A,Normal value,6,Millions,IDR,Rupiah
DATAFLOW,OECD.SDD.NAD:DSD_NAMAIN1@DF_QNA(1.1),Quarterly National Accounts (for 'Developer API'),I,Q,Quarterly,Y,Calendar and seasonally adjusted,IDN,Indonesia,S1M,Households and non-profit institutions serving households (NPISH),S1,Total economy,P3,Final consumption expenditure,_Z,Not applicable,_Z,Not applicable,_T,Total,XDC,National currency,LR,Chain linked volume (rebased),LA,Annual levels,T0102,Table 0102 - GDP identity from the expenditure side,2023-Q3,,10292217012.2,,2020,,,,F,Free (free for publication),1,One,A,Normal value,6,Millions,IDR,Rupiah
DATAFLOW,OECD.SDD.NAD:DSD_NAMAIN1@DF_QNA(1.1),Quarterly National Accounts (for 'Developer API'),I,Q,Quarterly,Y,Calendar and seasonally adjusted,IDN,Indonesia,S1M,Households and non-profit institutions serving households (NPISH),S1,Total economy,P3,Final consumption expenditure,_Z,Not applicable,_Z,Not applicable,_T,Total,XDC,National currency,LR,Chain linked volume (rebased),LA,Annual levels,T0102,Table 0102 - GDP identity from the expenditure side,2023-Q4,,10415042383.3,,2020,,,,F,Free (free for publication),1,One,A,Normal value,6,Millions,IDR,Rupiah
DATAFLOW,OECD.SDD.NAD:DSD_NAMAIN1@DF_QNA(1.1),Quarterly National Accounts (for 'Developer API'),I,Q,Quarterly,Y,Calendar and seasonally adjusted,IDN,Indonesia,S1M,Households and non-profit institutions serving households (NPISH),S1,Total economy,P3,Final consumption expenditure,_Z,Not applicable,_Z,Not applicable,_T,Total,XDC,National currency,LR,Chain linked volume (rebased),LA,Annual levels,T0102,Table 0102 - GDP identity from the expenditure side,2024-Q1,,10559777490.2,,2020,,,,F,Free (free for publication),1,One,A,Normal value,6,Millions,IDR,Rupiah
DATAFLOW,OECD.SDD.NAD:DSD_NAMAIN1@DF_QNA(1.1),Quarterly National Accounts (for 'Developer API'),I,Q,Quarterly,Y,Calendar and seasonally adjusted,IDN,Indonesia,S1M,Households and non-profit institutions serving households (NPISH),S1,Total economy,P3,Final consumption expenditure,_Z,Not applicable,_Z,Not applicable,_T,Total,XDC,National currency,LR,Chain linked volume (rebased),LA,Annual levels,T0102,Table 0102 - GDP identity from the expenditure side,2024-Q2,,10675743432.6,,2020,,,,F,Free (free for publication),1,One,A,Normal value,6,Millions,IDR,Rupiah
DATAFLOW,OECD.SDD.NAD:DSD_NAMAIN1@DF_QNA(1.1),Quarterly National Accounts (for 'Developer API'),I,Q,Quarterly,Y,Calendar and seasonally adjusted,IDN,Indonesia,S1M,Households and non-profit institutions serving households (NPISH),S1,Total economy,P3,Final consumption expenditure,_Z,Not applicable,_Z,Not applicable,_T,Total,XDC,National currency,LR,Chain linked volume (rebased),LA,Annual levels,T0102,Table 0102 - GDP identity from the expenditure side,2024-Q3,,10812579235.2,,2020,,,,F,Free (free for publication),1,One,A,Normal value,6,Millions,IDR,Rupiah
DATAFLOW,OECD.SDD.NAD:DSD_NAMAIN1@DF_QNA(1.1),Quarterly National Accounts (for 'Developer API'),I,Q,Quarterly,Y,Calendar and seasonally adjusted,IDN,Indonesia,S1M,Households and non-profit institutions serving households (NPISH),S1,Total economy,P3,Final consumption expenditure,_Z,Not applicable,_Z,Not applicable,_T,Total,XDC,National currency,LR,Chain linked volume (rebased),LA,Annual levels,T0102,Table 0102 - GDP identity from the expenditure side,2024-Q4,,10944922492,,2020,,,,F,Free (free for publication),1,One,A,Normal value,6,Millions,IDR,Rupiah
DATAFLOW,OECD.SDD.NAD:DSD_NAMAIN1@DF_QNA(1.1),Quarterly National Accounts (for 'Developer API'),I,Q,Quarterly,Y,Calendar and seasonally adjusted,IDN,Indonesia,S1M,Households and non-profit institutions serving households (NPISH),S1,Total economy,P3,Final consumption expenditure,_Z,Not applicable,_Z,Not applicable,_T,Total,XDC,National currency,LR,Chain linked volume (rebased),LA,Annual levels,T0102,Table 0102 - GDP identity from the expenditure side,2025-Q1,,11068779000.4,,2020,,,,F,Free (free for publication),1,One,A,Normal value,6,Millions,IDR,Rupiah
DATAFLOW,OECD.SDD.NAD:DSD_NAMAIN1@DF_QNA(1.1),Quarterly National Accounts (for 'Developer API'),I,Q,Quarterly,Y,Calendar and seasonally adjusted,IDN,Indonesia,S1M,Households and non-profit institutions serving households (NPISH),S1,Total economy,P3,Final consumption expenditure,_Z,Not applicable,_Z,Not applicable,_T,Total,XDC,National currency,LR,Chain linked volume (rebased),LA,Annual levels,T0102,Table 0102 - GDP identity from the expenditure side,2025-Q2,,11217459595.3,,2020,,,,F,Free (free for publication),1,One,A,Normal value,6,Millions,IDR,Rupiah
DATAFLOW,OECD.SDD.NAD:DSD_NAMAIN1@DF_QNA(1.1),Quarterly National Accounts (for 'Developer API'),I,Q,Quarterly,Y,Calendar and seasonally adjusted,IDN,Indonesia,S1M,Households and non-profit institutions serving households (NPISH),S1,Total economy,P3,Final consumption expenditure,_Z,Not applicable,_Z,Not applicable,_T,Total,XDC,National currency,LR,Chain linked volume (rebased),LA,Annual levels,T0102,Table 0102 - GDP identity from the expenditure side,2025-Q3,,11351821324.8,,2020,,,,F,Free (free for publication),1,One,A,Normal value,6,Millions,IDR,Rupiah
DATAFLOW,OECD.SDD.NAD:DSD_NAMAIN1@DF_QNA(1.1),Quarterly National Accounts (for 'Developer API'),I,Q,Quarterly,Y,Calendar and seasonally adjusted,IDN,Indonesia,S1M,Households and non-profit institutions serving households (NPISH),S1,Total economy,P3,Final consumption expenditure,_Z,Not applicable,_Z,Not applicable,_T,Total,XDC,National currency,LR,Chain linked volume (rebased),LA,Annual levels,T0102,Table 0102 - GDP identity from the expenditure side,2025-Q4,,11497151464.2,,2020,,,,F,Free (free for publication),1,One,A,Normal value,6,Millions,IDR,Rupiah
DATAFLOW,OECD.SDD.NAD:DSD_NAMAIN1@DF_QNA(1.1),Quarterly National Accounts (for 'Developer API'),I,Q,Quarterly,Y,Calendar and seasonally adjusted,IDN,Indonesia,S1M,Households and non-profit institutions serving households (NPISH),S1,Total economy,P3,Final consumption expenditure,_Z,Not applicable,_Z,Not applicable,_T,Total,XDC,National currency,LR,Chain linked volume (rebased),LA,Annual levels,T0102,Table 0102 - GDP identity from the expenditure side,2026-Q1,,11649005496.5,,2020,,,,F,Free (free for publication),1,One,A,Normal value,6,Millions,IDR,Rupiah
DATAFLOW,OECD.SDD.NAD:DSD_NAMAIN1@DF_QNA(1.1),Quarterly National Accounts (for 'Developer API'),I,Q,Quarterly,Y,Calendar and seasonally adjusted,IDN,Indonesia,S1M,Households and non-profit institutions serving households (NPISH),S1,Total economy,P3,Final consumption expenditure,_Z,Not applicable,_Z,Not applicable,_T,Total,XDC,National currency,LR,Chain linked volume (rebased),LA,Annual levels,T0102,Table 0102 - GDP identity from the expenditure side,2026-Q2,,11791785606.4,,2020,,,,F,Free (free for publication),1,One,A,Normal value,6,Millions,IDR,Rupiah
DATAFLOW,OECD.SDD.NAD:DSD_NAMAIN1@DF_QNA(1.1),Quarterly National Accounts (for 'Developer API'),I,Q,Quarterly,N,Neither seasonally adjusted nor calendar adjusted,IDN,Indonesia,S1M,Households and non-profit institutions serving households (NPISH),S1,Total economy,P3,Final consumption expenditure,_Z,Not applicable,_Z,Not applicable,_T,Total,XDC,National currency,Q,Constant prices,N,Non transformed data,T0102,Table 0102 - GDP identity from the expenditure side,2022-Q4,,1614308112.5,,2010,,,,F,Free (free for publication),1,One,A,Normal value,6,Millions,IDR,Rupiah
DATAFLOW,OECD.SDD.NAD:DSD_NAMAIN1@DF_QNA(1.1),Quarterly National Accounts (for 'Developer API'),I,Q,Quarterly,N,Neither seasonally adjusted nor calendar adjusted,IDN,Indonesia,S1M,Households and non-profit institutions serving households (NPISH),S1,Total economy,P3,Final consumption expenditure,_Z,Not applicable,_Z,Not applicable,_T,Total,XDC,National currency,Q,Constant prices,N,Non transformed data,T0102,Table 0102 - GDP identity from the expenditure side,2023-Q1,,1617659374.9,,2010,,,,F,Free (free for publication),1,One,A,Normal value,6,Millions,IDR,Rupiah
DATAFLOW,OECD.SDD.NAD:DSD_NAMAIN1@DF_QNA(1.1),Quarterly National Accounts (for 'Developer API'),I,Q,Quarterly,N,Neither seasonally adjusted nor calendar adjusted,IDN,Indonesia,S1M,Households and non-profit institutions serving households (NPISH),S1,Total economy,P3,Final consumption expenditure,_Z,Not applicable,_Z,Not applicable,_T,Total,XDC,National currency,Q,Constant prices,N,Non transformed data,T0102,Table 0102 - GDP identity from the expenditure side,2023-Q2,,1669712437.6,,2010,,,,F,Free (free for publication),1,One,A,Normal value,6,Millions,IDR,Rupiah
DATAFLOW,OECD.SDD.NAD:DSD_NAMAIN1@DF_QNA(1.1),Quarterly National Accounts (for 'Developer API'),I,Q,Quarterly,N,Neither seasonally adjusted nor calendar adjusted,IDN,Indonesia,S1M,Households and non-profit institutions serving households (NPISH),S1,Total economy,P3,Final consumption expenditure,_Z,Not applicable,_Z,Not applicable,_T,Total,XDC,National currency,Q,Constant prices,N,Non transformed data,T0102,Table 0102 - GDP identity from the expenditure side,2023-Q3,,1661643025.5,,2010,,,,F,Free (free for publication),1,One,A,Normal value,6,Millions,IDR,Rupiah
DATAFLOW,OECD.SDD.NAD:DSD_NAMAIN1@DF_QNA(1.1),Quarterly National Accounts (for 'Developer API'),I,Q,Quarterly,N,Neither seasonally adjusted nor calendar adjusted,IDN,Indonesia,S1M,Households and non-profit institutions serving households (NPISH),S1,Total economy,P3,Final consumption expenditure,_Z,Not applicable,_Z,Not applicable,_T,Total,XDC,National currency,Q,Constant prices,N,Non transformed data,T0102,Table 0102 - GDP identity from the expenditure side,2023-Q4,,1691627495.6,,2010,,,,F,Free (free for publication),1,One,A,Normal value,6,Millions,IDR,Rupiah
DATAFLOW,OECD.SDD.NAD:DSD_NAMAIN1@DF_QNA(1.1),Quarterly National Accounts (for 'Developer API'),I,Q,Quarterly,N,Neither seasonally adjusted nor calendar adjusted,IDN,Indonesia,S1M,Households and non-profit institutions serving households (NPISH),S1,Total economy,P3,Final consumption expenditure,_Z,Not applicable,_Z,Not applicable,_T,Total,XDC,National currency,Q,Constant prices,N,Non transformed data,T0102,Table 0102 - GDP identity from the expenditure side,2024-Q1,,1703944458.7,,2010,,,,F,Free (free for publication),1,One,A,Normal value,6,Millions,IDR,Rupiah
DATAFLOW,OECD.SDD.NAD:DSD_NAMAIN1@DF_QNA(1.1),Quarterly National Accounts (for 'Developer API'),I,Q,Quarterly,N,Neither seasonally adjusted nor calendar adjusted,IDN,Indonesia,S1M,Households and non-profit institutions serving households (NPISH),S1,Total economy,P3,Final consumption expenditure,_Z,Not applicable,_Z,Not applicable,_T,Total,XDC,National currency,Q,Constant prices,N,Non transformed data,T0102,Table 0102 - GDP identity from the expenditure side,2024-Q2,,1754004021.6,,2010,,,,F,Free (free for publication),1,One,A,Normal value,6,Millions,IDR,Rupiah
DATAFLOW,OECD.SDD.NAD:DSD_NAMAIN1@DF_QNA(1.1),Quarterly National Accounts (for 'Developer API'),I,Q,Quarterly,N,Neither seasonally adjusted nor calendar adjusted,IDN,Indonesia,S1M,Households and non-profit institutions serving households (NPISH),S1,Total economy,P3,Final consumption expenditure,_Z,Not applicable,_Z,Not applicable,_T,Total,XDC,National currency,Q,Constant prices,N,Non transformed data,T0102,Table 0102 - GDP identity from the expenditure side,2024-Q3,,1745773396.1,,2010,,,,F,Free (free for publication),1,One,A,Normal value,6,Millions,IDR,Rupiah
DATAFLOW,OECD.SDD.NAD:DSD_NAMAIN1@DF_QNA(1.1),Quarterly National Accounts (for 'Developer API'),I,Q,Quarterly,N,Neither seasonally adjusted nor calendar adjusted,IDN,Indonesia,S1M,Households and non-profit institutions serving households (NPISH),S1,Total economy,P3,Final consumption expenditure,_Z,Not applicable,_Z,Not applicable,_T,Total,XDC,National currency,Q,Constant prices,N,Non transformed data,T0102,Table 0102 - GDP identity from the expenditure side,2024-Q4,,1776314378.2,,2010,,,,F,Free (free for publication),1,One,A,Normal value,6,Millions,IDR,Rupiah
DATAFLOW,OECD.SDD.NAD:DSD_NAMAIN1@DF_QNA(1.1),Quarterly National Accounts (for 'Developer API'),I,Q,Quarterly,N,Neither seasonally adjusted nor calendar adjusted,IDN,Indonesia,S1M,Households and non-profit institutions serving households (NPISH),S1,Total economy,P3,Final consumption expenditure,_Z,Not applicable,_Z,Not applicable,_T,Total,XDC,National currency,Q,Constant prices,N,Non transformed data,T0102,Table 0102 - GDP identity from the expenditure side,2025-Q1,,1787428858.6,,2010,,,,F,Free (free for publication),1,One,A,Normal value,6,Millions,IDR,Rupiah
DATAFLOW,OECD.SDD.NAD:DSD_NAMAIN1@DF_QNA(1.1),Quarterly National Accounts (for 'Developer API'),I,Q,Quarterly,N,Neither seasonally adjusted nor calendar adjusted,IDN,Indonesia,S1M,Households and non-profit institutions serving households (NPISH),S1,Total economy,P3,Final consumption expenditure,_Z,Not applicable,_Z,Not applicable,_T,Total,XDC,National currency,Q,Constant prices,N,Non transformed data,T0102,Table 0102 - GDP identity from the expenditure side,2025-Q2,,1842360932.1,,2010,,,,F,Free (free for publication),1,One,A,Normal value,6,Millions,IDR,Rupiah
DATAFLOW,OECD.SDD.NAD:DSD_NAMAIN1@DF_QNA(1.1),Quarterly National Accounts (for 'Developer API'),I,Q,Quarterly,N,Neither seasonally adjusted nor calendar adjusted,IDN,Indonesia,S1M,Households and non-profit institutions serving households (NPISH),S1,Total economy,P3,Final consumption expenditure,_Z,Not applicable,_Z,Not applicable,_T,Total,XDC,National currency,Q,Constant prices,N,Non transformed data,T0102,Table 0102 - GDP identity from the expenditure side,2025-Q3,,1830666262.4,,2010,,,,F,Free (free for publication),1,One,A,Normal value,6,Millions,IDR,Rupiah
DATAFLOW,OECD.SDD.NAD:DSD_NAMAIN1@DF_QNA(1.1),Quarterly National Accounts (for 'Developer API'),I,Q,Quarterly,N,Neither seasonally adjusted nor calendar adjusted,IDN,Indonesia,S1M,Households and non-profit institutions serving households (NPISH),S1,Total economy,P3,Final consumption expenditure,_Z,Not applicable,_Z,Not applicable,_T,Total,XDC,National currency,Q,Constant prices,N,Non transformed data,T0102,Table 0102 - GDP identity from the expenditure side,2025-Q4,,1867370473.4,,2010,,,,F,Free (free for publication),1,One,A,Normal value,6,Millions,IDR,Rupiah
DATAFLOW,OECD.SDD.NAD:DSD_NAMAIN1@DF_QNA(1.1),Quarterly National Accounts (for 'Developer API'),I,Q,Quarterly,Y,Calendar and seasonally adjusted,IDN,Indonesia,S1M,Households and non-profit institutions serving households (NPISH),S1,Total economy,P3,Final consumption expenditure,_Z,Not applicable,_Z,Not applicable,_T,Total,XDC,National currency,Q,Constant prices,N,Non transformed data,T0102,Table 0102 - GDP identity from the expenditure side,2022-Q3,,1589684353.3,,2010,,,,F,Free (free for publication),1,One,A,Normal value,6,Millions,IDR,Rupiah
DATAFLOW,OECD.SDD.NAD:DSD_NAMAIN1@DF_QNA(1.1),Quarterly National Accounts (for 'Developer API'),I,Q,Quarterly,Y,Calendar and seasonally adjusted,IDN,Indonesia,S1M,Households and non-profit institutions serving households (NPISH),S1,Total economy,P3,Final consumption expenditure,_Z,Not applicable,_Z,Not applicable,_T,Total,XDC,National currency,Q,Constant prices,N,Non transformed data,T0102,Table 0102 - GDP identity from the expenditure side,2022-Q4,,1611434429.9,,2010,,,,F,Free (free for publication),1,One,A,Normal value,6,Millions,IDR,Rupiah
DATAFLOW,OECD.SDD.NAD:DSD_NAMAIN1@DF_QNA(1.1),Quarterly National Accounts (for 'Developer API'),I,Q,Quarterly,Y,Calendar and seasonally adjusted,IDN,Indonesia,S1M,Households and non-profit institutions serving households (NPISH),S1,Total economy,P3,Final consumption expenditure,_Z,Not applicable,_Z,Not applicable,_T,Total,XDC,National currency,Q,Constant prices,N,Non transformed data,T0102,Table 0102 - GDP identity from the expenditure side,2023-Q1,,1627941215.1,,2010,,,,F,Free (free for publication),1,One,A,Normal value,6,Millions,IDR,Rupiah
DATAFLOW,OECD.SDD.NAD:DSD_NAMAIN1@DF_QNA(1.1),Quarterly National Accounts (for 'Developer API'),I,Q,Quarterly,Y,Calendar and seasonally adjusted,IDN,Indonesia,S1M,Households and non-profit institutions serving households (NPISH),S1,Total economy,P3,Final consumption expenditure,_Z,Not applicable,_Z,Not applicable,_T,Total,XDC,National currency,Q,Constant prices,N,Non transformed data,T0102,Table 0102 - GDP identity from the expenditure side,2023-Q2,,1650820227,,2010,,,,F,Free (free for publication),1,One,A,Normal value,6,Millions,IDR,Rupiah
DATAFLOW,OECD.SDD.NAD:DSD_NAMAIN1@DF_QNA(1.1),Quarterly National Accounts (for 'Developer API'),I,Q,Quarterly,Y,Calendar and seasonally adjusted,IDN,Indonesia,S1M,Households and non-profit institutions serving households (NPISH),S1,Total economy,P3,Final consumption expenditure,_Z,Not applicable,_Z,Not applicable,_T,Total,XDC,National currency,Q,Constant prices,N,Non transformed data,T0102,Table 0102 - GDP identity from the expenditure side,2023-Q3,,1670969926.2,,2010,,,,F,Free (free for publication),1,One,A,Normal value,6,Millions,IDR,Rupiah
DATAFLOW,OECD.SDD.NAD:DSD_NAMAIN1@DF_QNA(1.1),Quarterly National Accounts (for 'Developer API'),I,Q,Quarterly,Y,Calendar and seasonally adjusted,IDN,Indonesia,S1M,Households and non-profit institutions serving households (NPISH),S1,Total economy,P3,Final consumption expenditure,_Z,Not applicable,_Z,Not applicable,_T,Total,XDC,National currency,Q,Constant prices,N,Non transformed data,T0102,Table 0102 - GDP identity from the expenditure side,2023-Q4,,1690910965.3,,2010,,,,F,Free (free for publication),1,One,A,Normal value,6,Millions,IDR,Rupiah
DATAFLOW,OECD.SDD.NAD:DSD_NAMAIN1@DF_QNA(1.1),Quarterly National Accounts (for 'Developer API'),I,Q,Quarterly,Y,Calendar and seasonally adjusted,IDN,Indonesia,S1M,Households and non-profit institutions serving households (NPISH),S1,Total economy,P3,Final consumption expenditure,_Z,Not applicable,_Z,Not applicable,_T,Total,XDC,National currency,Q,Constant prices,N,Non transformed data,T0102,Table 0102 - GDP identity from the expenditure side,2024-Q1,,1714409110.6,,2010,,,,F,Free (free for publication),1,One,A,Normal value,6,Millions,IDR,Rupiah
DATAFLOW,OECD.SDD.NAD:DSD_NAMAIN1@DF_QNA(1.1),Quarterly National Accounts (for 'Developer API'),I,Q,Quarterly,Y,Calendar and seasonally adjusted,IDN,Indonesia,S1M,Households and non-profit institutions serving households (NPISH),S1,Total economy,P3,Final consumption expenditure,_Z,Not applicable,_Z,Not applicable,_T,Total,XDC,National currency,Q,Constant prices,N,Non transformed data,T0102,Table 0102 - GDP identity from the expenditure side,2024-Q2,,1733236502.4,,2010,,,,F,Free (free for publication),1,One,A,Normal value,6,Millions,IDR,Rupiah
DATAFLOW,OECD.SDD.NAD:DSD_NAMAIN1@DF_QNA(1.1),Quarterly National Accounts (for 'Developer API'),I,Q,Quarterly,Y,Calendar and seasonally adjusted,IDN,Indonesia,S1M,Households and non-profit institutions serving households (NPISH),S1,Total economy,P3,Final consumption expenditure,_Z,Not applicable,_Z,Not applicable,_T,Total,XDC,National currency,Q,Constant prices,N,Non transformed data,T0102,Table 0102 - GDP identity from the expenditure side,2024-Q3,,1755452173.8,,2010,,,,F,Free (free for publication),1,One,A,Normal value,6,Millions,IDR,Rupiah
DATAFLOW,OECD.SDD.NAD:DSD_NAMAIN1@DF_QNA(1.1),Quarterly National Accounts (for 'Developer API'),I,Q,Quarterly,Y,Calendar and seasonally adjusted,IDN,Indonesia,S1M,Households and non-profit institutions serving households (NPISH),S1,Total economy,P3,Final consumption expenditure,_Z,Not applicable,_Z,Not applicable,_T,Total,XDC,National currency,Q,Constant prices,N,Non transformed data,T0102,Table 0102 - GDP identity from the expenditure side,2024-Q4,,1776938467.9,,2010,,,,F,Free (free for publication),1,One,A,Normal value,6,Millions,IDR,Rupiah
DATAFLOW,OECD.SDD.NAD:DSD_NAMAIN1@DF_QNA(1.1),Quarterly National Accounts (for 'Developer API'),I,Q,Quarterly,Y,Calendar and seasonally adjusted,IDN,Indonesia,S1M,Households and non-profit institutions serving households (NPISH),S1,Total economy,P3,Final consumption expenditure,_Z,Not applicable,_Z,Not applicable,_T,Total,XDC,National currency,Q,Constant prices,N,Non transformed data,T0102,Table 0102 - GDP identity from the expenditure side,2025-Q1,,1797046915,,2010,,,,F,Free (free for publication),1,One,A,Normal value,6,Millions,IDR,Rupiah
DATAFLOW,OECD.SDD.NAD:DSD_NAMAIN1@DF_QNA(1.1),Quarterly National Accounts (for 'Developer API'),I,Q,Quarterly,Y,Calendar and seasonally adjusted,IDN,Indonesia,S1M,Households and non-profit institutions serving households (NPISH),S1,Total economy,P3,Final consumption expenditure,_Z,Not applicable,_Z,Not applicable,_T,Total,XDC,National currency,Q,Constant prices,N,Non transformed data,T0102,Table 0102 - GDP identity from the expenditure side,2025-Q2,,1821185621.2,,2010,,,,F,Free (free for publication),1,One,A,Normal value,6,Millions,IDR,Rupiah
DATAFLOW,OECD.SDD.NAD:DSD_NAMAIN1@DF_QNA(1.1),Quarterly National Accounts (for 'Developer API'),I,Q,Quarterly,Y,Calendar and seasonally adjusted,IDN,Indonesia,S1M,Households and non-profit institutions serving households (NPISH),S1,Total economy,P3,Final consumption expenditure,_Z,Not applicable,_Z,Not applicable,_T,Total,XDC,National currency,Q,Constant prices,N,Non transformed data,T0102,Table 0102 - GDP identity from the expenditure side,2025-Q3,,1842999619.9,,2010,,,,F,Free (free for publication),1,One,A,Normal value,6,Millions,IDR,Rupiah
DATAFLOW,OECD.SDD.NAD:DSD_NAMAIN1@DF_QNA(1.1),Quarterly National Accounts (for 'Developer API'),I,Q,Quarterly,Y,Calendar and seasonally adjusted,IDN,Indonesia,S1M,Households and non-profit institutions serving households (NPISH),S1,Total economy,P3,Final consumption expenditure,_Z,Not applicable,_Z,Not applicable,_T,Total,XDC,National currency,Q,Constant prices,N,Non transformed data,T0102,Table 0102 - GDP identity from the expenditure side,2025-Q4,,1866594370.4,,2010,,,,F,Free (free for publication),1,One,A,Normal value,6,Millions,IDR,Rupiah
DATAFLOW,OECD.SDD.NAD:DSD_NAMAIN1@DF_QNA(1.1),Quarterly National Accounts (for 'Developer API'),I,Q,Quarterly,N,Neither seasonally adjusted nor calendar adjusted,IDN,Indonesia,S1M,Households and non-profit institutions serving households (NPISH),S1,Total economy,P3,Final consumption expenditure,_Z,Not applicable,_Z,Not applicable,_T,Total,XDC,National currency,Q,Constant prices,N,Non transformed data,T0102,Table 0102 - GDP identity from the expenditure side,2026-Q1,,1886426416.4,,2010,,,,F,Free (free for publication),1,One,A,Normal value,6,Millions,IDR,Rupiah
DATAFLOW,OECD.SDD.NAD:DSD_NAMAIN1@DF_QNA(1.1),Quarterly National Accounts (for 'Developer API'),I,Q,Quarterly,Y,Calendar and seasonally adjusted,IDN,Indonesia,S1M,Households and non-profit institutions serving households (NPISH),S1,Total economy,P3,Final consumption expenditure,_Z,Not applicable,_Z,Not applicable,_T,Total,XDC,National currency,Q,Constant prices,N,Non transformed data,T0102,Table 0102 - GDP identity from the expenditure side,2026-Q1,,1891248293,,2010,,,,F,Free (free for publication),1,One,A,Normal value,6,Millions,IDR,Rupiah
DATAFLOW,OECD.SDD.NAD:DSD_NAMAIN1@DF_QNA(1.1),Quarterly National Accounts (for 'Developer API'),I,Q,Quarterly,N,Neither seasonally adjusted nor calendar adjusted,IDN,Indonesia,S1M,Households and non-profit institutions serving households (NPISH),S1,Total economy,P3,Final consumption expenditure,_Z,Not applicable,_Z,Not applicable,_T,Total,XDC,National currency,Q,Constant prices,N,Non transformed data,T0102,Table 0102 - GDP identity from the expenditure side,2026-Q2,,1936357994.1,,2010,,,,F,Free (free for publication),1,One,A,Normal value,6,Millions,IDR,Rupiah
DATAFLOW,OECD.SDD.NAD:DSD_NAMAIN1@DF_QNA(1.1),Quarterly National Accounts (for 'Developer API'),I,Q,Quarterly,Y,Calendar and seasonally adjusted,IDN,Indonesia,S1M,Households and non-profit institutions serving households (NPISH),S1,Total economy,P3,Final consumption expenditure,_Z,Not applicable,_Z,Not applicable,_T,Total,XDC,National currency,Q,Constant prices,N,Non transformed data,T0102,Table 0102 - GDP identity from the expenditure side,2026-Q2,,1914429039.1,,2010,,,,F,Free (free for publication),1,One,A,Normal value,6,Millions,IDR,Rupiah
DATAFLOW,OECD.SDD.NAD:DSD_NAMAIN1@DF_QNA(1.1),Quarterly National Accounts (for 'Developer API'),I,Q,Quarterly,Y,Calendar and seasonally adjusted,IDN,Indonesia,S1M,Households and non-profit institutions serving households (NPISH),S1,Total economy,P3,Final consumption expenditure,_Z,Not applicable,_Z,Not applicable,_T,Total,USD_PPP,"US dollars, PPP converted",V,Current prices,LA,Annual levels,T0102,Table 0102 - GDP identity from the expenditure side,2021-Q1,,1945942.9,,,,,,F,Free (free for publication),1,One,A,Normal value,6,Millions,USD,US dollar
DATAFLOW,OECD.SDD.NAD:DSD_NAMAIN1@DF_QNA(1.1),Quarterly National Accounts (for 'Developer API'),I,Q,Quarterly,Y,Calendar and seasonally adjusted,IDN,Indonesia,S1M,Households and non-profit institutions serving households (NPISH),S1,Total economy,P3,Final consumption expenditure,_Z,Not applicable,_Z,Not applicable,_T,Total,PC,Percentage change,L,Chain linked volume,G1,"Growth rate, period on period",T0102,Table 0102 - GDP identity from the expenditure side,2021-Q1,,1.555474379,,,,,,F,Free (free for publication),1,One,A,Normal value,0,Units,_Z,Not applicable
DATAFLOW,OECD.SDD.NAD:DSD_NAMAIN1@DF_QNA(1.1),Quarterly National Accounts (for 'Developer API'),I,Q,Quarterly,N,Neither seasonally adjusted nor calendar adjusted,IDN,Indonesia,S1M,Households and non-profit institutions serving households (NPISH),S1,Total economy,P3,Final consumption expenditure,_Z,Not applicable,_Z,Not applicable,_T,Total,XDC,National currency,V,Current prices,N,Non transformed data,T0102,Table 0102 - GDP identity from the expenditure side,2021-Q1,,2308846825.3,,,,,,F,Free (free for publication),1,One,A,Normal value,6,Millions,IDR,Rupiah
DATAFLOW,OECD.SDD.NAD:DSD_NAMAIN1@DF_QNA(1.1),Quarterly National Accounts (for 'Developer API'),I,Q,Quarterly,Y,Calendar and seasonally adjusted,IDN,Indonesia,S1M,Households and non-profit institutions serving households (NPISH),S1,Total economy,P3,Final consumption expenditure,_Z,Not applicable,_Z,Not applicable,_T,Total,IX,Index,LR,Chain linked volume (rebased),N,Non transformed data,T0102,Table 0102 - GDP identity from the expenditure side,2021-Q1,,101.366684352,,2020,,,,F,Free (free for publication),1,One,A,Normal value,0,Units,_Z,Not applicable
DATAFLOW,OECD.SDD.NAD:DSD_NAMAIN1@DF_QNA(1.1),Quarterly National Accounts (for 'Developer API'),I,Q,Quarterly,Y,Calendar and seasonally adjusted,IDN,Indonesia,S1M,Households and non-profit institutions serving households (NPISH),S1,Total economy,P3,Final consumption expenditure,_Z,Not applicable,_Z,Not applicable,_T,Total,IX,Index,DR,Deflator (rebased),N,Non transformed data,T0102,Table 0102 - GDP identity from the expenditure side,2021-Q1,,100.961791693,,2020,,,,F,Free (free for publication),1,One,A,Normal value,0,Units,_Z,Not applicable
DATAFLOW,OECD.SDD.NAD:DSD_NAMAIN1@DF_QNA(1.1),Quarterly National Accounts (for 'Developer API'),I,Q,Quarterly,N,Neither seasonally adjusted nor calendar adjusted,IDN,Indonesia,S1M,Households and non-profit institutions serving households (NPISH),S1,Total economy,P3,Final consumption expenditure,_Z,Not applicable,_Z,Not applicable,_T,Total,XDC,National currency,Q,Constant prices,N,Non transformed data,T0102,Table 0102 - GDP identity from the expenditure side,2021-Q1,,1481892131.8,,2010,,,,F,Free (free for publication),1,One,A,Normal value,6,Millions,IDR,Rupiah
DATAFLOW,OECD.SDD.NAD:DSD_NAMAIN1@DF_QNA(1.1),Quarterly National Accounts (for 'Developer API'),I,Q,Quarterly,Y,Calendar and seasonally adjusted,IDN,Indonesia,S1M,Households and non-profit institutions serving households (NPISH),S1,Total economy,P3,Final consumption expenditure,_Z,Not applicable,_Z,Not applicable,_T,Total,USD_PPP,"US dollars, PPP converted",V,Current prices,LA,Annual levels,T0102,Table 0102 - GDP identity from the expenditure side,2021-Q2,,1972690.6,,,,,,F,Free (free for publication),1,One,A,Normal value,6,Millions,USD,US dollar
DATAFLOW,OECD.SDD.NAD:DSD_NAMAIN1@DF_QNA(1.1),Quarterly National Accounts (for 'Developer API'),I,Q,Quarterly,Y,Calendar and seasonally adjusted,IDN,Indonesia,S1M,Households and non-profit institutions serving households (NPISH),S1,Total economy,P3,Final consumption expenditure,_Z,Not applicable,_Z,Not applicable,_T,Total,USD_PPP,"US dollars, PPP converted",V,Current prices,LA,Annual levels,T0102,Table 0102 - GDP identity from the expenditure side,2021-Q3,,1945638.2,,,,,,F,Free (free for publication),1,One,A,Normal value,6,Millions,USD,US dollar
DATAFLOW,OECD.SDD.NAD:DSD_NAMAIN1@DF_QNA(1.1),Quarterly National Accounts (for 'Developer API'),I,Q,Quarterly,Y,Calendar and seasonally adjusted,IDN,Indonesia,S1M,Households and non-profit institutions serving households (NPISH),S1,Total economy,P3,Final consumption expenditure,_Z,Not applicable,_Z,Not applicable,_T,Total,USD_PPP,"US dollars, PPP converted",V,Current prices,LA,Annual levels,T0102,Table 0102 - GDP identity from the expenditure side,2021-Q4,,1991573.8,,,,,,F,Free (free for publication),1,One,A,Normal value,6,Millions,USD,US dollar
DATAFLOW,OECD.SDD.NAD:DSD_NAMAIN1@DF_QNA(1.1),Quarterly National Accounts (for 'Developer API'),I,Q,Quarterly,Y,Calendar and seasonally adjusted,IDN,Indonesia,S1M,Households and non-profit institutions serving households (NPISH),S1,Total economy,P3,Final consumption expenditure,_Z,Not applicable,_Z,Not applicable,_T,Total,USD_PPP,"US dollars, PPP converted",V,Current prices,LA,Annual levels,T0102,Table 0102 - GDP identity from the expenditure side,2022-Q1,,2062812.3,,,,,,F,Free (free for publication),1,One,A,Normal value,6,Millions,USD,US dollar
DATAFLOW,OECD.SDD.NAD:DSD_NAMAIN1@DF_QNA(1.1),Quarterly National Accounts (for 'Developer API'),I,Q,Quarterly,Y,Calendar and seasonally adjusted,IDN,Indonesia,S1M,Households and non-profit institutions serving households (NPISH),S1,Total economy,P3,Final consumption expenditure,_Z,Not applicable,_Z,Not applicable,_T,Total,USD_PPP,"US dollars, PPP converted",V,Current prices,LA,Annual levels,T0102,Table 0102 - GDP identity from the expenditure side,2022-Q2,,2081899.1,,,,,,F,Free (free for publication),1,One,A,Normal value,6,Millions,USD,US dollar
DATAFLOW,OECD.SDD.NAD:DSD_NAMAIN1@DF_QNA(1.1),Quarterly National Accounts (for 'Developer API'),I,Q,Quarterly,Y,Calendar and seasonally adjusted,IDN,Indonesia,S1M,Households and non-profit institutions serving households (NPISH),S1,Total economy,P3,Final consumption expenditure,_Z,Not applicable,_Z,Not applicable,_T,Total,USD_PPP,"US dollars, PPP converted",V,Current prices,LA,Annual levels,T0102,Table 0102 - GDP identity from the expenditure side,2022-Q3,,2123906.5,,,,,,F,Free (free for publication),1,One,A,Normal value,6,Millions,USD,US dollar
DATAFLOW,OECD.SDD.NAD:DSD_NAMAIN1@DF_QNA(1.1),Quarterly National Accounts (for 'Developer API'),I,Q,Quarterly,Y,Calendar and seasonally adjusted,IDN,Indonesia,S1M,Households and non-profit institutions serving households (NPISH),S1,Total economy,P3,Final consumption expenditure,_Z,Not applicable,_Z,Not applicable,_T,Total,PC,Percentage change,L,Chain linked volume,GCM,Cumulative growth rate since base period,T0102,Table 0102 - GDP identity from the expenditure side,2021-Q1,,-2.370120084,,,,2019-Q4,,F,Free (free for publication),1,One,A,Normal value,0,Units,_Z,Not applicable
DATAFLOW,OECD.SDD.NAD:DSD_NAMAIN1@DF_QNA(1.1),Quarterly National Accounts (for 'Developer API'),I,Q,Quarterly,Y,Calendar and seasonally adjusted,IDN,Indonesia,S1M,Households and non-profit institutions serving households (NPISH),S1,Total economy,P3,Final consumption expenditure,_Z,Not applicable,_Z,Not applicable,_T,Total,PC,Percentage change,L,Chain linked volume,GCM,Cumulative growth rate since base period,T0102,Table 0102 - GDP identity from the expenditure side,2021-Q2,,-2.265173639,,,,2019-Q4,,F,Free (free for publication),1,One,A,Normal value,0,Units,_Z,Not applicable
DATAFLOW,OECD.SDD.NAD:DSD_NAMAIN1@DF_QNA(1.1),Quarterly National Accounts (for 'Developer API'),I,Q,Quarterly,Y,Calendar and seasonally adjusted,IDN,Indonesia,S1M,Households and non-profit institutions serving households (NPISH),S1,Total economy,P3,Final consumption expenditure,_Z,Not applicable,_Z,Not applicable,_T,Total,PC,Percentage change,L,Chain linked volume,GCM,Cumulative growth rate since base period,T0102,Table 0102 - GDP identity from the expenditure side,2021-Q3,,-2.372944417,,,,2019-Q4,,F,Free (free for publication),1,One,A,Normal value,0,Units,_Z,Not applicable
DATAFLOW,OECD.SDD.NAD:DSD_NAMAIN1@DF_QNA(1.1),Quarterly National Accounts (for 'Developer API'),I,Q,Quarterly,Y,Calendar and seasonally adjusted,IDN,Indonesia,S1M,Households and non-profit institutions serving households (NPISH),S1,Total economy,P3,Final consumption expenditure,_Z,Not applicable,_Z,Not applicable,_T,Total,PC,Percentage change,L,Chain linked volume,GCM,Cumulative growth rate since base period,T0102,Table 0102 - GDP identity from the expenditure side,2021-Q4,,-0.010643835,,,,2019-Q4,,F,Free (free for publication),1,One,A,Normal value,0,Units,_Z,Not applicable
DATAFLOW,OECD.SDD.NAD:DSD_NAMAIN1@DF_QNA(1.1),Quarterly National Accounts (for 'Developer API'),I,Q,Quarterly,Y,Calendar and seasonally adjusted,IDN,Indonesia,S1M,Households and non-profit institutions serving households (NPISH),S1,Total economy,P3,Final consumption expenditure,_Z,Not applicable,_Z,Not applicable,_T,Total,PC,Percentage change,L,Chain linked volume,GCM,Cumulative growth rate since base period,T0102,Table 0102 - GDP identity from the expenditure side,2022-Q1,,1.362149745,,,,2019-Q4,,F,Free (free for publication),1,One,A,Normal value,0,Units,_Z,Not applicable
DATAFLOW,OECD.SDD.NAD:DSD_NAMAIN1@DF_QNA(1.1),Quarterly National Accounts (for 'Developer API'),I,Q,Quarterly,Y,Calendar and seasonally adjusted,IDN,Indonesia,S1M,Households and non-profit institutions serving households (NPISH),S1,Total economy,P3,Final consumption expenditure,_Z,Not applicable,_Z,Not applicable,_T,Total,PC,Percentage change,L,Chain linked volume,GCM,Cumulative growth rate since base period,T0102,Table 0102 - GDP identity from the expenditure side,2022-Q2,,2.441187922,,,,2019-Q4,,F,Free (free for publication),1,One,A,Normal value,0,Units,_Z,Not applicable
DATAFLOW,OECD.SDD.NAD:DSD_NAMAIN1@DF_QNA(1.1),Quarterly National Accounts (for 'Developer API'),I,Q,Quarterly,Y,Calendar and seasonally adjusted,IDN,Indonesia,S1M,Households and non-profit institutions serving households (NPISH),S1,Total economy,P3,Final consumption expenditure,_Z,Not applicable,_Z,Not applicable,_T,Total,PC,Percentage change,L,Chain linked volume,GY,"Growth rate, over 1 year",T0102,Table 0102 - GDP identity from the expenditure side,2021-Q1,,-2.908089492,,,,,,F,Free (free for publication),1,One,A,Normal value,0,Units,_Z,Not applicable
DATAFLOW,OECD.SDD.NAD:DSD_NAMAIN1@DF_QNA(1.1),Quarterly National Accounts (for 'Developer API'),I,Q,Quarterly,Y,Calendar and seasonally adjusted,IDN,Indonesia,S1M,Households and non-profit institutions serving households (NPISH),S1,Total economy,P3,Final consumption expenditure,_Z,Not applicable,_Z,Not applicable,_T,Total,PC,Percentage change,L,Chain linked volume,GY,"Growth rate, over 1 year",T0102,Table 0102 - GDP identity from the expenditure side,2021-Q2,,5.217778256,,,,,,F,Free (free for publication),1,One,A,Normal value,0,Units,_Z,Not applicable
DATAFLOW,OECD.SDD.NAD:DSD_NAMAIN1@DF_QNA(1.1),Quarterly National Accounts (for 'Developer API'),I,Q,Quarterly,Y,Calendar and seasonally adjusted,IDN,Indonesia,S1M,Households and non-profit institutions serving households (NPISH),S1,Total economy,P3,Final consumption expenditure,_Z,Not applicable,_Z,Not applicable,_T,Total,PC,Percentage change,L,Chain linked volume,GY,"Growth rate, over 1 year",T0102,Table 0102 - GDP identity from the expenditure side,2021-Q3,,2.037562865,,,,,,F,Free (free for publication),1,One,A,Normal value,0,Units,_Z,Not applicable
DATAFLOW,OECD.SDD.NAD:DSD_NAMAIN1@DF_QNA(1.1),Quarterly National Accounts (for 'Developer API'),I,Q,Quarterly,Y,Calendar and seasonally adjusted,IDN,Indonesia,S1M,Households and non-profit institutions serving households (NPISH),S1,Total economy,P3,Final consumption expenditure,_Z,Not applicable,_Z,Not applicable,_T,Total,PC,Percentage change,L,Chain linked volume,GY,"Growth rate, over 1 year",T0102,Table 0102 - GDP identity from the expenditure side,2021-Q4,,4.009822679,,,,,,F,Free (free for publication),1,One,A,Normal value,0,Units,_Z,Not applicable
DATAFLOW,OECD.SDD.NAD:DSD_NAMAIN1@DF_QNA(1.1),Quarterly National Accounts (for 'Developer API'),I,Q,Quarterly,Y,Calendar and seasonally adjusted,IDN,Indonesia,S1M,Households and non-profit institutions serving households (NPISH),S1,Total economy,P3,Final consumption expenditure,_Z,Not applicable,_Z,Not applicable,_T,Total,PC,Percentage change,L,Chain linked volume,GY,"Growth rate, over 1 year",T0102,Table 0102 - GDP identity from the expenditure side,2022-Q1,,3.822876595,,,,,,F,Free (free for publication),1,One,A,Normal value,0,Units,_Z,Not applicable
DATAFLOW,OECD.SDD.NAD:DSD_NAMAIN1@DF_QNA(1.1),Quarterly National Accounts (for 'Developer API'),I,Q,Quarterly,Y,Calendar and seasonally adjusted,IDN,Indonesia,S1M,Households and non-profit institutions serving households (NPISH),S1,Total economy,P3,Final consumption expenditure,_Z,Not applicable,_Z,Not applicable,_T,Total,PC,Percentage change,L,Chain linked volume,GY,"Growth rate, over 1 year",T0102,Table 0102 - GDP identity from the expenditure side,2022-Q2,,4.81543963,,,,,,F,Free (free for publication),1,One,A,Normal value,0,Units,_Z,Not applicable
DATAFLOW,OECD.SDD.NAD:DSD_NAMAIN1@DF_QNA(1.1),Quarterly National Accounts (for 'Developer API'),I,Q,Quarterly,Y,Calendar and seasonally adjusted,IDN,Indonesia,S1M,Households and non-profit institutions serving households (NPISH),S1,Total economy,P3,Final consumption expenditure,_Z,Not applicable,_Z,Not applicable,_T,Total,PC,Percentage change,L,Chain linked volume,G1,"Growth rate, period on period",T0102,Table 0102 - GDP identity from the expenditure side,2021-Q2,,0.107494187,,,,,,F,Free (free for publication),1,One,A,Normal value,0,Units,_Z,Not applicable
DATAFLOW,OECD.SDD.NAD:DSD_NAMAIN1@DF_QNA(1.1),Quarterly National Accounts (for 'Developer API'),I,Q,Quarterly,Y,Calendar and seasonally adjusted,IDN,Indonesia,S1M,Households and non-profit institutions serving households (NPISH),S1,Total economy,P3,Final consumption expenditure,_Z,Not applicable,_Z,Not applicable,_T,Total,PC,Percentage change,L,Chain linked volume,G1,"Growth rate, period on period",T0102,Table 0102 - GDP identity from the expenditure side,2021-Q3,,-0.110268552,,,,,,F,Free (free for publication),1,One,A,Normal value,0,Units,_Z,Not applicable
DATAFLOW,OECD.SDD.NAD:DSD_NAMAIN1@DF_QNA(1.1),Quarterly National Accounts (for 'Developer API'),I,Q,Quarterly,Y,Calendar and seasonally adjusted,IDN,Indonesia,S1M,Households and non-profit institutions serving households (NPISH),S1,Total economy,P3,Final consumption expenditure,_Z,Not applicable,_Z,Not applicable,_T,Total,PC,Percentage change,L,Chain linked volume,G1,"Growth rate, period on period",T0102,Table 0102 - GDP identity from the expenditure side,2021-Q4,,2.419719173,,,,,,F,Free (free for publication),1,One,A,Normal value,0,Units,_Z,Not applicable
DATAFLOW,OECD.SDD.NAD:DSD_NAMAIN1@DF_QNA(1.1),Quarterly National Accounts (for 'Developer API'),I,Q,Quarterly,Y,Calendar and seasonally adjusted,IDN,Indonesia,S1M,Households and non-profit institutions serving households (NPISH),S1,Total economy,P3,Final consumption expenditure,_Z,Not applicable,_Z,Not applicable,_T,Total,PC,Percentage change,L,Chain linked volume,G1,"Growth rate, period on period",T0102,Table 0102 - GDP identity from the expenditure side,2022-Q1,,1.372939713,,,,,,F,Free (free for publication),1,One,A,Normal value,0,Units,_Z,Not applicable
DATAFLOW,OECD.SDD.NAD:DSD_NAMAIN1@DF_QNA(1.1),Quarterly National Accounts (for 'Developer API'),I,Q,Quarterly,Y,Calendar and seasonally adjusted,IDN,Indonesia,S1M,Households and non-profit institutions serving households (NPISH),S1,Total economy,P3,Final consumption expenditure,_Z,Not applicable,_Z,Not applicable,_T,Total,PC,Percentage change,L,Chain linked volume,G1,"Growth rate, period on period",T0102,Table 0102 - GDP identity from the expenditure side,2022-Q2,,1.064537581,,,,,,F,Free (free for publication),1,One,A,Normal value,0,Units,_Z,Not applicable
DATAFLOW,OECD.SDD.NAD:DSD_NAMAIN1@DF_QNA(1.1),Quarterly National Accounts (for 'Developer API'),I,Q,Quarterly,Y,Calendar and seasonally adjusted,IDN,Indonesia,S1M,Households and non-profit institutions serving households (NPISH),S1,Total economy,P3,Final consumption expenditure,_Z,Not applicable,_Z,Not applicable,_T,Total,XDC,National currency,V,Current prices,N,Non transformed data,T0102,Table 0102 - GDP identity from the expenditure side,2021-Q1,,2328622170.9,,,,,,F,Free (free for publication),1,One,A,Normal value,6,Millions,IDR,Rupiah
DATAFLOW,OECD.SDD.NAD:DSD_NAMAIN1@DF_QNA(1.1),Quarterly National Accounts (for 'Developer API'),I,Q,Quarterly,Y,Calendar and seasonally adjusted,IDN,Indonesia,S1M,Households and non-profit institutions serving households (NPISH),S1,Total economy,P3,Final consumption expenditure,_Z,Not applicable,_Z,Not applicable,_T,Total,XDC,National currency,V,Current prices,N,Non transformed data,T0102,Table 0102 - GDP identity from the expenditure side,2021-Q2,,2360490973.5,,,,,,F,Free (free for publication),1,One,A,Normal value,6,Millions,IDR,Rupiah
DATAFLOW,OECD.SDD.NAD:DSD_NAMAIN1@DF_QNA(1.1),Quarterly National Accounts (for 'Developer API'),I,Q,Quarterly,Y,Calendar and seasonally adjusted,IDN,Indonesia,S1M,Households and non-profit institutions serving households (NPISH),S1,Total economy,P3,Final consumption expenditure,_Z,Not applicable,_Z,Not applicable,_T,Total,XDC,National currency,V,Current prices,N,Non transformed data,T0102,Table 0102 - GDP identity from the expenditure side,2021-Q3,,2337041934.6,,,,,,F,Free (free for publication),1,One,A,Normal value,6,Millions,IDR,Rupiah
DATAFLOW,OECD.SDD.NAD:DSD_NAMAIN1@DF_QNA(1.1),Quarterly National Accounts (for 'Developer API'),I,Q,Quarterly,Y,Calendar and seasonally adjusted,IDN,Indonesia,S1M,Households and non-profit institutions serving households (NPISH),S1,Total economy,P3,Final consumption expenditure,_Z,Not applicable,_Z,Not applicable,_T,Total,XDC,National currency,V,Current prices,N,Non transformed data,T0102,Table 0102 - GDP identity from the expenditure side,2021-Q4,,2417810242.2,,,,,,F,Free (free for publication),1,One,A,Normal value,6,Millions,IDR,Rupiah
DATAFLOW,OECD.SDD.NAD:DSD_NAMAIN1@DF_QNA(1.1),Quarterly National Accounts (for 'Developer API'),I,Q,Quarterly,Y,Calendar and seasonally adjusted,IDN,Indonesia,S1M,Households and non-profit institutions serving households (NPISH),S1,Total economy,P3,Final consumption expenditure,_Z,Not applicable,_Z,Not applicable,_T,Total,XDC,National currency,V,Current prices,N,Non transformed data,T0102,Table 0102 - GDP identity from the expenditure side,2022-Q1,,2490231659.7,,,,,,F,Free (free for publication),1,One,A,Normal value,6,Millions,IDR,Rupiah
DATAFLOW,OECD.SDD.NAD:DSD_NAMAIN1@DF_QNA(1.1),Quarterly National Accounts (for 'Developer API'),I,Q,Quarterly,Y,Calendar and seasonally adjusted,IDN,Indonesia,S1M,Households and non-profit institutions serving households (NPISH),S1,Total economy,P3,Final consumption expenditure,_Z,Not applicable,_Z,Not applicable,_T,Total,XDC,National currency,V,Current prices,N,Non transformed data,T0102,Table 0102 - GDP identity from the expenditure side,2022-Q2,,2572768073.6,,,,,,F,Free (free for publication),1,One,A,Normal value,6,Millions,IDR,Rupiah
DATAFLOW,OECD.SDD.NAD:DSD_NAMAIN1@DF_QNA(1.1),Quarterly National Accounts (for 'Developer API'),I,Q,Quarterly,Y,Calendar and seasonally adjusted,IDN,Indonesia,S1M,Households and non-profit institutions serving households (NPISH),S1,Total economy,P3,Final consumption expenditure,_Z,Not applicable,_Z,Not applicable,_T,Total,XDC,National currency,V,Current prices,LA,Annual levels,T0102,Table 0102 - GDP identity from the expenditure side,2021-Q1,,9314488683.8,,,,,,F,Free (free for publication),1,One,A,Normal value,6,Millions,IDR,Rupiah
DATAFLOW,OECD.SDD.NAD:DSD_NAMAIN1@DF_QNA(1.1),Quarterly National Accounts (for 'Developer API'),I,Q,Quarterly,Y,Calendar and seasonally adjusted,IDN,Indonesia,S1M,Households and non-profit institutions serving households (NPISH),S1,Total economy,P3,Final consumption expenditure,_Z,Not applicable,_Z,Not applicable,_T,Total,XDC,National currency,V,Current prices,LA,Annual levels,T0102,Table 0102 - GDP identity from the expenditure side,2021-Q2,,9441963894,,,,,,F,Free (free for publication),1,One,A,Normal value,6,Millions,IDR,Rupiah
DATAFLOW,OECD.SDD.NAD:DSD_NAMAIN1@DF_QNA(1.1),Quarterly National Accounts (for 'Developer API'),I,Q,Quarterly,Y,Calendar and seasonally adjusted,IDN,Indonesia,S1M,Households and non-profit institutions serving households (NPISH),S1,Total economy,P3,Final consumption expenditure,_Z,Not applicable,_Z,Not applicable,_T,Total,XDC,National currency,V,Current prices,LA,Annual levels,T0102,Table 0102 - GDP identity from the expenditure side,2021-Q3,,9348167738.4,,,,,,F,Free (free for publication),1,One,A,Normal value,6,Millions,IDR,Rupiah
DATAFLOW,OECD.SDD.NAD:DSD_NAMAIN1@DF_QNA(1.1),Quarterly National Accounts (for 'Developer API'),I,Q,Quarterly,Y,Calendar and seasonally adjusted,IDN,Indonesia,S1M,Households and non-profit institutions serving households (NPISH),S1,Total economy,P3,Final consumption expenditure,_Z,Not applicable,_Z,Not applicable,_T,Total,XDC,National currency,V,Current prices,LA,Annual levels,T0102,Table 0102 - GDP identity from the expenditure side,2021-Q4,,9671240968.7,,,,,,F,Free (free for publication),1,One,A,Normal value,6,Millions,IDR,Rupiah
DATAFLOW,OECD.SDD.NAD:DSD_NAMAIN1@DF_QNA(1.1),Quarterly National Accounts (for 'Developer API'),I,Q,Quarterly,Y,Calendar and seasonally adjusted,IDN,Indonesia,S1M,Households and non-profit institutions serving households (NPISH),S1,Total economy,P3,Final consumption expenditure,_Z,Not applicable,_Z,Not applicable,_T,Total,XDC,National currency,V,Current prices,LA,Annual levels,T0102,Table 0102 - GDP identity from the expenditure side,2022-Q1,,9960926638.8,,,,,,F,Free (free for publication),1,One,A,Normal value,6,Millions,IDR,Rupiah
DATAFLOW,OECD.SDD.NAD:DSD_NAMAIN1@DF_QNA(1.1),Quarterly National Accounts (for 'Developer API'),I,Q,Quarterly,Y,Calendar and seasonally adjusted,IDN,Indonesia,S1M,Households and non-profit institutions serving households (NPISH),S1,Total economy,P3,Final consumption expenditure,_Z,Not applicable,_Z,Not applicable,_T,Total,XDC,National currency,V,Current prices,LA,Annual levels,T0102,Table 0102 - GDP identity from the expenditure side,2022-Q2,,10291072294.4,,,,,,F,Free (free for publication),1,One,A,Normal value,6,Millions,IDR,Rupiah
DATAFLOW,OECD.SDD.NAD:DSD_NAMAIN1@DF_QNA(1.1),Quarterly National Accounts (for 'Developer API'),I,Q,Quarterly,N,Neither seasonally adjusted nor calendar adjusted,IDN,Indonesia,S1M,Households and non-profit institutions serving households (NPISH),S1,Total economy,P3,Final consumption expenditure,_Z,Not applicable,_Z,Not applicable,_T,Total,XDC,National currency,V,Current prices,N,Non transformed data,T0102,Table 0102 - GDP identity from the expenditure side,2021-Q2,,2353123400.4,,,,,,F,Free (free for publication),1,One,A,Normal value,6,Millions,IDR,Rupiah
DATAFLOW,OECD.SDD.NAD:DSD_NAMAIN1@DF_QNA(1.1),Quarterly National Accounts (for 'Developer API'),I,Q,Quarterly,N,Neither seasonally adjusted nor calendar adjusted,IDN,Indonesia,S1M,Households and non-profit institutions serving households (NPISH),S1,Total economy,P3,Final consumption expenditure,_Z,Not applicable,_Z,Not applicable,_T,Total,XDC,National currency,V,Current prices,N,Non transformed data,T0102,Table 0102 - GDP identity from the expenditure side,2021-Q3,,2348907974.4,,,,,,F,Free (free for publication),1,One,A,Normal value,6,Millions,IDR,Rupiah
DATAFLOW,OECD.SDD.NAD:DSD_NAMAIN1@DF_QNA(1.1),Quarterly National Accounts (for 'Developer API'),I,Q,Quarterly,N,Neither seasonally adjusted nor calendar adjusted,IDN,Indonesia,S1M,Households and non-profit institutions serving households (NPISH),S1,Total economy,P3,Final consumption expenditure,_Z,Not applicable,_Z,Not applicable,_T,Total,XDC,National currency,V,Current prices,N,Non transformed data,T0102,Table 0102 - GDP identity from the expenditure side,2021-Q4,,2433087121.2,,,,,,F,Free (free for publication),1,One,A,Normal value,6,Millions,IDR,Rupiah
DATAFLOW,OECD.SDD.NAD:DSD_NAMAIN1@DF_QNA(1.1),Quarterly National Accounts (for 'Developer API'),I,Q,Quarterly,N,Neither seasonally adjusted nor calendar adjusted,IDN,Indonesia,S1M,Households and non-profit institutions serving households (NPISH),S1,Total economy,P3,Final consumption expenditure,_Z,Not applicable,_Z,Not applicable,_T,Total,XDC,National currency,V,Current prices,N,Non transformed data,T0102,Table 0102 - GDP identity from the expenditure side,2022-Q1,,2474888816.6,,,,,,F,Free (free for publication),1,One,A,Normal value,6,Millions,IDR,Rupiah
DATAFLOW,OECD.SDD.NAD:DSD_NAMAIN1@DF_QNA(1.1),Quarterly National Accounts (for 'Developer API'),I,Q,Quarterly,N,Neither seasonally adjusted nor calendar adjusted,IDN,Indonesia,S1M,Households and non-profit institutions serving households (NPISH),S1,Total economy,P3,Final consumption expenditure,_Z,Not applicable,_Z,Not applicable,_T,Total,XDC,National currency,V,Current prices,N,Non transformed data,T0102,Table 0102 - GDP identity from the expenditure side,2022-Q2,,2590218435.8,,,,,,F,Free (free for publication),1,One,A,Normal value,6,Millions,IDR,Rupiah
DATAFLOW,OECD.SDD.NAD:DSD_NAMAIN1@DF_QNA(1.1),Quarterly National Accounts (for 'Developer API'),I,Q,Quarterly,N,Neither seasonally adjusted nor calendar adjusted,IDN,Indonesia,S1M,Households and non-profit institutions serving households (NPISH),S1,Total economy,P3,Final consumption expenditure,_Z,Not applicable,_Z,Not applicable,_T,Total,XDC,National currency,V,Current prices,N,Non transformed data,T0102,Table 0102 - GDP identity from the expenditure side,2022-Q3,,2623668594.2,,,,,,F,Free (free for publication),1,One,A,Normal value,6,Millions,IDR,Rupiah
DATAFLOW,OECD.SDD.NAD:DSD_NAMAIN1@DF_QNA(1.1),Quarterly National Accounts (for 'Developer API'),I,Q,Quarterly,Y,Calendar and seasonally adjusted,IDN,Indonesia,S1M,Households and non-profit institutions serving households (NPISH),S1,Total economy,P3,Final consumption expenditure,_Z,Not applicable,_Z,Not applicable,_T,Total,USD_PPP,"US dollars, PPP converted",LR,Chain linked volume (rebased),LA,Annual levels,T0102,Table 0102 - GDP identity from the expenditure side,2021-Q1,,1925640.4,,2020,,,,F,Free (free for publication),1,One,A,Normal value,6,Millions,USD,US dollar
DATAFLOW,OECD.SDD.NAD:DSD_NAMAIN1@DF_QNA(1.1),Quarterly National Accounts (for 'Developer API'),I,Q,Quarterly,Y,Calendar and seasonally adjusted,IDN,Indonesia,S1M,Households and non-profit institutions serving households (NPISH),S1,Total economy,P3,Final consumption expenditure,_Z,Not applicable,_Z,Not applicable,_T,Total,USD_PPP,"US dollars, PPP converted",LR,Chain linked volume (rebased),LA,Annual levels,T0102,Table 0102 - GDP identity from the expenditure side,2021-Q2,,1927710.3,,2020,,,,F,Free (free for publication),1,One,A,Normal value,6,Millions,USD,US dollar
DATAFLOW,OECD.SDD.NAD:DSD_NAMAIN1@DF_QNA(1.1),Quarterly National Accounts (for 'Developer API'),I,Q,Quarterly,Y,Calendar and seasonally adjusted,IDN,Indonesia,S1M,Households and non-profit institutions serving households (NPISH),S1,Total economy,P3,Final consumption expenditure,_Z,Not applicable,_Z,Not applicable,_T,Total,USD_PPP,"US dollars, PPP converted",LR,Chain linked volume (rebased),LA,Annual levels,T0102,Table 0102 - GDP identity from the expenditure side,2021-Q3,,1925584.7,,2020,,,,F,Free (free for publication),1,One,A,Normal value,6,Millions,USD,US dollar
DATAFLOW,OECD.SDD.NAD:DSD_NAMAIN1@DF_QNA(1.1),Quarterly National Accounts (for 'Developer API'),I,Q,Quarterly,Y,Calendar and seasonally adjusted,IDN,Indonesia,S1M,Households and non-profit institutions serving households (NPISH),S1,Total economy,P3,Final consumption expenditure,_Z,Not applicable,_Z,Not applicable,_T,Total,USD_PPP,"US dollars, PPP converted",LR,Chain linked volume (rebased),LA,Annual levels,T0102,Table 0102 - GDP identity from the expenditure side,2021-Q4,,1972178.4,,2020,,,,F,Free (free for publication),1,One,A,Normal value,6,Millions,USD,US dollar
DATAFLOW,OECD.SDD.NAD:DSD_NAMAIN1@DF_QNA(1.1),Quarterly National Accounts (for 'Developer API'),I,Q,Quarterly,Y,Calendar and seasonally adjusted,IDN,Indonesia,S1M,Households and non-profit institutions serving households (NPISH),S1,Total economy,P3,Final consumption expenditure,_Z,Not applicable,_Z,Not applicable,_T,Total,USD_PPP,"US dollars, PPP converted",LR,Chain linked volume (rebased),LA,Annual levels,T0102,Table 0102 - GDP identity from the expenditure side,2022-Q1,,1999255.2,,2020,,,,F,Free (free for publication),1,One,A,Normal value,6,Millions,USD,US dollar
DATAFLOW,OECD.SDD.NAD:DSD_NAMAIN1@DF_QNA(1.1),Quarterly National Accounts (for 'Developer API'),I,Q,Quarterly,Y,Calendar and seasonally adjusted,IDN,Indonesia,S1M,Households and non-profit institutions serving households (NPISH),S1,Total economy,P3,Final consumption expenditure,_Z,Not applicable,_Z,Not applicable,_T,Total,USD_PPP,"US dollars, PPP converted",LR,Chain linked volume (rebased),LA,Annual levels,T0102,Table 0102 - GDP identity from the expenditure side,2022-Q2,,2020538,,2020,,,,F,Free (free for publication),1,One,A,Normal value,6,Millions,USD,US dollar
DATAFLOW,OECD.SDD.NAD:DSD_NAMAIN1@DF_QNA(1.1),Quarterly National Accounts (for 'Developer API'),I,Q,Quarterly,Y,Calendar and seasonally adjusted,IDN,Indonesia,S1M,Households and non-profit institutions serving households (NPISH),S1,Total economy,P3,Final consumption expenditure,_Z,Not applicable,_Z,Not applicable,_T,Total,IX,Index,LR,Chain linked volume (rebased),N,Non transformed data,T0102,Table 0102 - GDP identity from the expenditure side,2021-Q2,,101.475647645,,2020,,,,F,Free (free for publication),1,One,A,Normal value,0,Units,_Z,Not applicable
DATAFLOW,OECD.SDD.NAD:DSD_NAMAIN1@DF_QNA(1.1),Quarterly National Accounts (for 'Developer API'),I,Q,Quarterly,Y,Calendar and seasonally adjusted,IDN,Indonesia,S1M,Households and non-profit institutions serving households (NPISH),S1,Total economy,P3,Final consumption expenditure,_Z,Not applicable,_Z,Not applicable,_T,Total,IX,Index,LR,Chain linked volume (rebased),N,Non transformed data,T0102,Table 0102 - GDP identity from the expenditure side,2021-Q3,,101.363751917,,2020,,,,F,Free (free for publication),1,One,A,Normal value,0,Units,_Z,Not applicable
DATAFLOW,OECD.SDD.NAD:DSD_NAMAIN1@DF_QNA(1.1),Quarterly National Accounts (for 'Developer API'),I,Q,Quarterly,Y,Calendar and seasonally adjusted,IDN,Indonesia,S1M,Households and non-profit institutions serving households (NPISH),S1,Total economy,P3,Final consumption expenditure,_Z,Not applicable,_Z,Not applicable,_T,Total,IX,Index,LR,Chain linked volume (rebased),N,Non transformed data,T0102,Table 0102 - GDP identity from the expenditure side,2021-Q4,,103.816470057,,2020,,,,F,Free (free for publication),1,One,A,Normal value,0,Units,_Z,Not applicable
DATAFLOW,OECD.SDD.NAD:DSD_NAMAIN1@DF_QNA(1.1),Quarterly National Accounts (for 'Developer API'),I,Q,Quarterly,Y,Calendar and seasonally adjusted,IDN,Indonesia,S1M,Households and non-profit institutions serving households (NPISH),S1,Total economy,P3,Final consumption expenditure,_Z,Not applicable,_Z,Not applicable,_T,Total,IX,Index,LR,Chain linked volume (rebased),N,Non transformed data,T0102,Table 0102 - GDP identity from the expenditure side,2022-Q1,,105.241807604,,2020,,,,F,Free (free for publication),1,One,A,Normal value,0,Units,_Z,Not applicable
DATAFLOW,OECD.SDD.NAD:DSD_NAMAIN1@DF_QNA(1.1),Quarterly National Accounts (for 'Developer API'),I,Q,Quarterly,Y,Calendar and seasonally adjusted,IDN,Indonesia,S1M,Households and non-profit institutions serving households (NPISH),S1,Total economy,P3,Final consumption expenditure,_Z,Not applicable,_Z,Not applicable,_T,Total,IX,Index,LR,Chain linked volume (rebased),N,Non transformed data,T0102,Table 0102 - GDP identity from the expenditure side,2022-Q2,,106.362146196,,2020,,,,F,Free (free for publication),1,One,A,Normal value,0,Units,_Z,Not applicable
DATAFLOW,OECD.SDD.NAD:DSD_NAMAIN1@DF_QNA(1.1),Quarterly National Accounts (for 'Developer API'),I,Q,Quarterly,Y,Calendar and seasonally adjusted,IDN,Indonesia,S1M,Households and non-profit institutions serving households (NPISH),S1,Total economy,P3,Final consumption expenditure,_Z,Not applicable,_Z,Not applicable,_T,Total,IX,Index,DR,Deflator (rebased),N,Non transformed data,T0102,Table 0102 - GDP identity from the expenditure side,2021-Q2,,102.23362833,,2020,,,,F,Free (free for publication),1,One,A,Normal value,0,Units,_Z,Not applicable
DATAFLOW,OECD.SDD.NAD:DSD_NAMAIN1@DF_QNA(1.1),Quarterly National Accounts (for 'Developer API'),I,Q,Quarterly,Y,Calendar and seasonally adjusted,IDN,Indonesia,S1M,Households and non-profit institutions serving households (NPISH),S1,Total economy,P3,Final consumption expenditure,_Z,Not applicable,_Z,Not applicable,_T,Total,IX,Index,DR,Deflator (rebased),N,Non transformed data,T0102,Table 0102 - GDP identity from the expenditure side,2021-Q3,,101.329777742,,2020,,,,F,Free (free for publication),1,One,A,Normal value,0,Units,_Z,Not applicable
DATAFLOW,OECD.SDD.NAD:DSD_NAMAIN1@DF_QNA(1.1),Quarterly National Accounts (for 'Developer API'),I,Q,Quarterly,Y,Calendar and seasonally adjusted,IDN,Indonesia,S1M,Households and non-profit institutions serving households (NPISH),S1,Total economy,P3,Final consumption expenditure,_Z,Not applicable,_Z,Not applicable,_T,Total,IX,Index,DR,Deflator (rebased),N,Non transformed data,T0102,Table 0102 - GDP identity from the expenditure side,2021-Q4,,102.355036417,,2020,,,,F,Free (free for publication),1,One,A,Normal value,0,Units,_Z,Not applicable
DATAFLOW,OECD.SDD.NAD:DSD_NAMAIN1@DF_QNA(1.1),Quarterly National Accounts (for 'Developer API'),I,Q,Quarterly,Y,Calendar and seasonally adjusted,IDN,Indonesia,S1M,Households and non-profit institutions serving households (NPISH),S1,Total economy,P3,Final consumption expenditure,_Z,Not applicable,_Z,Not applicable,_T,Total,IX,Index,DR,Deflator (rebased),N,Non transformed data,T0102,Table 0102 - GDP identity from the expenditure side,2022-Q1,,103.993145269,,2020,,,,F,Free (free for publication),1,One,A,Normal value,0,Units,_Z,Not applicable
DATAFLOW,OECD.SDD.NAD:DSD_NAMAIN1@DF_QNA(1.1),Quarterly National Accounts (for 'Developer API'),I,Q,Quarterly,Y,Calendar and seasonally adjusted,IDN,Indonesia,S1M,Households and non-profit institutions serving households (NPISH),S1,Total economy,P3,Final consumption expenditure,_Z,Not applicable,_Z,Not applicable,_T,Total,IX,Index,DR,Deflator (rebased),N,Non transformed data,T0102,Table 0102 - GDP identity from the expenditure side,2022-Q2,,106.308210564,,2020,,,,F,Free (free for publication),1,One,A,Normal value,0,Units,_Z,Not applicable
DATAFLOW,OECD.SDD.NAD:DSD_NAMAIN1@DF_QNA(1.1),Quarterly National Accounts (for 'Developer API'),I,Q,Quarterly,Y,Calendar and seasonally adjusted,IDN,Indonesia,S1M,Households and non-profit institutions serving households (NPISH),S1,Total economy,P3,Final consumption expenditure,_Z,Not applicable,_Z,Not applicable,_T,Total,IX,Index,D,Deflator,N,Non transformed data,T0102,Table 0102 - GDP identity from the expenditure side,2021-Q1,,155.466692388,,2010,,,,F,Free (free for publication),1,One,A,Normal value,0,Units,_Z,Not applicable
DATAFLOW,OECD.SDD.NAD:DSD_NAMAIN1@DF_QNA(1.1),Quarterly National Accounts (for 'Developer API'),I,Q,Quarterly,Y,Calendar and seasonally adjusted,IDN,Indonesia,S1M,Households and non-profit institutions serving households (NPISH),S1,Total economy,P3,Final consumption expenditure,_Z,Not applicable,_Z,Not applicable,_T,Total,IX,Index,D,Deflator,N,Non transformed data,T0102,Table 0102 - GDP identity from the expenditure side,2021-Q2,,157.425138567,,2010,,,,F,Free (free for publication),1,One,A,Normal value,0,Units,_Z,Not applicable
DATAFLOW,OECD.SDD.NAD:DSD_NAMAIN1@DF_QNA(1.1),Quarterly National Accounts (for 'Developer API'),I,Q,Quarterly,Y,Calendar and seasonally adjusted,IDN,Indonesia,S1M,Households and non-profit institutions serving households (NPISH),S1,Total economy,P3,Final consumption expenditure,_Z,Not applicable,_Z,Not applicable,_T,Total,IX,Index,D,Deflator,N,Non transformed data,T0102,Table 0102 - GDP identity from the expenditure side,2021-Q3,,156.033338174,,2010,,,,F,Free (free for publication),1,One,A,Normal value,0,Units,_Z,Not applicable
DATAFLOW,OECD.SDD.NAD:DSD_NAMAIN1@DF_QNA(1.1),Quarterly National Accounts (for 'Developer API'),I,Q,Quarterly,Y,Calendar and seasonally adjusted,IDN,Indonesia,S1M,Households and non-profit institutions serving households (NPISH),S1,Total economy,P3,Final consumption expenditure,_Z,Not applicable,_Z,Not applicable,_T,Total,IX,Index,D,Deflator,N,Non transformed data,T0102,Table 0102 - GDP identity from the expenditure side,2021-Q4,,157.612089625,,2010,,,,F,Free (free for publication),1,One,A,Normal value,0,Units,_Z,Not applicable
DATAFLOW,OECD.SDD.NAD:DSD_NAMAIN1@DF_QNA(1.1),Quarterly National Accounts (for 'Developer API'),I,Q,Quarterly,Y,Calendar and seasonally adjusted,IDN,Indonesia,S1M,Households and non-profit institutions serving households (NPISH),S1,Total economy,P3,Final consumption expenditure,_Z,Not applicable,_Z,Not applicable,_T,Total,IX,Index,D,Deflator,N,Non transformed data,T0102,Table 0102 - GDP identity from the expenditure side,2022-Q1,,160.134542532,,2010,,,,F,Free (free for publication),1,One,A,Normal value,0,Units,_Z,Not applicable
DATAFLOW,OECD.SDD.NAD:DSD_NAMAIN1@DF_QNA(1.1),Quarterly National Accounts (for 'Developer API'),I,Q,Quarterly,Y,Calendar and seasonally adjusted,IDN,Indonesia,S1M,Households and non-profit institutions serving households (NPISH),S1,Total economy,P3,Final consumption expenditure,_Z,Not applicable,_Z,Not applicable,_T,Total,IX,Index,D,Deflator,N,Non transformed data,T0102,Table 0102 - GDP identity from the expenditure side,2022-Q2,,163.699411361,,2010,,,,F,Free (free for publication),1,One,A,Normal value,0,Units,_Z,Not applicable
DATAFLOW,OECD.SDD.NAD:DSD_NAMAIN1@DF_QNA(1.1),Quarterly National Accounts (for 'Developer API'),I,Q,Quarterly,Y,Calendar and seasonally adjusted,IDN,Indonesia,S1M,Households and non-profit institutions serving households (NPISH),S1,Total economy,P3,Final consumption expenditure,_Z,Not applicable,_Z,Not applicable,_T,Total,XDC,National currency,LR,Chain linked volume (rebased),LA,Annual levels,T0102,Table 0102 - GDP identity from the expenditure side,2021-Q1,,9225756127.7,,2020,,,,F,Free (free for publication),1,One,A,Normal value,6,Millions,IDR,Rupiah
DATAFLOW,OECD.SDD.NAD:DSD_NAMAIN1@DF_QNA(1.1),Quarterly National Accounts (for 'Developer API'),I,Q,Quarterly,Y,Calendar and seasonally adjusted,IDN,Indonesia,S1M,Households and non-profit institutions serving households (NPISH),S1,Total economy,P3,Final consumption expenditure,_Z,Not applicable,_Z,Not applicable,_T,Total,XDC,National currency,LR,Chain linked volume (rebased),LA,Annual levels,T0102,Table 0102 - GDP identity from the expenditure side,2021-Q2,,9235673279.2,,2020,,,,F,Free (free for publication),1,One,A,Normal value,6,Millions,IDR,Rupiah
DATAFLOW,OECD.SDD.NAD:DSD_NAMAIN1@DF_QNA(1.1),Quarterly National Accounts (for 'Developer API'),I,Q,Quarterly,Y,Calendar and seasonally adjusted,IDN,Indonesia,S1M,Households and non-profit institutions serving households (NPISH),S1,Total economy,P3,Final consumption expenditure,_Z,Not applicable,_Z,Not applicable,_T,Total,XDC,National currency,LR,Chain linked volume (rebased),LA,Annual levels,T0102,Table 0102 - GDP identity from the expenditure side,2021-Q3,,9225489236,,2020,,,,F,Free (free for publication),1,One,A,Normal value,6,Millions,IDR,Rupiah
DATAFLOW,OECD.SDD.NAD:DSD_NAMAIN1@DF_QNA(1.1),Quarterly National Accounts (for 'Developer API'),I,Q,Quarterly,Y,Calendar and seasonally adjusted,IDN,Indonesia,S1M,Households and non-profit institutions serving households (NPISH),S1,Total economy,P3,Final consumption expenditure,_Z,Not applicable,_Z,Not applicable,_T,Total,XDC,National currency,LR,Chain linked volume (rebased),LA,Annual levels,T0102,Table 0102 - GDP identity from the expenditure side,2021-Q4,,9448720167.8,,2020,,,,F,Free (free for publication),1,One,A,Normal value,6,Millions,IDR,Rupiah
DATAFLOW,OECD.SDD.NAD:DSD_NAMAIN1@DF_QNA(1.1),Quarterly National Accounts (for 'Developer API'),I,Q,Quarterly,Y,Calendar and seasonally adjusted,IDN,Indonesia,S1M,Households and non-profit institutions serving households (NPISH),S1,Total economy,P3,Final consumption expenditure,_Z,Not applicable,_Z,Not applicable,_T,Total,XDC,National currency,LR,Chain linked volume (rebased),LA,Annual levels,T0102,Table 0102 - GDP identity from the expenditure side,2022-Q1,,9578445399.4,,2020,,,,F,Free (free for publication),1,One,A,Normal value,6,Millions,IDR,Rupiah
DATAFLOW,OECD.SDD.NAD:DSD_NAMAIN1@DF_QNA(1.1),Quarterly National Accounts (for 'Developer API'),I,Q,Quarterly,Y,Calendar and seasonally adjusted,IDN,Indonesia,S1M,Households and non-profit institutions serving households (NPISH),S1,Total economy,P3,Final consumption expenditure,_Z,Not applicable,_Z,Not applicable,_T,Total,XDC,National currency,LR,Chain linked volume (rebased),LA,Annual levels,T0102,Table 0102 - GDP identity from the expenditure side,2022-Q2,,9680411550.4,,2020,,,,F,Free (free for publication),1,One,A,Normal value,6,Millions,IDR,Rupiah
DATAFLOW,OECD.SDD.NAD:DSD_NAMAIN1@DF_QNA(1.1),Quarterly National Accounts (for 'Developer API'),I,Q,Quarterly,N,Neither seasonally adjusted nor calendar adjusted,IDN,Indonesia,S1M,Households and non-profit institutions serving households (NPISH),S1,Total economy,P3,Final consumption expenditure,_Z,Not applicable,_Z,Not applicable,_T,Total,XDC,National currency,Q,Constant prices,N,Non transformed data,T0102,Table 0102 - GDP identity from the expenditure side,2021-Q2,,1502796703,,2010,,,,F,Free (free for publication),1,One,A,Normal value,6,Millions,IDR,Rupiah
DATAFLOW,OECD.SDD.NAD:DSD_NAMAIN1@DF_QNA(1.1),Quarterly National Accounts (for 'Developer API'),I,Q,Quarterly,N,Neither seasonally adjusted nor calendar adjusted,IDN,Indonesia,S1M,Households and non-profit institutions serving households (NPISH),S1,Total economy,P3,Final consumption expenditure,_Z,Not applicable,_Z,Not applicable,_T,Total,XDC,National currency,Q,Constant prices,N,Non transformed data,T0102,Table 0102 - GDP identity from the expenditure side,2021-Q3,,1499946186.1,,2010,,,,F,Free (free for publication),1,One,A,Normal value,6,Millions,IDR,Rupiah
DATAFLOW,OECD.SDD.NAD:DSD_NAMAIN1@DF_QNA(1.1),Quarterly National Accounts (for 'Developer API'),I,Q,Quarterly,N,Neither seasonally adjusted nor calendar adjusted,IDN,Indonesia,S1M,Households and non-profit institutions serving households (NPISH),S1,Total economy,P3,Final consumption expenditure,_Z,Not applicable,_Z,Not applicable,_T,Total,XDC,National currency,Q,Constant prices,N,Non transformed data,T0102,Table 0102 - GDP identity from the expenditure side,2021-Q4,,1544438751.1,,2010,,,,F,Free (free for publication),1,One,A,Normal value,6,Millions,IDR,Rupiah
DATAFLOW,OECD.SDD.NAD:DSD_NAMAIN1@DF_QNA(1.1),Quarterly National Accounts (for 'Developer API'),I,Q,Quarterly,N,Neither seasonally adjusted nor calendar adjusted,IDN,Indonesia,S1M,Households and non-profit institutions serving households (NPISH),S1,Total economy,P3,Final consumption expenditure,_Z,Not applicable,_Z,Not applicable,_T,Total,XDC,National currency,Q,Constant prices,N,Non transformed data,T0102,Table 0102 - GDP identity from the expenditure side,2022-Q1,,1546891220.9,,2010,,,,F,Free (free for publication),1,One,A,Normal value,6,Millions,IDR,Rupiah
DATAFLOW,OECD.SDD.NAD:DSD_NAMAIN1@DF_QNA(1.1),Quarterly National Accounts (for 'Developer API'),I,Q,Quarterly,N,Neither seasonally adjusted nor calendar adjusted,IDN,Indonesia,S1M,Households and non-profit institutions serving households (NPISH),S1,Total economy,P3,Final consumption expenditure,_Z,Not applicable,_Z,Not applicable,_T,Total,XDC,National currency,Q,Constant prices,N,Non transformed data,T0102,Table 0102 - GDP identity from the expenditure side,2022-Q2,,1585535047,,2010,,,,F,Free (free for publication),1,One,A,Normal value,6,Millions,IDR,Rupiah
DATAFLOW,OECD.SDD.NAD:DSD_NAMAIN1@DF_QNA(1.1),Quarterly National Accounts (for 'Developer API'),I,Q,Quarterly,N,Neither seasonally adjusted nor calendar adjusted,IDN,Indonesia,S1M,Households and non-profit institutions serving households (NPISH),S1,Total economy,P3,Final consumption expenditure,_Z,Not applicable,_Z,Not applicable,_T,Total,XDC,National currency,Q,Constant prices,N,Non transformed data,T0102,Table 0102 - GDP identity from the expenditure side,2022-Q3,,1581113147.2,,2010,,,,F,Free (free for publication),1,One,A,Normal value,6,Millions,IDR,Rupiah
DATAFLOW,OECD.SDD.NAD:DSD_NAMAIN1@DF_QNA(1.1),Quarterly National Accounts (for 'Developer API'),I,Q,Quarterly,Y,Calendar and seasonally adjusted,IDN,Indonesia,S1M,Households and non-profit institutions serving households (NPISH),S1,Total economy,P3,Final consumption expenditure,_Z,Not applicable,_Z,Not applicable,_T,Total,XDC,National currency,Q,Constant prices,N,Non transformed data,T0102,Table 0102 - GDP identity from the expenditure side,2021-Q1,,1497827049.1,,2010,,,,F,Free (free for publication),1,One,A,Normal value,6,Millions,IDR,Rupiah
DATAFLOW,OECD.SDD.NAD:DSD_NAMAIN1@DF_QNA(1.1),Quarterly National Accounts (for 'Developer API'),I,Q,Quarterly,Y,Calendar and seasonally adjusted,IDN,Indonesia,S1M,Households and non-profit institutions serving households (NPISH),S1,Total economy,P3,Final consumption expenditure,_Z,Not applicable,_Z,Not applicable,_T,Total,XDC,National currency,Q,Constant prices,N,Non transformed data,T0102,Table 0102 - GDP identity from the expenditure side,2021-Q2,,1499437126.1,,2010,,,,F,Free (free for publication),1,One,A,Normal value,6,Millions,IDR,Rupiah
DATAFLOW,OECD.SDD.NAD:DSD_NAMAIN1@DF_QNA(1.1),Quarterly National Accounts (for 'Developer API'),I,Q,Quarterly,Y,Calendar and seasonally adjusted,IDN,Indonesia,S1M,Households and non-profit institutions serving households (NPISH),S1,Total economy,P3,Final consumption expenditure,_Z,Not applicable,_Z,Not applicable,_T,Total,XDC,National currency,Q,Constant prices,N,Non transformed data,T0102,Table 0102 - GDP identity from the expenditure side,2021-Q3,,1497783718.5,,2010,,,,F,Free (free for publication),1,One,A,Normal value,6,Millions,IDR,Rupiah
DATAFLOW,OECD.SDD.NAD:DSD_NAMAIN1@DF_QNA(1.1),Quarterly National Accounts (for 'Developer API'),I,Q,Quarterly,Y,Calendar and seasonally adjusted,IDN,Indonesia,S1M,Households and non-profit institutions serving households (NPISH),S1,Total economy,P3,Final consumption expenditure,_Z,Not applicable,_Z,Not applicable,_T,Total,XDC,National currency,Q,Constant prices,N,Non transformed data,T0102,Table 0102 - GDP identity from the expenditure side,2021-Q4,,1534025878.3,,2010,,,,F,Free (free for publication),1,One,A,Normal value,6,Millions,IDR,Rupiah
DATAFLOW,OECD.SDD.NAD:DSD_NAMAIN1@DF_QNA(1.1),Quarterly National Accounts (for 'Developer API'),I,Q,Quarterly,Y,Calendar and seasonally adjusted,IDN,Indonesia,S1M,Households and non-profit institutions serving households (NPISH),S1,Total economy,P3,Final consumption expenditure,_Z,Not applicable,_Z,Not applicable,_T,Total,XDC,National currency,Q,Constant prices,N,Non transformed data,T0102,Table 0102 - GDP identity from the expenditure side,2022-Q1,,1555087128.8,,2010,,,,F,Free (free for publication),1,One,A,Normal value,6,Millions,IDR,Rupiah
DATAFLOW,OECD.SDD.NAD:DSD_NAMAIN1@DF_QNA(1.1),Quarterly National Accounts (for 'Developer API'),I,Q,Quarterly,Y,Calendar and seasonally adjusted,IDN,Indonesia,S1M,Households and non-profit institutions serving households (NPISH),S1,Total economy,P3,Final consumption expenditure,_Z,Not applicable,_Z,Not applicable,_T,Total,XDC,National currency,Q,Constant prices,N,Non transformed data,T0102,Table 0102 - GDP identity from the expenditure side,2022-Q2,,1571641615.7,,2010,,,,F,Free (free for publication),1,One,A,Normal value,6,Millions,IDR,Rupiah
