country,iso3,year,indicator,indicator_name,value,unit,source_url,source_file
Brunei Darussalam,BRN,2025,NY.GDP.MKTP.CD,GDP (current US$),15031980994.1121,,https://api.worldbank.org/v2/country/IDN;MYS;VNM;THA;PHL;SGP;BRN;KHM;LAO;MMR;TLS/indicator/NY.GDP.MKTP.CD?format=json&date=2000:2025&per_page=20000,raw/worldbank/b3e12b164837_NY.GDP.MKTP.CD.json
Brunei Darussalam,BRN,2024,NY.GDP.MKTP.CD,GDP (current US$),15340808592.48,,https://api.worldbank.org/v2/country/IDN;MYS;VNM;THA;PHL;SGP;BRN;KHM;LAO;MMR;TLS/indicator/NY.GDP.MKTP.CD?format=json&date=2000:2025&per_page=20000,raw/worldbank/b3e12b164837_NY.GDP.MKTP.CD.json
Brunei Darussalam,BRN,2023,NY.GDP.MKTP.CD,GDP (current US$),15095084656.1634,,https://api.worldbank.org/v2/country/IDN;MYS;VNM;THA;PHL;SGP;BRN;KHM;LAO;MMR;TLS/indicator/NY.GDP.MKTP.CD?format=json&date=2000:2025&per_page=20000,raw/worldbank/b3e12b164837_NY.GDP.MKTP.CD.json
Brunei Darussalam,BRN,2022,NY.GDP.MKTP.CD,GDP (current US$),16681536466.7183,,https://api.worldbank.org/v2/country/IDN;MYS;VNM;THA;PHL;SGP;BRN;KHM;LAO;MMR;TLS/indicator/NY.GDP.MKTP.CD?format=json&date=2000:2025&per_page=20000,raw/worldbank/b3e12b164837_NY.GDP.MKTP.CD.json
Brunei Darussalam,BRN,2021,NY.GDP.MKTP.CD,GDP (current US$),14006496617.4458,,https://api.worldbank.org/v2/country/IDN;MYS;VNM;THA;PHL;SGP;BRN;KHM;LAO;MMR;TLS/indicator/NY.GDP.MKTP.CD?format=json&date=2000:2025&per_page=20000,raw/worldbank/b3e12b164837_NY.GDP.MKTP.CD.json
Brunei Darussalam,BRN,2020,NY.GDP.MKTP.CD,GDP (current US$),12005799653.9835,,https://api.worldbank.org/v2/country/IDN;MYS;VNM;THA;PHL;SGP;BRN;KHM;LAO;MMR;TLS/indicator/NY.GDP.MKTP.CD?format=json&date=2000:2025&per_page=20000,raw/worldbank/b3e12b164837_NY.GDP.MKTP.CD.json
Brunei Darussalam,BRN,2019,NY.GDP.MKTP.CD,GDP (current US$),13469235364.7032,,https://api.worldbank.org/v2/country/IDN;MYS;VNM;THA;PHL;SGP;BRN;KHM;LAO;MMR;TLS/indicator/NY.GDP.MKTP.CD?format=json&date=2000:2025&per_page=20000,raw/worldbank/b3e12b164837_NY.GDP.MKTP.CD.json
Brunei Darussalam,BRN,2018,NY.GDP.MKTP.CD,GDP (current US$),13566908391.0895,,https://api.worldbank.org/v2/country/IDN;MYS;VNM;THA;PHL;SGP;BRN;KHM;LAO;MMR;TLS/indicator/NY.GDP.MKTP.CD?format=json&date=2000:2025&per_page=20000,raw/worldbank/b3e12b164837_NY.GDP.MKTP.CD.json
Brunei Darussalam,BRN,2017,NY.GDP.MKTP.CD,GDP (current US$),12128168045.1245,,https://api.worldbank.org/v2/country/IDN;MYS;VNM;THA;PHL;SGP;BRN;KHM;LAO;MMR;TLS/indicator/NY.GDP.MKTP.CD?format=json&date=2000:2025&per_page=20000,raw/worldbank/b3e12b164837_NY.GDP.MKTP.CD.json
Brunei Darussalam,BRN,2016,NY.GDP.MKTP.CD,GDP (current US$),11400266044.6651,,https://api.worldbank.org/v2/country/IDN;MYS;VNM;THA;PHL;SGP;BRN;KHM;LAO;MMR;TLS/indicator/NY.GDP.MKTP.CD?format=json&date=2000:2025&per_page=20000,raw/worldbank/b3e12b164837_NY.GDP.MKTP.CD.json
Brunei Darussalam,BRN,2015,NY.GDP.MKTP.CD,GDP (current US$),12930296870.1247,,https://api.worldbank.org/v2/country/IDN;MYS;VNM;THA;PHL;SGP;BRN;KHM;LAO;MMR;TLS/indicator/NY.GDP.MKTP.CD?format=json&date=2000:2025&per_page=20000,raw/worldbank/b3e12b164837_NY.GDP.MKTP.CD.json
Brunei Darussalam,BRN,2014,NY.GDP.MKTP.CD,GDP (current US$),17097797386.0336,,https://api.worldbank.org/v2/country/IDN;MYS;VNM;THA;PHL;SGP;BRN;KHM;LAO;MMR;TLS/indicator/NY.GDP.MKTP.CD?format=json&date=2000:2025&per_page=20000,raw/worldbank/b3e12b164837_NY.GDP.MKTP.CD.json
Brunei Darussalam,BRN,2013,NY.GDP.MKTP.CD,GDP (current US$),18094148098.6536,,https://api.worldbank.org/v2/country/IDN;MYS;VNM;THA;PHL;SGP;BRN;KHM;LAO;MMR;TLS/indicator/NY.GDP.MKTP.CD?format=json&date=2000:2025&per_page=20000,raw/worldbank/b3e12b164837_NY.GDP.MKTP.CD.json
Brunei Darussalam,BRN,2012,NY.GDP.MKTP.CD,GDP (current US$),19048443340.7732,,https://api.worldbank.org/v2/country/IDN;MYS;VNM;THA;PHL;SGP;BRN;KHM;LAO;MMR;TLS/indicator/NY.GDP.MKTP.CD?format=json&date=2000:2025&per_page=20000,raw/worldbank/b3e12b164837_NY.GDP.MKTP.CD.json
Brunei Darussalam,BRN,2011,NY.GDP.MKTP.CD,GDP (current US$),18524791062.657,,https://api.worldbank.org/v2/country/IDN;MYS;VNM;THA;PHL;SGP;BRN;KHM;LAO;MMR;TLS/indicator/NY.GDP.MKTP.CD?format=json&date=2000:2025&per_page=20000,raw/worldbank/b3e12b164837_NY.GDP.MKTP.CD.json
Brunei Darussalam,BRN,2010,NY.GDP.MKTP.CD,GDP (current US$),13707121038.4383,,https://api.worldbank.org/v2/country/IDN;MYS;VNM;THA;PHL;SGP;BRN;KHM;LAO;MMR;TLS/indicator/NY.GDP.MKTP.CD?format=json&date=2000:2025&per_page=20000,raw/worldbank/b3e12b164837_NY.GDP.MKTP.CD.json
Brunei Darussalam,BRN,2009,NY.GDP.MKTP.CD,GDP (current US$),11912904509.8582,,https://api.worldbank.org/v2/country/IDN;MYS;VNM;THA;PHL;SGP;BRN;KHM;LAO;MMR;TLS/indicator/NY.GDP.MKTP.CD?format=json&date=2000:2025&per_page=20000,raw/worldbank/b3e12b164837_NY.GDP.MKTP.CD.json
Brunei Darussalam,BRN,2008,NY.GDP.MKTP.CD,GDP (current US$),15926456515.0049,,https://api.worldbank.org/v2/country/IDN;MYS;VNM;THA;PHL;SGP;BRN;KHM;LAO;MMR;TLS/indicator/NY.GDP.MKTP.CD?format=json&date=2000:2025&per_page=20000,raw/worldbank/b3e12b164837_NY.GDP.MKTP.CD.json
Brunei Darussalam,BRN,2007,NY.GDP.MKTP.CD,GDP (current US$),13432029484.4012,,https://api.worldbank.org/v2/country/IDN;MYS;VNM;THA;PHL;SGP;BRN;KHM;LAO;MMR;TLS/indicator/NY.GDP.MKTP.CD?format=json&date=2000:2025&per_page=20000,raw/worldbank/b3e12b164837_NY.GDP.MKTP.CD.json
Brunei Darussalam,BRN,2006,NY.GDP.MKTP.CD,GDP (current US$),12644616418.691,,https://api.worldbank.org/v2/country/IDN;MYS;VNM;THA;PHL;SGP;BRN;KHM;LAO;MMR;TLS/indicator/NY.GDP.MKTP.CD?format=json&date=2000:2025&per_page=20000,raw/worldbank/b3e12b164837_NY.GDP.MKTP.CD.json
Brunei Darussalam,BRN,2005,NY.GDP.MKTP.CD,GDP (current US$),10547202620.5286,,https://api.worldbank.org/v2/country/IDN;MYS;VNM;THA;PHL;SGP;BRN;KHM;LAO;MMR;TLS/indicator/NY.GDP.MKTP.CD?format=json&date=2000:2025&per_page=20000,raw/worldbank/b3e12b164837_NY.GDP.MKTP.CD.json
Brunei Darussalam,BRN,2004,NY.GDP.MKTP.CD,GDP (current US$),8619178773.51458,,https://api.worldbank.org/v2/country/IDN;MYS;VNM;THA;PHL;SGP;BRN;KHM;LAO;MMR;TLS/indicator/NY.GDP.MKTP.CD?format=json&date=2000:2025&per_page=20000,raw/worldbank/b3e12b164837_NY.GDP.MKTP.CD.json
Brunei Darussalam,BRN,2003,NY.GDP.MKTP.CD,GDP (current US$),7167725261.92713,,https://api.worldbank.org/v2/country/IDN;MYS;VNM;THA;PHL;SGP;BRN;KHM;LAO;MMR;TLS/indicator/NY.GDP.MKTP.CD?format=json&date=2000:2025&per_page=20000,raw/worldbank/b3e12b164837_NY.GDP.MKTP.CD.json
Brunei Darussalam,BRN,2002,NY.GDP.MKTP.CD,GDP (current US$),6333082875.56937,,https://api.worldbank.org/v2/country/IDN;MYS;VNM;THA;PHL;SGP;BRN;KHM;LAO;MMR;TLS/indicator/NY.GDP.MKTP.CD?format=json&date=2000:2025&per_page=20000,raw/worldbank/b3e12b164837_NY.GDP.MKTP.CD.json
Brunei Darussalam,BRN,2001,NY.GDP.MKTP.CD,GDP (current US$),6096155767.38145,,https://api.worldbank.org/v2/country/IDN;MYS;VNM;THA;PHL;SGP;BRN;KHM;LAO;MMR;TLS/indicator/NY.GDP.MKTP.CD?format=json&date=2000:2025&per_page=20000,raw/worldbank/b3e12b164837_NY.GDP.MKTP.CD.json
Brunei Darussalam,BRN,2000,NY.GDP.MKTP.CD,GDP (current US$),6570999087.56742,,https://api.worldbank.org/v2/country/IDN;MYS;VNM;THA;PHL;SGP;BRN;KHM;LAO;MMR;TLS/indicator/NY.GDP.MKTP.CD?format=json&date=2000:2025&per_page=20000,raw/worldbank/b3e12b164837_NY.GDP.MKTP.CD.json
Indonesia,IDN,2025,NY.GDP.MKTP.CD,GDP (current US$),1445642584163.81,,https://api.worldbank.org/v2/country/IDN;MYS;VNM;THA;PHL;SGP;BRN;KHM;LAO;MMR;TLS/indicator/NY.GDP.MKTP.CD?format=json&date=2000:2025&per_page=20000,raw/worldbank/b3e12b164837_NY.GDP.MKTP.CD.json
Indonesia,IDN,2024,NY.GDP.MKTP.CD,GDP (current US$),1396301788461.69,,https://api.worldbank.org/v2/country/IDN;MYS;VNM;THA;PHL;SGP;BRN;KHM;LAO;MMR;TLS/indicator/NY.GDP.MKTP.CD?format=json&date=2000:2025&per_page=20000,raw/worldbank/b3e12b164837_NY.GDP.MKTP.CD.json
Indonesia,IDN,2023,NY.GDP.MKTP.CD,GDP (current US$),1371166925749.88,,https://api.worldbank.org/v2/country/IDN;MYS;VNM;THA;PHL;SGP;BRN;KHM;LAO;MMR;TLS/indicator/NY.GDP.MKTP.CD?format=json&date=2000:2025&per_page=20000,raw/worldbank/b3e12b164837_NY.GDP.MKTP.CD.json
Indonesia,IDN,2022,NY.GDP.MKTP.CD,GDP (current US$),1319101183380.15,,https://api.worldbank.org/v2/country/IDN;MYS;VNM;THA;PHL;SGP;BRN;KHM;LAO;MMR;TLS/indicator/NY.GDP.MKTP.CD?format=json&date=2000:2025&per_page=20000,raw/worldbank/b3e12b164837_NY.GDP.MKTP.CD.json
Indonesia,IDN,2021,NY.GDP.MKTP.CD,GDP (current US$),1186509691086.73,,https://api.worldbank.org/v2/country/IDN;MYS;VNM;THA;PHL;SGP;BRN;KHM;LAO;MMR;TLS/indicator/NY.GDP.MKTP.CD?format=json&date=2000:2025&per_page=20000,raw/worldbank/b3e12b164837_NY.GDP.MKTP.CD.json
Indonesia,IDN,2020,NY.GDP.MKTP.CD,GDP (current US$),1059054842698.48,,https://api.worldbank.org/v2/country/IDN;MYS;VNM;THA;PHL;SGP;BRN;KHM;LAO;MMR;TLS/indicator/NY.GDP.MKTP.CD?format=json&date=2000:2025&per_page=20000,raw/worldbank/b3e12b164837_NY.GDP.MKTP.CD.json
Indonesia,IDN,2019,NY.GDP.MKTP.CD,GDP (current US$),1119099871350.2,,https://api.worldbank.org/v2/country/IDN;MYS;VNM;THA;PHL;SGP;BRN;KHM;LAO;MMR;TLS/indicator/NY.GDP.MKTP.CD?format=json&date=2000:2025&per_page=20000,raw/worldbank/b3e12b164837_NY.GDP.MKTP.CD.json
Indonesia,IDN,2018,NY.GDP.MKTP.CD,GDP (current US$),1042271532988.63,,https://api.worldbank.org/v2/country/IDN;MYS;VNM;THA;PHL;SGP;BRN;KHM;LAO;MMR;TLS/indicator/NY.GDP.MKTP.CD?format=json&date=2000:2025&per_page=20000,raw/worldbank/b3e12b164837_NY.GDP.MKTP.CD.json
Indonesia,IDN,2017,NY.GDP.MKTP.CD,GDP (current US$),1015618744159.73,,https://api.worldbank.org/v2/country/IDN;MYS;VNM;THA;PHL;SGP;BRN;KHM;LAO;MMR;TLS/indicator/NY.GDP.MKTP.CD?format=json&date=2000:2025&per_page=20000,raw/worldbank/b3e12b164837_NY.GDP.MKTP.CD.json
Indonesia,IDN,2016,NY.GDP.MKTP.CD,GDP (current US$),931877364037.698,,https://api.worldbank.org/v2/country/IDN;MYS;VNM;THA;PHL;SGP;BRN;KHM;LAO;MMR;TLS/indicator/NY.GDP.MKTP.CD?format=json&date=2000:2025&per_page=20000,raw/worldbank/b3e12b164837_NY.GDP.MKTP.CD.json
Indonesia,IDN,2015,NY.GDP.MKTP.CD,GDP (current US$),860854232686.214,,https://api.worldbank.org/v2/country/IDN;MYS;VNM;THA;PHL;SGP;BRN;KHM;LAO;MMR;TLS/indicator/NY.GDP.MKTP.CD?format=json&date=2000:2025&per_page=20000,raw/worldbank/b3e12b164837_NY.GDP.MKTP.CD.json
Indonesia,IDN,2014,NY.GDP.MKTP.CD,GDP (current US$),890814755533.537,,https://api.worldbank.org/v2/country/IDN;MYS;VNM;THA;PHL;SGP;BRN;KHM;LAO;MMR;TLS/indicator/NY.GDP.MKTP.CD?format=json&date=2000:2025&per_page=20000,raw/worldbank/b3e12b164837_NY.GDP.MKTP.CD.json
Indonesia,IDN,2013,NY.GDP.MKTP.CD,GDP (current US$),912524136718.018,,https://api.worldbank.org/v2/country/IDN;MYS;VNM;THA;PHL;SGP;BRN;KHM;LAO;MMR;TLS/indicator/NY.GDP.MKTP.CD?format=json&date=2000:2025&per_page=20000,raw/worldbank/b3e12b164837_NY.GDP.MKTP.CD.json
Indonesia,IDN,2012,NY.GDP.MKTP.CD,GDP (current US$),917869913332.649,,https://api.worldbank.org/v2/country/IDN;MYS;VNM;THA;PHL;SGP;BRN;KHM;LAO;MMR;TLS/indicator/NY.GDP.MKTP.CD?format=json&date=2000:2025&per_page=20000,raw/worldbank/b3e12b164837_NY.GDP.MKTP.CD.json
Indonesia,IDN,2011,NY.GDP.MKTP.CD,GDP (current US$),892969104563.171,,https://api.worldbank.org/v2/country/IDN;MYS;VNM;THA;PHL;SGP;BRN;KHM;LAO;MMR;TLS/indicator/NY.GDP.MKTP.CD?format=json&date=2000:2025&per_page=20000,raw/worldbank/b3e12b164837_NY.GDP.MKTP.CD.json
Indonesia,IDN,2010,NY.GDP.MKTP.CD,GDP (current US$),755094157621.936,,https://api.worldbank.org/v2/country/IDN;MYS;VNM;THA;PHL;SGP;BRN;KHM;LAO;MMR;TLS/indicator/NY.GDP.MKTP.CD?format=json&date=2000:2025&per_page=20000,raw/worldbank/b3e12b164837_NY.GDP.MKTP.CD.json
Indonesia,IDN,2009,NY.GDP.MKTP.CD,GDP (current US$),539580085612.401,,https://api.worldbank.org/v2/country/IDN;MYS;VNM;THA;PHL;SGP;BRN;KHM;LAO;MMR;TLS/indicator/NY.GDP.MKTP.CD?format=json&date=2000:2025&per_page=20000,raw/worldbank/b3e12b164837_NY.GDP.MKTP.CD.json
Indonesia,IDN,2008,NY.GDP.MKTP.CD,GDP (current US$),510228634992.258,,https://api.worldbank.org/v2/country/IDN;MYS;VNM;THA;PHL;SGP;BRN;KHM;LAO;MMR;TLS/indicator/NY.GDP.MKTP.CD?format=json&date=2000:2025&per_page=20000,raw/worldbank/b3e12b164837_NY.GDP.MKTP.CD.json
Indonesia,IDN,2007,NY.GDP.MKTP.CD,GDP (current US$),432216737774.861,,https://api.worldbank.org/v2/country/IDN;MYS;VNM;THA;PHL;SGP;BRN;KHM;LAO;MMR;TLS/indicator/NY.GDP.MKTP.CD?format=json&date=2000:2025&per_page=20000,raw/worldbank/b3e12b164837_NY.GDP.MKTP.CD.json
Indonesia,IDN,2006,NY.GDP.MKTP.CD,GDP (current US$),364570515618.357,,https://api.worldbank.org/v2/country/IDN;MYS;VNM;THA;PHL;SGP;BRN;KHM;LAO;MMR;TLS/indicator/NY.GDP.MKTP.CD?format=json&date=2000:2025&per_page=20000,raw/worldbank/b3e12b164837_NY.GDP.MKTP.CD.json
Indonesia,IDN,2005,NY.GDP.MKTP.CD,GDP (current US$),285868619196.085,,https://api.worldbank.org/v2/country/IDN;MYS;VNM;THA;PHL;SGP;BRN;KHM;LAO;MMR;TLS/indicator/NY.GDP.MKTP.CD?format=json&date=2000:2025&per_page=20000,raw/worldbank/b3e12b164837_NY.GDP.MKTP.CD.json
Indonesia,IDN,2004,NY.GDP.MKTP.CD,GDP (current US$),256836875295.452,,https://api.worldbank.org/v2/country/IDN;MYS;VNM;THA;PHL;SGP;BRN;KHM;LAO;MMR;TLS/indicator/NY.GDP.MKTP.CD?format=json&date=2000:2025&per_page=20000,raw/worldbank/b3e12b164837_NY.GDP.MKTP.CD.json
Indonesia,IDN,2003,NY.GDP.MKTP.CD,GDP (current US$),234772463823.808,,https://api.worldbank.org/v2/country/IDN;MYS;VNM;THA;PHL;SGP;BRN;KHM;LAO;MMR;TLS/indicator/NY.GDP.MKTP.CD?format=json&date=2000:2025&per_page=20000,raw/worldbank/b3e12b164837_NY.GDP.MKTP.CD.json
Indonesia,IDN,2002,NY.GDP.MKTP.CD,GDP (current US$),195660611165.183,,https://api.worldbank.org/v2/country/IDN;MYS;VNM;THA;PHL;SGP;BRN;KHM;LAO;MMR;TLS/indicator/NY.GDP.MKTP.CD?format=json&date=2000:2025&per_page=20000,raw/worldbank/b3e12b164837_NY.GDP.MKTP.CD.json
Indonesia,IDN,2001,NY.GDP.MKTP.CD,GDP (current US$),160446947784.909,,https://api.worldbank.org/v2/country/IDN;MYS;VNM;THA;PHL;SGP;BRN;KHM;LAO;MMR;TLS/indicator/NY.GDP.MKTP.CD?format=json&date=2000:2025&per_page=20000,raw/worldbank/b3e12b164837_NY.GDP.MKTP.CD.json
Indonesia,IDN,2000,NY.GDP.MKTP.CD,GDP (current US$),165021012077.81,,https://api.worldbank.org/v2/country/IDN;MYS;VNM;THA;PHL;SGP;BRN;KHM;LAO;MMR;TLS/indicator/NY.GDP.MKTP.CD?format=json&date=2000:2025&per_page=20000,raw/worldbank/b3e12b164837_NY.GDP.MKTP.CD.json
Cambodia,KHM,2025,NY.GDP.MKTP.CD,GDP (current US$),51267065842.9641,,https://api.worldbank.org/v2/country/IDN;MYS;VNM;THA;PHL;SGP;BRN;KHM;LAO;MMR;TLS/indicator/NY.GDP.MKTP.CD?format=json&date=2000:2025&per_page=20000,raw/worldbank/b3e12b164837_NY.GDP.MKTP.CD.json
Cambodia,KHM,2024,NY.GDP.MKTP.CD,GDP (current US$),46352647037.2406,,https://api.worldbank.org/v2/country/IDN;MYS;VNM;THA;PHL;SGP;BRN;KHM;LAO;MMR;TLS/indicator/NY.GDP.MKTP.CD?format=json&date=2000:2025&per_page=20000,raw/worldbank/b3e12b164837_NY.GDP.MKTP.CD.json
Cambodia,KHM,2023,NY.GDP.MKTP.CD,GDP (current US$),42335646895.7984,,https://api.worldbank.org/v2/country/IDN;MYS;VNM;THA;PHL;SGP;BRN;KHM;LAO;MMR;TLS/indicator/NY.GDP.MKTP.CD?format=json&date=2000:2025&per_page=20000,raw/worldbank/b3e12b164837_NY.GDP.MKTP.CD.json
Cambodia,KHM,2022,NY.GDP.MKTP.CD,GDP (current US$),39994532959.6074,,https://api.worldbank.org/v2/country/IDN;MYS;VNM;THA;PHL;SGP;BRN;KHM;LAO;MMR;TLS/indicator/NY.GDP.MKTP.CD?format=json&date=2000:2025&per_page=20000,raw/worldbank/b3e12b164837_NY.GDP.MKTP.CD.json
Cambodia,KHM,2021,NY.GDP.MKTP.CD,GDP (current US$),36790163687.4421,,https://api.worldbank.org/v2/country/IDN;MYS;VNM;THA;PHL;SGP;BRN;KHM;LAO;MMR;TLS/indicator/NY.GDP.MKTP.CD?format=json&date=2000:2025&per_page=20000,raw/worldbank/b3e12b164837_NY.GDP.MKTP.CD.json
Cambodia,KHM,2020,NY.GDP.MKTP.CD,GDP (current US$),34818073901.4851,,https://api.worldbank.org/v2/country/IDN;MYS;VNM;THA;PHL;SGP;BRN;KHM;LAO;MMR;TLS/indicator/NY.GDP.MKTP.CD?format=json&date=2000:2025&per_page=20000,raw/worldbank/b3e12b164837_NY.GDP.MKTP.CD.json
Cambodia,KHM,2019,NY.GDP.MKTP.CD,GDP (current US$),36685356407.7206,,https://api.worldbank.org/v2/country/IDN;MYS;VNM;THA;PHL;SGP;BRN;KHM;LAO;MMR;TLS/indicator/NY.GDP.MKTP.CD?format=json&date=2000:2025&per_page=20000,raw/worldbank/b3e12b164837_NY.GDP.MKTP.CD.json
Cambodia,KHM,2018,NY.GDP.MKTP.CD,GDP (current US$),33145892168.8958,,https://api.worldbank.org/v2/country/IDN;MYS;VNM;THA;PHL;SGP;BRN;KHM;LAO;MMR;TLS/indicator/NY.GDP.MKTP.CD?format=json&date=2000:2025&per_page=20000,raw/worldbank/b3e12b164837_NY.GDP.MKTP.CD.json
Cambodia,KHM,2017,NY.GDP.MKTP.CD,GDP (current US$),29355665909.7905,,https://api.worldbank.org/v2/country/IDN;MYS;VNM;THA;PHL;SGP;BRN;KHM;LAO;MMR;TLS/indicator/NY.GDP.MKTP.CD?format=json&date=2000:2025&per_page=20000,raw/worldbank/b3e12b164837_NY.GDP.MKTP.CD.json
Cambodia,KHM,2016,NY.GDP.MKTP.CD,GDP (current US$),26556545153.3573,,https://api.worldbank.org/v2/country/IDN;MYS;VNM;THA;PHL;SGP;BRN;KHM;LAO;MMR;TLS/indicator/NY.GDP.MKTP.CD?format=json&date=2000:2025&per_page=20000,raw/worldbank/b3e12b164837_NY.GDP.MKTP.CD.json
Cambodia,KHM,2015,NY.GDP.MKTP.CD,GDP (current US$),24174170369.0738,,https://api.worldbank.org/v2/country/IDN;MYS;VNM;THA;PHL;SGP;BRN;KHM;LAO;MMR;TLS/indicator/NY.GDP.MKTP.CD?format=json&date=2000:2025&per_page=20000,raw/worldbank/b3e12b164837_NY.GDP.MKTP.CD.json
Cambodia,KHM,2014,NY.GDP.MKTP.CD,GDP (current US$),22041463967.9009,,https://api.worldbank.org/v2/country/IDN;MYS;VNM;THA;PHL;SGP;BRN;KHM;LAO;MMR;TLS/indicator/NY.GDP.MKTP.CD?format=json&date=2000:2025&per_page=20000,raw/worldbank/b3e12b164837_NY.GDP.MKTP.CD.json
Cambodia,KHM,2013,NY.GDP.MKTP.CD,GDP (current US$),19807135252.8649,,https://api.worldbank.org/v2/country/IDN;MYS;VNM;THA;PHL;SGP;BRN;KHM;LAO;MMR;TLS/indicator/NY.GDP.MKTP.CD?format=json&date=2000:2025&per_page=20000,raw/worldbank/b3e12b164837_NY.GDP.MKTP.CD.json
Cambodia,KHM,2012,NY.GDP.MKTP.CD,GDP (current US$),17826536699.8016,,https://api.worldbank.org/v2/country/IDN;MYS;VNM;THA;PHL;SGP;BRN;KHM;LAO;MMR;TLS/indicator/NY.GDP.MKTP.CD?format=json&date=2000:2025&per_page=20000,raw/worldbank/b3e12b164837_NY.GDP.MKTP.CD.json
Cambodia,KHM,2011,NY.GDP.MKTP.CD,GDP (current US$),16032622023.8265,,https://api.worldbank.org/v2/country/IDN;MYS;VNM;THA;PHL;SGP;BRN;KHM;LAO;MMR;TLS/indicator/NY.GDP.MKTP.CD?format=json&date=2000:2025&per_page=20000,raw/worldbank/b3e12b164837_NY.GDP.MKTP.CD.json
Cambodia,KHM,2010,NY.GDP.MKTP.CD,GDP (current US$),13808673288.0696,,https://api.worldbank.org/v2/country/IDN;MYS;VNM;THA;PHL;SGP;BRN;KHM;LAO;MMR;TLS/indicator/NY.GDP.MKTP.CD?format=json&date=2000:2025&per_page=20000,raw/worldbank/b3e12b164837_NY.GDP.MKTP.CD.json
Cambodia,KHM,2009,NY.GDP.MKTP.CD,GDP (current US$),12502901169.7377,,https://api.worldbank.org/v2/country/IDN;MYS;VNM;THA;PHL;SGP;BRN;KHM;LAO;MMR;TLS/indicator/NY.GDP.MKTP.CD?format=json&date=2000:2025&per_page=20000,raw/worldbank/b3e12b164837_NY.GDP.MKTP.CD.json
Cambodia,KHM,2008,NY.GDP.MKTP.CD,GDP (current US$),12174303999.0812,,https://api.worldbank.org/v2/country/IDN;MYS;VNM;THA;PHL;SGP;BRN;KHM;LAO;MMR;TLS/indicator/NY.GDP.MKTP.CD?format=json&date=2000:2025&per_page=20000,raw/worldbank/b3e12b164837_NY.GDP.MKTP.CD.json
Cambodia,KHM,2007,NY.GDP.MKTP.CD,GDP (current US$),10127916459.8983,,https://api.worldbank.org/v2/country/IDN;MYS;VNM;THA;PHL;SGP;BRN;KHM;LAO;MMR;TLS/indicator/NY.GDP.MKTP.CD?format=json&date=2000:2025&per_page=20000,raw/worldbank/b3e12b164837_NY.GDP.MKTP.CD.json
Cambodia,KHM,2006,NY.GDP.MKTP.CD,GDP (current US$),8350531016.65753,,https://api.worldbank.org/v2/country/IDN;MYS;VNM;THA;PHL;SGP;BRN;KHM;LAO;MMR;TLS/indicator/NY.GDP.MKTP.CD?format=json&date=2000:2025&per_page=20000,raw/worldbank/b3e12b164837_NY.GDP.MKTP.CD.json
Cambodia,KHM,2005,NY.GDP.MKTP.CD,GDP (current US$),7066296463.3598,,https://api.worldbank.org/v2/country/IDN;MYS;VNM;THA;PHL;SGP;BRN;KHM;LAO;MMR;TLS/indicator/NY.GDP.MKTP.CD?format=json&date=2000:2025&per_page=20000,raw/worldbank/b3e12b164837_NY.GDP.MKTP.CD.json
Cambodia,KHM,2004,NY.GDP.MKTP.CD,GDP (current US$),5883297159.87352,,https://api.worldbank.org/v2/country/IDN;MYS;VNM;THA;PHL;SGP;BRN;KHM;LAO;MMR;TLS/indicator/NY.GDP.MKTP.CD?format=json&date=2000:2025&per_page=20000,raw/worldbank/b3e12b164837_NY.GDP.MKTP.CD.json
Cambodia,KHM,2003,NY.GDP.MKTP.CD,GDP (current US$),5046693484.31767,,https://api.worldbank.org/v2/country/IDN;MYS;VNM;THA;PHL;SGP;BRN;KHM;LAO;MMR;TLS/indicator/NY.GDP.MKTP.CD?format=json&date=2000:2025&per_page=20000,raw/worldbank/b3e12b164837_NY.GDP.MKTP.CD.json
Cambodia,KHM,2002,NY.GDP.MKTP.CD,GDP (current US$),4501227626.62752,,https://api.worldbank.org/v2/country/IDN;MYS;VNM;THA;PHL;SGP;BRN;KHM;LAO;MMR;TLS/indicator/NY.GDP.MKTP.CD?format=json&date=2000:2025&per_page=20000,raw/worldbank/b3e12b164837_NY.GDP.MKTP.CD.json
Cambodia,KHM,2001,NY.GDP.MKTP.CD,GDP (current US$),4145665969.92864,,https://api.worldbank.org/v2/country/IDN;MYS;VNM;THA;PHL;SGP;BRN;KHM;LAO;MMR;TLS/indicator/NY.GDP.MKTP.CD?format=json&date=2000:2025&per_page=20000,raw/worldbank/b3e12b164837_NY.GDP.MKTP.CD.json
Cambodia,KHM,2000,NY.GDP.MKTP.CD,GDP (current US$),3694168979.32019,,https://api.worldbank.org/v2/country/IDN;MYS;VNM;THA;PHL;SGP;BRN;KHM;LAO;MMR;TLS/indicator/NY.GDP.MKTP.CD?format=json&date=2000:2025&per_page=20000,raw/worldbank/b3e12b164837_NY.GDP.MKTP.CD.json
Lao PDR,LAO,2025,NY.GDP.MKTP.CD,GDP (current US$),18302970218.5902,,https://api.worldbank.org/v2/country/IDN;MYS;VNM;THA;PHL;SGP;BRN;KHM;LAO;MMR;TLS/indicator/NY.GDP.MKTP.CD?format=json&date=2000:2025&per_page=20000,raw/worldbank/b3e12b164837_NY.GDP.MKTP.CD.json
Lao PDR,LAO,2024,NY.GDP.MKTP.CD,GDP (current US$),16502933121.3379,,https://api.worldbank.org/v2/country/IDN;MYS;VNM;THA;PHL;SGP;BRN;KHM;LAO;MMR;TLS/indicator/NY.GDP.MKTP.CD?format=json&date=2000:2025&per_page=20000,raw/worldbank/b3e12b164837_NY.GDP.MKTP.CD.json
Lao PDR,LAO,2023,NY.GDP.MKTP.CD,GDP (current US$),15843155731.2552,,https://api.worldbank.org/v2/country/IDN;MYS;VNM;THA;PHL;SGP;BRN;KHM;LAO;MMR;TLS/indicator/NY.GDP.MKTP.CD?format=json&date=2000:2025&per_page=20000,raw/worldbank/b3e12b164837_NY.GDP.MKTP.CD.json
Lao PDR,LAO,2022,NY.GDP.MKTP.CD,GDP (current US$),15468785203.7532,,https://api.worldbank.org/v2/country/IDN;MYS;VNM;THA;PHL;SGP;BRN;KHM;LAO;MMR;TLS/indicator/NY.GDP.MKTP.CD?format=json&date=2000:2025&per_page=20000,raw/worldbank/b3e12b164837_NY.GDP.MKTP.CD.json
Lao PDR,LAO,2021,NY.GDP.MKTP.CD,GDP (current US$),18827148530.9347,,https://api.worldbank.org/v2/country/IDN;MYS;VNM;THA;PHL;SGP;BRN;KHM;LAO;MMR;TLS/indicator/NY.GDP.MKTP.CD?format=json&date=2000:2025&per_page=20000,raw/worldbank/b3e12b164837_NY.GDP.MKTP.CD.json
Lao PDR,LAO,2020,NY.GDP.MKTP.CD,GDP (current US$),18981805250.2424,,https://api.worldbank.org/v2/country/IDN;MYS;VNM;THA;PHL;SGP;BRN;KHM;LAO;MMR;TLS/indicator/NY.GDP.MKTP.CD?format=json&date=2000:2025&per_page=20000,raw/worldbank/b3e12b164837_NY.GDP.MKTP.CD.json
Lao PDR,LAO,2019,NY.GDP.MKTP.CD,GDP (current US$),18740561512.5555,,https://api.worldbank.org/v2/country/IDN;MYS;VNM;THA;PHL;SGP;BRN;KHM;LAO;MMR;TLS/indicator/NY.GDP.MKTP.CD?format=json&date=2000:2025&per_page=20000,raw/worldbank/b3e12b164837_NY.GDP.MKTP.CD.json
Lao PDR,LAO,2018,NY.GDP.MKTP.CD,GDP (current US$),18141641089.7963,,https://api.worldbank.org/v2/country/IDN;MYS;VNM;THA;PHL;SGP;BRN;KHM;LAO;MMR;TLS/indicator/NY.GDP.MKTP.CD?format=json&date=2000:2025&per_page=20000,raw/worldbank/b3e12b164837_NY.GDP.MKTP.CD.json
Lao PDR,LAO,2017,NY.GDP.MKTP.CD,GDP (current US$),17071155481.4994,,https://api.worldbank.org/v2/country/IDN;MYS;VNM;THA;PHL;SGP;BRN;KHM;LAO;MMR;TLS/indicator/NY.GDP.MKTP.CD?format=json&date=2000:2025&per_page=20000,raw/worldbank/b3e12b164837_NY.GDP.MKTP.CD.json
Lao PDR,LAO,2016,NY.GDP.MKTP.CD,GDP (current US$),15912501722.6143,,https://api.worldbank.org/v2/country/IDN;MYS;VNM;THA;PHL;SGP;BRN;KHM;LAO;MMR;TLS/indicator/NY.GDP.MKTP.CD?format=json&date=2000:2025&per_page=20000,raw/worldbank/b3e12b164837_NY.GDP.MKTP.CD.json
Lao PDR,LAO,2015,NY.GDP.MKTP.CD,GDP (current US$),14426380125.6488,,https://api.worldbank.org/v2/country/IDN;MYS;VNM;THA;PHL;SGP;BRN;KHM;LAO;MMR;TLS/indicator/NY.GDP.MKTP.CD?format=json&date=2000:2025&per_page=20000,raw/worldbank/b3e12b164837_NY.GDP.MKTP.CD.json
Lao PDR,LAO,2014,NY.GDP.MKTP.CD,GDP (current US$),13279245886.3854,,https://api.worldbank.org/v2/country/IDN;MYS;VNM;THA;PHL;SGP;BRN;KHM;LAO;MMR;TLS/indicator/NY.GDP.MKTP.CD?format=json&date=2000:2025&per_page=20000,raw/worldbank/b3e12b164837_NY.GDP.MKTP.CD.json
Lao PDR,LAO,2013,NY.GDP.MKTP.CD,GDP (current US$),11983252626.5452,,https://api.worldbank.org/v2/country/IDN;MYS;VNM;THA;PHL;SGP;BRN;KHM;LAO;MMR;TLS/indicator/NY.GDP.MKTP.CD?format=json&date=2000:2025&per_page=20000,raw/worldbank/b3e12b164837_NY.GDP.MKTP.CD.json
Lao PDR,LAO,2012,NY.GDP.MKTP.CD,GDP (current US$),10192846339.4029,,https://api.worldbank.org/v2/country/IDN;MYS;VNM;THA;PHL;SGP;BRN;KHM;LAO;MMR;TLS/indicator/NY.GDP.MKTP.CD?format=json&date=2000:2025&per_page=20000,raw/worldbank/b3e12b164837_NY.GDP.MKTP.CD.json
Lao PDR,LAO,2011,NY.GDP.MKTP.CD,GDP (current US$),8750104617.17303,,https://api.worldbank.org/v2/country/IDN;MYS;VNM;THA;PHL;SGP;BRN;KHM;LAO;MMR;TLS/indicator/NY.GDP.MKTP.CD?format=json&date=2000:2025&per_page=20000,raw/worldbank/b3e12b164837_NY.GDP.MKTP.CD.json
Lao PDR,LAO,2010,NY.GDP.MKTP.CD,GDP (current US$),7131771014.70456,,https://api.worldbank.org/v2/country/IDN;MYS;VNM;THA;PHL;SGP;BRN;KHM;LAO;MMR;TLS/indicator/NY.GDP.MKTP.CD?format=json&date=2000:2025&per_page=20000,raw/worldbank/b3e12b164837_NY.GDP.MKTP.CD.json
Lao PDR,LAO,2009,NY.GDP.MKTP.CD,GDP (current US$),5836137329.63305,,https://api.worldbank.org/v2/country/IDN;MYS;VNM;THA;PHL;SGP;BRN;KHM;LAO;MMR;TLS/indicator/NY.GDP.MKTP.CD?format=json&date=2000:2025&per_page=20000,raw/worldbank/b3e12b164837_NY.GDP.MKTP.CD.json
Lao PDR,LAO,2008,NY.GDP.MKTP.CD,GDP (current US$),5446433157.40114,,https://api.worldbank.org/v2/country/IDN;MYS;VNM;THA;PHL;SGP;BRN;KHM;LAO;MMR;TLS/indicator/NY.GDP.MKTP.CD?format=json&date=2000:2025&per_page=20000,raw/worldbank/b3e12b164837_NY.GDP.MKTP.CD.json
Lao PDR,LAO,2007,NY.GDP.MKTP.CD,GDP (current US$),4223152739.04052,,https://api.worldbank.org/v2/country/IDN;MYS;VNM;THA;PHL;SGP;BRN;KHM;LAO;MMR;TLS/indicator/NY.GDP.MKTP.CD?format=json&date=2000:2025&per_page=20000,raw/worldbank/b3e12b164837_NY.GDP.MKTP.CD.json
Lao PDR,LAO,2006,NY.GDP.MKTP.CD,GDP (current US$),3455030060.9785,,https://api.worldbank.org/v2/country/IDN;MYS;VNM;THA;PHL;SGP;BRN;KHM;LAO;MMR;TLS/indicator/NY.GDP.MKTP.CD?format=json&date=2000:2025&per_page=20000,raw/worldbank/b3e12b164837_NY.GDP.MKTP.CD.json
Lao PDR,LAO,2005,NY.GDP.MKTP.CD,GDP (current US$),2735558734.7379,,https://api.worldbank.org/v2/country/IDN;MYS;VNM;THA;PHL;SGP;BRN;KHM;LAO;MMR;TLS/indicator/NY.GDP.MKTP.CD?format=json&date=2000:2025&per_page=20000,raw/worldbank/b3e12b164837_NY.GDP.MKTP.CD.json
Lao PDR,LAO,2004,NY.GDP.MKTP.CD,GDP (current US$),2366398119.86321,,https://api.worldbank.org/v2/country/IDN;MYS;VNM;THA;PHL;SGP;BRN;KHM;LAO;MMR;TLS/indicator/NY.GDP.MKTP.CD?format=json&date=2000:2025&per_page=20000,raw/worldbank/b3e12b164837_NY.GDP.MKTP.CD.json
Lao PDR,LAO,2003,NY.GDP.MKTP.CD,GDP (current US$),2023324407.28414,,https://api.worldbank.org/v2/country/IDN;MYS;VNM;THA;PHL;SGP;BRN;KHM;LAO;MMR;TLS/indicator/NY.GDP.MKTP.CD?format=json&date=2000:2025&per_page=20000,raw/worldbank/b3e12b164837_NY.GDP.MKTP.CD.json
Lao PDR,LAO,2002,NY.GDP.MKTP.CD,GDP (current US$),1758176653.07746,,https://api.worldbank.org/v2/country/IDN;MYS;VNM;THA;PHL;SGP;BRN;KHM;LAO;MMR;TLS/indicator/NY.GDP.MKTP.CD?format=json&date=2000:2025&per_page=20000,raw/worldbank/b3e12b164837_NY.GDP.MKTP.CD.json
Lao PDR,LAO,2001,NY.GDP.MKTP.CD,GDP (current US$),1768619058.34647,,https://api.worldbank.org/v2/country/IDN;MYS;VNM;THA;PHL;SGP;BRN;KHM;LAO;MMR;TLS/indicator/NY.GDP.MKTP.CD?format=json&date=2000:2025&per_page=20000,raw/worldbank/b3e12b164837_NY.GDP.MKTP.CD.json
Lao PDR,LAO,2000,NY.GDP.MKTP.CD,GDP (current US$),1731198022.46763,,https://api.worldbank.org/v2/country/IDN;MYS;VNM;THA;PHL;SGP;BRN;KHM;LAO;MMR;TLS/indicator/NY.GDP.MKTP.CD?format=json&date=2000:2025&per_page=20000,raw/worldbank/b3e12b164837_NY.GDP.MKTP.CD.json
Myanmar,MMR,2025,NY.GDP.MKTP.CD,GDP (current US$),81665773809.5238,,https://api.worldbank.org/v2/country/IDN;MYS;VNM;THA;PHL;SGP;BRN;KHM;LAO;MMR;TLS/indicator/NY.GDP.MKTP.CD?format=json&date=2000:2025&per_page=20000,raw/worldbank/b3e12b164837_NY.GDP.MKTP.CD.json
Myanmar,MMR,2024,NY.GDP.MKTP.CD,GDP (current US$),74068349523.8095,,https://api.worldbank.org/v2/country/IDN;MYS;VNM;THA;PHL;SGP;BRN;KHM;LAO;MMR;TLS/indicator/NY.GDP.MKTP.CD?format=json&date=2000:2025&per_page=20000,raw/worldbank/b3e12b164837_NY.GDP.MKTP.CD.json
Myanmar,MMR,2023,NY.GDP.MKTP.CD,GDP (current US$),66757619000,,https://api.worldbank.org/v2/country/IDN;MYS;VNM;THA;PHL;SGP;BRN;KHM;LAO;MMR;TLS/indicator/NY.GDP.MKTP.CD?format=json&date=2000:2025&per_page=20000,raw/worldbank/b3e12b164837_NY.GDP.MKTP.CD.json
Myanmar,MMR,2022,NY.GDP.MKTP.CD,GDP (current US$),62253049891.6449,,https://api.worldbank.org/v2/country/IDN;MYS;VNM;THA;PHL;SGP;BRN;KHM;LAO;MMR;TLS/indicator/NY.GDP.MKTP.CD?format=json&date=2000:2025&per_page=20000,raw/worldbank/b3e12b164837_NY.GDP.MKTP.CD.json
Myanmar,MMR,2021,NY.GDP.MKTP.CD,GDP (current US$),66345291160.1683,,https://api.worldbank.org/v2/country/IDN;MYS;VNM;THA;PHL;SGP;BRN;KHM;LAO;MMR;TLS/indicator/NY.GDP.MKTP.CD?format=json&date=2000:2025&per_page=20000,raw/worldbank/b3e12b164837_NY.GDP.MKTP.CD.json
Myanmar,MMR,2020,NY.GDP.MKTP.CD,GDP (current US$),79006113643.1906,,https://api.worldbank.org/v2/country/IDN;MYS;VNM;THA;PHL;SGP;BRN;KHM;LAO;MMR;TLS/indicator/NY.GDP.MKTP.CD?format=json&date=2000:2025&per_page=20000,raw/worldbank/b3e12b164837_NY.GDP.MKTP.CD.json
Myanmar,MMR,2019,NY.GDP.MKTP.CD,GDP (current US$),75065106227.6892,,https://api.worldbank.org/v2/country/IDN;MYS;VNM;THA;PHL;SGP;BRN;KHM;LAO;MMR;TLS/indicator/NY.GDP.MKTP.CD?format=json&date=2000:2025&per_page=20000,raw/worldbank/b3e12b164837_NY.GDP.MKTP.CD.json
Myanmar,MMR,2018,NY.GDP.MKTP.CD,GDP (current US$),67860515989.517,,https://api.worldbank.org/v2/country/IDN;MYS;VNM;THA;PHL;SGP;BRN;KHM;LAO;MMR;TLS/indicator/NY.GDP.MKTP.CD?format=json&date=2000:2025&per_page=20000,raw/worldbank/b3e12b164837_NY.GDP.MKTP.CD.json
Myanmar,MMR,2017,NY.GDP.MKTP.CD,GDP (current US$),66053040483.0016,,https://api.worldbank.org/v2/country/IDN;MYS;VNM;THA;PHL;SGP;BRN;KHM;LAO;MMR;TLS/indicator/NY.GDP.MKTP.CD?format=json&date=2000:2025&per_page=20000,raw/worldbank/b3e12b164837_NY.GDP.MKTP.CD.json
Myanmar,MMR,2016,NY.GDP.MKTP.CD,GDP (current US$),63298361996.2153,,https://api.worldbank.org/v2/country/IDN;MYS;VNM;THA;PHL;SGP;BRN;KHM;LAO;MMR;TLS/indicator/NY.GDP.MKTP.CD?format=json&date=2000:2025&per_page=20000,raw/worldbank/b3e12b164837_NY.GDP.MKTP.CD.json
Myanmar,MMR,2015,NY.GDP.MKTP.CD,GDP (current US$),59607290407.6191,,https://api.worldbank.org/v2/country/IDN;MYS;VNM;THA;PHL;SGP;BRN;KHM;LAO;MMR;TLS/indicator/NY.GDP.MKTP.CD?format=json&date=2000:2025&per_page=20000,raw/worldbank/b3e12b164837_NY.GDP.MKTP.CD.json
Myanmar,MMR,2014,NY.GDP.MKTP.CD,GDP (current US$),65531374199.6663,,https://api.worldbank.org/v2/country/IDN;MYS;VNM;THA;PHL;SGP;BRN;KHM;LAO;MMR;TLS/indicator/NY.GDP.MKTP.CD?format=json&date=2000:2025&per_page=20000,raw/worldbank/b3e12b164837_NY.GDP.MKTP.CD.json
Myanmar,MMR,2013,NY.GDP.MKTP.CD,GDP (current US$),60269732854.827,,https://api.worldbank.org/v2/country/IDN;MYS;VNM;THA;PHL;SGP;BRN;KHM;LAO;MMR;TLS/indicator/NY.GDP.MKTP.CD?format=json&date=2000:2025&per_page=20000,raw/worldbank/b3e12b164837_NY.GDP.MKTP.CD.json
Myanmar,MMR,2012,NY.GDP.MKTP.CD,GDP (current US$),59937796648.2158,,https://api.worldbank.org/v2/country/IDN;MYS;VNM;THA;PHL;SGP;BRN;KHM;LAO;MMR;TLS/indicator/NY.GDP.MKTP.CD?format=json&date=2000:2025&per_page=20000,raw/worldbank/b3e12b164837_NY.GDP.MKTP.CD.json
Myanmar,MMR,2011,NY.GDP.MKTP.CD,GDP (current US$),59977326085.9908,,https://api.worldbank.org/v2/country/IDN;MYS;VNM;THA;PHL;SGP;BRN;KHM;LAO;MMR;TLS/indicator/NY.GDP.MKTP.CD?format=json&date=2000:2025&per_page=20000,raw/worldbank/b3e12b164837_NY.GDP.MKTP.CD.json
Myanmar,MMR,2010,NY.GDP.MKTP.CD,GDP (current US$),49540813342.4834,,https://api.worldbank.org/v2/country/IDN;MYS;VNM;THA;PHL;SGP;BRN;KHM;LAO;MMR;TLS/indicator/NY.GDP.MKTP.CD?format=json&date=2000:2025&per_page=20000,raw/worldbank/b3e12b164837_NY.GDP.MKTP.CD.json
Myanmar,MMR,2009,NY.GDP.MKTP.CD,GDP (current US$),36906181380.8127,,https://api.worldbank.org/v2/country/IDN;MYS;VNM;THA;PHL;SGP;BRN;KHM;LAO;MMR;TLS/indicator/NY.GDP.MKTP.CD?format=json&date=2000:2025&per_page=20000,raw/worldbank/b3e12b164837_NY.GDP.MKTP.CD.json
Myanmar,MMR,2008,NY.GDP.MKTP.CD,GDP (current US$),31862554101.9378,,https://api.worldbank.org/v2/country/IDN;MYS;VNM;THA;PHL;SGP;BRN;KHM;LAO;MMR;TLS/indicator/NY.GDP.MKTP.CD?format=json&date=2000:2025&per_page=20000,raw/worldbank/b3e12b164837_NY.GDP.MKTP.CD.json
Myanmar,MMR,2007,NY.GDP.MKTP.CD,GDP (current US$),20182477480.5512,,https://api.worldbank.org/v2/country/IDN;MYS;VNM;THA;PHL;SGP;BRN;KHM;LAO;MMR;TLS/indicator/NY.GDP.MKTP.CD?format=json&date=2000:2025&per_page=20000,raw/worldbank/b3e12b164837_NY.GDP.MKTP.CD.json
Myanmar,MMR,2006,NY.GDP.MKTP.CD,GDP (current US$),14502553709.8303,,https://api.worldbank.org/v2/country/IDN;MYS;VNM;THA;PHL;SGP;BRN;KHM;LAO;MMR;TLS/indicator/NY.GDP.MKTP.CD?format=json&date=2000:2025&per_page=20000,raw/worldbank/b3e12b164837_NY.GDP.MKTP.CD.json
Myanmar,MMR,2005,NY.GDP.MKTP.CD,GDP (current US$),11986972418.5103,,https://api.worldbank.org/v2/country/IDN;MYS;VNM;THA;PHL;SGP;BRN;KHM;LAO;MMR;TLS/indicator/NY.GDP.MKTP.CD?format=json&date=2000:2025&per_page=20000,raw/worldbank/b3e12b164837_NY.GDP.MKTP.CD.json
Myanmar,MMR,2004,NY.GDP.MKTP.CD,GDP (current US$),10567354056.4049,,https://api.worldbank.org/v2/country/IDN;MYS;VNM;THA;PHL;SGP;BRN;KHM;LAO;MMR;TLS/indicator/NY.GDP.MKTP.CD?format=json&date=2000:2025&per_page=20000,raw/worldbank/b3e12b164837_NY.GDP.MKTP.CD.json
Myanmar,MMR,2003,NY.GDP.MKTP.CD,GDP (current US$),10467109977.6717,,https://api.worldbank.org/v2/country/IDN;MYS;VNM;THA;PHL;SGP;BRN;KHM;LAO;MMR;TLS/indicator/NY.GDP.MKTP.CD?format=json&date=2000:2025&per_page=20000,raw/worldbank/b3e12b164837_NY.GDP.MKTP.CD.json
Myanmar,MMR,2002,NY.GDP.MKTP.CD,GDP (current US$),6777632512.0781,,https://api.worldbank.org/v2/country/IDN;MYS;VNM;THA;PHL;SGP;BRN;KHM;LAO;MMR;TLS/indicator/NY.GDP.MKTP.CD?format=json&date=2000:2025&per_page=20000,raw/worldbank/b3e12b164837_NY.GDP.MKTP.CD.json
Myanmar,MMR,2001,NY.GDP.MKTP.CD,GDP (current US$),6477790688.22844,,https://api.worldbank.org/v2/country/IDN;MYS;VNM;THA;PHL;SGP;BRN;KHM;LAO;MMR;TLS/indicator/NY.GDP.MKTP.CD?format=json&date=2000:2025&per_page=20000,raw/worldbank/b3e12b164837_NY.GDP.MKTP.CD.json
Myanmar,MMR,2000,NY.GDP.MKTP.CD,GDP (current US$),8905066163.58643,,https://api.worldbank.org/v2/country/IDN;MYS;VNM;THA;PHL;SGP;BRN;KHM;LAO;MMR;TLS/indicator/NY.GDP.MKTP.CD?format=json&date=2000:2025&per_page=20000,raw/worldbank/b3e12b164837_NY.GDP.MKTP.CD.json
Malaysia,MYS,2025,NY.GDP.MKTP.CD,GDP (current US$),472193128644.597,,https://api.worldbank.org/v2/country/IDN;MYS;VNM;THA;PHL;SGP;BRN;KHM;LAO;MMR;TLS/indicator/NY.GDP.MKTP.CD?format=json&date=2000:2025&per_page=20000,raw/worldbank/b3e12b164837_NY.GDP.MKTP.CD.json
Malaysia,MYS,2024,NY.GDP.MKTP.CD,GDP (current US$),422227005428.688,,https://api.worldbank.org/v2/country/IDN;MYS;VNM;THA;PHL;SGP;BRN;KHM;LAO;MMR;TLS/indicator/NY.GDP.MKTP.CD?format=json&date=2000:2025&per_page=20000,raw/worldbank/b3e12b164837_NY.GDP.MKTP.CD.json
Malaysia,MYS,2023,NY.GDP.MKTP.CD,GDP (current US$),399949418752.657,,https://api.worldbank.org/v2/country/IDN;MYS;VNM;THA;PHL;SGP;BRN;KHM;LAO;MMR;TLS/indicator/NY.GDP.MKTP.CD?format=json&date=2000:2025&per_page=20000,raw/worldbank/b3e12b164837_NY.GDP.MKTP.CD.json
Malaysia,MYS,2022,NY.GDP.MKTP.CD,GDP (current US$),407830525989.553,,https://api.worldbank.org/v2/country/IDN;MYS;VNM;THA;PHL;SGP;BRN;KHM;LAO;MMR;TLS/indicator/NY.GDP.MKTP.CD?format=json&date=2000:2025&per_page=20000,raw/worldbank/b3e12b164837_NY.GDP.MKTP.CD.json
Malaysia,MYS,2021,NY.GDP.MKTP.CD,GDP (current US$),373784553029.978,,https://api.worldbank.org/v2/country/IDN;MYS;VNM;THA;PHL;SGP;BRN;KHM;LAO;MMR;TLS/indicator/NY.GDP.MKTP.CD?format=json&date=2000:2025&per_page=20000,raw/worldbank/b3e12b164837_NY.GDP.MKTP.CD.json
Malaysia,MYS,2020,NY.GDP.MKTP.CD,GDP (current US$),337456163961.211,,https://api.worldbank.org/v2/country/IDN;MYS;VNM;THA;PHL;SGP;BRN;KHM;LAO;MMR;TLS/indicator/NY.GDP.MKTP.CD?format=json&date=2000:2025&per_page=20000,raw/worldbank/b3e12b164837_NY.GDP.MKTP.CD.json
Malaysia,MYS,2019,NY.GDP.MKTP.CD,GDP (current US$),365177721021.516,,https://api.worldbank.org/v2/country/IDN;MYS;VNM;THA;PHL;SGP;BRN;KHM;LAO;MMR;TLS/indicator/NY.GDP.MKTP.CD?format=json&date=2000:2025&per_page=20000,raw/worldbank/b3e12b164837_NY.GDP.MKTP.CD.json
Malaysia,MYS,2018,NY.GDP.MKTP.CD,GDP (current US$),358788845712.53,,https://api.worldbank.org/v2/country/IDN;MYS;VNM;THA;PHL;SGP;BRN;KHM;LAO;MMR;TLS/indicator/NY.GDP.MKTP.CD?format=json&date=2000:2025&per_page=20000,raw/worldbank/b3e12b164837_NY.GDP.MKTP.CD.json
Malaysia,MYS,2017,NY.GDP.MKTP.CD,GDP (current US$),319109094160.343,,https://api.worldbank.org/v2/country/IDN;MYS;VNM;THA;PHL;SGP;BRN;KHM;LAO;MMR;TLS/indicator/NY.GDP.MKTP.CD?format=json&date=2000:2025&per_page=20000,raw/worldbank/b3e12b164837_NY.GDP.MKTP.CD.json
Malaysia,MYS,2016,NY.GDP.MKTP.CD,GDP (current US$),301256033870.334,,https://api.worldbank.org/v2/country/IDN;MYS;VNM;THA;PHL;SGP;BRN;KHM;LAO;MMR;TLS/indicator/NY.GDP.MKTP.CD?format=json&date=2000:2025&per_page=20000,raw/worldbank/b3e12b164837_NY.GDP.MKTP.CD.json
Malaysia,MYS,2015,NY.GDP.MKTP.CD,GDP (current US$),301355266964.947,,https://api.worldbank.org/v2/country/IDN;MYS;VNM;THA;PHL;SGP;BRN;KHM;LAO;MMR;TLS/indicator/NY.GDP.MKTP.CD?format=json&date=2000:2025&per_page=20000,raw/worldbank/b3e12b164837_NY.GDP.MKTP.CD.json
Malaysia,MYS,2014,NY.GDP.MKTP.CD,GDP (current US$),338066095097.254,,https://api.worldbank.org/v2/country/IDN;MYS;VNM;THA;PHL;SGP;BRN;KHM;LAO;MMR;TLS/indicator/NY.GDP.MKTP.CD?format=json&date=2000:2025&per_page=20000,raw/worldbank/b3e12b164837_NY.GDP.MKTP.CD.json
Malaysia,MYS,2013,NY.GDP.MKTP.CD,GDP (current US$),323276235524.415,,https://api.worldbank.org/v2/country/IDN;MYS;VNM;THA;PHL;SGP;BRN;KHM;LAO;MMR;TLS/indicator/NY.GDP.MKTP.CD?format=json&date=2000:2025&per_page=20000,raw/worldbank/b3e12b164837_NY.GDP.MKTP.CD.json
Malaysia,MYS,2012,NY.GDP.MKTP.CD,GDP (current US$),314443047642.111,,https://api.worldbank.org/v2/country/IDN;MYS;VNM;THA;PHL;SGP;BRN;KHM;LAO;MMR;TLS/indicator/NY.GDP.MKTP.CD?format=json&date=2000:2025&per_page=20000,raw/worldbank/b3e12b164837_NY.GDP.MKTP.CD.json
Malaysia,MYS,2011,NY.GDP.MKTP.CD,GDP (current US$),297951668674.835,,https://api.worldbank.org/v2/country/IDN;MYS;VNM;THA;PHL;SGP;BRN;KHM;LAO;MMR;TLS/indicator/NY.GDP.MKTP.CD?format=json&date=2000:2025&per_page=20000,raw/worldbank/b3e12b164837_NY.GDP.MKTP.CD.json
Malaysia,MYS,2010,NY.GDP.MKTP.CD,GDP (current US$),255017638455.59,,https://api.worldbank.org/v2/country/IDN;MYS;VNM;THA;PHL;SGP;BRN;KHM;LAO;MMR;TLS/indicator/NY.GDP.MKTP.CD?format=json&date=2000:2025&per_page=20000,raw/worldbank/b3e12b164837_NY.GDP.MKTP.CD.json
Malaysia,MYS,2009,NY.GDP.MKTP.CD,GDP (current US$),202257453036.641,,https://api.worldbank.org/v2/country/IDN;MYS;VNM;THA;PHL;SGP;BRN;KHM;LAO;MMR;TLS/indicator/NY.GDP.MKTP.CD?format=json&date=2000:2025&per_page=20000,raw/worldbank/b3e12b164837_NY.GDP.MKTP.CD.json
Malaysia,MYS,2008,NY.GDP.MKTP.CD,GDP (current US$),230811614370.384,,https://api.worldbank.org/v2/country/IDN;MYS;VNM;THA;PHL;SGP;BRN;KHM;LAO;MMR;TLS/indicator/NY.GDP.MKTP.CD?format=json&date=2000:2025&per_page=20000,raw/worldbank/b3e12b164837_NY.GDP.MKTP.CD.json
Malaysia,MYS,2007,NY.GDP.MKTP.CD,GDP (current US$),193549569477.733,,https://api.worldbank.org/v2/country/IDN;MYS;VNM;THA;PHL;SGP;BRN;KHM;LAO;MMR;TLS/indicator/NY.GDP.MKTP.CD?format=json&date=2000:2025&per_page=20000,raw/worldbank/b3e12b164837_NY.GDP.MKTP.CD.json
Malaysia,MYS,2006,NY.GDP.MKTP.CD,GDP (current US$),162692258307.056,,https://api.worldbank.org/v2/country/IDN;MYS;VNM;THA;PHL;SGP;BRN;KHM;LAO;MMR;TLS/indicator/NY.GDP.MKTP.CD?format=json&date=2000:2025&per_page=20000,raw/worldbank/b3e12b164837_NY.GDP.MKTP.CD.json
Malaysia,MYS,2005,NY.GDP.MKTP.CD,GDP (current US$),143534405818.501,,https://api.worldbank.org/v2/country/IDN;MYS;VNM;THA;PHL;SGP;BRN;KHM;LAO;MMR;TLS/indicator/NY.GDP.MKTP.CD?format=json&date=2000:2025&per_page=20000,raw/worldbank/b3e12b164837_NY.GDP.MKTP.CD.json
Malaysia,MYS,2004,NY.GDP.MKTP.CD,GDP (current US$),124749473684.211,,https://api.worldbank.org/v2/country/IDN;MYS;VNM;THA;PHL;SGP;BRN;KHM;LAO;MMR;TLS/indicator/NY.GDP.MKTP.CD?format=json&date=2000:2025&per_page=20000,raw/worldbank/b3e12b164837_NY.GDP.MKTP.CD.json
Malaysia,MYS,2003,NY.GDP.MKTP.CD,GDP (current US$),110202368421.053,,https://api.worldbank.org/v2/country/IDN;MYS;VNM;THA;PHL;SGP;BRN;KHM;LAO;MMR;TLS/indicator/NY.GDP.MKTP.CD?format=json&date=2000:2025&per_page=20000,raw/worldbank/b3e12b164837_NY.GDP.MKTP.CD.json
Malaysia,MYS,2002,NY.GDP.MKTP.CD,GDP (current US$),100845526315.789,,https://api.worldbank.org/v2/country/IDN;MYS;VNM;THA;PHL;SGP;BRN;KHM;LAO;MMR;TLS/indicator/NY.GDP.MKTP.CD?format=json&date=2000:2025&per_page=20000,raw/worldbank/b3e12b164837_NY.GDP.MKTP.CD.json
Malaysia,MYS,2001,NY.GDP.MKTP.CD,GDP (current US$),92783947368.4211,,https://api.worldbank.org/v2/country/IDN;MYS;VNM;THA;PHL;SGP;BRN;KHM;LAO;MMR;TLS/indicator/NY.GDP.MKTP.CD?format=json&date=2000:2025&per_page=20000,raw/worldbank/b3e12b164837_NY.GDP.MKTP.CD.json
Malaysia,MYS,2000,NY.GDP.MKTP.CD,GDP (current US$),93789736842.1053,,https://api.worldbank.org/v2/country/IDN;MYS;VNM;THA;PHL;SGP;BRN;KHM;LAO;MMR;TLS/indicator/NY.GDP.MKTP.CD?format=json&date=2000:2025&per_page=20000,raw/worldbank/b3e12b164837_NY.GDP.MKTP.CD.json
Philippines,PHL,2025,NY.GDP.MKTP.CD,GDP (current US$),487086123720.417,,https://api.worldbank.org/v2/country/IDN;MYS;VNM;THA;PHL;SGP;BRN;KHM;LAO;MMR;TLS/indicator/NY.GDP.MKTP.CD?format=json&date=2000:2025&per_page=20000,raw/worldbank/b3e12b164837_NY.GDP.MKTP.CD.json
Philippines,PHL,2024,NY.GDP.MKTP.CD,GDP (current US$),461671157904.74,,https://api.worldbank.org/v2/country/IDN;MYS;VNM;THA;PHL;SGP;BRN;KHM;LAO;MMR;TLS/indicator/NY.GDP.MKTP.CD?format=json&date=2000:2025&per_page=20000,raw/worldbank/b3e12b164837_NY.GDP.MKTP.CD.json
Philippines,PHL,2023,NY.GDP.MKTP.CD,GDP (current US$),437055627245.138,,https://api.worldbank.org/v2/country/IDN;MYS;VNM;THA;PHL;SGP;BRN;KHM;LAO;MMR;TLS/indicator/NY.GDP.MKTP.CD?format=json&date=2000:2025&per_page=20000,raw/worldbank/b3e12b164837_NY.GDP.MKTP.CD.json
Philippines,PHL,2022,NY.GDP.MKTP.CD,GDP (current US$),404353369604.631,,https://api.worldbank.org/v2/country/IDN;MYS;VNM;THA;PHL;SGP;BRN;KHM;LAO;MMR;TLS/indicator/NY.GDP.MKTP.CD?format=json&date=2000:2025&per_page=20000,raw/worldbank/b3e12b164837_NY.GDP.MKTP.CD.json
Philippines,PHL,2021,NY.GDP.MKTP.CD,GDP (current US$),394087359848.11,,https://api.worldbank.org/v2/country/IDN;MYS;VNM;THA;PHL;SGP;BRN;KHM;LAO;MMR;TLS/indicator/NY.GDP.MKTP.CD?format=json&date=2000:2025&per_page=20000,raw/worldbank/b3e12b164837_NY.GDP.MKTP.CD.json
Philippines,PHL,2020,NY.GDP.MKTP.CD,GDP (current US$),361751145451.597,,https://api.worldbank.org/v2/country/IDN;MYS;VNM;THA;PHL;SGP;BRN;KHM;LAO;MMR;TLS/indicator/NY.GDP.MKTP.CD?format=json&date=2000:2025&per_page=20000,raw/worldbank/b3e12b164837_NY.GDP.MKTP.CD.json
Philippines,PHL,2019,NY.GDP.MKTP.CD,GDP (current US$),376823402239.136,,https://api.worldbank.org/v2/country/IDN;MYS;VNM;THA;PHL;SGP;BRN;KHM;LAO;MMR;TLS/indicator/NY.GDP.MKTP.CD?format=json&date=2000:2025&per_page=20000,raw/worldbank/b3e12b164837_NY.GDP.MKTP.CD.json
Philippines,PHL,2018,NY.GDP.MKTP.CD,GDP (current US$),346841896587.313,,https://api.worldbank.org/v2/country/IDN;MYS;VNM;THA;PHL;SGP;BRN;KHM;LAO;MMR;TLS/indicator/NY.GDP.MKTP.CD?format=json&date=2000:2025&per_page=20000,raw/worldbank/b3e12b164837_NY.GDP.MKTP.CD.json
Philippines,PHL,2017,NY.GDP.MKTP.CD,GDP (current US$),328480736802.76,,https://api.worldbank.org/v2/country/IDN;MYS;VNM;THA;PHL;SGP;BRN;KHM;LAO;MMR;TLS/indicator/NY.GDP.MKTP.CD?format=json&date=2000:2025&per_page=20000,raw/worldbank/b3e12b164837_NY.GDP.MKTP.CD.json
Philippines,PHL,2016,NY.GDP.MKTP.CD,GDP (current US$),318627003016.731,,https://api.worldbank.org/v2/country/IDN;MYS;VNM;THA;PHL;SGP;BRN;KHM;LAO;MMR;TLS/indicator/NY.GDP.MKTP.CD?format=json&date=2000:2025&per_page=20000,raw/worldbank/b3e12b164837_NY.GDP.MKTP.CD.json
Philippines,PHL,2015,NY.GDP.MKTP.CD,GDP (current US$),306445871242.322,,https://api.worldbank.org/v2/country/IDN;MYS;VNM;THA;PHL;SGP;BRN;KHM;LAO;MMR;TLS/indicator/NY.GDP.MKTP.CD?format=json&date=2000:2025&per_page=20000,raw/worldbank/b3e12b164837_NY.GDP.MKTP.CD.json
Philippines,PHL,2014,NY.GDP.MKTP.CD,GDP (current US$),297483555338.044,,https://api.worldbank.org/v2/country/IDN;MYS;VNM;THA;PHL;SGP;BRN;KHM;LAO;MMR;TLS/indicator/NY.GDP.MKTP.CD?format=json&date=2000:2025&per_page=20000,raw/worldbank/b3e12b164837_NY.GDP.MKTP.CD.json
Philippines,PHL,2013,NY.GDP.MKTP.CD,GDP (current US$),283902828588.718,,https://api.worldbank.org/v2/country/IDN;MYS;VNM;THA;PHL;SGP;BRN;KHM;LAO;MMR;TLS/indicator/NY.GDP.MKTP.CD?format=json&date=2000:2025&per_page=20000,raw/worldbank/b3e12b164837_NY.GDP.MKTP.CD.json
Philippines,PHL,2012,NY.GDP.MKTP.CD,GDP (current US$),261920540962.63,,https://api.worldbank.org/v2/country/IDN;MYS;VNM;THA;PHL;SGP;BRN;KHM;LAO;MMR;TLS/indicator/NY.GDP.MKTP.CD?format=json&date=2000:2025&per_page=20000,raw/worldbank/b3e12b164837_NY.GDP.MKTP.CD.json
Philippines,PHL,2011,NY.GDP.MKTP.CD,GDP (current US$),234216730291.32,,https://api.worldbank.org/v2/country/IDN;MYS;VNM;THA;PHL;SGP;BRN;KHM;LAO;MMR;TLS/indicator/NY.GDP.MKTP.CD?format=json&date=2000:2025&per_page=20000,raw/worldbank/b3e12b164837_NY.GDP.MKTP.CD.json
Philippines,PHL,2010,NY.GDP.MKTP.CD,GDP (current US$),208368893151.144,,https://api.worldbank.org/v2/country/IDN;MYS;VNM;THA;PHL;SGP;BRN;KHM;LAO;MMR;TLS/indicator/NY.GDP.MKTP.CD?format=json&date=2000:2025&per_page=20000,raw/worldbank/b3e12b164837_NY.GDP.MKTP.CD.json
Philippines,PHL,2009,NY.GDP.MKTP.CD,GDP (current US$),175974755881.372,,https://api.worldbank.org/v2/country/IDN;MYS;VNM;THA;PHL;SGP;BRN;KHM;LAO;MMR;TLS/indicator/NY.GDP.MKTP.CD?format=json&date=2000:2025&per_page=20000,raw/worldbank/b3e12b164837_NY.GDP.MKTP.CD.json
Philippines,PHL,2008,NY.GDP.MKTP.CD,GDP (current US$),181624626327.361,,https://api.worldbank.org/v2/country/IDN;MYS;VNM;THA;PHL;SGP;BRN;KHM;LAO;MMR;TLS/indicator/NY.GDP.MKTP.CD?format=json&date=2000:2025&per_page=20000,raw/worldbank/b3e12b164837_NY.GDP.MKTP.CD.json
Philippines,PHL,2007,NY.GDP.MKTP.CD,GDP (current US$),155980408673.403,,https://api.worldbank.org/v2/country/IDN;MYS;VNM;THA;PHL;SGP;BRN;KHM;LAO;MMR;TLS/indicator/NY.GDP.MKTP.CD?format=json&date=2000:2025&per_page=20000,raw/worldbank/b3e12b164837_NY.GDP.MKTP.CD.json
Philippines,PHL,2006,NY.GDP.MKTP.CD,GDP (current US$),127652926368.069,,https://api.worldbank.org/v2/country/IDN;MYS;VNM;THA;PHL;SGP;BRN;KHM;LAO;MMR;TLS/indicator/NY.GDP.MKTP.CD?format=json&date=2000:2025&per_page=20000,raw/worldbank/b3e12b164837_NY.GDP.MKTP.CD.json
Philippines,PHL,2005,NY.GDP.MKTP.CD,GDP (current US$),107419977318.166,,https://api.worldbank.org/v2/country/IDN;MYS;VNM;THA;PHL;SGP;BRN;KHM;LAO;MMR;TLS/indicator/NY.GDP.MKTP.CD?format=json&date=2000:2025&per_page=20000,raw/worldbank/b3e12b164837_NY.GDP.MKTP.CD.json
Philippines,PHL,2004,NY.GDP.MKTP.CD,GDP (current US$),95001999685.3314,,https://api.worldbank.org/v2/country/IDN;MYS;VNM;THA;PHL;SGP;BRN;KHM;LAO;MMR;TLS/indicator/NY.GDP.MKTP.CD?format=json&date=2000:2025&per_page=20000,raw/worldbank/b3e12b164837_NY.GDP.MKTP.CD.json
Philippines,PHL,2003,NY.GDP.MKTP.CD,GDP (current US$),87039092974.2272,,https://api.worldbank.org/v2/country/IDN;MYS;VNM;THA;PHL;SGP;BRN;KHM;LAO;MMR;TLS/indicator/NY.GDP.MKTP.CD?format=json&date=2000:2025&per_page=20000,raw/worldbank/b3e12b164837_NY.GDP.MKTP.CD.json
Philippines,PHL,2002,NY.GDP.MKTP.CD,GDP (current US$),84307345887.543,,https://api.worldbank.org/v2/country/IDN;MYS;VNM;THA;PHL;SGP;BRN;KHM;LAO;MMR;TLS/indicator/NY.GDP.MKTP.CD?format=json&date=2000:2025&per_page=20000,raw/worldbank/b3e12b164837_NY.GDP.MKTP.CD.json
Philippines,PHL,2001,NY.GDP.MKTP.CD,GDP (current US$),78921234457.5487,,https://api.worldbank.org/v2/country/IDN;MYS;VNM;THA;PHL;SGP;BRN;KHM;LAO;MMR;TLS/indicator/NY.GDP.MKTP.CD?format=json&date=2000:2025&per_page=20000,raw/worldbank/b3e12b164837_NY.GDP.MKTP.CD.json
Philippines,PHL,2000,NY.GDP.MKTP.CD,GDP (current US$),83669788376.9213,,https://api.worldbank.org/v2/country/IDN;MYS;VNM;THA;PHL;SGP;BRN;KHM;LAO;MMR;TLS/indicator/NY.GDP.MKTP.CD?format=json&date=2000:2025&per_page=20000,raw/worldbank/b3e12b164837_NY.GDP.MKTP.CD.json
Singapore,SGP,2025,NY.GDP.MKTP.CD,GDP (current US$),603869516998.738,,https://api.worldbank.org/v2/country/IDN;MYS;VNM;THA;PHL;SGP;BRN;KHM;LAO;MMR;TLS/indicator/NY.GDP.MKTP.CD?format=json&date=2000:2025&per_page=20000,raw/worldbank/b3e12b164837_NY.GDP.MKTP.CD.json
Singapore,SGP,2024,NY.GDP.MKTP.CD,GDP (current US$),572877260178.427,,https://api.worldbank.org/v2/country/IDN;MYS;VNM;THA;PHL;SGP;BRN;KHM;LAO;MMR;TLS/indicator/NY.GDP.MKTP.CD?format=json&date=2000:2025&per_page=20000,raw/worldbank/b3e12b164837_NY.GDP.MKTP.CD.json
Singapore,SGP,2023,NY.GDP.MKTP.CD,GDP (current US$),511181761243.76,,https://api.worldbank.org/v2/country/IDN;MYS;VNM;THA;PHL;SGP;BRN;KHM;LAO;MMR;TLS/indicator/NY.GDP.MKTP.CD?format=json&date=2000:2025&per_page=20000,raw/worldbank/b3e12b164837_NY.GDP.MKTP.CD.json
Singapore,SGP,2022,NY.GDP.MKTP.CD,GDP (current US$),514252535238.749,,https://api.worldbank.org/v2/country/IDN;MYS;VNM;THA;PHL;SGP;BRN;KHM;LAO;MMR;TLS/indicator/NY.GDP.MKTP.CD?format=json&date=2000:2025&per_page=20000,raw/worldbank/b3e12b164837_NY.GDP.MKTP.CD.json
Singapore,SGP,2021,NY.GDP.MKTP.CD,GDP (current US$),441110903524.645,,https://api.worldbank.org/v2/country/IDN;MYS;VNM;THA;PHL;SGP;BRN;KHM;LAO;MMR;TLS/indicator/NY.GDP.MKTP.CD?format=json&date=2000:2025&per_page=20000,raw/worldbank/b3e12b164837_NY.GDP.MKTP.CD.json
Singapore,SGP,2020,NY.GDP.MKTP.CD,GDP (current US$),351226533656.292,,https://api.worldbank.org/v2/country/IDN;MYS;VNM;THA;PHL;SGP;BRN;KHM;LAO;MMR;TLS/indicator/NY.GDP.MKTP.CD?format=json&date=2000:2025&per_page=20000,raw/worldbank/b3e12b164837_NY.GDP.MKTP.CD.json
Singapore,SGP,2019,NY.GDP.MKTP.CD,GDP (current US$),376827390962.044,,https://api.worldbank.org/v2/country/IDN;MYS;VNM;THA;PHL;SGP;BRN;KHM;LAO;MMR;TLS/indicator/NY.GDP.MKTP.CD?format=json&date=2000:2025&per_page=20000,raw/worldbank/b3e12b164837_NY.GDP.MKTP.CD.json
Singapore,SGP,2018,NY.GDP.MKTP.CD,GDP (current US$),377976367877.038,,https://api.worldbank.org/v2/country/IDN;MYS;VNM;THA;PHL;SGP;BRN;KHM;LAO;MMR;TLS/indicator/NY.GDP.MKTP.CD?format=json&date=2000:2025&per_page=20000,raw/worldbank/b3e12b164837_NY.GDP.MKTP.CD.json
Singapore,SGP,2017,NY.GDP.MKTP.CD,GDP (current US$),344795119213.571,,https://api.worldbank.org/v2/country/IDN;MYS;VNM;THA;PHL;SGP;BRN;KHM;LAO;MMR;TLS/indicator/NY.GDP.MKTP.CD?format=json&date=2000:2025&per_page=20000,raw/worldbank/b3e12b164837_NY.GDP.MKTP.CD.json
Singapore,SGP,2016,NY.GDP.MKTP.CD,GDP (current US$),320759207438.623,,https://api.worldbank.org/v2/country/IDN;MYS;VNM;THA;PHL;SGP;BRN;KHM;LAO;MMR;TLS/indicator/NY.GDP.MKTP.CD?format=json&date=2000:2025&per_page=20000,raw/worldbank/b3e12b164837_NY.GDP.MKTP.CD.json
Singapore,SGP,2015,NY.GDP.MKTP.CD,GDP (current US$),307998545269.398,,https://api.worldbank.org/v2/country/IDN;MYS;VNM;THA;PHL;SGP;BRN;KHM;LAO;MMR;TLS/indicator/NY.GDP.MKTP.CD?format=json&date=2000:2025&per_page=20000,raw/worldbank/b3e12b164837_NY.GDP.MKTP.CD.json
Singapore,SGP,2014,NY.GDP.MKTP.CD,GDP (current US$),314863580758.455,,https://api.worldbank.org/v2/country/IDN;MYS;VNM;THA;PHL;SGP;BRN;KHM;LAO;MMR;TLS/indicator/NY.GDP.MKTP.CD?format=json&date=2000:2025&per_page=20000,raw/worldbank/b3e12b164837_NY.GDP.MKTP.CD.json
Singapore,SGP,2013,NY.GDP.MKTP.CD,GDP (current US$),307576360584.992,,https://api.worldbank.org/v2/country/IDN;MYS;VNM;THA;PHL;SGP;BRN;KHM;LAO;MMR;TLS/indicator/NY.GDP.MKTP.CD?format=json&date=2000:2025&per_page=20000,raw/worldbank/b3e12b164837_NY.GDP.MKTP.CD.json
Singapore,SGP,2012,NY.GDP.MKTP.CD,GDP (current US$),295092888076.589,,https://api.worldbank.org/v2/country/IDN;MYS;VNM;THA;PHL;SGP;BRN;KHM;LAO;MMR;TLS/indicator/NY.GDP.MKTP.CD?format=json&date=2000:2025&per_page=20000,raw/worldbank/b3e12b164837_NY.GDP.MKTP.CD.json
Singapore,SGP,2011,NY.GDP.MKTP.CD,GDP (current US$),279356499090.458,,https://api.worldbank.org/v2/country/IDN;MYS;VNM;THA;PHL;SGP;BRN;KHM;LAO;MMR;TLS/indicator/NY.GDP.MKTP.CD?format=json&date=2000:2025&per_page=20000,raw/worldbank/b3e12b164837_NY.GDP.MKTP.CD.json
Singapore,SGP,2010,NY.GDP.MKTP.CD,GDP (current US$),239807980591.24,,https://api.worldbank.org/v2/country/IDN;MYS;VNM;THA;PHL;SGP;BRN;KHM;LAO;MMR;TLS/indicator/NY.GDP.MKTP.CD?format=json&date=2000:2025&per_page=20000,raw/worldbank/b3e12b164837_NY.GDP.MKTP.CD.json
Singapore,SGP,2009,NY.GDP.MKTP.CD,GDP (current US$),194150283771.566,,https://api.worldbank.org/v2/country/IDN;MYS;VNM;THA;PHL;SGP;BRN;KHM;LAO;MMR;TLS/indicator/NY.GDP.MKTP.CD?format=json&date=2000:2025&per_page=20000,raw/worldbank/b3e12b164837_NY.GDP.MKTP.CD.json
Singapore,SGP,2008,NY.GDP.MKTP.CD,GDP (current US$),193617323539.203,,https://api.worldbank.org/v2/country/IDN;MYS;VNM;THA;PHL;SGP;BRN;KHM;LAO;MMR;TLS/indicator/NY.GDP.MKTP.CD?format=json&date=2000:2025&per_page=20000,raw/worldbank/b3e12b164837_NY.GDP.MKTP.CD.json
Singapore,SGP,2007,NY.GDP.MKTP.CD,GDP (current US$),180941701357.97,,https://api.worldbank.org/v2/country/IDN;MYS;VNM;THA;PHL;SGP;BRN;KHM;LAO;MMR;TLS/indicator/NY.GDP.MKTP.CD?format=json&date=2000:2025&per_page=20000,raw/worldbank/b3e12b164837_NY.GDP.MKTP.CD.json
Singapore,SGP,2006,NY.GDP.MKTP.CD,GDP (current US$),148627286361.351,,https://api.worldbank.org/v2/country/IDN;MYS;VNM;THA;PHL;SGP;BRN;KHM;LAO;MMR;TLS/indicator/NY.GDP.MKTP.CD?format=json&date=2000:2025&per_page=20000,raw/worldbank/b3e12b164837_NY.GDP.MKTP.CD.json
Singapore,SGP,2005,NY.GDP.MKTP.CD,GDP (current US$),127807848728.398,,https://api.worldbank.org/v2/country/IDN;MYS;VNM;THA;PHL;SGP;BRN;KHM;LAO;MMR;TLS/indicator/NY.GDP.MKTP.CD?format=json&date=2000:2025&per_page=20000,raw/worldbank/b3e12b164837_NY.GDP.MKTP.CD.json
Singapore,SGP,2004,NY.GDP.MKTP.CD,GDP (current US$),115033593101.049,,https://api.worldbank.org/v2/country/IDN;MYS;VNM;THA;PHL;SGP;BRN;KHM;LAO;MMR;TLS/indicator/NY.GDP.MKTP.CD?format=json&date=2000:2025&per_page=20000,raw/worldbank/b3e12b164837_NY.GDP.MKTP.CD.json
Singapore,SGP,2003,NY.GDP.MKTP.CD,GDP (current US$),97646401095.6369,,https://api.worldbank.org/v2/country/IDN;MYS;VNM;THA;PHL;SGP;BRN;KHM;LAO;MMR;TLS/indicator/NY.GDP.MKTP.CD?format=json&date=2000:2025&per_page=20000,raw/worldbank/b3e12b164837_NY.GDP.MKTP.CD.json
Singapore,SGP,2002,NY.GDP.MKTP.CD,GDP (current US$),92538372869.6942,,https://api.worldbank.org/v2/country/IDN;MYS;VNM;THA;PHL;SGP;BRN;KHM;LAO;MMR;TLS/indicator/NY.GDP.MKTP.CD?format=json&date=2000:2025&per_page=20000,raw/worldbank/b3e12b164837_NY.GDP.MKTP.CD.json
Singapore,SGP,2001,NY.GDP.MKTP.CD,GDP (current US$),89793790669.6515,,https://api.worldbank.org/v2/country/IDN;MYS;VNM;THA;PHL;SGP;BRN;KHM;LAO;MMR;TLS/indicator/NY.GDP.MKTP.CD?format=json&date=2000:2025&per_page=20000,raw/worldbank/b3e12b164837_NY.GDP.MKTP.CD.json
Singapore,SGP,2000,NY.GDP.MKTP.CD,GDP (current US$),96076539925.7409,,https://api.worldbank.org/v2/country/IDN;MYS;VNM;THA;PHL;SGP;BRN;KHM;LAO;MMR;TLS/indicator/NY.GDP.MKTP.CD?format=json&date=2000:2025&per_page=20000,raw/worldbank/b3e12b164837_NY.GDP.MKTP.CD.json
Thailand,THA,2025,NY.GDP.MKTP.CD,GDP (current US$),577009981112.015,,https://api.worldbank.org/v2/country/IDN;MYS;VNM;THA;PHL;SGP;BRN;KHM;LAO;MMR;TLS/indicator/NY.GDP.MKTP.CD?format=json&date=2000:2025&per_page=20000,raw/worldbank/b3e12b164837_NY.GDP.MKTP.CD.json
Thailand,THA,2024,NY.GDP.MKTP.CD,GDP (current US$),529385520941.539,,https://api.worldbank.org/v2/country/IDN;MYS;VNM;THA;PHL;SGP;BRN;KHM;LAO;MMR;TLS/indicator/NY.GDP.MKTP.CD?format=json&date=2000:2025&per_page=20000,raw/worldbank/b3e12b164837_NY.GDP.MKTP.CD.json
Thailand,THA,2023,NY.GDP.MKTP.CD,GDP (current US$),517013369475.121,,https://api.worldbank.org/v2/country/IDN;MYS;VNM;THA;PHL;SGP;BRN;KHM;LAO;MMR;TLS/indicator/NY.GDP.MKTP.CD?format=json&date=2000:2025&per_page=20000,raw/worldbank/b3e12b164837_NY.GDP.MKTP.CD.json
Thailand,THA,2022,NY.GDP.MKTP.CD,GDP (current US$),495691837308.033,,https://api.worldbank.org/v2/country/IDN;MYS;VNM;THA;PHL;SGP;BRN;KHM;LAO;MMR;TLS/indicator/NY.GDP.MKTP.CD?format=json&date=2000:2025&per_page=20000,raw/worldbank/b3e12b164837_NY.GDP.MKTP.CD.json
Thailand,THA,2021,NY.GDP.MKTP.CD,GDP (current US$),506049783824.94,,https://api.worldbank.org/v2/country/IDN;MYS;VNM;THA;PHL;SGP;BRN;KHM;LAO;MMR;TLS/indicator/NY.GDP.MKTP.CD?format=json&date=2000:2025&per_page=20000,raw/worldbank/b3e12b164837_NY.GDP.MKTP.CD.json
Thailand,THA,2020,NY.GDP.MKTP.CD,GDP (current US$),500274927778.532,,https://api.worldbank.org/v2/country/IDN;MYS;VNM;THA;PHL;SGP;BRN;KHM;LAO;MMR;TLS/indicator/NY.GDP.MKTP.CD?format=json&date=2000:2025&per_page=20000,raw/worldbank/b3e12b164837_NY.GDP.MKTP.CD.json
Thailand,THA,2019,NY.GDP.MKTP.CD,GDP (current US$),543976691793.886,,https://api.worldbank.org/v2/country/IDN;MYS;VNM;THA;PHL;SGP;BRN;KHM;LAO;MMR;TLS/indicator/NY.GDP.MKTP.CD?format=json&date=2000:2025&per_page=20000,raw/worldbank/b3e12b164837_NY.GDP.MKTP.CD.json
Thailand,THA,2018,NY.GDP.MKTP.CD,GDP (current US$),506754208404.485,,https://api.worldbank.org/v2/country/IDN;MYS;VNM;THA;PHL;SGP;BRN;KHM;LAO;MMR;TLS/indicator/NY.GDP.MKTP.CD?format=json&date=2000:2025&per_page=20000,raw/worldbank/b3e12b164837_NY.GDP.MKTP.CD.json
Thailand,THA,2017,NY.GDP.MKTP.CD,GDP (current US$),456356813536.764,,https://api.worldbank.org/v2/country/IDN;MYS;VNM;THA;PHL;SGP;BRN;KHM;LAO;MMR;TLS/indicator/NY.GDP.MKTP.CD?format=json&date=2000:2025&per_page=20000,raw/worldbank/b3e12b164837_NY.GDP.MKTP.CD.json
Thailand,THA,2016,NY.GDP.MKTP.CD,GDP (current US$),413366349747.508,,https://api.worldbank.org/v2/country/IDN;MYS;VNM;THA;PHL;SGP;BRN;KHM;LAO;MMR;TLS/indicator/NY.GDP.MKTP.CD?format=json&date=2000:2025&per_page=20000,raw/worldbank/b3e12b164837_NY.GDP.MKTP.CD.json
Thailand,THA,2015,NY.GDP.MKTP.CD,GDP (current US$),401296238228.084,,https://api.worldbank.org/v2/country/IDN;MYS;VNM;THA;PHL;SGP;BRN;KHM;LAO;MMR;TLS/indicator/NY.GDP.MKTP.CD?format=json&date=2000:2025&per_page=20000,raw/worldbank/b3e12b164837_NY.GDP.MKTP.CD.json
Thailand,THA,2014,NY.GDP.MKTP.CD,GDP (current US$),407339040197.651,,https://api.worldbank.org/v2/country/IDN;MYS;VNM;THA;PHL;SGP;BRN;KHM;LAO;MMR;TLS/indicator/NY.GDP.MKTP.CD?format=json&date=2000:2025&per_page=20000,raw/worldbank/b3e12b164837_NY.GDP.MKTP.CD.json
Thailand,THA,2013,NY.GDP.MKTP.CD,GDP (current US$),420333654592.547,,https://api.worldbank.org/v2/country/IDN;MYS;VNM;THA;PHL;SGP;BRN;KHM;LAO;MMR;TLS/indicator/NY.GDP.MKTP.CD?format=json&date=2000:2025&per_page=20000,raw/worldbank/b3e12b164837_NY.GDP.MKTP.CD.json
Thailand,THA,2012,NY.GDP.MKTP.CD,GDP (current US$),397558325278.579,,https://api.worldbank.org/v2/country/IDN;MYS;VNM;THA;PHL;SGP;BRN;KHM;LAO;MMR;TLS/indicator/NY.GDP.MKTP.CD?format=json&date=2000:2025&per_page=20000,raw/worldbank/b3e12b164837_NY.GDP.MKTP.CD.json
Thailand,THA,2011,NY.GDP.MKTP.CD,GDP (current US$),370818739623.622,,https://api.worldbank.org/v2/country/IDN;MYS;VNM;THA;PHL;SGP;BRN;KHM;LAO;MMR;TLS/indicator/NY.GDP.MKTP.CD?format=json&date=2000:2025&per_page=20000,raw/worldbank/b3e12b164837_NY.GDP.MKTP.CD.json
Thailand,THA,2010,NY.GDP.MKTP.CD,GDP (current US$),341104766329.17,,https://api.worldbank.org/v2/country/IDN;MYS;VNM;THA;PHL;SGP;BRN;KHM;LAO;MMR;TLS/indicator/NY.GDP.MKTP.CD?format=json&date=2000:2025&per_page=20000,raw/worldbank/b3e12b164837_NY.GDP.MKTP.CD.json
Thailand,THA,2009,NY.GDP.MKTP.CD,GDP (current US$),281710630187.319,,https://api.worldbank.org/v2/country/IDN;MYS;VNM;THA;PHL;SGP;BRN;KHM;LAO;MMR;TLS/indicator/NY.GDP.MKTP.CD?format=json&date=2000:2025&per_page=20000,raw/worldbank/b3e12b164837_NY.GDP.MKTP.CD.json
Thailand,THA,2008,NY.GDP.MKTP.CD,GDP (current US$),291382982430.951,,https://api.worldbank.org/v2/country/IDN;MYS;VNM;THA;PHL;SGP;BRN;KHM;LAO;MMR;TLS/indicator/NY.GDP.MKTP.CD?format=json&date=2000:2025&per_page=20000,raw/worldbank/b3e12b164837_NY.GDP.MKTP.CD.json
Thailand,THA,2007,NY.GDP.MKTP.CD,GDP (current US$),262942621455.053,,https://api.worldbank.org/v2/country/IDN;MYS;VNM;THA;PHL;SGP;BRN;KHM;LAO;MMR;TLS/indicator/NY.GDP.MKTP.CD?format=json&date=2000:2025&per_page=20000,raw/worldbank/b3e12b164837_NY.GDP.MKTP.CD.json
Thailand,THA,2006,NY.GDP.MKTP.CD,GDP (current US$),221758296021.621,,https://api.worldbank.org/v2/country/IDN;MYS;VNM;THA;PHL;SGP;BRN;KHM;LAO;MMR;TLS/indicator/NY.GDP.MKTP.CD?format=json&date=2000:2025&per_page=20000,raw/worldbank/b3e12b164837_NY.GDP.MKTP.CD.json
Thailand,THA,2005,NY.GDP.MKTP.CD,GDP (current US$),189318408468.595,,https://api.worldbank.org/v2/country/IDN;MYS;VNM;THA;PHL;SGP;BRN;KHM;LAO;MMR;TLS/indicator/NY.GDP.MKTP.CD?format=json&date=2000:2025&per_page=20000,raw/worldbank/b3e12b164837_NY.GDP.MKTP.CD.json
Thailand,THA,2004,NY.GDP.MKTP.CD,GDP (current US$),172895685154.658,,https://api.worldbank.org/v2/country/IDN;MYS;VNM;THA;PHL;SGP;BRN;KHM;LAO;MMR;TLS/indicator/NY.GDP.MKTP.CD?format=json&date=2000:2025&per_page=20000,raw/worldbank/b3e12b164837_NY.GDP.MKTP.CD.json
Thailand,THA,2003,NY.GDP.MKTP.CD,GDP (current US$),152280615245.887,,https://api.worldbank.org/v2/country/IDN;MYS;VNM;THA;PHL;SGP;BRN;KHM;LAO;MMR;TLS/indicator/NY.GDP.MKTP.CD?format=json&date=2000:2025&per_page=20000,raw/worldbank/b3e12b164837_NY.GDP.MKTP.CD.json
Thailand,THA,2002,NY.GDP.MKTP.CD,GDP (current US$),134300904400.022,,https://api.worldbank.org/v2/country/IDN;MYS;VNM;THA;PHL;SGP;BRN;KHM;LAO;MMR;TLS/indicator/NY.GDP.MKTP.CD?format=json&date=2000:2025&per_page=20000,raw/worldbank/b3e12b164837_NY.GDP.MKTP.CD.json
Thailand,THA,2001,NY.GDP.MKTP.CD,GDP (current US$),120296476180.402,,https://api.worldbank.org/v2/country/IDN;MYS;VNM;THA;PHL;SGP;BRN;KHM;LAO;MMR;TLS/indicator/NY.GDP.MKTP.CD?format=json&date=2000:2025&per_page=20000,raw/worldbank/b3e12b164837_NY.GDP.MKTP.CD.json
Thailand,THA,2000,NY.GDP.MKTP.CD,GDP (current US$),126392224253.794,,https://api.worldbank.org/v2/country/IDN;MYS;VNM;THA;PHL;SGP;BRN;KHM;LAO;MMR;TLS/indicator/NY.GDP.MKTP.CD?format=json&date=2000:2025&per_page=20000,raw/worldbank/b3e12b164837_NY.GDP.MKTP.CD.json
Timor-Leste,TLS,2025,NY.GDP.MKTP.CD,GDP (current US$),1902180257.82737,,https://api.worldbank.org/v2/country/IDN;MYS;VNM;THA;PHL;SGP;BRN;KHM;LAO;MMR;TLS/indicator/NY.GDP.MKTP.CD?format=json&date=2000:2025&per_page=20000,raw/worldbank/b3e12b164837_NY.GDP.MKTP.CD.json
Timor-Leste,TLS,2024,NY.GDP.MKTP.CD,GDP (current US$),1865608515.41321,,https://api.worldbank.org/v2/country/IDN;MYS;VNM;THA;PHL;SGP;BRN;KHM;LAO;MMR;TLS/indicator/NY.GDP.MKTP.CD?format=json&date=2000:2025&per_page=20000,raw/worldbank/b3e12b164837_NY.GDP.MKTP.CD.json
Timor-Leste,TLS,2023,NY.GDP.MKTP.CD,GDP (current US$),2079767200,,https://api.worldbank.org/v2/country/IDN;MYS;VNM;THA;PHL;SGP;BRN;KHM;LAO;MMR;TLS/indicator/NY.GDP.MKTP.CD?format=json&date=2000:2025&per_page=20000,raw/worldbank/b3e12b164837_NY.GDP.MKTP.CD.json
Timor-Leste,TLS,2022,NY.GDP.MKTP.CD,GDP (current US$),3208599900,,https://api.worldbank.org/v2/country/IDN;MYS;VNM;THA;PHL;SGP;BRN;KHM;LAO;MMR;TLS/indicator/NY.GDP.MKTP.CD?format=json&date=2000:2025&per_page=20000,raw/worldbank/b3e12b164837_NY.GDP.MKTP.CD.json
Timor-Leste,TLS,2021,NY.GDP.MKTP.CD,GDP (current US$),3625024300,,https://api.worldbank.org/v2/country/IDN;MYS;VNM;THA;PHL;SGP;BRN;KHM;LAO;MMR;TLS/indicator/NY.GDP.MKTP.CD?format=json&date=2000:2025&per_page=20000,raw/worldbank/b3e12b164837_NY.GDP.MKTP.CD.json
Timor-Leste,TLS,2020,NY.GDP.MKTP.CD,GDP (current US$),2162619200,,https://api.worldbank.org/v2/country/IDN;MYS;VNM;THA;PHL;SGP;BRN;KHM;LAO;MMR;TLS/indicator/NY.GDP.MKTP.CD?format=json&date=2000:2025&per_page=20000,raw/worldbank/b3e12b164837_NY.GDP.MKTP.CD.json
Timor-Leste,TLS,2019,NY.GDP.MKTP.CD,GDP (current US$),2032550400,,https://api.worldbank.org/v2/country/IDN;MYS;VNM;THA;PHL;SGP;BRN;KHM;LAO;MMR;TLS/indicator/NY.GDP.MKTP.CD?format=json&date=2000:2025&per_page=20000,raw/worldbank/b3e12b164837_NY.GDP.MKTP.CD.json
Timor-Leste,TLS,2018,NY.GDP.MKTP.CD,GDP (current US$),1555988600,,https://api.worldbank.org/v2/country/IDN;MYS;VNM;THA;PHL;SGP;BRN;KHM;LAO;MMR;TLS/indicator/NY.GDP.MKTP.CD?format=json&date=2000:2025&per_page=20000,raw/worldbank/b3e12b164837_NY.GDP.MKTP.CD.json
Timor-Leste,TLS,2017,NY.GDP.MKTP.CD,GDP (current US$),1584878400,,https://api.worldbank.org/v2/country/IDN;MYS;VNM;THA;PHL;SGP;BRN;KHM;LAO;MMR;TLS/indicator/NY.GDP.MKTP.CD?format=json&date=2000:2025&per_page=20000,raw/worldbank/b3e12b164837_NY.GDP.MKTP.CD.json
Timor-Leste,TLS,2016,NY.GDP.MKTP.CD,GDP (current US$),1640464600,,https://api.worldbank.org/v2/country/IDN;MYS;VNM;THA;PHL;SGP;BRN;KHM;LAO;MMR;TLS/indicator/NY.GDP.MKTP.CD?format=json&date=2000:2025&per_page=20000,raw/worldbank/b3e12b164837_NY.GDP.MKTP.CD.json
Timor-Leste,TLS,2015,NY.GDP.MKTP.CD,GDP (current US$),1590282400,,https://api.worldbank.org/v2/country/IDN;MYS;VNM;THA;PHL;SGP;BRN;KHM;LAO;MMR;TLS/indicator/NY.GDP.MKTP.CD?format=json&date=2000:2025&per_page=20000,raw/worldbank/b3e12b164837_NY.GDP.MKTP.CD.json
Timor-Leste,TLS,2014,NY.GDP.MKTP.CD,GDP (current US$),1447535200,,https://api.worldbank.org/v2/country/IDN;MYS;VNM;THA;PHL;SGP;BRN;KHM;LAO;MMR;TLS/indicator/NY.GDP.MKTP.CD?format=json&date=2000:2025&per_page=20000,raw/worldbank/b3e12b164837_NY.GDP.MKTP.CD.json
Timor-Leste,TLS,2013,NY.GDP.MKTP.CD,GDP (current US$),1395727400,,https://api.worldbank.org/v2/country/IDN;MYS;VNM;THA;PHL;SGP;BRN;KHM;LAO;MMR;TLS/indicator/NY.GDP.MKTP.CD?format=json&date=2000:2025&per_page=20000,raw/worldbank/b3e12b164837_NY.GDP.MKTP.CD.json
Timor-Leste,TLS,2012,NY.GDP.MKTP.CD,GDP (current US$),1160555000,,https://api.worldbank.org/v2/country/IDN;MYS;VNM;THA;PHL;SGP;BRN;KHM;LAO;MMR;TLS/indicator/NY.GDP.MKTP.CD?format=json&date=2000:2025&per_page=20000,raw/worldbank/b3e12b164837_NY.GDP.MKTP.CD.json
Timor-Leste,TLS,2011,NY.GDP.MKTP.CD,GDP (current US$),1042534600,,https://api.worldbank.org/v2/country/IDN;MYS;VNM;THA;PHL;SGP;BRN;KHM;LAO;MMR;TLS/indicator/NY.GDP.MKTP.CD?format=json&date=2000:2025&per_page=20000,raw/worldbank/b3e12b164837_NY.GDP.MKTP.CD.json
Timor-Leste,TLS,2010,NY.GDP.MKTP.CD,GDP (current US$),881909300,,https://api.worldbank.org/v2/country/IDN;MYS;VNM;THA;PHL;SGP;BRN;KHM;LAO;MMR;TLS/indicator/NY.GDP.MKTP.CD?format=json&date=2000:2025&per_page=20000,raw/worldbank/b3e12b164837_NY.GDP.MKTP.CD.json
Timor-Leste,TLS,2009,NY.GDP.MKTP.CD,GDP (current US$),726937800,,https://api.worldbank.org/v2/country/IDN;MYS;VNM;THA;PHL;SGP;BRN;KHM;LAO;MMR;TLS/indicator/NY.GDP.MKTP.CD?format=json&date=2000:2025&per_page=20000,raw/worldbank/b3e12b164837_NY.GDP.MKTP.CD.json
Timor-Leste,TLS,2008,NY.GDP.MKTP.CD,GDP (current US$),648523600,,https://api.worldbank.org/v2/country/IDN;MYS;VNM;THA;PHL;SGP;BRN;KHM;LAO;MMR;TLS/indicator/NY.GDP.MKTP.CD?format=json&date=2000:2025&per_page=20000,raw/worldbank/b3e12b164837_NY.GDP.MKTP.CD.json
Timor-Leste,TLS,2007,NY.GDP.MKTP.CD,GDP (current US$),542795400,,https://api.worldbank.org/v2/country/IDN;MYS;VNM;THA;PHL;SGP;BRN;KHM;LAO;MMR;TLS/indicator/NY.GDP.MKTP.CD?format=json&date=2000:2025&per_page=20000,raw/worldbank/b3e12b164837_NY.GDP.MKTP.CD.json
Timor-Leste,TLS,2006,NY.GDP.MKTP.CD,GDP (current US$),453792400,,https://api.worldbank.org/v2/country/IDN;MYS;VNM;THA;PHL;SGP;BRN;KHM;LAO;MMR;TLS/indicator/NY.GDP.MKTP.CD?format=json&date=2000:2025&per_page=20000,raw/worldbank/b3e12b164837_NY.GDP.MKTP.CD.json
Timor-Leste,TLS,2005,NY.GDP.MKTP.CD,GDP (current US$),462268000,,https://api.worldbank.org/v2/country/IDN;MYS;VNM;THA;PHL;SGP;BRN;KHM;LAO;MMR;TLS/indicator/NY.GDP.MKTP.CD?format=json&date=2000:2025&per_page=20000,raw/worldbank/b3e12b164837_NY.GDP.MKTP.CD.json
Timor-Leste,TLS,2004,NY.GDP.MKTP.CD,GDP (current US$),440772000,,https://api.worldbank.org/v2/country/IDN;MYS;VNM;THA;PHL;SGP;BRN;KHM;LAO;MMR;TLS/indicator/NY.GDP.MKTP.CD?format=json&date=2000:2025&per_page=20000,raw/worldbank/b3e12b164837_NY.GDP.MKTP.CD.json
Timor-Leste,TLS,2003,NY.GDP.MKTP.CD,GDP (current US$),490439100,,https://api.worldbank.org/v2/country/IDN;MYS;VNM;THA;PHL;SGP;BRN;KHM;LAO;MMR;TLS/indicator/NY.GDP.MKTP.CD?format=json&date=2000:2025&per_page=20000,raw/worldbank/b3e12b164837_NY.GDP.MKTP.CD.json
Timor-Leste,TLS,2002,NY.GDP.MKTP.CD,GDP (current US$),469455500,,https://api.worldbank.org/v2/country/IDN;MYS;VNM;THA;PHL;SGP;BRN;KHM;LAO;MMR;TLS/indicator/NY.GDP.MKTP.CD?format=json&date=2000:2025&per_page=20000,raw/worldbank/b3e12b164837_NY.GDP.MKTP.CD.json
Timor-Leste,TLS,2001,NY.GDP.MKTP.CD,GDP (current US$),477359300,,https://api.worldbank.org/v2/country/IDN;MYS;VNM;THA;PHL;SGP;BRN;KHM;LAO;MMR;TLS/indicator/NY.GDP.MKTP.CD?format=json&date=2000:2025&per_page=20000,raw/worldbank/b3e12b164837_NY.GDP.MKTP.CD.json
Timor-Leste,TLS,2000,NY.GDP.MKTP.CD,GDP (current US$),366924300,,https://api.worldbank.org/v2/country/IDN;MYS;VNM;THA;PHL;SGP;BRN;KHM;LAO;MMR;TLS/indicator/NY.GDP.MKTP.CD?format=json&date=2000:2025&per_page=20000,raw/worldbank/b3e12b164837_NY.GDP.MKTP.CD.json
Viet Nam,VNM,2025,NY.GDP.MKTP.CD,GDP (current US$),514697215165.065,,https://api.worldbank.org/v2/country/IDN;MYS;VNM;THA;PHL;SGP;BRN;KHM;LAO;MMR;TLS/indicator/NY.GDP.MKTP.CD?format=json&date=2000:2025&per_page=20000,raw/worldbank/b3e12b164837_NY.GDP.MKTP.CD.json
Viet Nam,VNM,2024,NY.GDP.MKTP.CD,GDP (current US$),476324572783.807,,https://api.worldbank.org/v2/country/IDN;MYS;VNM;THA;PHL;SGP;BRN;KHM;LAO;MMR;TLS/indicator/NY.GDP.MKTP.CD?format=json&date=2000:2025&per_page=20000,raw/worldbank/b3e12b164837_NY.GDP.MKTP.CD.json
Viet Nam,VNM,2023,NY.GDP.MKTP.CD,GDP (current US$),433805036898.465,,https://api.worldbank.org/v2/country/IDN;MYS;VNM;THA;PHL;SGP;BRN;KHM;LAO;MMR;TLS/indicator/NY.GDP.MKTP.CD?format=json&date=2000:2025&per_page=20000,raw/worldbank/b3e12b164837_NY.GDP.MKTP.CD.json
Viet Nam,VNM,2022,NY.GDP.MKTP.CD,GDP (current US$),413445230668.578,,https://api.worldbank.org/v2/country/IDN;MYS;VNM;THA;PHL;SGP;BRN;KHM;LAO;MMR;TLS/indicator/NY.GDP.MKTP.CD?format=json&date=2000:2025&per_page=20000,raw/worldbank/b3e12b164837_NY.GDP.MKTP.CD.json
Viet Nam,VNM,2021,NY.GDP.MKTP.CD,GDP (current US$),366474752771.009,,https://api.worldbank.org/v2/country/IDN;MYS;VNM;THA;PHL;SGP;BRN;KHM;LAO;MMR;TLS/indicator/NY.GDP.MKTP.CD?format=json&date=2000:2025&per_page=20000,raw/worldbank/b3e12b164837_NY.GDP.MKTP.CD.json
Viet Nam,VNM,2020,NY.GDP.MKTP.CD,GDP (current US$),346615738537.796,,https://api.worldbank.org/v2/country/IDN;MYS;VNM;THA;PHL;SGP;BRN;KHM;LAO;MMR;TLS/indicator/NY.GDP.MKTP.CD?format=json&date=2000:2025&per_page=20000,raw/worldbank/b3e12b164837_NY.GDP.MKTP.CD.json
Viet Nam,VNM,2019,NY.GDP.MKTP.CD,GDP (current US$),334365270496.667,,https://api.worldbank.org/v2/country/IDN;MYS;VNM;THA;PHL;SGP;BRN;KHM;LAO;MMR;TLS/indicator/NY.GDP.MKTP.CD?format=json&date=2000:2025&per_page=20000,raw/worldbank/b3e12b164837_NY.GDP.MKTP.CD.json
Viet Nam,VNM,2018,NY.GDP.MKTP.CD,GDP (current US$),310106478394.659,,https://api.worldbank.org/v2/country/IDN;MYS;VNM;THA;PHL;SGP;BRN;KHM;LAO;MMR;TLS/indicator/NY.GDP.MKTP.CD?format=json&date=2000:2025&per_page=20000,raw/worldbank/b3e12b164837_NY.GDP.MKTP.CD.json
Viet Nam,VNM,2017,NY.GDP.MKTP.CD,GDP (current US$),281353605986.903,,https://api.worldbank.org/v2/country/IDN;MYS;VNM;THA;PHL;SGP;BRN;KHM;LAO;MMR;TLS/indicator/NY.GDP.MKTP.CD?format=json&date=2000:2025&per_page=20000,raw/worldbank/b3e12b164837_NY.GDP.MKTP.CD.json
Viet Nam,VNM,2016,NY.GDP.MKTP.CD,GDP (current US$),257096001177.982,,https://api.worldbank.org/v2/country/IDN;MYS;VNM;THA;PHL;SGP;BRN;KHM;LAO;MMR;TLS/indicator/NY.GDP.MKTP.CD?format=json&date=2000:2025&per_page=20000,raw/worldbank/b3e12b164837_NY.GDP.MKTP.CD.json
Viet Nam,VNM,2015,NY.GDP.MKTP.CD,GDP (current US$),239258328381.741,,https://api.worldbank.org/v2/country/IDN;MYS;VNM;THA;PHL;SGP;BRN;KHM;LAO;MMR;TLS/indicator/NY.GDP.MKTP.CD?format=json&date=2000:2025&per_page=20000,raw/worldbank/b3e12b164837_NY.GDP.MKTP.CD.json
Viet Nam,VNM,2014,NY.GDP.MKTP.CD,GDP (current US$),233451469642.519,,https://api.worldbank.org/v2/country/IDN;MYS;VNM;THA;PHL;SGP;BRN;KHM;LAO;MMR;TLS/indicator/NY.GDP.MKTP.CD?format=json&date=2000:2025&per_page=20000,raw/worldbank/b3e12b164837_NY.GDP.MKTP.CD.json
Viet Nam,VNM,2013,NY.GDP.MKTP.CD,GDP (current US$),213708811665.34,,https://api.worldbank.org/v2/country/IDN;MYS;VNM;THA;PHL;SGP;BRN;KHM;LAO;MMR;TLS/indicator/NY.GDP.MKTP.CD?format=json&date=2000:2025&per_page=20000,raw/worldbank/b3e12b164837_NY.GDP.MKTP.CD.json
Viet Nam,VNM,2012,NY.GDP.MKTP.CD,GDP (current US$),195590661129.249,,https://api.worldbank.org/v2/country/IDN;MYS;VNM;THA;PHL;SGP;BRN;KHM;LAO;MMR;TLS/indicator/NY.GDP.MKTP.CD?format=json&date=2000:2025&per_page=20000,raw/worldbank/b3e12b164837_NY.GDP.MKTP.CD.json
Viet Nam,VNM,2011,NY.GDP.MKTP.CD,GDP (current US$),172595049183.925,,https://api.worldbank.org/v2/country/IDN;MYS;VNM;THA;PHL;SGP;BRN;KHM;LAO;MMR;TLS/indicator/NY.GDP.MKTP.CD?format=json&date=2000:2025&per_page=20000,raw/worldbank/b3e12b164837_NY.GDP.MKTP.CD.json
Viet Nam,VNM,2010,NY.GDP.MKTP.CD,GDP (current US$),147201173196.979,,https://api.worldbank.org/v2/country/IDN;MYS;VNM;THA;PHL;SGP;BRN;KHM;LAO;MMR;TLS/indicator/NY.GDP.MKTP.CD?format=json&date=2000:2025&per_page=20000,raw/worldbank/b3e12b164837_NY.GDP.MKTP.CD.json
Viet Nam,VNM,2009,NY.GDP.MKTP.CD,GDP (current US$),106014659565.214,,https://api.worldbank.org/v2/country/IDN;MYS;VNM;THA;PHL;SGP;BRN;KHM;LAO;MMR;TLS/indicator/NY.GDP.MKTP.CD?format=json&date=2000:2025&per_page=20000,raw/worldbank/b3e12b164837_NY.GDP.MKTP.CD.json
Viet Nam,VNM,2008,NY.GDP.MKTP.CD,GDP (current US$),99130304099.1274,,https://api.worldbank.org/v2/country/IDN;MYS;VNM;THA;PHL;SGP;BRN;KHM;LAO;MMR;TLS/indicator/NY.GDP.MKTP.CD?format=json&date=2000:2025&per_page=20000,raw/worldbank/b3e12b164837_NY.GDP.MKTP.CD.json
Viet Nam,VNM,2007,NY.GDP.MKTP.CD,GDP (current US$),77414425532.2452,,https://api.worldbank.org/v2/country/IDN;MYS;VNM;THA;PHL;SGP;BRN;KHM;LAO;MMR;TLS/indicator/NY.GDP.MKTP.CD?format=json&date=2000:2025&per_page=20000,raw/worldbank/b3e12b164837_NY.GDP.MKTP.CD.json
Viet Nam,VNM,2006,NY.GDP.MKTP.CD,GDP (current US$),66371664817.0436,,https://api.worldbank.org/v2/country/IDN;MYS;VNM;THA;PHL;SGP;BRN;KHM;LAO;MMR;TLS/indicator/NY.GDP.MKTP.CD?format=json&date=2000:2025&per_page=20000,raw/worldbank/b3e12b164837_NY.GDP.MKTP.CD.json
Viet Nam,VNM,2005,NY.GDP.MKTP.CD,GDP (current US$),57633255738.1992,,https://api.worldbank.org/v2/country/IDN;MYS;VNM;THA;PHL;SGP;BRN;KHM;LAO;MMR;TLS/indicator/NY.GDP.MKTP.CD?format=json&date=2000:2025&per_page=20000,raw/worldbank/b3e12b164837_NY.GDP.MKTP.CD.json
Viet Nam,VNM,2004,NY.GDP.MKTP.CD,GDP (current US$),45427854693.2554,,https://api.worldbank.org/v2/country/IDN;MYS;VNM;THA;PHL;SGP;BRN;KHM;LAO;MMR;TLS/indicator/NY.GDP.MKTP.CD?format=json&date=2000:2025&per_page=20000,raw/worldbank/b3e12b164837_NY.GDP.MKTP.CD.json
Viet Nam,VNM,2003,NY.GDP.MKTP.CD,GDP (current US$),39552513231.9169,,https://api.worldbank.org/v2/country/IDN;MYS;VNM;THA;PHL;SGP;BRN;KHM;LAO;MMR;TLS/indicator/NY.GDP.MKTP.CD?format=json&date=2000:2025&per_page=20000,raw/worldbank/b3e12b164837_NY.GDP.MKTP.CD.json
Viet Nam,VNM,2002,NY.GDP.MKTP.CD,GDP (current US$),35064105500.8344,,https://api.worldbank.org/v2/country/IDN;MYS;VNM;THA;PHL;SGP;BRN;KHM;LAO;MMR;TLS/indicator/NY.GDP.MKTP.CD?format=json&date=2000:2025&per_page=20000,raw/worldbank/b3e12b164837_NY.GDP.MKTP.CD.json
Viet Nam,VNM,2001,NY.GDP.MKTP.CD,GDP (current US$),32685198808.5549,,https://api.worldbank.org/v2/country/IDN;MYS;VNM;THA;PHL;SGP;BRN;KHM;LAO;MMR;TLS/indicator/NY.GDP.MKTP.CD?format=json&date=2000:2025&per_page=20000,raw/worldbank/b3e12b164837_NY.GDP.MKTP.CD.json
Viet Nam,VNM,2000,NY.GDP.MKTP.CD,GDP (current US$),31172518403.3162,,https://api.worldbank.org/v2/country/IDN;MYS;VNM;THA;PHL;SGP;BRN;KHM;LAO;MMR;TLS/indicator/NY.GDP.MKTP.CD?format=json&date=2000:2025&per_page=20000,raw/worldbank/b3e12b164837_NY.GDP.MKTP.CD.json
Brunei Darussalam,BRN,2025,NY.GDP.MKTP.KD.ZG,GDP growth (annual %),0.66956214816436,,https://api.worldbank.org/v2/country/IDN;MYS;VNM;THA;PHL;SGP;BRN;KHM;LAO;MMR;TLS/indicator/NY.GDP.MKTP.KD.ZG?format=json&date=2000:2025&per_page=20000,raw/worldbank/baedd60ab9f6_NY.GDP.MKTP.KD.ZG.json
Brunei Darussalam,BRN,2024,NY.GDP.MKTP.KD.ZG,GDP growth (annual %),4.05251709306727,,https://api.worldbank.org/v2/country/IDN;MYS;VNM;THA;PHL;SGP;BRN;KHM;LAO;MMR;TLS/indicator/NY.GDP.MKTP.KD.ZG?format=json&date=2000:2025&per_page=20000,raw/worldbank/baedd60ab9f6_NY.GDP.MKTP.KD.ZG.json
Brunei Darussalam,BRN,2023,NY.GDP.MKTP.KD.ZG,GDP growth (annual %),1.12764418162719,,https://api.worldbank.org/v2/country/IDN;MYS;VNM;THA;PHL;SGP;BRN;KHM;LAO;MMR;TLS/indicator/NY.GDP.MKTP.KD.ZG?format=json&date=2000:2025&per_page=20000,raw/worldbank/baedd60ab9f6_NY.GDP.MKTP.KD.ZG.json
Brunei Darussalam,BRN,2022,NY.GDP.MKTP.KD.ZG,GDP growth (annual %),-1.62833154515108,,https://api.worldbank.org/v2/country/IDN;MYS;VNM;THA;PHL;SGP;BRN;KHM;LAO;MMR;TLS/indicator/NY.GDP.MKTP.KD.ZG?format=json&date=2000:2025&per_page=20000,raw/worldbank/baedd60ab9f6_NY.GDP.MKTP.KD.ZG.json
Brunei Darussalam,BRN,2021,NY.GDP.MKTP.KD.ZG,GDP growth (annual %),-1.59076260099606,,https://api.worldbank.org/v2/country/IDN;MYS;VNM;THA;PHL;SGP;BRN;KHM;LAO;MMR;TLS/indicator/NY.GDP.MKTP.KD.ZG?format=json&date=2000:2025&per_page=20000,raw/worldbank/baedd60ab9f6_NY.GDP.MKTP.KD.ZG.json
Brunei Darussalam,BRN,2020,NY.GDP.MKTP.KD.ZG,GDP growth (annual %),1.1335733495246,,https://api.worldbank.org/v2/country/IDN;MYS;VNM;THA;PHL;SGP;BRN;KHM;LAO;MMR;TLS/indicator/NY.GDP.MKTP.KD.ZG?format=json&date=2000:2025&per_page=20000,raw/worldbank/baedd60ab9f6_NY.GDP.MKTP.KD.ZG.json
Brunei Darussalam,BRN,2019,NY.GDP.MKTP.KD.ZG,GDP growth (annual %),3.86884436177075,,https://api.worldbank.org/v2/country/IDN;MYS;VNM;THA;PHL;SGP;BRN;KHM;LAO;MMR;TLS/indicator/NY.GDP.MKTP.KD.ZG?format=json&date=2000:2025&per_page=20000,raw/worldbank/baedd60ab9f6_NY.GDP.MKTP.KD.ZG.json
Brunei Darussalam,BRN,2018,NY.GDP.MKTP.KD.ZG,GDP growth (annual %),0.0523710418528935,,https://api.worldbank.org/v2/country/IDN;MYS;VNM;THA;PHL;SGP;BRN;KHM;LAO;MMR;TLS/indicator/NY.GDP.MKTP.KD.ZG?format=json&date=2000:2025&per_page=20000,raw/worldbank/baedd60ab9f6_NY.GDP.MKTP.KD.ZG.json
Brunei Darussalam,BRN,2017,NY.GDP.MKTP.KD.ZG,GDP growth (annual %),1.32872661057823,,https://api.worldbank.org/v2/country/IDN;MYS;VNM;THA;PHL;SGP;BRN;KHM;LAO;MMR;TLS/indicator/NY.GDP.MKTP.KD.ZG?format=json&date=2000:2025&per_page=20000,raw/worldbank/baedd60ab9f6_NY.GDP.MKTP.KD.ZG.json
Brunei Darussalam,BRN,2016,NY.GDP.MKTP.KD.ZG,GDP growth (annual %),-2.47791771833224,,https://api.worldbank.org/v2/country/IDN;MYS;VNM;THA;PHL;SGP;BRN;KHM;LAO;MMR;TLS/indicator/NY.GDP.MKTP.KD.ZG?format=json&date=2000:2025&per_page=20000,raw/worldbank/baedd60ab9f6_NY.GDP.MKTP.KD.ZG.json
Brunei Darussalam,BRN,2015,NY.GDP.MKTP.KD.ZG,GDP growth (annual %),-0.392383749502031,,https://api.worldbank.org/v2/country/IDN;MYS;VNM;THA;PHL;SGP;BRN;KHM;LAO;MMR;TLS/indicator/NY.GDP.MKTP.KD.ZG?format=json&date=2000:2025&per_page=20000,raw/worldbank/baedd60ab9f6_NY.GDP.MKTP.KD.ZG.json
Brunei Darussalam,BRN,2014,NY.GDP.MKTP.KD.ZG,GDP growth (annual %),-2.50788727590711,,https://api.worldbank.org/v2/country/IDN;MYS;VNM;THA;PHL;SGP;BRN;KHM;LAO;MMR;TLS/indicator/NY.GDP.MKTP.KD.ZG?format=json&date=2000:2025&per_page=20000,raw/worldbank/baedd60ab9f6_NY.GDP.MKTP.KD.ZG.json
Brunei Darussalam,BRN,2013,NY.GDP.MKTP.KD.ZG,GDP growth (annual %),-2.12478292664558,,https://api.worldbank.org/v2/country/IDN;MYS;VNM;THA;PHL;SGP;BRN;KHM;LAO;MMR;TLS/indicator/NY.GDP.MKTP.KD.ZG?format=json&date=2000:2025&per_page=20000,raw/worldbank/baedd60ab9f6_NY.GDP.MKTP.KD.ZG.json
Brunei Darussalam,BRN,2012,NY.GDP.MKTP.KD.ZG,GDP growth (annual %),0.913135189664487,,https://api.worldbank.org/v2/country/IDN;MYS;VNM;THA;PHL;SGP;BRN;KHM;LAO;MMR;TLS/indicator/NY.GDP.MKTP.KD.ZG?format=json&date=2000:2025&per_page=20000,raw/worldbank/baedd60ab9f6_NY.GDP.MKTP.KD.ZG.json
Brunei Darussalam,BRN,2011,NY.GDP.MKTP.KD.ZG,GDP growth (annual %),3.74440625524871,,https://api.worldbank.org/v2/country/IDN;MYS;VNM;THA;PHL;SGP;BRN;KHM;LAO;MMR;TLS/indicator/NY.GDP.MKTP.KD.ZG?format=json&date=2000:2025&per_page=20000,raw/worldbank/baedd60ab9f6_NY.GDP.MKTP.KD.ZG.json
Brunei Darussalam,BRN,2010,NY.GDP.MKTP.KD.ZG,GDP growth (annual %),2.74136439456163,,https://api.worldbank.org/v2/country/IDN;MYS;VNM;THA;PHL;SGP;BRN;KHM;LAO;MMR;TLS/indicator/NY.GDP.MKTP.KD.ZG?format=json&date=2000:2025&per_page=20000,raw/worldbank/baedd60ab9f6_NY.GDP.MKTP.KD.ZG.json
Brunei Darussalam,BRN,2009,NY.GDP.MKTP.KD.ZG,GDP growth (annual %),-1.90025367202547,,https://api.worldbank.org/v2/country/IDN;MYS;VNM;THA;PHL;SGP;BRN;KHM;LAO;MMR;TLS/indicator/NY.GDP.MKTP.KD.ZG?format=json&date=2000:2025&per_page=20000,raw/worldbank/baedd60ab9f6_NY.GDP.MKTP.KD.ZG.json
Brunei Darussalam,BRN,2008,NY.GDP.MKTP.KD.ZG,GDP growth (annual %),-3.90071101715114,,https://api.worldbank.org/v2/country/IDN;MYS;VNM;THA;PHL;SGP;BRN;KHM;LAO;MMR;TLS/indicator/NY.GDP.MKTP.KD.ZG?format=json&date=2000:2025&per_page=20000,raw/worldbank/baedd60ab9f6_NY.GDP.MKTP.KD.ZG.json
Brunei Darussalam,BRN,2007,NY.GDP.MKTP.KD.ZG,GDP growth (annual %),-3.76362326254647,,https://api.worldbank.org/v2/country/IDN;MYS;VNM;THA;PHL;SGP;BRN;KHM;LAO;MMR;TLS/indicator/NY.GDP.MKTP.KD.ZG?format=json&date=2000:2025&per_page=20000,raw/worldbank/baedd60ab9f6_NY.GDP.MKTP.KD.ZG.json
Brunei Darussalam,BRN,2006,NY.GDP.MKTP.KD.ZG,GDP growth (annual %),4.09841257308588,,https://api.worldbank.org/v2/country/IDN;MYS;VNM;THA;PHL;SGP;BRN;KHM;LAO;MMR;TLS/indicator/NY.GDP.MKTP.KD.ZG?format=json&date=2000:2025&per_page=20000,raw/worldbank/baedd60ab9f6_NY.GDP.MKTP.KD.ZG.json
Brunei Darussalam,BRN,2005,NY.GDP.MKTP.KD.ZG,GDP growth (annual %),-0.00392531660746442,,https://api.worldbank.org/v2/country/IDN;MYS;VNM;THA;PHL;SGP;BRN;KHM;LAO;MMR;TLS/indicator/NY.GDP.MKTP.KD.ZG?format=json&date=2000:2025&per_page=20000,raw/worldbank/baedd60ab9f6_NY.GDP.MKTP.KD.ZG.json
Brunei Darussalam,BRN,2004,NY.GDP.MKTP.KD.ZG,GDP growth (annual %),0.104538372603315,,https://api.worldbank.org/v2/country/IDN;MYS;VNM;THA;PHL;SGP;BRN;KHM;LAO;MMR;TLS/indicator/NY.GDP.MKTP.KD.ZG?format=json&date=2000:2025&per_page=20000,raw/worldbank/baedd60ab9f6_NY.GDP.MKTP.KD.ZG.json
Brunei Darussalam,BRN,2003,NY.GDP.MKTP.KD.ZG,GDP growth (annual %),3.58342909978997,,https://api.worldbank.org/v2/country/IDN;MYS;VNM;THA;PHL;SGP;BRN;KHM;LAO;MMR;TLS/indicator/NY.GDP.MKTP.KD.ZG?format=json&date=2000:2025&per_page=20000,raw/worldbank/baedd60ab9f6_NY.GDP.MKTP.KD.ZG.json
Brunei Darussalam,BRN,2002,NY.GDP.MKTP.KD.ZG,GDP growth (annual %),3.9614389000248,,https://api.worldbank.org/v2/country/IDN;MYS;VNM;THA;PHL;SGP;BRN;KHM;LAO;MMR;TLS/indicator/NY.GDP.MKTP.KD.ZG?format=json&date=2000:2025&per_page=20000,raw/worldbank/baedd60ab9f6_NY.GDP.MKTP.KD.ZG.json
Brunei Darussalam,BRN,2001,NY.GDP.MKTP.KD.ZG,GDP growth (annual %),1.4660608198711,,https://api.worldbank.org/v2/country/IDN;MYS;VNM;THA;PHL;SGP;BRN;KHM;LAO;MMR;TLS/indicator/NY.GDP.MKTP.KD.ZG?format=json&date=2000:2025&per_page=20000,raw/worldbank/baedd60ab9f6_NY.GDP.MKTP.KD.ZG.json
Brunei Darussalam,BRN,2000,NY.GDP.MKTP.KD.ZG,GDP growth (annual %),3.47467627672586,,https://api.worldbank.org/v2/country/IDN;MYS;VNM;THA;PHL;SGP;BRN;KHM;LAO;MMR;TLS/indicator/NY.GDP.MKTP.KD.ZG?format=json&date=2000:2025&per_page=20000,raw/worldbank/baedd60ab9f6_NY.GDP.MKTP.KD.ZG.json
Indonesia,IDN,2025,NY.GDP.MKTP.KD.ZG,GDP growth (annual %),5.10808904438025,,https://api.worldbank.org/v2/country/IDN;MYS;VNM;THA;PHL;SGP;BRN;KHM;LAO;MMR;TLS/indicator/NY.GDP.MKTP.KD.ZG?format=json&date=2000:2025&per_page=20000,raw/worldbank/baedd60ab9f6_NY.GDP.MKTP.KD.ZG.json
Indonesia,IDN,2024,NY.GDP.MKTP.KD.ZG,GDP growth (annual %),5.03257477088519,,https://api.worldbank.org/v2/country/IDN;MYS;VNM;THA;PHL;SGP;BRN;KHM;LAO;MMR;TLS/indicator/NY.GDP.MKTP.KD.ZG?format=json&date=2000:2025&per_page=20000,raw/worldbank/baedd60ab9f6_NY.GDP.MKTP.KD.ZG.json
Indonesia,IDN,2023,NY.GDP.MKTP.KD.ZG,GDP growth (annual %),5.04883117855516,,https://api.worldbank.org/v2/country/IDN;MYS;VNM;THA;PHL;SGP;BRN;KHM;LAO;MMR;TLS/indicator/NY.GDP.MKTP.KD.ZG?format=json&date=2000:2025&per_page=20000,raw/worldbank/baedd60ab9f6_NY.GDP.MKTP.KD.ZG.json
Indonesia,IDN,2022,NY.GDP.MKTP.KD.ZG,GDP growth (annual %),5.30719722664799,,https://api.worldbank.org/v2/country/IDN;MYS;VNM;THA;PHL;SGP;BRN;KHM;LAO;MMR;TLS/indicator/NY.GDP.MKTP.KD.ZG?format=json&date=2000:2025&per_page=20000,raw/worldbank/baedd60ab9f6_NY.GDP.MKTP.KD.ZG.json
Indonesia,IDN,2021,NY.GDP.MKTP.KD.ZG,GDP growth (annual %),3.70288562827751,,https://api.worldbank.org/v2/country/IDN;MYS;VNM;THA;PHL;SGP;BRN;KHM;LAO;MMR;TLS/indicator/NY.GDP.MKTP.KD.ZG?format=json&date=2000:2025&per_page=20000,raw/worldbank/baedd60ab9f6_NY.GDP.MKTP.KD.ZG.json
Indonesia,IDN,2020,NY.GDP.MKTP.KD.ZG,GDP growth (annual %),-2.06551182934165,,https://api.worldbank.org/v2/country/IDN;MYS;VNM;THA;PHL;SGP;BRN;KHM;LAO;MMR;TLS/indicator/NY.GDP.MKTP.KD.ZG?format=json&date=2000:2025&per_page=20000,raw/worldbank/baedd60ab9f6_NY.GDP.MKTP.KD.ZG.json
Indonesia,IDN,2019,NY.GDP.MKTP.KD.ZG,GDP growth (annual %),5.01928768046282,,https://api.worldbank.org/v2/country/IDN;MYS;VNM;THA;PHL;SGP;BRN;KHM;LAO;MMR;TLS/indicator/NY.GDP.MKTP.KD.ZG?format=json&date=2000:2025&per_page=20000,raw/worldbank/baedd60ab9f6_NY.GDP.MKTP.KD.ZG.json
Indonesia,IDN,2018,NY.GDP.MKTP.KD.ZG,GDP growth (annual %),5.17429153955024,,https://api.worldbank.org/v2/country/IDN;MYS;VNM;THA;PHL;SGP;BRN;KHM;LAO;MMR;TLS/indicator/NY.GDP.MKTP.KD.ZG?format=json&date=2000:2025&per_page=20000,raw/worldbank/baedd60ab9f6_NY.GDP.MKTP.KD.ZG.json
Indonesia,IDN,2017,NY.GDP.MKTP.KD.ZG,GDP growth (annual %),5.06978590134916,,https://api.worldbank.org/v2/country/IDN;MYS;VNM;THA;PHL;SGP;BRN;KHM;LAO;MMR;TLS/indicator/NY.GDP.MKTP.KD.ZG?format=json&date=2000:2025&per_page=20000,raw/worldbank/baedd60ab9f6_NY.GDP.MKTP.KD.ZG.json
Indonesia,IDN,2016,NY.GDP.MKTP.KD.ZG,GDP growth (annual %),5.03306918280177,,https://api.worldbank.org/v2/country/IDN;MYS;VNM;THA;PHL;SGP;BRN;KHM;LAO;MMR;TLS/indicator/NY.GDP.MKTP.KD.ZG?format=json&date=2000:2025&per_page=20000,raw/worldbank/baedd60ab9f6_NY.GDP.MKTP.KD.ZG.json
Indonesia,IDN,2015,NY.GDP.MKTP.KD.ZG,GDP growth (annual %),4.87632230022123,,https://api.worldbank.org/v2/country/IDN;MYS;VNM;THA;PHL;SGP;BRN;KHM;LAO;MMR;TLS/indicator/NY.GDP.MKTP.KD.ZG?format=json&date=2000:2025&per_page=20000,raw/worldbank/baedd60ab9f6_NY.GDP.MKTP.KD.ZG.json
Indonesia,IDN,2014,NY.GDP.MKTP.KD.ZG,GDP growth (annual %),5.006668425755,,https://api.worldbank.org/v2/country/IDN;MYS;VNM;THA;PHL;SGP;BRN;KHM;LAO;MMR;TLS/indicator/NY.GDP.MKTP.KD.ZG?format=json&date=2000:2025&per_page=20000,raw/worldbank/baedd60ab9f6_NY.GDP.MKTP.KD.ZG.json
Indonesia,IDN,2013,NY.GDP.MKTP.KD.ZG,GDP growth (annual %),5.5572636889101,,https://api.worldbank.org/v2/country/IDN;MYS;VNM;THA;PHL;SGP;BRN;KHM;LAO;MMR;TLS/indicator/NY.GDP.MKTP.KD.ZG?format=json&date=2000:2025&per_page=20000,raw/worldbank/baedd60ab9f6_NY.GDP.MKTP.KD.ZG.json
Indonesia,IDN,2012,NY.GDP.MKTP.KD.ZG,GDP growth (annual %),6.03005065305615,,https://api.worldbank.org/v2/country/IDN;MYS;VNM;THA;PHL;SGP;BRN;KHM;LAO;MMR;TLS/indicator/NY.GDP.MKTP.KD.ZG?format=json&date=2000:2025&per_page=20000,raw/worldbank/baedd60ab9f6_NY.GDP.MKTP.KD.ZG.json
Indonesia,IDN,2011,NY.GDP.MKTP.KD.ZG,GDP growth (annual %),6.16978420771008,,https://api.worldbank.org/v2/country/IDN;MYS;VNM;THA;PHL;SGP;BRN;KHM;LAO;MMR;TLS/indicator/NY.GDP.MKTP.KD.ZG?format=json&date=2000:2025&per_page=20000,raw/worldbank/baedd60ab9f6_NY.GDP.MKTP.KD.ZG.json
Indonesia,IDN,2010,NY.GDP.MKTP.KD.ZG,GDP growth (annual %),6.22385418062366,,https://api.worldbank.org/v2/country/IDN;MYS;VNM;THA;PHL;SGP;BRN;KHM;LAO;MMR;TLS/indicator/NY.GDP.MKTP.KD.ZG?format=json&date=2000:2025&per_page=20000,raw/worldbank/baedd60ab9f6_NY.GDP.MKTP.KD.ZG.json
Indonesia,IDN,2009,NY.GDP.MKTP.KD.ZG,GDP growth (annual %),4.62887118256153,,https://api.worldbank.org/v2/country/IDN;MYS;VNM;THA;PHL;SGP;BRN;KHM;LAO;MMR;TLS/indicator/NY.GDP.MKTP.KD.ZG?format=json&date=2000:2025&per_page=20000,raw/worldbank/baedd60ab9f6_NY.GDP.MKTP.KD.ZG.json
Indonesia,IDN,2008,NY.GDP.MKTP.KD.ZG,GDP growth (annual %),6.01370360009123,,https://api.worldbank.org/v2/country/IDN;MYS;VNM;THA;PHL;SGP;BRN;KHM;LAO;MMR;TLS/indicator/NY.GDP.MKTP.KD.ZG?format=json&date=2000:2025&per_page=20000,raw/worldbank/baedd60ab9f6_NY.GDP.MKTP.KD.ZG.json
Indonesia,IDN,2007,NY.GDP.MKTP.KD.ZG,GDP growth (annual %),6.34502222667214,,https://api.worldbank.org/v2/country/IDN;MYS;VNM;THA;PHL;SGP;BRN;KHM;LAO;MMR;TLS/indicator/NY.GDP.MKTP.KD.ZG?format=json&date=2000:2025&per_page=20000,raw/worldbank/baedd60ab9f6_NY.GDP.MKTP.KD.ZG.json
Indonesia,IDN,2006,NY.GDP.MKTP.KD.ZG,GDP growth (annual %),5.50095178520348,,https://api.worldbank.org/v2/country/IDN;MYS;VNM;THA;PHL;SGP;BRN;KHM;LAO;MMR;TLS/indicator/NY.GDP.MKTP.KD.ZG?format=json&date=2000:2025&per_page=20000,raw/worldbank/baedd60ab9f6_NY.GDP.MKTP.KD.ZG.json
Indonesia,IDN,2005,NY.GDP.MKTP.KD.ZG,GDP growth (annual %),5.69257130383384,,https://api.worldbank.org/v2/country/IDN;MYS;VNM;THA;PHL;SGP;BRN;KHM;LAO;MMR;TLS/indicator/NY.GDP.MKTP.KD.ZG?format=json&date=2000:2025&per_page=20000,raw/worldbank/baedd60ab9f6_NY.GDP.MKTP.KD.ZG.json
Indonesia,IDN,2004,NY.GDP.MKTP.KD.ZG,GDP growth (annual %),5.03087394501685,,https://api.worldbank.org/v2/country/IDN;MYS;VNM;THA;PHL;SGP;BRN;KHM;LAO;MMR;TLS/indicator/NY.GDP.MKTP.KD.ZG?format=json&date=2000:2025&per_page=20000,raw/worldbank/baedd60ab9f6_NY.GDP.MKTP.KD.ZG.json
Indonesia,IDN,2003,NY.GDP.MKTP.KD.ZG,GDP growth (annual %),4.78036912167654,,https://api.worldbank.org/v2/country/IDN;MYS;VNM;THA;PHL;SGP;BRN;KHM;LAO;MMR;TLS/indicator/NY.GDP.MKTP.KD.ZG?format=json&date=2000:2025&per_page=20000,raw/worldbank/baedd60ab9f6_NY.GDP.MKTP.KD.ZG.json
Indonesia,IDN,2002,NY.GDP.MKTP.KD.ZG,GDP growth (annual %),4.49947539085764,,https://api.worldbank.org/v2/country/IDN;MYS;VNM;THA;PHL;SGP;BRN;KHM;LAO;MMR;TLS/indicator/NY.GDP.MKTP.KD.ZG?format=json&date=2000:2025&per_page=20000,raw/worldbank/baedd60ab9f6_NY.GDP.MKTP.KD.ZG.json
Indonesia,IDN,2001,NY.GDP.MKTP.KD.ZG,GDP growth (annual %),3.64346644721492,,https://api.worldbank.org/v2/country/IDN;MYS;VNM;THA;PHL;SGP;BRN;KHM;LAO;MMR;TLS/indicator/NY.GDP.MKTP.KD.ZG?format=json&date=2000:2025&per_page=20000,raw/worldbank/baedd60ab9f6_NY.GDP.MKTP.KD.ZG.json
Indonesia,IDN,2000,NY.GDP.MKTP.KD.ZG,GDP growth (annual %),4.9200677470169,,https://api.worldbank.org/v2/country/IDN;MYS;VNM;THA;PHL;SGP;BRN;KHM;LAO;MMR;TLS/indicator/NY.GDP.MKTP.KD.ZG?format=json&date=2000:2025&per_page=20000,raw/worldbank/baedd60ab9f6_NY.GDP.MKTP.KD.ZG.json
Cambodia,KHM,2025,NY.GDP.MKTP.KD.ZG,GDP growth (annual %),5.34932084572877,,https://api.worldbank.org/v2/country/IDN;MYS;VNM;THA;PHL;SGP;BRN;KHM;LAO;MMR;TLS/indicator/NY.GDP.MKTP.KD.ZG?format=json&date=2000:2025&per_page=20000,raw/worldbank/baedd60ab9f6_NY.GDP.MKTP.KD.ZG.json
Cambodia,KHM,2024,NY.GDP.MKTP.KD.ZG,GDP growth (annual %),6.0158145735202,,https://api.worldbank.org/v2/country/IDN;MYS;VNM;THA;PHL;SGP;BRN;KHM;LAO;MMR;TLS/indicator/NY.GDP.MKTP.KD.ZG?format=json&date=2000:2025&per_page=20000,raw/worldbank/baedd60ab9f6_NY.GDP.MKTP.KD.ZG.json
Cambodia,KHM,2023,NY.GDP.MKTP.KD.ZG,GDP growth (annual %),5.00733043811898,,https://api.worldbank.org/v2/country/IDN;MYS;VNM;THA;PHL;SGP;BRN;KHM;LAO;MMR;TLS/indicator/NY.GDP.MKTP.KD.ZG?format=json&date=2000:2025&per_page=20000,raw/worldbank/baedd60ab9f6_NY.GDP.MKTP.KD.ZG.json
Cambodia,KHM,2022,NY.GDP.MKTP.KD.ZG,GDP growth (annual %),5.12990110773977,,https://api.worldbank.org/v2/country/IDN;MYS;VNM;THA;PHL;SGP;BRN;KHM;LAO;MMR;TLS/indicator/NY.GDP.MKTP.KD.ZG?format=json&date=2000:2025&per_page=20000,raw/worldbank/baedd60ab9f6_NY.GDP.MKTP.KD.ZG.json
Cambodia,KHM,2021,NY.GDP.MKTP.KD.ZG,GDP growth (annual %),3.08984284148661,,https://api.worldbank.org/v2/country/IDN;MYS;VNM;THA;PHL;SGP;BRN;KHM;LAO;MMR;TLS/indicator/NY.GDP.MKTP.KD.ZG?format=json&date=2000:2025&per_page=20000,raw/worldbank/baedd60ab9f6_NY.GDP.MKTP.KD.ZG.json
Cambodia,KHM,2020,NY.GDP.MKTP.KD.ZG,GDP growth (annual %),-3.55572193406549,,https://api.worldbank.org/v2/country/IDN;MYS;VNM;THA;PHL;SGP;BRN;KHM;LAO;MMR;TLS/indicator/NY.GDP.MKTP.KD.ZG?format=json&date=2000:2025&per_page=20000,raw/worldbank/baedd60ab9f6_NY.GDP.MKTP.KD.ZG.json
Cambodia,KHM,2019,NY.GDP.MKTP.KD.ZG,GDP growth (annual %),7.93695013588524,,https://api.worldbank.org/v2/country/IDN;MYS;VNM;THA;PHL;SGP;BRN;KHM;LAO;MMR;TLS/indicator/NY.GDP.MKTP.KD.ZG?format=json&date=2000:2025&per_page=20000,raw/worldbank/baedd60ab9f6_NY.GDP.MKTP.KD.ZG.json
Cambodia,KHM,2018,NY.GDP.MKTP.KD.ZG,GDP growth (annual %),8.77622376224463,,https://api.worldbank.org/v2/country/IDN;MYS;VNM;THA;PHL;SGP;BRN;KHM;LAO;MMR;TLS/indicator/NY.GDP.MKTP.KD.ZG?format=json&date=2000:2025&per_page=20000,raw/worldbank/baedd60ab9f6_NY.GDP.MKTP.KD.ZG.json
Cambodia,KHM,2017,NY.GDP.MKTP.KD.ZG,GDP growth (annual %),8.07503915535979,,https://api.worldbank.org/v2/country/IDN;MYS;VNM;THA;PHL;SGP;BRN;KHM;LAO;MMR;TLS/indicator/NY.GDP.MKTP.KD.ZG?format=json&date=2000:2025&per_page=20000,raw/worldbank/baedd60ab9f6_NY.GDP.MKTP.KD.ZG.json
Cambodia,KHM,2016,NY.GDP.MKTP.KD.ZG,GDP growth (annual %),7.90550116130704,,https://api.worldbank.org/v2/country/IDN;MYS;VNM;THA;PHL;SGP;BRN;KHM;LAO;MMR;TLS/indicator/NY.GDP.MKTP.KD.ZG?format=json&date=2000:2025&per_page=20000,raw/worldbank/baedd60ab9f6_NY.GDP.MKTP.KD.ZG.json
Cambodia,KHM,2015,NY.GDP.MKTP.KD.ZG,GDP growth (annual %),7.20703472529512,,https://api.worldbank.org/v2/country/IDN;MYS;VNM;THA;PHL;SGP;BRN;KHM;LAO;MMR;TLS/indicator/NY.GDP.MKTP.KD.ZG?format=json&date=2000:2025&per_page=20000,raw/worldbank/baedd60ab9f6_NY.GDP.MKTP.KD.ZG.json
Cambodia,KHM,2014,NY.GDP.MKTP.KD.ZG,GDP growth (annual %),8.00032074618566,,https://api.worldbank.org/v2/country/IDN;MYS;VNM;THA;PHL;SGP;BRN;KHM;LAO;MMR;TLS/indicator/NY.GDP.MKTP.KD.ZG?format=json&date=2000:2025&per_page=20000,raw/worldbank/baedd60ab9f6_NY.GDP.MKTP.KD.ZG.json
Cambodia,KHM,2013,NY.GDP.MKTP.KD.ZG,GDP growth (annual %),7.8574997554252,,https://api.worldbank.org/v2/country/IDN;MYS;VNM;THA;PHL;SGP;BRN;KHM;LAO;MMR;TLS/indicator/NY.GDP.MKTP.KD.ZG?format=json&date=2000:2025&per_page=20000,raw/worldbank/baedd60ab9f6_NY.GDP.MKTP.KD.ZG.json
Cambodia,KHM,2012,NY.GDP.MKTP.KD.ZG,GDP growth (annual %),7.65025657870362,,https://api.worldbank.org/v2/country/IDN;MYS;VNM;THA;PHL;SGP;BRN;KHM;LAO;MMR;TLS/indicator/NY.GDP.MKTP.KD.ZG?format=json&date=2000:2025&per_page=20000,raw/worldbank/baedd60ab9f6_NY.GDP.MKTP.KD.ZG.json
Cambodia,KHM,2011,NY.GDP.MKTP.KD.ZG,GDP growth (annual %),7.28665813879552,,https://api.worldbank.org/v2/country/IDN;MYS;VNM;THA;PHL;SGP;BRN;KHM;LAO;MMR;TLS/indicator/NY.GDP.MKTP.KD.ZG?format=json&date=2000:2025&per_page=20000,raw/worldbank/baedd60ab9f6_NY.GDP.MKTP.KD.ZG.json
Cambodia,KHM,2010,NY.GDP.MKTP.KD.ZG,GDP growth (annual %),5.07691843229247,,https://api.worldbank.org/v2/country/IDN;MYS;VNM;THA;PHL;SGP;BRN;KHM;LAO;MMR;TLS/indicator/NY.GDP.MKTP.KD.ZG?format=json&date=2000:2025&per_page=20000,raw/worldbank/baedd60ab9f6_NY.GDP.MKTP.KD.ZG.json
Cambodia,KHM,2009,NY.GDP.MKTP.KD.ZG,GDP growth (annual %),4.07477850599065,,https://api.worldbank.org/v2/country/IDN;MYS;VNM;THA;PHL;SGP;BRN;KHM;LAO;MMR;TLS/indicator/NY.GDP.MKTP.KD.ZG?format=json&date=2000:2025&per_page=20000,raw/worldbank/baedd60ab9f6_NY.GDP.MKTP.KD.ZG.json
Cambodia,KHM,2008,NY.GDP.MKTP.KD.ZG,GDP growth (annual %),7.47636606631011,,https://api.worldbank.org/v2/country/IDN;MYS;VNM;THA;PHL;SGP;BRN;KHM;LAO;MMR;TLS/indicator/NY.GDP.MKTP.KD.ZG?format=json&date=2000:2025&per_page=20000,raw/worldbank/baedd60ab9f6_NY.GDP.MKTP.KD.ZG.json
Cambodia,KHM,2007,NY.GDP.MKTP.KD.ZG,GDP growth (annual %),10.398458101201,,https://api.worldbank.org/v2/country/IDN;MYS;VNM;THA;PHL;SGP;BRN;KHM;LAO;MMR;TLS/indicator/NY.GDP.MKTP.KD.ZG?format=json&date=2000:2025&per_page=20000,raw/worldbank/baedd60ab9f6_NY.GDP.MKTP.KD.ZG.json
Cambodia,KHM,2006,NY.GDP.MKTP.KD.ZG,GDP growth (annual %),10.9433600681694,,https://api.worldbank.org/v2/country/IDN;MYS;VNM;THA;PHL;SGP;BRN;KHM;LAO;MMR;TLS/indicator/NY.GDP.MKTP.KD.ZG?format=json&date=2000:2025&per_page=20000,raw/worldbank/baedd60ab9f6_NY.GDP.MKTP.KD.ZG.json
Cambodia,KHM,2005,NY.GDP.MKTP.KD.ZG,GDP growth (annual %),13.3033338358455,,https://api.worldbank.org/v2/country/IDN;MYS;VNM;THA;PHL;SGP;BRN;KHM;LAO;MMR;TLS/indicator/NY.GDP.MKTP.KD.ZG?format=json&date=2000:2025&per_page=20000,raw/worldbank/baedd60ab9f6_NY.GDP.MKTP.KD.ZG.json
Cambodia,KHM,2004,NY.GDP.MKTP.KD.ZG,GDP growth (annual %),9.45769481103929,,https://api.worldbank.org/v2/country/IDN;MYS;VNM;THA;PHL;SGP;BRN;KHM;LAO;MMR;TLS/indicator/NY.GDP.MKTP.KD.ZG?format=json&date=2000:2025&per_page=20000,raw/worldbank/baedd60ab9f6_NY.GDP.MKTP.KD.ZG.json
Cambodia,KHM,2003,NY.GDP.MKTP.KD.ZG,GDP growth (annual %),10.2836813071691,,https://api.worldbank.org/v2/country/IDN;MYS;VNM;THA;PHL;SGP;BRN;KHM;LAO;MMR;TLS/indicator/NY.GDP.MKTP.KD.ZG?format=json&date=2000:2025&per_page=20000,raw/worldbank/baedd60ab9f6_NY.GDP.MKTP.KD.ZG.json
Cambodia,KHM,2002,NY.GDP.MKTP.KD.ZG,GDP growth (annual %),6.26507280509637,,https://api.worldbank.org/v2/country/IDN;MYS;VNM;THA;PHL;SGP;BRN;KHM;LAO;MMR;TLS/indicator/NY.GDP.MKTP.KD.ZG?format=json&date=2000:2025&per_page=20000,raw/worldbank/baedd60ab9f6_NY.GDP.MKTP.KD.ZG.json
Cambodia,KHM,2001,NY.GDP.MKTP.KD.ZG,GDP growth (annual %),7.38971065070517,,https://api.worldbank.org/v2/country/IDN;MYS;VNM;THA;PHL;SGP;BRN;KHM;LAO;MMR;TLS/indicator/NY.GDP.MKTP.KD.ZG?format=json&date=2000:2025&per_page=20000,raw/worldbank/baedd60ab9f6_NY.GDP.MKTP.KD.ZG.json
Cambodia,KHM,2000,NY.GDP.MKTP.KD.ZG,GDP growth (annual %),9.99358032292079,,https://api.worldbank.org/v2/country/IDN;MYS;VNM;THA;PHL;SGP;BRN;KHM;LAO;MMR;TLS/indicator/NY.GDP.MKTP.KD.ZG?format=json&date=2000:2025&per_page=20000,raw/worldbank/baedd60ab9f6_NY.GDP.MKTP.KD.ZG.json
Lao PDR,LAO,2025,NY.GDP.MKTP.KD.ZG,GDP growth (annual %),4.53760564766725,,https://api.worldbank.org/v2/country/IDN;MYS;VNM;THA;PHL;SGP;BRN;KHM;LAO;MMR;TLS/indicator/NY.GDP.MKTP.KD.ZG?format=json&date=2000:2025&per_page=20000,raw/worldbank/baedd60ab9f6_NY.GDP.MKTP.KD.ZG.json
Lao PDR,LAO,2024,NY.GDP.MKTP.KD.ZG,GDP growth (annual %),4.13019264438475,,https://api.worldbank.org/v2/country/IDN;MYS;VNM;THA;PHL;SGP;BRN;KHM;LAO;MMR;TLS/indicator/NY.GDP.MKTP.KD.ZG?format=json&date=2000:2025&per_page=20000,raw/worldbank/baedd60ab9f6_NY.GDP.MKTP.KD.ZG.json
Lao PDR,LAO,2023,NY.GDP.MKTP.KD.ZG,GDP growth (annual %),3.74568140158232,,https://api.worldbank.org/v2/country/IDN;MYS;VNM;THA;PHL;SGP;BRN;KHM;LAO;MMR;TLS/indicator/NY.GDP.MKTP.KD.ZG?format=json&date=2000:2025&per_page=20000,raw/worldbank/baedd60ab9f6_NY.GDP.MKTP.KD.ZG.json
Lao PDR,LAO,2022,NY.GDP.MKTP.KD.ZG,GDP growth (annual %),2.70742652643155,,https://api.worldbank.org/v2/country/IDN;MYS;VNM;THA;PHL;SGP;BRN;KHM;LAO;MMR;TLS/indicator/NY.GDP.MKTP.KD.ZG?format=json&date=2000:2025&per_page=20000,raw/worldbank/baedd60ab9f6_NY.GDP.MKTP.KD.ZG.json
Lao PDR,LAO,2021,NY.GDP.MKTP.KD.ZG,GDP growth (annual %),2.52835100486102,,https://api.worldbank.org/v2/country/IDN;MYS;VNM;THA;PHL;SGP;BRN;KHM;LAO;MMR;TLS/indicator/NY.GDP.MKTP.KD.ZG?format=json&date=2000:2025&per_page=20000,raw/worldbank/baedd60ab9f6_NY.GDP.MKTP.KD.ZG.json
Lao PDR,LAO,2020,NY.GDP.MKTP.KD.ZG,GDP growth (annual %),0.503031829018681,,https://api.worldbank.org/v2/country/IDN;MYS;VNM;THA;PHL;SGP;BRN;KHM;LAO;MMR;TLS/indicator/NY.GDP.MKTP.KD.ZG?format=json&date=2000:2025&per_page=20000,raw/worldbank/baedd60ab9f6_NY.GDP.MKTP.KD.ZG.json
Lao PDR,LAO,2019,NY.GDP.MKTP.KD.ZG,GDP growth (annual %),5.4577350924848,,https://api.worldbank.org/v2/country/IDN;MYS;VNM;THA;PHL;SGP;BRN;KHM;LAO;MMR;TLS/indicator/NY.GDP.MKTP.KD.ZG?format=json&date=2000:2025&per_page=20000,raw/worldbank/baedd60ab9f6_NY.GDP.MKTP.KD.ZG.json
Lao PDR,LAO,2018,NY.GDP.MKTP.KD.ZG,GDP growth (annual %),6.24796000755872,,https://api.worldbank.org/v2/country/IDN;MYS;VNM;THA;PHL;SGP;BRN;KHM;LAO;MMR;TLS/indicator/NY.GDP.MKTP.KD.ZG?format=json&date=2000:2025&per_page=20000,raw/worldbank/baedd60ab9f6_NY.GDP.MKTP.KD.ZG.json
Lao PDR,LAO,2017,NY.GDP.MKTP.KD.ZG,GDP growth (annual %),6.8925308726989,,https://api.worldbank.org/v2/country/IDN;MYS;VNM;THA;PHL;SGP;BRN;KHM;LAO;MMR;TLS/indicator/NY.GDP.MKTP.KD.ZG?format=json&date=2000:2025&per_page=20000,raw/worldbank/baedd60ab9f6_NY.GDP.MKTP.KD.ZG.json
Lao PDR,LAO,2016,NY.GDP.MKTP.KD.ZG,GDP growth (annual %),7.02283625501138,,https://api.worldbank.org/v2/country/IDN;MYS;VNM;THA;PHL;SGP;BRN;KHM;LAO;MMR;TLS/indicator/NY.GDP.MKTP.KD.ZG?format=json&date=2000:2025&per_page=20000,raw/worldbank/baedd60ab9f6_NY.GDP.MKTP.KD.ZG.json
Lao PDR,LAO,2015,NY.GDP.MKTP.KD.ZG,GDP growth (annual %),7.27006584373785,,https://api.worldbank.org/v2/country/IDN;MYS;VNM;THA;PHL;SGP;BRN;KHM;LAO;MMR;TLS/indicator/NY.GDP.MKTP.KD.ZG?format=json&date=2000:2025&per_page=20000,raw/worldbank/baedd60ab9f6_NY.GDP.MKTP.KD.ZG.json
Lao PDR,LAO,2014,NY.GDP.MKTP.KD.ZG,GDP growth (annual %),7.61196343979319,,https://api.worldbank.org/v2/country/IDN;MYS;VNM;THA;PHL;SGP;BRN;KHM;LAO;MMR;TLS/indicator/NY.GDP.MKTP.KD.ZG?format=json&date=2000:2025&per_page=20000,raw/worldbank/baedd60ab9f6_NY.GDP.MKTP.KD.ZG.json
Lao PDR,LAO,2013,NY.GDP.MKTP.KD.ZG,GDP growth (annual %),8.02630022699017,,https://api.worldbank.org/v2/country/IDN;MYS;VNM;THA;PHL;SGP;BRN;KHM;LAO;MMR;TLS/indicator/NY.GDP.MKTP.KD.ZG?format=json&date=2000:2025&per_page=20000,raw/worldbank/baedd60ab9f6_NY.GDP.MKTP.KD.ZG.json
Lao PDR,LAO,2012,NY.GDP.MKTP.KD.ZG,GDP growth (annual %),8.02609843461283,,https://api.worldbank.org/v2/country/IDN;MYS;VNM;THA;PHL;SGP;BRN;KHM;LAO;MMR;TLS/indicator/NY.GDP.MKTP.KD.ZG?format=json&date=2000:2025&per_page=20000,raw/worldbank/baedd60ab9f6_NY.GDP.MKTP.KD.ZG.json
Lao PDR,LAO,2011,NY.GDP.MKTP.KD.ZG,GDP growth (annual %),8.03865268023725,,https://api.worldbank.org/v2/country/IDN;MYS;VNM;THA;PHL;SGP;BRN;KHM;LAO;MMR;TLS/indicator/NY.GDP.MKTP.KD.ZG?format=json&date=2000:2025&per_page=20000,raw/worldbank/baedd60ab9f6_NY.GDP.MKTP.KD.ZG.json
Lao PDR,LAO,2010,NY.GDP.MKTP.KD.ZG,GDP growth (annual %),8.52690551739717,,https://api.worldbank.org/v2/country/IDN;MYS;VNM;THA;PHL;SGP;BRN;KHM;LAO;MMR;TLS/indicator/NY.GDP.MKTP.KD.ZG?format=json&date=2000:2025&per_page=20000,raw/worldbank/baedd60ab9f6_NY.GDP.MKTP.KD.ZG.json
Lao PDR,LAO,2009,NY.GDP.MKTP.KD.ZG,GDP growth (annual %),7.50177491225853,,https://api.worldbank.org/v2/country/IDN;MYS;VNM;THA;PHL;SGP;BRN;KHM;LAO;MMR;TLS/indicator/NY.GDP.MKTP.KD.ZG?format=json&date=2000:2025&per_page=20000,raw/worldbank/baedd60ab9f6_NY.GDP.MKTP.KD.ZG.json
Lao PDR,LAO,2008,NY.GDP.MKTP.KD.ZG,GDP growth (annual %),7.82490276337012,,https://api.worldbank.org/v2/country/IDN;MYS;VNM;THA;PHL;SGP;BRN;KHM;LAO;MMR;TLS/indicator/NY.GDP.MKTP.KD.ZG?format=json&date=2000:2025&per_page=20000,raw/worldbank/baedd60ab9f6_NY.GDP.MKTP.KD.ZG.json
Lao PDR,LAO,2007,NY.GDP.MKTP.KD.ZG,GDP growth (annual %),7.59682880054878,,https://api.worldbank.org/v2/country/IDN;MYS;VNM;THA;PHL;SGP;BRN;KHM;LAO;MMR;TLS/indicator/NY.GDP.MKTP.KD.ZG?format=json&date=2000:2025&per_page=20000,raw/worldbank/baedd60ab9f6_NY.GDP.MKTP.KD.ZG.json
Lao PDR,LAO,2006,NY.GDP.MKTP.KD.ZG,GDP growth (annual %),8.61926620832807,,https://api.worldbank.org/v2/country/IDN;MYS;VNM;THA;PHL;SGP;BRN;KHM;LAO;MMR;TLS/indicator/NY.GDP.MKTP.KD.ZG?format=json&date=2000:2025&per_page=20000,raw/worldbank/baedd60ab9f6_NY.GDP.MKTP.KD.ZG.json
Lao PDR,LAO,2005,NY.GDP.MKTP.KD.ZG,GDP growth (annual %),7.10756836811267,,https://api.worldbank.org/v2/country/IDN;MYS;VNM;THA;PHL;SGP;BRN;KHM;LAO;MMR;TLS/indicator/NY.GDP.MKTP.KD.ZG?format=json&date=2000:2025&per_page=20000,raw/worldbank/baedd60ab9f6_NY.GDP.MKTP.KD.ZG.json
Lao PDR,LAO,2004,NY.GDP.MKTP.KD.ZG,GDP growth (annual %),6.35769548008234,,https://api.worldbank.org/v2/country/IDN;MYS;VNM;THA;PHL;SGP;BRN;KHM;LAO;MMR;TLS/indicator/NY.GDP.MKTP.KD.ZG?format=json&date=2000:2025&per_page=20000,raw/worldbank/baedd60ab9f6_NY.GDP.MKTP.KD.ZG.json
Lao PDR,LAO,2003,NY.GDP.MKTP.KD.ZG,GDP growth (annual %),6.06700230344272,,https://api.worldbank.org/v2/country/IDN;MYS;VNM;THA;PHL;SGP;BRN;KHM;LAO;MMR;TLS/indicator/NY.GDP.MKTP.KD.ZG?format=json&date=2000:2025&per_page=20000,raw/worldbank/baedd60ab9f6_NY.GDP.MKTP.KD.ZG.json
Lao PDR,LAO,2002,NY.GDP.MKTP.KD.ZG,GDP growth (annual %),5.91874368370564,,https://api.worldbank.org/v2/country/IDN;MYS;VNM;THA;PHL;SGP;BRN;KHM;LAO;MMR;TLS/indicator/NY.GDP.MKTP.KD.ZG?format=json&date=2000:2025&per_page=20000,raw/worldbank/baedd60ab9f6_NY.GDP.MKTP.KD.ZG.json
Lao PDR,LAO,2001,NY.GDP.MKTP.KD.ZG,GDP growth (annual %),5.75141287983195,,https://api.worldbank.org/v2/country/IDN;MYS;VNM;THA;PHL;SGP;BRN;KHM;LAO;MMR;TLS/indicator/NY.GDP.MKTP.KD.ZG?format=json&date=2000:2025&per_page=20000,raw/worldbank/baedd60ab9f6_NY.GDP.MKTP.KD.ZG.json
Lao PDR,LAO,2000,NY.GDP.MKTP.KD.ZG,GDP growth (annual %),5.79878232861959,,https://api.worldbank.org/v2/country/IDN;MYS;VNM;THA;PHL;SGP;BRN;KHM;LAO;MMR;TLS/indicator/NY.GDP.MKTP.KD.ZG?format=json&date=2000:2025&per_page=20000,raw/worldbank/baedd60ab9f6_NY.GDP.MKTP.KD.ZG.json
Myanmar,MMR,2025,NY.GDP.MKTP.KD.ZG,GDP growth (annual %),-2.01184475795665,,https://api.worldbank.org/v2/country/IDN;MYS;VNM;THA;PHL;SGP;BRN;KHM;LAO;MMR;TLS/indicator/NY.GDP.MKTP.KD.ZG?format=json&date=2000:2025&per_page=20000,raw/worldbank/baedd60ab9f6_NY.GDP.MKTP.KD.ZG.json
Myanmar,MMR,2024,NY.GDP.MKTP.KD.ZG,GDP growth (annual %),-0.97204641363362,,https://api.worldbank.org/v2/country/IDN;MYS;VNM;THA;PHL;SGP;BRN;KHM;LAO;MMR;TLS/indicator/NY.GDP.MKTP.KD.ZG?format=json&date=2000:2025&per_page=20000,raw/worldbank/baedd60ab9f6_NY.GDP.MKTP.KD.ZG.json
Myanmar,MMR,2023,NY.GDP.MKTP.KD.ZG,GDP growth (annual %),0.958446625126115,,https://api.worldbank.org/v2/country/IDN;MYS;VNM;THA;PHL;SGP;BRN;KHM;LAO;MMR;TLS/indicator/NY.GDP.MKTP.KD.ZG?format=json&date=2000:2025&per_page=20000,raw/worldbank/baedd60ab9f6_NY.GDP.MKTP.KD.ZG.json
Myanmar,MMR,2022,NY.GDP.MKTP.KD.ZG,GDP growth (annual %),4.0374934360085,,https://api.worldbank.org/v2/country/IDN;MYS;VNM;THA;PHL;SGP;BRN;KHM;LAO;MMR;TLS/indicator/NY.GDP.MKTP.KD.ZG?format=json&date=2000:2025&per_page=20000,raw/worldbank/baedd60ab9f6_NY.GDP.MKTP.KD.ZG.json
Myanmar,MMR,2021,NY.GDP.MKTP.KD.ZG,GDP growth (annual %),-12.0163724829177,,https://api.worldbank.org/v2/country/IDN;MYS;VNM;THA;PHL;SGP;BRN;KHM;LAO;MMR;TLS/indicator/NY.GDP.MKTP.KD.ZG?format=json&date=2000:2025&per_page=20000,raw/worldbank/baedd60ab9f6_NY.GDP.MKTP.KD.ZG.json
Myanmar,MMR,2020,NY.GDP.MKTP.KD.ZG,GDP growth (annual %),-9.04834717984643,,https://api.worldbank.org/v2/country/IDN;MYS;VNM;THA;PHL;SGP;BRN;KHM;LAO;MMR;TLS/indicator/NY.GDP.MKTP.KD.ZG?format=json&date=2000:2025&per_page=20000,raw/worldbank/baedd60ab9f6_NY.GDP.MKTP.KD.ZG.json
Myanmar,MMR,2019,NY.GDP.MKTP.KD.ZG,GDP growth (annual %),6.57911006765414,,https://api.worldbank.org/v2/country/IDN;MYS;VNM;THA;PHL;SGP;BRN;KHM;LAO;MMR;TLS/indicator/NY.GDP.MKTP.KD.ZG?format=json&date=2000:2025&per_page=20000,raw/worldbank/baedd60ab9f6_NY.GDP.MKTP.KD.ZG.json
Myanmar,MMR,2018,NY.GDP.MKTP.KD.ZG,GDP growth (annual %),6.26886221471075,,https://api.worldbank.org/v2/country/IDN;MYS;VNM;THA;PHL;SGP;BRN;KHM;LAO;MMR;TLS/indicator/NY.GDP.MKTP.KD.ZG?format=json&date=2000:2025&per_page=20000,raw/worldbank/baedd60ab9f6_NY.GDP.MKTP.KD.ZG.json
Myanmar,MMR,2017,NY.GDP.MKTP.KD.ZG,GDP growth (annual %),6.13610824360305,,https://api.worldbank.org/v2/country/IDN;MYS;VNM;THA;PHL;SGP;BRN;KHM;LAO;MMR;TLS/indicator/NY.GDP.MKTP.KD.ZG?format=json&date=2000:2025&per_page=20000,raw/worldbank/baedd60ab9f6_NY.GDP.MKTP.KD.ZG.json
Myanmar,MMR,2016,NY.GDP.MKTP.KD.ZG,GDP growth (annual %),5.86247291518572,,https://api.worldbank.org/v2/country/IDN;MYS;VNM;THA;PHL;SGP;BRN;KHM;LAO;MMR;TLS/indicator/NY.GDP.MKTP.KD.ZG?format=json&date=2000:2025&per_page=20000,raw/worldbank/baedd60ab9f6_NY.GDP.MKTP.KD.ZG.json
Myanmar,MMR,2015,NY.GDP.MKTP.KD.ZG,GDP growth (annual %),6.99284029026121,,https://api.worldbank.org/v2/country/IDN;MYS;VNM;THA;PHL;SGP;BRN;KHM;LAO;MMR;TLS/indicator/NY.GDP.MKTP.KD.ZG?format=json&date=2000:2025&per_page=20000,raw/worldbank/baedd60ab9f6_NY.GDP.MKTP.KD.ZG.json
Myanmar,MMR,2014,NY.GDP.MKTP.KD.ZG,GDP growth (annual %),8.16990745558277,,https://api.worldbank.org/v2/country/IDN;MYS;VNM;THA;PHL;SGP;BRN;KHM;LAO;MMR;TLS/indicator/NY.GDP.MKTP.KD.ZG?format=json&date=2000:2025&per_page=20000,raw/worldbank/baedd60ab9f6_NY.GDP.MKTP.KD.ZG.json
Myanmar,MMR,2013,NY.GDP.MKTP.KD.ZG,GDP growth (annual %),8.42600102501767,,https://api.worldbank.org/v2/country/IDN;MYS;VNM;THA;PHL;SGP;BRN;KHM;LAO;MMR;TLS/indicator/NY.GDP.MKTP.KD.ZG?format=json&date=2000:2025&per_page=20000,raw/worldbank/baedd60ab9f6_NY.GDP.MKTP.KD.ZG.json
Myanmar,MMR,2012,NY.GDP.MKTP.KD.ZG,GDP growth (annual %),7.33267044704149,,https://api.worldbank.org/v2/country/IDN;MYS;VNM;THA;PHL;SGP;BRN;KHM;LAO;MMR;TLS/indicator/NY.GDP.MKTP.KD.ZG?format=json&date=2000:2025&per_page=20000,raw/worldbank/baedd60ab9f6_NY.GDP.MKTP.KD.ZG.json
Myanmar,MMR,2011,NY.GDP.MKTP.KD.ZG,GDP growth (annual %),5.59148237823661,,https://api.worldbank.org/v2/country/IDN;MYS;VNM;THA;PHL;SGP;BRN;KHM;LAO;MMR;TLS/indicator/NY.GDP.MKTP.KD.ZG?format=json&date=2000:2025&per_page=20000,raw/worldbank/baedd60ab9f6_NY.GDP.MKTP.KD.ZG.json
Myanmar,MMR,2010,NY.GDP.MKTP.KD.ZG,GDP growth (annual %),9.6344394520444,,https://api.worldbank.org/v2/country/IDN;MYS;VNM;THA;PHL;SGP;BRN;KHM;LAO;MMR;TLS/indicator/NY.GDP.MKTP.KD.ZG?format=json&date=2000:2025&per_page=20000,raw/worldbank/baedd60ab9f6_NY.GDP.MKTP.KD.ZG.json
Myanmar,MMR,2009,NY.GDP.MKTP.KD.ZG,GDP growth (annual %),10.5500090961932,,https://api.worldbank.org/v2/country/IDN;MYS;VNM;THA;PHL;SGP;BRN;KHM;LAO;MMR;TLS/indicator/NY.GDP.MKTP.KD.ZG?format=json&date=2000:2025&per_page=20000,raw/worldbank/baedd60ab9f6_NY.GDP.MKTP.KD.ZG.json
Myanmar,MMR,2008,NY.GDP.MKTP.KD.ZG,GDP growth (annual %),10.2553053929808,,https://api.worldbank.org/v2/country/IDN;MYS;VNM;THA;PHL;SGP;BRN;KHM;LAO;MMR;TLS/indicator/NY.GDP.MKTP.KD.ZG?format=json&date=2000:2025&per_page=20000,raw/worldbank/baedd60ab9f6_NY.GDP.MKTP.KD.ZG.json
Myanmar,MMR,2007,NY.GDP.MKTP.KD.ZG,GDP growth (annual %),11.9914352402146,,https://api.worldbank.org/v2/country/IDN;MYS;VNM;THA;PHL;SGP;BRN;KHM;LAO;MMR;TLS/indicator/NY.GDP.MKTP.KD.ZG?format=json&date=2000:2025&per_page=20000,raw/worldbank/baedd60ab9f6_NY.GDP.MKTP.KD.ZG.json
Myanmar,MMR,2006,NY.GDP.MKTP.KD.ZG,GDP growth (annual %),13.0761013792372,,https://api.worldbank.org/v2/country/IDN;MYS;VNM;THA;PHL;SGP;BRN;KHM;LAO;MMR;TLS/indicator/NY.GDP.MKTP.KD.ZG?format=json&date=2000:2025&per_page=20000,raw/worldbank/baedd60ab9f6_NY.GDP.MKTP.KD.ZG.json
Myanmar,MMR,2005,NY.GDP.MKTP.KD.ZG,GDP growth (annual %),13.5689500216456,,https://api.worldbank.org/v2/country/IDN;MYS;VNM;THA;PHL;SGP;BRN;KHM;LAO;MMR;TLS/indicator/NY.GDP.MKTP.KD.ZG?format=json&date=2000:2025&per_page=20000,raw/worldbank/baedd60ab9f6_NY.GDP.MKTP.KD.ZG.json
Myanmar,MMR,2004,NY.GDP.MKTP.KD.ZG,GDP growth (annual %),13.5646616163416,,https://api.worldbank.org/v2/country/IDN;MYS;VNM;THA;PHL;SGP;BRN;KHM;LAO;MMR;TLS/indicator/NY.GDP.MKTP.KD.ZG?format=json&date=2000:2025&per_page=20000,raw/worldbank/baedd60ab9f6_NY.GDP.MKTP.KD.ZG.json
Myanmar,MMR,2003,NY.GDP.MKTP.KD.ZG,GDP growth (annual %),13.8439968903798,,https://api.worldbank.org/v2/country/IDN;MYS;VNM;THA;PHL;SGP;BRN;KHM;LAO;MMR;TLS/indicator/NY.GDP.MKTP.KD.ZG?format=json&date=2000:2025&per_page=20000,raw/worldbank/baedd60ab9f6_NY.GDP.MKTP.KD.ZG.json
Myanmar,MMR,2002,NY.GDP.MKTP.KD.ZG,GDP growth (annual %),12.0255134340315,,https://api.worldbank.org/v2/country/IDN;MYS;VNM;THA;PHL;SGP;BRN;KHM;LAO;MMR;TLS/indicator/NY.GDP.MKTP.KD.ZG?format=json&date=2000:2025&per_page=20000,raw/worldbank/baedd60ab9f6_NY.GDP.MKTP.KD.ZG.json
Myanmar,MMR,2001,NY.GDP.MKTP.KD.ZG,GDP growth (annual %),11.3439970699605,,https://api.worldbank.org/v2/country/IDN;MYS;VNM;THA;PHL;SGP;BRN;KHM;LAO;MMR;TLS/indicator/NY.GDP.MKTP.KD.ZG?format=json&date=2000:2025&per_page=20000,raw/worldbank/baedd60ab9f6_NY.GDP.MKTP.KD.ZG.json
Myanmar,MMR,2000,NY.GDP.MKTP.KD.ZG,GDP growth (annual %),13.7459305561226,,https://api.worldbank.org/v2/country/IDN;MYS;VNM;THA;PHL;SGP;BRN;KHM;LAO;MMR;TLS/indicator/NY.GDP.MKTP.KD.ZG?format=json&date=2000:2025&per_page=20000,raw/worldbank/baedd60ab9f6_NY.GDP.MKTP.KD.ZG.json
Malaysia,MYS,2025,NY.GDP.MKTP.KD.ZG,GDP growth (annual %),5.17127082911057,,https://api.worldbank.org/v2/country/IDN;MYS;VNM;THA;PHL;SGP;BRN;KHM;LAO;MMR;TLS/indicator/NY.GDP.MKTP.KD.ZG?format=json&date=2000:2025&per_page=20000,raw/worldbank/baedd60ab9f6_NY.GDP.MKTP.KD.ZG.json
Malaysia,MYS,2024,NY.GDP.MKTP.KD.ZG,GDP growth (annual %),5.10545921024041,,https://api.worldbank.org/v2/country/IDN;MYS;VNM;THA;PHL;SGP;BRN;KHM;LAO;MMR;TLS/indicator/NY.GDP.MKTP.KD.ZG?format=json&date=2000:2025&per_page=20000,raw/worldbank/baedd60ab9f6_NY.GDP.MKTP.KD.ZG.json
Malaysia,MYS,2023,NY.GDP.MKTP.KD.ZG,GDP growth (annual %),3.5370638041057,,https://api.worldbank.org/v2/country/IDN;MYS;VNM;THA;PHL;SGP;BRN;KHM;LAO;MMR;TLS/indicator/NY.GDP.MKTP.KD.ZG?format=json&date=2000:2025&per_page=20000,raw/worldbank/baedd60ab9f6_NY.GDP.MKTP.KD.ZG.json
Malaysia,MYS,2022,NY.GDP.MKTP.KD.ZG,GDP growth (annual %),9.03173723044451,,https://api.worldbank.org/v2/country/IDN;MYS;VNM;THA;PHL;SGP;BRN;KHM;LAO;MMR;TLS/indicator/NY.GDP.MKTP.KD.ZG?format=json&date=2000:2025&per_page=20000,raw/worldbank/baedd60ab9f6_NY.GDP.MKTP.KD.ZG.json
Malaysia,MYS,2021,NY.GDP.MKTP.KD.ZG,GDP growth (annual %),3.31534954399166,,https://api.worldbank.org/v2/country/IDN;MYS;VNM;THA;PHL;SGP;BRN;KHM;LAO;MMR;TLS/indicator/NY.GDP.MKTP.KD.ZG?format=json&date=2000:2025&per_page=20000,raw/worldbank/baedd60ab9f6_NY.GDP.MKTP.KD.ZG.json
Malaysia,MYS,2020,NY.GDP.MKTP.KD.ZG,GDP growth (annual %),-5.45684658426701,,https://api.worldbank.org/v2/country/IDN;MYS;VNM;THA;PHL;SGP;BRN;KHM;LAO;MMR;TLS/indicator/NY.GDP.MKTP.KD.ZG?format=json&date=2000:2025&per_page=20000,raw/worldbank/baedd60ab9f6_NY.GDP.MKTP.KD.ZG.json
Malaysia,MYS,2019,NY.GDP.MKTP.KD.ZG,GDP growth (annual %),4.41318742129586,,https://api.worldbank.org/v2/country/IDN;MYS;VNM;THA;PHL;SGP;BRN;KHM;LAO;MMR;TLS/indicator/NY.GDP.MKTP.KD.ZG?format=json&date=2000:2025&per_page=20000,raw/worldbank/baedd60ab9f6_NY.GDP.MKTP.KD.ZG.json
Malaysia,MYS,2018,NY.GDP.MKTP.KD.ZG,GDP growth (annual %),4.84308697634881,,https://api.worldbank.org/v2/country/IDN;MYS;VNM;THA;PHL;SGP;BRN;KHM;LAO;MMR;TLS/indicator/NY.GDP.MKTP.KD.ZG?format=json&date=2000:2025&per_page=20000,raw/worldbank/baedd60ab9f6_NY.GDP.MKTP.KD.ZG.json
Malaysia,MYS,2017,NY.GDP.MKTP.KD.ZG,GDP growth (annual %),5.81272240983328,,https://api.worldbank.org/v2/country/IDN;MYS;VNM;THA;PHL;SGP;BRN;KHM;LAO;MMR;TLS/indicator/NY.GDP.MKTP.KD.ZG?format=json&date=2000:2025&per_page=20000,raw/worldbank/baedd60ab9f6_NY.GDP.MKTP.KD.ZG.json
Malaysia,MYS,2016,NY.GDP.MKTP.KD.ZG,GDP growth (annual %),4.44978139761541,,https://api.worldbank.org/v2/country/IDN;MYS;VNM;THA;PHL;SGP;BRN;KHM;LAO;MMR;TLS/indicator/NY.GDP.MKTP.KD.ZG?format=json&date=2000:2025&per_page=20000,raw/worldbank/baedd60ab9f6_NY.GDP.MKTP.KD.ZG.json
Malaysia,MYS,2015,NY.GDP.MKTP.KD.ZG,GDP growth (annual %),5.09153242155011,,https://api.worldbank.org/v2/country/IDN;MYS;VNM;THA;PHL;SGP;BRN;KHM;LAO;MMR;TLS/indicator/NY.GDP.MKTP.KD.ZG?format=json&date=2000:2025&per_page=20000,raw/worldbank/baedd60ab9f6_NY.GDP.MKTP.KD.ZG.json
Malaysia,MYS,2014,NY.GDP.MKTP.KD.ZG,GDP growth (annual %),6.00672194558203,,https://api.worldbank.org/v2/country/IDN;MYS;VNM;THA;PHL;SGP;BRN;KHM;LAO;MMR;TLS/indicator/NY.GDP.MKTP.KD.ZG?format=json&date=2000:2025&per_page=20000,raw/worldbank/baedd60ab9f6_NY.GDP.MKTP.KD.ZG.json
Malaysia,MYS,2013,NY.GDP.MKTP.KD.ZG,GDP growth (annual %),4.69372252557893,,https://api.worldbank.org/v2/country/IDN;MYS;VNM;THA;PHL;SGP;BRN;KHM;LAO;MMR;TLS/indicator/NY.GDP.MKTP.KD.ZG?format=json&date=2000:2025&per_page=20000,raw/worldbank/baedd60ab9f6_NY.GDP.MKTP.KD.ZG.json
Malaysia,MYS,2012,NY.GDP.MKTP.KD.ZG,GDP growth (annual %),5.47345419253853,,https://api.worldbank.org/v2/country/IDN;MYS;VNM;THA;PHL;SGP;BRN;KHM;LAO;MMR;TLS/indicator/NY.GDP.MKTP.KD.ZG?format=json&date=2000:2025&per_page=20000,raw/worldbank/baedd60ab9f6_NY.GDP.MKTP.KD.ZG.json
Malaysia,MYS,2011,NY.GDP.MKTP.KD.ZG,GDP growth (annual %),5.29391283414003,,https://api.worldbank.org/v2/country/IDN;MYS;VNM;THA;PHL;SGP;BRN;KHM;LAO;MMR;TLS/indicator/NY.GDP.MKTP.KD.ZG?format=json&date=2000:2025&per_page=20000,raw/worldbank/baedd60ab9f6_NY.GDP.MKTP.KD.ZG.json
Malaysia,MYS,2010,NY.GDP.MKTP.KD.ZG,GDP growth (annual %),7.42484738326097,,https://api.worldbank.org/v2/country/IDN;MYS;VNM;THA;PHL;SGP;BRN;KHM;LAO;MMR;TLS/indicator/NY.GDP.MKTP.KD.ZG?format=json&date=2000:2025&per_page=20000,raw/worldbank/baedd60ab9f6_NY.GDP.MKTP.KD.ZG.json
Malaysia,MYS,2009,NY.GDP.MKTP.KD.ZG,GDP growth (annual %),-1.51352871598714,,https://api.worldbank.org/v2/country/IDN;MYS;VNM;THA;PHL;SGP;BRN;KHM;LAO;MMR;TLS/indicator/NY.GDP.MKTP.KD.ZG?format=json&date=2000:2025&per_page=20000,raw/worldbank/baedd60ab9f6_NY.GDP.MKTP.KD.ZG.json
Malaysia,MYS,2008,NY.GDP.MKTP.KD.ZG,GDP growth (annual %),4.83176988913097,,https://api.worldbank.org/v2/country/IDN;MYS;VNM;THA;PHL;SGP;BRN;KHM;LAO;MMR;TLS/indicator/NY.GDP.MKTP.KD.ZG?format=json&date=2000:2025&per_page=20000,raw/worldbank/baedd60ab9f6_NY.GDP.MKTP.KD.ZG.json
Malaysia,MYS,2007,NY.GDP.MKTP.KD.ZG,GDP growth (annual %),6.29878592740947,,https://api.worldbank.org/v2/country/IDN;MYS;VNM;THA;PHL;SGP;BRN;KHM;LAO;MMR;TLS/indicator/NY.GDP.MKTP.KD.ZG?format=json&date=2000:2025&per_page=20000,raw/worldbank/baedd60ab9f6_NY.GDP.MKTP.KD.ZG.json
Malaysia,MYS,2006,NY.GDP.MKTP.KD.ZG,GDP growth (annual %),5.5848470671515,,https://api.worldbank.org/v2/country/IDN;MYS;VNM;THA;PHL;SGP;BRN;KHM;LAO;MMR;TLS/indicator/NY.GDP.MKTP.KD.ZG?format=json&date=2000:2025&per_page=20000,raw/worldbank/baedd60ab9f6_NY.GDP.MKTP.KD.ZG.json
Malaysia,MYS,2005,NY.GDP.MKTP.KD.ZG,GDP growth (annual %),5.33213916141486,,https://api.worldbank.org/v2/country/IDN;MYS;VNM;THA;PHL;SGP;BRN;KHM;LAO;MMR;TLS/indicator/NY.GDP.MKTP.KD.ZG?format=json&date=2000:2025&per_page=20000,raw/worldbank/baedd60ab9f6_NY.GDP.MKTP.KD.ZG.json
Malaysia,MYS,2004,NY.GDP.MKTP.KD.ZG,GDP growth (annual %),6.78343772370305,,https://api.worldbank.org/v2/country/IDN;MYS;VNM;THA;PHL;SGP;BRN;KHM;LAO;MMR;TLS/indicator/NY.GDP.MKTP.KD.ZG?format=json&date=2000:2025&per_page=20000,raw/worldbank/baedd60ab9f6_NY.GDP.MKTP.KD.ZG.json
Malaysia,MYS,2003,NY.GDP.MKTP.KD.ZG,GDP growth (annual %),5.7884992858875,,https://api.worldbank.org/v2/country/IDN;MYS;VNM;THA;PHL;SGP;BRN;KHM;LAO;MMR;TLS/indicator/NY.GDP.MKTP.KD.ZG?format=json&date=2000:2025&per_page=20000,raw/worldbank/baedd60ab9f6_NY.GDP.MKTP.KD.ZG.json
Malaysia,MYS,2002,NY.GDP.MKTP.KD.ZG,GDP growth (annual %),5.39098830692797,,https://api.worldbank.org/v2/country/IDN;MYS;VNM;THA;PHL;SGP;BRN;KHM;LAO;MMR;TLS/indicator/NY.GDP.MKTP.KD.ZG?format=json&date=2000:2025&per_page=20000,raw/worldbank/baedd60ab9f6_NY.GDP.MKTP.KD.ZG.json
Malaysia,MYS,2001,NY.GDP.MKTP.KD.ZG,GDP growth (annual %),0.517675319192861,,https://api.worldbank.org/v2/country/IDN;MYS;VNM;THA;PHL;SGP;BRN;KHM;LAO;MMR;TLS/indicator/NY.GDP.MKTP.KD.ZG?format=json&date=2000:2025&per_page=20000,raw/worldbank/baedd60ab9f6_NY.GDP.MKTP.KD.ZG.json
Malaysia,MYS,2000,NY.GDP.MKTP.KD.ZG,GDP growth (annual %),8.85886816969386,,https://api.worldbank.org/v2/country/IDN;MYS;VNM;THA;PHL;SGP;BRN;KHM;LAO;MMR;TLS/indicator/NY.GDP.MKTP.KD.ZG?format=json&date=2000:2025&per_page=20000,raw/worldbank/baedd60ab9f6_NY.GDP.MKTP.KD.ZG.json
Philippines,PHL,2025,NY.GDP.MKTP.KD.ZG,GDP growth (annual %),4.40240158710621,,https://api.worldbank.org/v2/country/IDN;MYS;VNM;THA;PHL;SGP;BRN;KHM;LAO;MMR;TLS/indicator/NY.GDP.MKTP.KD.ZG?format=json&date=2000:2025&per_page=20000,raw/worldbank/baedd60ab9f6_NY.GDP.MKTP.KD.ZG.json
Philippines,PHL,2024,NY.GDP.MKTP.KD.ZG,GDP growth (annual %),5.71474526128652,,https://api.worldbank.org/v2/country/IDN;MYS;VNM;THA;PHL;SGP;BRN;KHM;LAO;MMR;TLS/indicator/NY.GDP.MKTP.KD.ZG?format=json&date=2000:2025&per_page=20000,raw/worldbank/baedd60ab9f6_NY.GDP.MKTP.KD.ZG.json
Philippines,PHL,2023,NY.GDP.MKTP.KD.ZG,GDP growth (annual %),5.51894967856043,,https://api.worldbank.org/v2/country/IDN;MYS;VNM;THA;PHL;SGP;BRN;KHM;LAO;MMR;TLS/indicator/NY.GDP.MKTP.KD.ZG?format=json&date=2000:2025&per_page=20000,raw/worldbank/baedd60ab9f6_NY.GDP.MKTP.KD.ZG.json
Philippines,PHL,2022,NY.GDP.MKTP.KD.ZG,GDP growth (annual %),7.58098212785563,,https://api.worldbank.org/v2/country/IDN;MYS;VNM;THA;PHL;SGP;BRN;KHM;LAO;MMR;TLS/indicator/NY.GDP.MKTP.KD.ZG?format=json&date=2000:2025&per_page=20000,raw/worldbank/baedd60ab9f6_NY.GDP.MKTP.KD.ZG.json
Philippines,PHL,2021,NY.GDP.MKTP.KD.ZG,GDP growth (annual %),5.71473313185116,,https://api.worldbank.org/v2/country/IDN;MYS;VNM;THA;PHL;SGP;BRN;KHM;LAO;MMR;TLS/indicator/NY.GDP.MKTP.KD.ZG?format=json&date=2000:2025&per_page=20000,raw/worldbank/baedd60ab9f6_NY.GDP.MKTP.KD.ZG.json
Philippines,PHL,2020,NY.GDP.MKTP.KD.ZG,GDP growth (annual %),-9.51829474045297,,https://api.worldbank.org/v2/country/IDN;MYS;VNM;THA;PHL;SGP;BRN;KHM;LAO;MMR;TLS/indicator/NY.GDP.MKTP.KD.ZG?format=json&date=2000:2025&per_page=20000,raw/worldbank/baedd60ab9f6_NY.GDP.MKTP.KD.ZG.json
Philippines,PHL,2019,NY.GDP.MKTP.KD.ZG,GDP growth (annual %),6.11852566221303,,https://api.worldbank.org/v2/country/IDN;MYS;VNM;THA;PHL;SGP;BRN;KHM;LAO;MMR;TLS/indicator/NY.GDP.MKTP.KD.ZG?format=json&date=2000:2025&per_page=20000,raw/worldbank/baedd60ab9f6_NY.GDP.MKTP.KD.ZG.json
Philippines,PHL,2018,NY.GDP.MKTP.KD.ZG,GDP growth (annual %),6.34148557153473,,https://api.worldbank.org/v2/country/IDN;MYS;VNM;THA;PHL;SGP;BRN;KHM;LAO;MMR;TLS/indicator/NY.GDP.MKTP.KD.ZG?format=json&date=2000:2025&per_page=20000,raw/worldbank/baedd60ab9f6_NY.GDP.MKTP.KD.ZG.json
Philippines,PHL,2017,NY.GDP.MKTP.KD.ZG,GDP growth (annual %),6.9309883258402,,https://api.worldbank.org/v2/country/IDN;MYS;VNM;THA;PHL;SGP;BRN;KHM;LAO;MMR;TLS/indicator/NY.GDP.MKTP.KD.ZG?format=json&date=2000:2025&per_page=20000,raw/worldbank/baedd60ab9f6_NY.GDP.MKTP.KD.ZG.json
Philippines,PHL,2016,NY.GDP.MKTP.KD.ZG,GDP growth (annual %),7.14945675000752,,https://api.worldbank.org/v2/country/IDN;MYS;VNM;THA;PHL;SGP;BRN;KHM;LAO;MMR;TLS/indicator/NY.GDP.MKTP.KD.ZG?format=json&date=2000:2025&per_page=20000,raw/worldbank/baedd60ab9f6_NY.GDP.MKTP.KD.ZG.json
Philippines,PHL,2015,NY.GDP.MKTP.KD.ZG,GDP growth (annual %),6.34830971672761,,https://api.worldbank.org/v2/country/IDN;MYS;VNM;THA;PHL;SGP;BRN;KHM;LAO;MMR;TLS/indicator/NY.GDP.MKTP.KD.ZG?format=json&date=2000:2025&per_page=20000,raw/worldbank/baedd60ab9f6_NY.GDP.MKTP.KD.ZG.json
Philippines,PHL,2014,NY.GDP.MKTP.KD.ZG,GDP growth (annual %),6.34798748260867,,https://api.worldbank.org/v2/country/IDN;MYS;VNM;THA;PHL;SGP;BRN;KHM;LAO;MMR;TLS/indicator/NY.GDP.MKTP.KD.ZG?format=json&date=2000:2025&per_page=20000,raw/worldbank/baedd60ab9f6_NY.GDP.MKTP.KD.ZG.json
Philippines,PHL,2013,NY.GDP.MKTP.KD.ZG,GDP growth (annual %),6.75053130142255,,https://api.worldbank.org/v2/country/IDN;MYS;VNM;THA;PHL;SGP;BRN;KHM;LAO;MMR;TLS/indicator/NY.GDP.MKTP.KD.ZG?format=json&date=2000:2025&per_page=20000,raw/worldbank/baedd60ab9f6_NY.GDP.MKTP.KD.ZG.json
Philippines,PHL,2012,NY.GDP.MKTP.KD.ZG,GDP growth (annual %),6.89695171050985,,https://api.worldbank.org/v2/country/IDN;MYS;VNM;THA;PHL;SGP;BRN;KHM;LAO;MMR;TLS/indicator/NY.GDP.MKTP.KD.ZG?format=json&date=2000:2025&per_page=20000,raw/worldbank/baedd60ab9f6_NY.GDP.MKTP.KD.ZG.json
Philippines,PHL,2011,NY.GDP.MKTP.KD.ZG,GDP growth (annual %),3.85823282795663,,https://api.worldbank.org/v2/country/IDN;MYS;VNM;THA;PHL;SGP;BRN;KHM;LAO;MMR;TLS/indicator/NY.GDP.MKTP.KD.ZG?format=json&date=2000:2025&per_page=20000,raw/worldbank/baedd60ab9f6_NY.GDP.MKTP.KD.ZG.json
Philippines,PHL,2010,NY.GDP.MKTP.KD.ZG,GDP growth (annual %),7.33449996034538,,https://api.worldbank.org/v2/country/IDN;MYS;VNM;THA;PHL;SGP;BRN;KHM;LAO;MMR;TLS/indicator/NY.GDP.MKTP.KD.ZG?format=json&date=2000:2025&per_page=20000,raw/worldbank/baedd60ab9f6_NY.GDP.MKTP.KD.ZG.json
Philippines,PHL,2009,NY.GDP.MKTP.KD.ZG,GDP growth (annual %),1.44832306275669,,https://api.worldbank.org/v2/country/IDN;MYS;VNM;THA;PHL;SGP;BRN;KHM;LAO;MMR;TLS/indicator/NY.GDP.MKTP.KD.ZG?format=json&date=2000:2025&per_page=20000,raw/worldbank/baedd60ab9f6_NY.GDP.MKTP.KD.ZG.json
Philippines,PHL,2008,NY.GDP.MKTP.KD.ZG,GDP growth (annual %),4.34448730509183,,https://api.worldbank.org/v2/country/IDN;MYS;VNM;THA;PHL;SGP;BRN;KHM;LAO;MMR;TLS/indicator/NY.GDP.MKTP.KD.ZG?format=json&date=2000:2025&per_page=20000,raw/worldbank/baedd60ab9f6_NY.GDP.MKTP.KD.ZG.json
Philippines,PHL,2007,NY.GDP.MKTP.KD.ZG,GDP growth (annual %),6.51929155018938,,https://api.worldbank.org/v2/country/IDN;MYS;VNM;THA;PHL;SGP;BRN;KHM;LAO;MMR;TLS/indicator/NY.GDP.MKTP.KD.ZG?format=json&date=2000:2025&per_page=20000,raw/worldbank/baedd60ab9f6_NY.GDP.MKTP.KD.ZG.json
Philippines,PHL,2006,NY.GDP.MKTP.KD.ZG,GDP growth (annual %),5.31641682136939,,https://api.worldbank.org/v2/country/IDN;MYS;VNM;THA;PHL;SGP;BRN;KHM;LAO;MMR;TLS/indicator/NY.GDP.MKTP.KD.ZG?format=json&date=2000:2025&per_page=20000,raw/worldbank/baedd60ab9f6_NY.GDP.MKTP.KD.ZG.json
Philippines,PHL,2005,NY.GDP.MKTP.KD.ZG,GDP growth (annual %),4.94250511877678,,https://api.worldbank.org/v2/country/IDN;MYS;VNM;THA;PHL;SGP;BRN;KHM;LAO;MMR;TLS/indicator/NY.GDP.MKTP.KD.ZG?format=json&date=2000:2025&per_page=20000,raw/worldbank/baedd60ab9f6_NY.GDP.MKTP.KD.ZG.json
Philippines,PHL,2004,NY.GDP.MKTP.KD.ZG,GDP growth (annual %),6.56922851180626,,https://api.worldbank.org/v2/country/IDN;MYS;VNM;THA;PHL;SGP;BRN;KHM;LAO;MMR;TLS/indicator/NY.GDP.MKTP.KD.ZG?format=json&date=2000:2025&per_page=20000,raw/worldbank/baedd60ab9f6_NY.GDP.MKTP.KD.ZG.json
Philippines,PHL,2003,NY.GDP.MKTP.KD.ZG,GDP growth (annual %),5.08691113513073,,https://api.worldbank.org/v2/country/IDN;MYS;VNM;THA;PHL;SGP;BRN;KHM;LAO;MMR;TLS/indicator/NY.GDP.MKTP.KD.ZG?format=json&date=2000:2025&per_page=20000,raw/worldbank/baedd60ab9f6_NY.GDP.MKTP.KD.ZG.json
Philippines,PHL,2002,NY.GDP.MKTP.KD.ZG,GDP growth (annual %),3.71625500158383,,https://api.worldbank.org/v2/country/IDN;MYS;VNM;THA;PHL;SGP;BRN;KHM;LAO;MMR;TLS/indicator/NY.GDP.MKTP.KD.ZG?format=json&date=2000:2025&per_page=20000,raw/worldbank/baedd60ab9f6_NY.GDP.MKTP.KD.ZG.json
Philippines,PHL,2001,NY.GDP.MKTP.KD.ZG,GDP growth (annual %),3.04923134463486,,https://api.worldbank.org/v2/country/IDN;MYS;VNM;THA;PHL;SGP;BRN;KHM;LAO;MMR;TLS/indicator/NY.GDP.MKTP.KD.ZG?format=json&date=2000:2025&per_page=20000,raw/worldbank/baedd60ab9f6_NY.GDP.MKTP.KD.ZG.json
Philippines,PHL,2000,NY.GDP.MKTP.KD.ZG,GDP growth (annual %),4.38250500083399,,https://api.worldbank.org/v2/country/IDN;MYS;VNM;THA;PHL;SGP;BRN;KHM;LAO;MMR;TLS/indicator/NY.GDP.MKTP.KD.ZG?format=json&date=2000:2025&per_page=20000,raw/worldbank/baedd60ab9f6_NY.GDP.MKTP.KD.ZG.json
Singapore,SGP,2025,NY.GDP.MKTP.KD.ZG,GDP growth (annual %),5.02588199508003,,https://api.worldbank.org/v2/country/IDN;MYS;VNM;THA;PHL;SGP;BRN;KHM;LAO;MMR;TLS/indicator/NY.GDP.MKTP.KD.ZG?format=json&date=2000:2025&per_page=20000,raw/worldbank/baedd60ab9f6_NY.GDP.MKTP.KD.ZG.json
Singapore,SGP,2024,NY.GDP.MKTP.KD.ZG,GDP growth (annual %),5.3435120192366,,https://api.worldbank.org/v2/country/IDN;MYS;VNM;THA;PHL;SGP;BRN;KHM;LAO;MMR;TLS/indicator/NY.GDP.MKTP.KD.ZG?format=json&date=2000:2025&per_page=20000,raw/worldbank/baedd60ab9f6_NY.GDP.MKTP.KD.ZG.json
Singapore,SGP,2023,NY.GDP.MKTP.KD.ZG,GDP growth (annual %),1.45026775889565,,https://api.worldbank.org/v2/country/IDN;MYS;VNM;THA;PHL;SGP;BRN;KHM;LAO;MMR;TLS/indicator/NY.GDP.MKTP.KD.ZG?format=json&date=2000:2025&per_page=20000,raw/worldbank/baedd60ab9f6_NY.GDP.MKTP.KD.ZG.json
Singapore,SGP,2022,NY.GDP.MKTP.KD.ZG,GDP growth (annual %),4.01027884472296,,https://api.worldbank.org/v2/country/IDN;MYS;VNM;THA;PHL;SGP;BRN;KHM;LAO;MMR;TLS/indicator/NY.GDP.MKTP.KD.ZG?format=json&date=2000:2025&per_page=20000,raw/worldbank/baedd60ab9f6_NY.GDP.MKTP.KD.ZG.json
Singapore,SGP,2021,NY.GDP.MKTP.KD.ZG,GDP growth (annual %),10.1410845197192,,https://api.worldbank.org/v2/country/IDN;MYS;VNM;THA;PHL;SGP;BRN;KHM;LAO;MMR;TLS/indicator/NY.GDP.MKTP.KD.ZG?format=json&date=2000:2025&per_page=20000,raw/worldbank/baedd60ab9f6_NY.GDP.MKTP.KD.ZG.json
Singapore,SGP,2020,NY.GDP.MKTP.KD.ZG,GDP growth (annual %),-3.61084281729929,,https://api.worldbank.org/v2/country/IDN;MYS;VNM;THA;PHL;SGP;BRN;KHM;LAO;MMR;TLS/indicator/NY.GDP.MKTP.KD.ZG?format=json&date=2000:2025&per_page=20000,raw/worldbank/baedd60ab9f6_NY.GDP.MKTP.KD.ZG.json
Singapore,SGP,2019,NY.GDP.MKTP.KD.ZG,GDP growth (annual %),1.15877947300108,,https://api.worldbank.org/v2/country/IDN;MYS;VNM;THA;PHL;SGP;BRN;KHM;LAO;MMR;TLS/indicator/NY.GDP.MKTP.KD.ZG?format=json&date=2000:2025&per_page=20000,raw/worldbank/baedd60ab9f6_NY.GDP.MKTP.KD.ZG.json
Singapore,SGP,2018,NY.GDP.MKTP.KD.ZG,GDP growth (annual %),3.18660848474074,,https://api.worldbank.org/v2/country/IDN;MYS;VNM;THA;PHL;SGP;BRN;KHM;LAO;MMR;TLS/indicator/NY.GDP.MKTP.KD.ZG?format=json&date=2000:2025&per_page=20000,raw/worldbank/baedd60ab9f6_NY.GDP.MKTP.KD.ZG.json
Singapore,SGP,2017,NY.GDP.MKTP.KD.ZG,GDP growth (annual %),4.32679370770501,,https://api.worldbank.org/v2/country/IDN;MYS;VNM;THA;PHL;SGP;BRN;KHM;LAO;MMR;TLS/indicator/NY.GDP.MKTP.KD.ZG?format=json&date=2000:2025&per_page=20000,raw/worldbank/baedd60ab9f6_NY.GDP.MKTP.KD.ZG.json
Singapore,SGP,2016,NY.GDP.MKTP.KD.ZG,GDP growth (annual %),3.91095306322606,,https://api.worldbank.org/v2/country/IDN;MYS;VNM;THA;PHL;SGP;BRN;KHM;LAO;MMR;TLS/indicator/NY.GDP.MKTP.KD.ZG?format=json&date=2000:2025&per_page=20000,raw/worldbank/baedd60ab9f6_NY.GDP.MKTP.KD.ZG.json
Singapore,SGP,2015,NY.GDP.MKTP.KD.ZG,GDP growth (annual %),2.97679931634806,,https://api.worldbank.org/v2/country/IDN;MYS;VNM;THA;PHL;SGP;BRN;KHM;LAO;MMR;TLS/indicator/NY.GDP.MKTP.KD.ZG?format=json&date=2000:2025&per_page=20000,raw/worldbank/baedd60ab9f6_NY.GDP.MKTP.KD.ZG.json
Singapore,SGP,2014,NY.GDP.MKTP.KD.ZG,GDP growth (annual %),3.93554027709007,,https://api.worldbank.org/v2/country/IDN;MYS;VNM;THA;PHL;SGP;BRN;KHM;LAO;MMR;TLS/indicator/NY.GDP.MKTP.KD.ZG?format=json&date=2000:2025&per_page=20000,raw/worldbank/baedd60ab9f6_NY.GDP.MKTP.KD.ZG.json
Singapore,SGP,2013,NY.GDP.MKTP.KD.ZG,GDP growth (annual %),4.81763099120676,,https://api.worldbank.org/v2/country/IDN;MYS;VNM;THA;PHL;SGP;BRN;KHM;LAO;MMR;TLS/indicator/NY.GDP.MKTP.KD.ZG?format=json&date=2000:2025&per_page=20000,raw/worldbank/baedd60ab9f6_NY.GDP.MKTP.KD.ZG.json
Singapore,SGP,2012,NY.GDP.MKTP.KD.ZG,GDP growth (annual %),4.43549759378537,,https://api.worldbank.org/v2/country/IDN;MYS;VNM;THA;PHL;SGP;BRN;KHM;LAO;MMR;TLS/indicator/NY.GDP.MKTP.KD.ZG?format=json&date=2000:2025&per_page=20000,raw/worldbank/baedd60ab9f6_NY.GDP.MKTP.KD.ZG.json
Singapore,SGP,2011,NY.GDP.MKTP.KD.ZG,GDP growth (annual %),6.21493416858989,,https://api.worldbank.org/v2/country/IDN;MYS;VNM;THA;PHL;SGP;BRN;KHM;LAO;MMR;TLS/indicator/NY.GDP.MKTP.KD.ZG?format=json&date=2000:2025&per_page=20000,raw/worldbank/baedd60ab9f6_NY.GDP.MKTP.KD.ZG.json
Singapore,SGP,2010,NY.GDP.MKTP.KD.ZG,GDP growth (annual %),14.5197497108994,,https://api.worldbank.org/v2/country/IDN;MYS;VNM;THA;PHL;SGP;BRN;KHM;LAO;MMR;TLS/indicator/NY.GDP.MKTP.KD.ZG?format=json&date=2000:2025&per_page=20000,raw/worldbank/baedd60ab9f6_NY.GDP.MKTP.KD.ZG.json
Singapore,SGP,2009,NY.GDP.MKTP.KD.ZG,GDP growth (annual %),0.127953382778088,,https://api.worldbank.org/v2/country/IDN;MYS;VNM;THA;PHL;SGP;BRN;KHM;LAO;MMR;TLS/indicator/NY.GDP.MKTP.KD.ZG?format=json&date=2000:2025&per_page=20000,raw/worldbank/baedd60ab9f6_NY.GDP.MKTP.KD.ZG.json
Singapore,SGP,2008,NY.GDP.MKTP.KD.ZG,GDP growth (annual %),1.86348345462035,,https://api.worldbank.org/v2/country/IDN;MYS;VNM;THA;PHL;SGP;BRN;KHM;LAO;MMR;TLS/indicator/NY.GDP.MKTP.KD.ZG?format=json&date=2000:2025&per_page=20000,raw/worldbank/baedd60ab9f6_NY.GDP.MKTP.KD.ZG.json
Singapore,SGP,2007,NY.GDP.MKTP.KD.ZG,GDP growth (annual %),9.02151951268893,,https://api.worldbank.org/v2/country/IDN;MYS;VNM;THA;PHL;SGP;BRN;KHM;LAO;MMR;TLS/indicator/NY.GDP.MKTP.KD.ZG?format=json&date=2000:2025&per_page=20000,raw/worldbank/baedd60ab9f6_NY.GDP.MKTP.KD.ZG.json
Singapore,SGP,2006,NY.GDP.MKTP.KD.ZG,GDP growth (annual %),9.00676607871758,,https://api.worldbank.org/v2/country/IDN;MYS;VNM;THA;PHL;SGP;BRN;KHM;LAO;MMR;TLS/indicator/NY.GDP.MKTP.KD.ZG?format=json&date=2000:2025&per_page=20000,raw/worldbank/baedd60ab9f6_NY.GDP.MKTP.KD.ZG.json
Singapore,SGP,2005,NY.GDP.MKTP.KD.ZG,GDP growth (annual %),7.36632239250758,,https://api.worldbank.org/v2/country/IDN;MYS;VNM;THA;PHL;SGP;BRN;KHM;LAO;MMR;TLS/indicator/NY.GDP.MKTP.KD.ZG?format=json&date=2000:2025&per_page=20000,raw/worldbank/baedd60ab9f6_NY.GDP.MKTP.KD.ZG.json
Singapore,SGP,2004,NY.GDP.MKTP.KD.ZG,GDP growth (annual %),9.93998268434957,,https://api.worldbank.org/v2/country/IDN;MYS;VNM;THA;PHL;SGP;BRN;KHM;LAO;MMR;TLS/indicator/NY.GDP.MKTP.KD.ZG?format=json&date=2000:2025&per_page=20000,raw/worldbank/baedd60ab9f6_NY.GDP.MKTP.KD.ZG.json
Singapore,SGP,2003,NY.GDP.MKTP.KD.ZG,GDP growth (annual %),4.54825542643229,,https://api.worldbank.org/v2/country/IDN;MYS;VNM;THA;PHL;SGP;BRN;KHM;LAO;MMR;TLS/indicator/NY.GDP.MKTP.KD.ZG?format=json&date=2000:2025&per_page=20000,raw/worldbank/baedd60ab9f6_NY.GDP.MKTP.KD.ZG.json
Singapore,SGP,2002,NY.GDP.MKTP.KD.ZG,GDP growth (annual %),3.92336076702013,,https://api.worldbank.org/v2/country/IDN;MYS;VNM;THA;PHL;SGP;BRN;KHM;LAO;MMR;TLS/indicator/NY.GDP.MKTP.KD.ZG?format=json&date=2000:2025&per_page=20000,raw/worldbank/baedd60ab9f6_NY.GDP.MKTP.KD.ZG.json
Singapore,SGP,2001,NY.GDP.MKTP.KD.ZG,GDP growth (annual %),-1.07086275100448,,https://api.worldbank.org/v2/country/IDN;MYS;VNM;THA;PHL;SGP;BRN;KHM;LAO;MMR;TLS/indicator/NY.GDP.MKTP.KD.ZG?format=json&date=2000:2025&per_page=20000,raw/worldbank/baedd60ab9f6_NY.GDP.MKTP.KD.ZG.json
Singapore,SGP,2000,NY.GDP.MKTP.KD.ZG,GDP growth (annual %),9.03831632555163,,https://api.worldbank.org/v2/country/IDN;MYS;VNM;THA;PHL;SGP;BRN;KHM;LAO;MMR;TLS/indicator/NY.GDP.MKTP.KD.ZG?format=json&date=2000:2025&per_page=20000,raw/worldbank/baedd60ab9f6_NY.GDP.MKTP.KD.ZG.json
Thailand,THA,2025,NY.GDP.MKTP.KD.ZG,GDP growth (annual %),2.44247444990198,,https://api.worldbank.org/v2/country/IDN;MYS;VNM;THA;PHL;SGP;BRN;KHM;LAO;MMR;TLS/indicator/NY.GDP.MKTP.KD.ZG?format=json&date=2000:2025&per_page=20000,raw/worldbank/baedd60ab9f6_NY.GDP.MKTP.KD.ZG.json
Thailand,THA,2024,NY.GDP.MKTP.KD.ZG,GDP growth (annual %),2.94859986593323,,https://api.worldbank.org/v2/country/IDN;MYS;VNM;THA;PHL;SGP;BRN;KHM;LAO;MMR;TLS/indicator/NY.GDP.MKTP.KD.ZG?format=json&date=2000:2025&per_page=20000,raw/worldbank/baedd60ab9f6_NY.GDP.MKTP.KD.ZG.json
Thailand,THA,2023,NY.GDP.MKTP.KD.ZG,GDP growth (annual %),2.24883437970568,,https://api.worldbank.org/v2/country/IDN;MYS;VNM;THA;PHL;SGP;BRN;KHM;LAO;MMR;TLS/indicator/NY.GDP.MKTP.KD.ZG?format=json&date=2000:2025&per_page=20000,raw/worldbank/baedd60ab9f6_NY.GDP.MKTP.KD.ZG.json
Thailand,THA,2022,NY.GDP.MKTP.KD.ZG,GDP growth (annual %),2.63784213566305,,https://api.worldbank.org/v2/country/IDN;MYS;VNM;THA;PHL;SGP;BRN;KHM;LAO;MMR;TLS/indicator/NY.GDP.MKTP.KD.ZG?format=json&date=2000:2025&per_page=20000,raw/worldbank/baedd60ab9f6_NY.GDP.MKTP.KD.ZG.json
Thailand,THA,2021,NY.GDP.MKTP.KD.ZG,GDP growth (annual %),1.55858232076893,,https://api.worldbank.org/v2/country/IDN;MYS;VNM;THA;PHL;SGP;BRN;KHM;LAO;MMR;TLS/indicator/NY.GDP.MKTP.KD.ZG?format=json&date=2000:2025&per_page=20000,raw/worldbank/baedd60ab9f6_NY.GDP.MKTP.KD.ZG.json
Thailand,THA,2020,NY.GDP.MKTP.KD.ZG,GDP growth (annual %),-6.09306312966953,,https://api.worldbank.org/v2/country/IDN;MYS;VNM;THA;PHL;SGP;BRN;KHM;LAO;MMR;TLS/indicator/NY.GDP.MKTP.KD.ZG?format=json&date=2000:2025&per_page=20000,raw/worldbank/baedd60ab9f6_NY.GDP.MKTP.KD.ZG.json
Thailand,THA,2019,NY.GDP.MKTP.KD.ZG,GDP growth (annual %),2.11455779628278,,https://api.worldbank.org/v2/country/IDN;MYS;VNM;THA;PHL;SGP;BRN;KHM;LAO;MMR;TLS/indicator/NY.GDP.MKTP.KD.ZG?format=json&date=2000:2025&per_page=20000,raw/worldbank/baedd60ab9f6_NY.GDP.MKTP.KD.ZG.json
Thailand,THA,2018,NY.GDP.MKTP.KD.ZG,GDP growth (annual %),4.22287028746071,,https://api.worldbank.org/v2/country/IDN;MYS;VNM;THA;PHL;SGP;BRN;KHM;LAO;MMR;TLS/indicator/NY.GDP.MKTP.KD.ZG?format=json&date=2000:2025&per_page=20000,raw/worldbank/baedd60ab9f6_NY.GDP.MKTP.KD.ZG.json
Thailand,THA,2017,NY.GDP.MKTP.KD.ZG,GDP growth (annual %),4.1776810321001,,https://api.worldbank.org/v2/country/IDN;MYS;VNM;THA;PHL;SGP;BRN;KHM;LAO;MMR;TLS/indicator/NY.GDP.MKTP.KD.ZG?format=json&date=2000:2025&per_page=20000,raw/worldbank/baedd60ab9f6_NY.GDP.MKTP.KD.ZG.json
Thailand,THA,2016,NY.GDP.MKTP.KD.ZG,GDP growth (annual %),3.43515771692182,,https://api.worldbank.org/v2/country/IDN;MYS;VNM;THA;PHL;SGP;BRN;KHM;LAO;MMR;TLS/indicator/NY.GDP.MKTP.KD.ZG?format=json&date=2000:2025&per_page=20000,raw/worldbank/baedd60ab9f6_NY.GDP.MKTP.KD.ZG.json
Thailand,THA,2015,NY.GDP.MKTP.KD.ZG,GDP growth (annual %),3.13404724911635,,https://api.worldbank.org/v2/country/IDN;MYS;VNM;THA;PHL;SGP;BRN;KHM;LAO;MMR;TLS/indicator/NY.GDP.MKTP.KD.ZG?format=json&date=2000:2025&per_page=20000,raw/worldbank/baedd60ab9f6_NY.GDP.MKTP.KD.ZG.json
Thailand,THA,2014,NY.GDP.MKTP.KD.ZG,GDP growth (annual %),0.984468863619426,,https://api.worldbank.org/v2/country/IDN;MYS;VNM;THA;PHL;SGP;BRN;KHM;LAO;MMR;TLS/indicator/NY.GDP.MKTP.KD.ZG?format=json&date=2000:2025&per_page=20000,raw/worldbank/baedd60ab9f6_NY.GDP.MKTP.KD.ZG.json
Thailand,THA,2013,NY.GDP.MKTP.KD.ZG,GDP growth (annual %),2.68749556320556,,https://api.worldbank.org/v2/country/IDN;MYS;VNM;THA;PHL;SGP;BRN;KHM;LAO;MMR;TLS/indicator/NY.GDP.MKTP.KD.ZG?format=json&date=2000:2025&per_page=20000,raw/worldbank/baedd60ab9f6_NY.GDP.MKTP.KD.ZG.json
Thailand,THA,2012,NY.GDP.MKTP.KD.ZG,GDP growth (annual %),7.24279620249642,,https://api.worldbank.org/v2/country/IDN;MYS;VNM;THA;PHL;SGP;BRN;KHM;LAO;MMR;TLS/indicator/NY.GDP.MKTP.KD.ZG?format=json&date=2000:2025&per_page=20000,raw/worldbank/baedd60ab9f6_NY.GDP.MKTP.KD.ZG.json
Thailand,THA,2011,NY.GDP.MKTP.KD.ZG,GDP growth (annual %),0.840132083053334,,https://api.worldbank.org/v2/country/IDN;MYS;VNM;THA;PHL;SGP;BRN;KHM;LAO;MMR;TLS/indicator/NY.GDP.MKTP.KD.ZG?format=json&date=2000:2025&per_page=20000,raw/worldbank/baedd60ab9f6_NY.GDP.MKTP.KD.ZG.json
Thailand,THA,2010,NY.GDP.MKTP.KD.ZG,GDP growth (annual %),7.51339053261624,,https://api.worldbank.org/v2/country/IDN;MYS;VNM;THA;PHL;SGP;BRN;KHM;LAO;MMR;TLS/indicator/NY.GDP.MKTP.KD.ZG?format=json&date=2000:2025&per_page=20000,raw/worldbank/baedd60ab9f6_NY.GDP.MKTP.KD.ZG.json
Thailand,THA,2009,NY.GDP.MKTP.KD.ZG,GDP growth (annual %),-0.690618232300579,,https://api.worldbank.org/v2/country/IDN;MYS;VNM;THA;PHL;SGP;BRN;KHM;LAO;MMR;TLS/indicator/NY.GDP.MKTP.KD.ZG?format=json&date=2000:2025&per_page=20000,raw/worldbank/baedd60ab9f6_NY.GDP.MKTP.KD.ZG.json
Thailand,THA,2008,NY.GDP.MKTP.KD.ZG,GDP growth (annual %),1.72569884866334,,https://api.worldbank.org/v2/country/IDN;MYS;VNM;THA;PHL;SGP;BRN;KHM;LAO;MMR;TLS/indicator/NY.GDP.MKTP.KD.ZG?format=json&date=2000:2025&per_page=20000,raw/worldbank/baedd60ab9f6_NY.GDP.MKTP.KD.ZG.json
Thailand,THA,2007,NY.GDP.MKTP.KD.ZG,GDP growth (annual %),5.43515169050809,,https://api.worldbank.org/v2/country/IDN;MYS;VNM;THA;PHL;SGP;BRN;KHM;LAO;MMR;TLS/indicator/NY.GDP.MKTP.KD.ZG?format=json&date=2000:2025&per_page=20000,raw/worldbank/baedd60ab9f6_NY.GDP.MKTP.KD.ZG.json
Thailand,THA,2006,NY.GDP.MKTP.KD.ZG,GDP growth (annual %),4.96781089246107,,https://api.worldbank.org/v2/country/IDN;MYS;VNM;THA;PHL;SGP;BRN;KHM;LAO;MMR;TLS/indicator/NY.GDP.MKTP.KD.ZG?format=json&date=2000:2025&per_page=20000,raw/worldbank/baedd60ab9f6_NY.GDP.MKTP.KD.ZG.json
Thailand,THA,2005,NY.GDP.MKTP.KD.ZG,GDP growth (annual %),4.18763842884337,,https://api.worldbank.org/v2/country/IDN;MYS;VNM;THA;PHL;SGP;BRN;KHM;LAO;MMR;TLS/indicator/NY.GDP.MKTP.KD.ZG?format=json&date=2000:2025&per_page=20000,raw/worldbank/baedd60ab9f6_NY.GDP.MKTP.KD.ZG.json
Thailand,THA,2004,NY.GDP.MKTP.KD.ZG,GDP growth (annual %),6.28934214285795,,https://api.worldbank.org/v2/country/IDN;MYS;VNM;THA;PHL;SGP;BRN;KHM;LAO;MMR;TLS/indicator/NY.GDP.MKTP.KD.ZG?format=json&date=2000:2025&per_page=20000,raw/worldbank/baedd60ab9f6_NY.GDP.MKTP.KD.ZG.json
Thailand,THA,2003,NY.GDP.MKTP.KD.ZG,GDP growth (annual %),7.18924330340971,,https://api.worldbank.org/v2/country/IDN;MYS;VNM;THA;PHL;SGP;BRN;KHM;LAO;MMR;TLS/indicator/NY.GDP.MKTP.KD.ZG?format=json&date=2000:2025&per_page=20000,raw/worldbank/baedd60ab9f6_NY.GDP.MKTP.KD.ZG.json
Thailand,THA,2002,NY.GDP.MKTP.KD.ZG,GDP growth (annual %),6.14903605210036,,https://api.worldbank.org/v2/country/IDN;MYS;VNM;THA;PHL;SGP;BRN;KHM;LAO;MMR;TLS/indicator/NY.GDP.MKTP.KD.ZG?format=json&date=2000:2025&per_page=20000,raw/worldbank/baedd60ab9f6_NY.GDP.MKTP.KD.ZG.json
Thailand,THA,2001,NY.GDP.MKTP.KD.ZG,GDP growth (annual %),3.44424900968372,,https://api.worldbank.org/v2/country/IDN;MYS;VNM;THA;PHL;SGP;BRN;KHM;LAO;MMR;TLS/indicator/NY.GDP.MKTP.KD.ZG?format=json&date=2000:2025&per_page=20000,raw/worldbank/baedd60ab9f6_NY.GDP.MKTP.KD.ZG.json
Thailand,THA,2000,NY.GDP.MKTP.KD.ZG,GDP growth (annual %),4.45524704335014,,https://api.worldbank.org/v2/country/IDN;MYS;VNM;THA;PHL;SGP;BRN;KHM;LAO;MMR;TLS/indicator/NY.GDP.MKTP.KD.ZG?format=json&date=2000:2025&per_page=20000,raw/worldbank/baedd60ab9f6_NY.GDP.MKTP.KD.ZG.json
Timor-Leste,TLS,2025,NY.GDP.MKTP.KD.ZG,GDP growth (annual %),6.97538939119629,,https://api.worldbank.org/v2/country/IDN;MYS;VNM;THA;PHL;SGP;BRN;KHM;LAO;MMR;TLS/indicator/NY.GDP.MKTP.KD.ZG?format=json&date=2000:2025&per_page=20000,raw/worldbank/baedd60ab9f6_NY.GDP.MKTP.KD.ZG.json
Timor-Leste,TLS,2024,NY.GDP.MKTP.KD.ZG,GDP growth (annual %),-9.10069289810397,,https://api.worldbank.org/v2/country/IDN;MYS;VNM;THA;PHL;SGP;BRN;KHM;LAO;MMR;TLS/indicator/NY.GDP.MKTP.KD.ZG?format=json&date=2000:2025&per_page=20000,raw/worldbank/baedd60ab9f6_NY.GDP.MKTP.KD.ZG.json
Timor-Leste,TLS,2023,NY.GDP.MKTP.KD.ZG,GDP growth (annual %),-18.1359049134472,,https://api.worldbank.org/v2/country/IDN;MYS;VNM;THA;PHL;SGP;BRN;KHM;LAO;MMR;TLS/indicator/NY.GDP.MKTP.KD.ZG?format=json&date=2000:2025&per_page=20000,raw/worldbank/baedd60ab9f6_NY.GDP.MKTP.KD.ZG.json
Timor-Leste,TLS,2022,NY.GDP.MKTP.KD.ZG,GDP growth (annual %),-20.5224802314812,,https://api.worldbank.org/v2/country/IDN;MYS;VNM;THA;PHL;SGP;BRN;KHM;LAO;MMR;TLS/indicator/NY.GDP.MKTP.KD.ZG?format=json&date=2000:2025&per_page=20000,raw/worldbank/baedd60ab9f6_NY.GDP.MKTP.KD.ZG.json
Timor-Leste,TLS,2021,NY.GDP.MKTP.KD.ZG,GDP growth (annual %),5.36980119392668,,https://api.worldbank.org/v2/country/IDN;MYS;VNM;THA;PHL;SGP;BRN;KHM;LAO;MMR;TLS/indicator/NY.GDP.MKTP.KD.ZG?format=json&date=2000:2025&per_page=20000,raw/worldbank/baedd60ab9f6_NY.GDP.MKTP.KD.ZG.json
Timor-Leste,TLS,2020,NY.GDP.MKTP.KD.ZG,GDP growth (annual %),31.7257416721413,,https://api.worldbank.org/v2/country/IDN;MYS;VNM;THA;PHL;SGP;BRN;KHM;LAO;MMR;TLS/indicator/NY.GDP.MKTP.KD.ZG?format=json&date=2000:2025&per_page=20000,raw/worldbank/baedd60ab9f6_NY.GDP.MKTP.KD.ZG.json
Timor-Leste,TLS,2019,NY.GDP.MKTP.KD.ZG,GDP growth (annual %),24.2128840085001,,https://api.worldbank.org/v2/country/IDN;MYS;VNM;THA;PHL;SGP;BRN;KHM;LAO;MMR;TLS/indicator/NY.GDP.MKTP.KD.ZG?format=json&date=2000:2025&per_page=20000,raw/worldbank/baedd60ab9f6_NY.GDP.MKTP.KD.ZG.json
Timor-Leste,TLS,2018,NY.GDP.MKTP.KD.ZG,GDP growth (annual %),-0.466502170658785,,https://api.worldbank.org/v2/country/IDN;MYS;VNM;THA;PHL;SGP;BRN;KHM;LAO;MMR;TLS/indicator/NY.GDP.MKTP.KD.ZG?format=json&date=2000:2025&per_page=20000,raw/worldbank/baedd60ab9f6_NY.GDP.MKTP.KD.ZG.json
Timor-Leste,TLS,2017,NY.GDP.MKTP.KD.ZG,GDP growth (annual %),-3.18241522489195,,https://api.worldbank.org/v2/country/IDN;MYS;VNM;THA;PHL;SGP;BRN;KHM;LAO;MMR;TLS/indicator/NY.GDP.MKTP.KD.ZG?format=json&date=2000:2025&per_page=20000,raw/worldbank/baedd60ab9f6_NY.GDP.MKTP.KD.ZG.json
Timor-Leste,TLS,2016,NY.GDP.MKTP.KD.ZG,GDP growth (annual %),3.00993062553351,,https://api.worldbank.org/v2/country/IDN;MYS;VNM;THA;PHL;SGP;BRN;KHM;LAO;MMR;TLS/indicator/NY.GDP.MKTP.KD.ZG?format=json&date=2000:2025&per_page=20000,raw/worldbank/baedd60ab9f6_NY.GDP.MKTP.KD.ZG.json
Timor-Leste,TLS,2015,NY.GDP.MKTP.KD.ZG,GDP growth (annual %),2.48004040218397,,https://api.worldbank.org/v2/country/IDN;MYS;VNM;THA;PHL;SGP;BRN;KHM;LAO;MMR;TLS/indicator/NY.GDP.MKTP.KD.ZG?format=json&date=2000:2025&per_page=20000,raw/worldbank/baedd60ab9f6_NY.GDP.MKTP.KD.ZG.json
Timor-Leste,TLS,2014,NY.GDP.MKTP.KD.ZG,GDP growth (annual %),4.47249846569638,,https://api.worldbank.org/v2/country/IDN;MYS;VNM;THA;PHL;SGP;BRN;KHM;LAO;MMR;TLS/indicator/NY.GDP.MKTP.KD.ZG?format=json&date=2000:2025&per_page=20000,raw/worldbank/baedd60ab9f6_NY.GDP.MKTP.KD.ZG.json
Timor-Leste,TLS,2013,NY.GDP.MKTP.KD.ZG,GDP growth (annual %),3.10436683211147,,https://api.worldbank.org/v2/country/IDN;MYS;VNM;THA;PHL;SGP;BRN;KHM;LAO;MMR;TLS/indicator/NY.GDP.MKTP.KD.ZG?format=json&date=2000:2025&per_page=20000,raw/worldbank/baedd60ab9f6_NY.GDP.MKTP.KD.ZG.json
Timor-Leste,TLS,2012,NY.GDP.MKTP.KD.ZG,GDP growth (annual %),4.86062186827468,,https://api.worldbank.org/v2/country/IDN;MYS;VNM;THA;PHL;SGP;BRN;KHM;LAO;MMR;TLS/indicator/NY.GDP.MKTP.KD.ZG?format=json&date=2000:2025&per_page=20000,raw/worldbank/baedd60ab9f6_NY.GDP.MKTP.KD.ZG.json
Timor-Leste,TLS,2011,NY.GDP.MKTP.KD.ZG,GDP growth (annual %),5.95855605611087,,https://api.worldbank.org/v2/country/IDN;MYS;VNM;THA;PHL;SGP;BRN;KHM;LAO;MMR;TLS/indicator/NY.GDP.MKTP.KD.ZG?format=json&date=2000:2025&per_page=20000,raw/worldbank/baedd60ab9f6_NY.GDP.MKTP.KD.ZG.json
Timor-Leste,TLS,2010,NY.GDP.MKTP.KD.ZG,GDP growth (annual %),9.33149490201264,,https://api.worldbank.org/v2/country/IDN;MYS;VNM;THA;PHL;SGP;BRN;KHM;LAO;MMR;TLS/indicator/NY.GDP.MKTP.KD.ZG?format=json&date=2000:2025&per_page=20000,raw/worldbank/baedd60ab9f6_NY.GDP.MKTP.KD.ZG.json
Timor-Leste,TLS,2009,NY.GDP.MKTP.KD.ZG,GDP growth (annual %),10.1469544183475,,https://api.worldbank.org/v2/country/IDN;MYS;VNM;THA;PHL;SGP;BRN;KHM;LAO;MMR;TLS/indicator/NY.GDP.MKTP.KD.ZG?format=json&date=2000:2025&per_page=20000,raw/worldbank/baedd60ab9f6_NY.GDP.MKTP.KD.ZG.json
Timor-Leste,TLS,2008,NY.GDP.MKTP.KD.ZG,GDP growth (annual %),11.3948048266465,,https://api.worldbank.org/v2/country/IDN;MYS;VNM;THA;PHL;SGP;BRN;KHM;LAO;MMR;TLS/indicator/NY.GDP.MKTP.KD.ZG?format=json&date=2000:2025&per_page=20000,raw/worldbank/baedd60ab9f6_NY.GDP.MKTP.KD.ZG.json
Timor-Leste,TLS,2007,NY.GDP.MKTP.KD.ZG,GDP growth (annual %),10.2653884542201,,https://api.worldbank.org/v2/country/IDN;MYS;VNM;THA;PHL;SGP;BRN;KHM;LAO;MMR;TLS/indicator/NY.GDP.MKTP.KD.ZG?format=json&date=2000:2025&per_page=20000,raw/worldbank/baedd60ab9f6_NY.GDP.MKTP.KD.ZG.json
Timor-Leste,TLS,2006,NY.GDP.MKTP.KD.ZG,GDP growth (annual %),-4.11609268942114,,https://api.worldbank.org/v2/country/IDN;MYS;VNM;THA;PHL;SGP;BRN;KHM;LAO;MMR;TLS/indicator/NY.GDP.MKTP.KD.ZG?format=json&date=2000:2025&per_page=20000,raw/worldbank/baedd60ab9f6_NY.GDP.MKTP.KD.ZG.json
Timor-Leste,TLS,2005,NY.GDP.MKTP.KD.ZG,GDP growth (annual %),2.98457963807486,,https://api.worldbank.org/v2/country/IDN;MYS;VNM;THA;PHL;SGP;BRN;KHM;LAO;MMR;TLS/indicator/NY.GDP.MKTP.KD.ZG?format=json&date=2000:2025&per_page=20000,raw/worldbank/baedd60ab9f6_NY.GDP.MKTP.KD.ZG.json
Timor-Leste,TLS,2004,NY.GDP.MKTP.KD.ZG,GDP growth (annual %),0.400003981151968,,https://api.worldbank.org/v2/country/IDN;MYS;VNM;THA;PHL;SGP;BRN;KHM;LAO;MMR;TLS/indicator/NY.GDP.MKTP.KD.ZG?format=json&date=2000:2025&per_page=20000,raw/worldbank/baedd60ab9f6_NY.GDP.MKTP.KD.ZG.json
Timor-Leste,TLS,2003,NY.GDP.MKTP.KD.ZG,GDP growth (annual %),-2.18226413236545,,https://api.worldbank.org/v2/country/IDN;MYS;VNM;THA;PHL;SGP;BRN;KHM;LAO;MMR;TLS/indicator/NY.GDP.MKTP.KD.ZG?format=json&date=2000:2025&per_page=20000,raw/worldbank/baedd60ab9f6_NY.GDP.MKTP.KD.ZG.json
Timor-Leste,TLS,2002,NY.GDP.MKTP.KD.ZG,GDP growth (annual %),-6.70069541098115,,https://api.worldbank.org/v2/country/IDN;MYS;VNM;THA;PHL;SGP;BRN;KHM;LAO;MMR;TLS/indicator/NY.GDP.MKTP.KD.ZG?format=json&date=2000:2025&per_page=20000,raw/worldbank/baedd60ab9f6_NY.GDP.MKTP.KD.ZG.json
Timor-Leste,TLS,2001,NY.GDP.MKTP.KD.ZG,GDP growth (annual %),16.3476940466477,,https://api.worldbank.org/v2/country/IDN;MYS;VNM;THA;PHL;SGP;BRN;KHM;LAO;MMR;TLS/indicator/NY.GDP.MKTP.KD.ZG?format=json&date=2000:2025&per_page=20000,raw/worldbank/baedd60ab9f6_NY.GDP.MKTP.KD.ZG.json
Timor-Leste,TLS,2000,NY.GDP.MKTP.KD.ZG,GDP growth (annual %),58.0780959334582,,https://api.worldbank.org/v2/country/IDN;MYS;VNM;THA;PHL;SGP;BRN;KHM;LAO;MMR;TLS/indicator/NY.GDP.MKTP.KD.ZG?format=json&date=2000:2025&per_page=20000,raw/worldbank/baedd60ab9f6_NY.GDP.MKTP.KD.ZG.json
Viet Nam,VNM,2025,NY.GDP.MKTP.KD.ZG,GDP growth (annual %),8.01882998978245,,https://api.worldbank.org/v2/country/IDN;MYS;VNM;THA;PHL;SGP;BRN;KHM;LAO;MMR;TLS/indicator/NY.GDP.MKTP.KD.ZG?format=json&date=2000:2025&per_page=20000,raw/worldbank/baedd60ab9f6_NY.GDP.MKTP.KD.ZG.json
Viet Nam,VNM,2024,NY.GDP.MKTP.KD.ZG,GDP growth (annual %),7.03955197123018,,https://api.worldbank.org/v2/country/IDN;MYS;VNM;THA;PHL;SGP;BRN;KHM;LAO;MMR;TLS/indicator/NY.GDP.MKTP.KD.ZG?format=json&date=2000:2025&per_page=20000,raw/worldbank/baedd60ab9f6_NY.GDP.MKTP.KD.ZG.json
Viet Nam,VNM,2023,NY.GDP.MKTP.KD.ZG,GDP growth (annual %),4.97865959483225,,https://api.worldbank.org/v2/country/IDN;MYS;VNM;THA;PHL;SGP;BRN;KHM;LAO;MMR;TLS/indicator/NY.GDP.MKTP.KD.ZG?format=json&date=2000:2025&per_page=20000,raw/worldbank/baedd60ab9f6_NY.GDP.MKTP.KD.ZG.json
Viet Nam,VNM,2022,NY.GDP.MKTP.KD.ZG,GDP growth (annual %),8.53750041218142,,https://api.worldbank.org/v2/country/IDN;MYS;VNM;THA;PHL;SGP;BRN;KHM;LAO;MMR;TLS/indicator/NY.GDP.MKTP.KD.ZG?format=json&date=2000:2025&per_page=20000,raw/worldbank/baedd60ab9f6_NY.GDP.MKTP.KD.ZG.json
Viet Nam,VNM,2021,NY.GDP.MKTP.KD.ZG,GDP growth (annual %),2.55372852648131,,https://api.worldbank.org/v2/country/IDN;MYS;VNM;THA;PHL;SGP;BRN;KHM;LAO;MMR;TLS/indicator/NY.GDP.MKTP.KD.ZG?format=json&date=2000:2025&per_page=20000,raw/worldbank/baedd60ab9f6_NY.GDP.MKTP.KD.ZG.json
Viet Nam,VNM,2020,NY.GDP.MKTP.KD.ZG,GDP growth (annual %),2.86541320912272,,https://api.worldbank.org/v2/country/IDN;MYS;VNM;THA;PHL;SGP;BRN;KHM;LAO;MMR;TLS/indicator/NY.GDP.MKTP.KD.ZG?format=json&date=2000:2025&per_page=20000,raw/worldbank/baedd60ab9f6_NY.GDP.MKTP.KD.ZG.json
Viet Nam,VNM,2019,NY.GDP.MKTP.KD.ZG,GDP growth (annual %),7.35926270105006,,https://api.worldbank.org/v2/country/IDN;MYS;VNM;THA;PHL;SGP;BRN;KHM;LAO;MMR;TLS/indicator/NY.GDP.MKTP.KD.ZG?format=json&date=2000:2025&per_page=20000,raw/worldbank/baedd60ab9f6_NY.GDP.MKTP.KD.ZG.json
Viet Nam,VNM,2018,NY.GDP.MKTP.KD.ZG,GDP growth (annual %),7.46500685572751,,https://api.worldbank.org/v2/country/IDN;MYS;VNM;THA;PHL;SGP;BRN;KHM;LAO;MMR;TLS/indicator/NY.GDP.MKTP.KD.ZG?format=json&date=2000:2025&per_page=20000,raw/worldbank/baedd60ab9f6_NY.GDP.MKTP.KD.ZG.json
Viet Nam,VNM,2017,NY.GDP.MKTP.KD.ZG,GDP growth (annual %),6.94019037359206,,https://api.worldbank.org/v2/country/IDN;MYS;VNM;THA;PHL;SGP;BRN;KHM;LAO;MMR;TLS/indicator/NY.GDP.MKTP.KD.ZG?format=json&date=2000:2025&per_page=20000,raw/worldbank/baedd60ab9f6_NY.GDP.MKTP.KD.ZG.json
Viet Nam,VNM,2016,NY.GDP.MKTP.KD.ZG,GDP growth (annual %),6.69000892660424,,https://api.worldbank.org/v2/country/IDN;MYS;VNM;THA;PHL;SGP;BRN;KHM;LAO;MMR;TLS/indicator/NY.GDP.MKTP.KD.ZG?format=json&date=2000:2025&per_page=20000,raw/worldbank/baedd60ab9f6_NY.GDP.MKTP.KD.ZG.json
Viet Nam,VNM,2015,NY.GDP.MKTP.KD.ZG,GDP growth (annual %),6.98715430598611,,https://api.worldbank.org/v2/country/IDN;MYS;VNM;THA;PHL;SGP;BRN;KHM;LAO;MMR;TLS/indicator/NY.GDP.MKTP.KD.ZG?format=json&date=2000:2025&per_page=20000,raw/worldbank/baedd60ab9f6_NY.GDP.MKTP.KD.ZG.json
Viet Nam,VNM,2014,NY.GDP.MKTP.KD.ZG,GDP growth (annual %),6.42224312118567,,https://api.worldbank.org/v2/country/IDN;MYS;VNM;THA;PHL;SGP;BRN;KHM;LAO;MMR;TLS/indicator/NY.GDP.MKTP.KD.ZG?format=json&date=2000:2025&per_page=20000,raw/worldbank/baedd60ab9f6_NY.GDP.MKTP.KD.ZG.json
Viet Nam,VNM,2013,NY.GDP.MKTP.KD.ZG,GDP growth (annual %),5.55351081026072,,https://api.worldbank.org/v2/country/IDN;MYS;VNM;THA;PHL;SGP;BRN;KHM;LAO;MMR;TLS/indicator/NY.GDP.MKTP.KD.ZG?format=json&date=2000:2025&per_page=20000,raw/worldbank/baedd60ab9f6_NY.GDP.MKTP.KD.ZG.json
Viet Nam,VNM,2012,NY.GDP.MKTP.KD.ZG,GDP growth (annual %),5.5045447041189,,https://api.worldbank.org/v2/country/IDN;MYS;VNM;THA;PHL;SGP;BRN;KHM;LAO;MMR;TLS/indicator/NY.GDP.MKTP.KD.ZG?format=json&date=2000:2025&per_page=20000,raw/worldbank/baedd60ab9f6_NY.GDP.MKTP.KD.ZG.json
Viet Nam,VNM,2011,NY.GDP.MKTP.KD.ZG,GDP growth (annual %),6.41316889681683,,https://api.worldbank.org/v2/country/IDN;MYS;VNM;THA;PHL;SGP;BRN;KHM;LAO;MMR;TLS/indicator/NY.GDP.MKTP.KD.ZG?format=json&date=2000:2025&per_page=20000,raw/worldbank/baedd60ab9f6_NY.GDP.MKTP.KD.ZG.json
Viet Nam,VNM,2010,NY.GDP.MKTP.KD.ZG,GDP growth (annual %),6.42324482239482,,https://api.worldbank.org/v2/country/IDN;MYS;VNM;THA;PHL;SGP;BRN;KHM;LAO;MMR;TLS/indicator/NY.GDP.MKTP.KD.ZG?format=json&date=2000:2025&per_page=20000,raw/worldbank/baedd60ab9f6_NY.GDP.MKTP.KD.ZG.json
Viet Nam,VNM,2009,NY.GDP.MKTP.KD.ZG,GDP growth (annual %),5.39789754014181,,https://api.worldbank.org/v2/country/IDN;MYS;VNM;THA;PHL;SGP;BRN;KHM;LAO;MMR;TLS/indicator/NY.GDP.MKTP.KD.ZG?format=json&date=2000:2025&per_page=20000,raw/worldbank/baedd60ab9f6_NY.GDP.MKTP.KD.ZG.json
Viet Nam,VNM,2008,NY.GDP.MKTP.KD.ZG,GDP growth (annual %),5.66177120891362,,https://api.worldbank.org/v2/country/IDN;MYS;VNM;THA;PHL;SGP;BRN;KHM;LAO;MMR;TLS/indicator/NY.GDP.MKTP.KD.ZG?format=json&date=2000:2025&per_page=20000,raw/worldbank/baedd60ab9f6_NY.GDP.MKTP.KD.ZG.json
Viet Nam,VNM,2007,NY.GDP.MKTP.KD.ZG,GDP growth (annual %),7.12950448605439,,https://api.worldbank.org/v2/country/IDN;MYS;VNM;THA;PHL;SGP;BRN;KHM;LAO;MMR;TLS/indicator/NY.GDP.MKTP.KD.ZG?format=json&date=2000:2025&per_page=20000,raw/worldbank/baedd60ab9f6_NY.GDP.MKTP.KD.ZG.json
Viet Nam,VNM,2006,NY.GDP.MKTP.KD.ZG,GDP growth (annual %),6.97795481056711,,https://api.worldbank.org/v2/country/IDN;MYS;VNM;THA;PHL;SGP;BRN;KHM;LAO;MMR;TLS/indicator/NY.GDP.MKTP.KD.ZG?format=json&date=2000:2025&per_page=20000,raw/worldbank/baedd60ab9f6_NY.GDP.MKTP.KD.ZG.json
Viet Nam,VNM,2005,NY.GDP.MKTP.KD.ZG,GDP growth (annual %),7.54724772895918,,https://api.worldbank.org/v2/country/IDN;MYS;VNM;THA;PHL;SGP;BRN;KHM;LAO;MMR;TLS/indicator/NY.GDP.MKTP.KD.ZG?format=json&date=2000:2025&per_page=20000,raw/worldbank/baedd60ab9f6_NY.GDP.MKTP.KD.ZG.json
Viet Nam,VNM,2004,NY.GDP.MKTP.KD.ZG,GDP growth (annual %),7.53641060890386,,https://api.worldbank.org/v2/country/IDN;MYS;VNM;THA;PHL;SGP;BRN;KHM;LAO;MMR;TLS/indicator/NY.GDP.MKTP.KD.ZG?format=json&date=2000:2025&per_page=20000,raw/worldbank/baedd60ab9f6_NY.GDP.MKTP.KD.ZG.json
Viet Nam,VNM,2003,NY.GDP.MKTP.KD.ZG,GDP growth (annual %),6.89906349055258,,https://api.worldbank.org/v2/country/IDN;MYS;VNM;THA;PHL;SGP;BRN;KHM;LAO;MMR;TLS/indicator/NY.GDP.MKTP.KD.ZG?format=json&date=2000:2025&per_page=20000,raw/worldbank/baedd60ab9f6_NY.GDP.MKTP.KD.ZG.json
Viet Nam,VNM,2002,NY.GDP.MKTP.KD.ZG,GDP growth (annual %),6.32082099160833,,https://api.worldbank.org/v2/country/IDN;MYS;VNM;THA;PHL;SGP;BRN;KHM;LAO;MMR;TLS/indicator/NY.GDP.MKTP.KD.ZG?format=json&date=2000:2025&per_page=20000,raw/worldbank/baedd60ab9f6_NY.GDP.MKTP.KD.ZG.json
Viet Nam,VNM,2001,NY.GDP.MKTP.KD.ZG,GDP growth (annual %),6.19289331233377,,https://api.worldbank.org/v2/country/IDN;MYS;VNM;THA;PHL;SGP;BRN;KHM;LAO;MMR;TLS/indicator/NY.GDP.MKTP.KD.ZG?format=json&date=2000:2025&per_page=20000,raw/worldbank/baedd60ab9f6_NY.GDP.MKTP.KD.ZG.json
Viet Nam,VNM,2000,NY.GDP.MKTP.KD.ZG,GDP growth (annual %),6.78731640463151,,https://api.worldbank.org/v2/country/IDN;MYS;VNM;THA;PHL;SGP;BRN;KHM;LAO;MMR;TLS/indicator/NY.GDP.MKTP.KD.ZG?format=json&date=2000:2025&per_page=20000,raw/worldbank/baedd60ab9f6_NY.GDP.MKTP.KD.ZG.json
Brunei Darussalam,BRN,2025,PA.NUS.FCRF,"Official exchange rate (LCU per US$, period average)",1.307595108858,,https://api.worldbank.org/v2/country/IDN;MYS;VNM;THA;PHL;SGP;BRN;KHM;LAO;MMR;TLS/indicator/PA.NUS.FCRF?format=json&date=2000:2025&per_page=20000,raw/worldbank/6b5480354be8_PA.NUS.FCRF.json
Brunei Darussalam,BRN,2024,PA.NUS.FCRF,"Official exchange rate (LCU per US$, period average)",1.33603327650724,,https://api.worldbank.org/v2/country/IDN;MYS;VNM;THA;PHL;SGP;BRN;KHM;LAO;MMR;TLS/indicator/PA.NUS.FCRF?format=json&date=2000:2025&per_page=20000,raw/worldbank/6b5480354be8_PA.NUS.FCRF.json
Brunei Darussalam,BRN,2023,PA.NUS.FCRF,"Official exchange rate (LCU per US$, period average)",1.34307960114934,,https://api.worldbank.org/v2/country/IDN;MYS;VNM;THA;PHL;SGP;BRN;KHM;LAO;MMR;TLS/indicator/PA.NUS.FCRF?format=json&date=2000:2025&per_page=20000,raw/worldbank/6b5480354be8_PA.NUS.FCRF.json
Brunei Darussalam,BRN,2022,PA.NUS.FCRF,"Official exchange rate (LCU per US$, period average)",1.37895639652216,,https://api.worldbank.org/v2/country/IDN;MYS;VNM;THA;PHL;SGP;BRN;KHM;LAO;MMR;TLS/indicator/PA.NUS.FCRF?format=json&date=2000:2025&per_page=20000,raw/worldbank/6b5480354be8_PA.NUS.FCRF.json
Brunei Darussalam,BRN,2021,PA.NUS.FCRF,"Official exchange rate (LCU per US$, period average)",1.34380696297339,,https://api.worldbank.org/v2/country/IDN;MYS;VNM;THA;PHL;SGP;BRN;KHM;LAO;MMR;TLS/indicator/PA.NUS.FCRF?format=json&date=2000:2025&per_page=20000,raw/worldbank/6b5480354be8_PA.NUS.FCRF.json
Brunei Darussalam,BRN,2020,PA.NUS.FCRF,"Official exchange rate (LCU per US$, period average)",1.37970342971399,,https://api.worldbank.org/v2/country/IDN;MYS;VNM;THA;PHL;SGP;BRN;KHM;LAO;MMR;TLS/indicator/PA.NUS.FCRF?format=json&date=2000:2025&per_page=20000,raw/worldbank/6b5480354be8_PA.NUS.FCRF.json
Brunei Darussalam,BRN,2019,PA.NUS.FCRF,"Official exchange rate (LCU per US$, period average)",1.36421851405475,,https://api.worldbank.org/v2/country/IDN;MYS;VNM;THA;PHL;SGP;BRN;KHM;LAO;MMR;TLS/indicator/PA.NUS.FCRF?format=json&date=2000:2025&per_page=20000,raw/worldbank/6b5480354be8_PA.NUS.FCRF.json
Brunei Darussalam,BRN,2018,PA.NUS.FCRF,"Official exchange rate (LCU per US$, period average)",1.34891856542537,,https://api.worldbank.org/v2/country/IDN;MYS;VNM;THA;PHL;SGP;BRN;KHM;LAO;MMR;TLS/indicator/PA.NUS.FCRF?format=json&date=2000:2025&per_page=20000,raw/worldbank/6b5480354be8_PA.NUS.FCRF.json
Brunei Darussalam,BRN,2017,PA.NUS.FCRF,"Official exchange rate (LCU per US$, period average)",1.38089116405281,,https://api.worldbank.org/v2/country/IDN;MYS;VNM;THA;PHL;SGP;BRN;KHM;LAO;MMR;TLS/indicator/PA.NUS.FCRF?format=json&date=2000:2025&per_page=20000,raw/worldbank/6b5480354be8_PA.NUS.FCRF.json
Brunei Darussalam,BRN,2016,PA.NUS.FCRF,"Official exchange rate (LCU per US$, period average)",1.38134687688286,,https://api.worldbank.org/v2/country/IDN;MYS;VNM;THA;PHL;SGP;BRN;KHM;LAO;MMR;TLS/indicator/PA.NUS.FCRF?format=json&date=2000:2025&per_page=20000,raw/worldbank/6b5480354be8_PA.NUS.FCRF.json
Brunei Darussalam,BRN,2015,PA.NUS.FCRF,"Official exchange rate (LCU per US$, period average)",1.37491084459887,,https://api.worldbank.org/v2/country/IDN;MYS;VNM;THA;PHL;SGP;BRN;KHM;LAO;MMR;TLS/indicator/PA.NUS.FCRF?format=json&date=2000:2025&per_page=20000,raw/worldbank/6b5480354be8_PA.NUS.FCRF.json
Brunei Darussalam,BRN,2014,PA.NUS.FCRF,"Official exchange rate (LCU per US$, period average)",1.2670401230814,,https://api.worldbank.org/v2/country/IDN;MYS;VNM;THA;PHL;SGP;BRN;KHM;LAO;MMR;TLS/indicator/PA.NUS.FCRF?format=json&date=2000:2025&per_page=20000,raw/worldbank/6b5480354be8_PA.NUS.FCRF.json
Brunei Darussalam,BRN,2013,PA.NUS.FCRF,"Official exchange rate (LCU per US$, period average)",1.25116566976059,,https://api.worldbank.org/v2/country/IDN;MYS;VNM;THA;PHL;SGP;BRN;KHM;LAO;MMR;TLS/indicator/PA.NUS.FCRF?format=json&date=2000:2025&per_page=20000,raw/worldbank/6b5480354be8_PA.NUS.FCRF.json
Brunei Darussalam,BRN,2012,PA.NUS.FCRF,"Official exchange rate (LCU per US$, period average)",1.24956701649958,,https://api.worldbank.org/v2/country/IDN;MYS;VNM;THA;PHL;SGP;BRN;KHM;LAO;MMR;TLS/indicator/PA.NUS.FCRF?format=json&date=2000:2025&per_page=20000,raw/worldbank/6b5480354be8_PA.NUS.FCRF.json
Brunei Darussalam,BRN,2011,PA.NUS.FCRF,"Official exchange rate (LCU per US$, period average)",1.25791302014692,,https://api.worldbank.org/v2/country/IDN;MYS;VNM;THA;PHL;SGP;BRN;KHM;LAO;MMR;TLS/indicator/PA.NUS.FCRF?format=json&date=2000:2025&per_page=20000,raw/worldbank/6b5480354be8_PA.NUS.FCRF.json
Brunei Darussalam,BRN,2010,PA.NUS.FCRF,"Official exchange rate (LCU per US$, period average)",1.36350947368421,,https://api.worldbank.org/v2/country/IDN;MYS;VNM;THA;PHL;SGP;BRN;KHM;LAO;MMR;TLS/indicator/PA.NUS.FCRF?format=json&date=2000:2025&per_page=20000,raw/worldbank/6b5480354be8_PA.NUS.FCRF.json
Brunei Darussalam,BRN,2009,PA.NUS.FCRF,"Official exchange rate (LCU per US$, period average)",1.4545692733233,,https://api.worldbank.org/v2/country/IDN;MYS;VNM;THA;PHL;SGP;BRN;KHM;LAO;MMR;TLS/indicator/PA.NUS.FCRF?format=json&date=2000:2025&per_page=20000,raw/worldbank/6b5480354be8_PA.NUS.FCRF.json
Brunei Darussalam,BRN,2008,PA.NUS.FCRF,"Official exchange rate (LCU per US$, period average)",1.41716666666667,,https://api.worldbank.org/v2/country/IDN;MYS;VNM;THA;PHL;SGP;BRN;KHM;LAO;MMR;TLS/indicator/PA.NUS.FCRF?format=json&date=2000:2025&per_page=20000,raw/worldbank/6b5480354be8_PA.NUS.FCRF.json
Brunei Darussalam,BRN,2007,PA.NUS.FCRF,"Official exchange rate (LCU per US$, period average)",1.50710166666667,,https://api.worldbank.org/v2/country/IDN;MYS;VNM;THA;PHL;SGP;BRN;KHM;LAO;MMR;TLS/indicator/PA.NUS.FCRF?format=json&date=2000:2025&per_page=20000,raw/worldbank/6b5480354be8_PA.NUS.FCRF.json
Brunei Darussalam,BRN,2006,PA.NUS.FCRF,"Official exchange rate (LCU per US$, period average)",1.58893333333333,,https://api.worldbank.org/v2/country/IDN;MYS;VNM;THA;PHL;SGP;BRN;KHM;LAO;MMR;TLS/indicator/PA.NUS.FCRF?format=json&date=2000:2025&per_page=20000,raw/worldbank/6b5480354be8_PA.NUS.FCRF.json
Brunei Darussalam,BRN,2005,PA.NUS.FCRF,"Official exchange rate (LCU per US$, period average)",1.6643975,,https://api.worldbank.org/v2/country/IDN;MYS;VNM;THA;PHL;SGP;BRN;KHM;LAO;MMR;TLS/indicator/PA.NUS.FCRF?format=json&date=2000:2025&per_page=20000,raw/worldbank/6b5480354be8_PA.NUS.FCRF.json
Brunei Darussalam,BRN,2004,PA.NUS.FCRF,"Official exchange rate (LCU per US$, period average)",1.69022833333333,,https://api.worldbank.org/v2/country/IDN;MYS;VNM;THA;PHL;SGP;BRN;KHM;LAO;MMR;TLS/indicator/PA.NUS.FCRF?format=json&date=2000:2025&per_page=20000,raw/worldbank/6b5480354be8_PA.NUS.FCRF.json
Brunei Darussalam,BRN,2003,PA.NUS.FCRF,"Official exchange rate (LCU per US$, period average)",1.74218333333333,,https://api.worldbank.org/v2/country/IDN;MYS;VNM;THA;PHL;SGP;BRN;KHM;LAO;MMR;TLS/indicator/PA.NUS.FCRF?format=json&date=2000:2025&per_page=20000,raw/worldbank/6b5480354be8_PA.NUS.FCRF.json
Brunei Darussalam,BRN,2002,PA.NUS.FCRF,"Official exchange rate (LCU per US$, period average)",1.79058833333333,,https://api.worldbank.org/v2/country/IDN;MYS;VNM;THA;PHL;SGP;BRN;KHM;LAO;MMR;TLS/indicator/PA.NUS.FCRF?format=json&date=2000:2025&per_page=20000,raw/worldbank/6b5480354be8_PA.NUS.FCRF.json
Brunei Darussalam,BRN,2001,PA.NUS.FCRF,"Official exchange rate (LCU per US$, period average)",1.7917225,,https://api.worldbank.org/v2/country/IDN;MYS;VNM;THA;PHL;SGP;BRN;KHM;LAO;MMR;TLS/indicator/PA.NUS.FCRF?format=json&date=2000:2025&per_page=20000,raw/worldbank/6b5480354be8_PA.NUS.FCRF.json
Brunei Darussalam,BRN,2000,PA.NUS.FCRF,"Official exchange rate (LCU per US$, period average)",1.72396333333333,,https://api.worldbank.org/v2/country/IDN;MYS;VNM;THA;PHL;SGP;BRN;KHM;LAO;MMR;TLS/indicator/PA.NUS.FCRF?format=json&date=2000:2025&per_page=20000,raw/worldbank/6b5480354be8_PA.NUS.FCRF.json
Indonesia,IDN,2025,PA.NUS.FCRF,"Official exchange rate (LCU per US$, period average)",16477.8651797836,,https://api.worldbank.org/v2/country/IDN;MYS;VNM;THA;PHL;SGP;BRN;KHM;LAO;MMR;TLS/indicator/PA.NUS.FCRF?format=json&date=2000:2025&per_page=20000,raw/worldbank/6b5480354be8_PA.NUS.FCRF.json
Indonesia,IDN,2024,PA.NUS.FCRF,"Official exchange rate (LCU per US$, period average)",15855.4482866711,,https://api.worldbank.org/v2/country/IDN;MYS;VNM;THA;PHL;SGP;BRN;KHM;LAO;MMR;TLS/indicator/PA.NUS.FCRF?format=json&date=2000:2025&per_page=20000,raw/worldbank/6b5480354be8_PA.NUS.FCRF.json
Indonesia,IDN,2023,PA.NUS.FCRF,"Official exchange rate (LCU per US$, period average)",15236.8846620506,,https://api.worldbank.org/v2/country/IDN;MYS;VNM;THA;PHL;SGP;BRN;KHM;LAO;MMR;TLS/indicator/PA.NUS.FCRF?format=json&date=2000:2025&per_page=20000,raw/worldbank/6b5480354be8_PA.NUS.FCRF.json
Indonesia,IDN,2022,PA.NUS.FCRF,"Official exchange rate (LCU per US$, period average)",14849.8539362105,,https://api.worldbank.org/v2/country/IDN;MYS;VNM;THA;PHL;SGP;BRN;KHM;LAO;MMR;TLS/indicator/PA.NUS.FCRF?format=json&date=2000:2025&per_page=20000,raw/worldbank/6b5480354be8_PA.NUS.FCRF.json
Indonesia,IDN,2021,PA.NUS.FCRF,"Official exchange rate (LCU per US$, period average)",14308.1439011897,,https://api.worldbank.org/v2/country/IDN;MYS;VNM;THA;PHL;SGP;BRN;KHM;LAO;MMR;TLS/indicator/PA.NUS.FCRF?format=json&date=2000:2025&per_page=20000,raw/worldbank/6b5480354be8_PA.NUS.FCRF.json
Indonesia,IDN,2020,PA.NUS.FCRF,"Official exchange rate (LCU per US$, period average)",14582.2034678177,,https://api.worldbank.org/v2/country/IDN;MYS;VNM;THA;PHL;SGP;BRN;KHM;LAO;MMR;TLS/indicator/PA.NUS.FCRF?format=json&date=2000:2025&per_page=20000,raw/worldbank/6b5480354be8_PA.NUS.FCRF.json
Indonesia,IDN,2019,PA.NUS.FCRF,"Official exchange rate (LCU per US$, period average)",14147.6713605454,,https://api.worldbank.org/v2/country/IDN;MYS;VNM;THA;PHL;SGP;BRN;KHM;LAO;MMR;TLS/indicator/PA.NUS.FCRF?format=json&date=2000:2025&per_page=20000,raw/worldbank/6b5480354be8_PA.NUS.FCRF.json
Indonesia,IDN,2018,PA.NUS.FCRF,"Official exchange rate (LCU per US$, period average)",14236.9387734818,,https://api.worldbank.org/v2/country/IDN;MYS;VNM;THA;PHL;SGP;BRN;KHM;LAO;MMR;TLS/indicator/PA.NUS.FCRF?format=json&date=2000:2025&per_page=20000,raw/worldbank/6b5480354be8_PA.NUS.FCRF.json
Indonesia,IDN,2017,PA.NUS.FCRF,"Official exchange rate (LCU per US$, period average)",13380.8338788891,,https://api.worldbank.org/v2/country/IDN;MYS;VNM;THA;PHL;SGP;BRN;KHM;LAO;MMR;TLS/indicator/PA.NUS.FCRF?format=json&date=2000:2025&per_page=20000,raw/worldbank/6b5480354be8_PA.NUS.FCRF.json
Indonesia,IDN,2016,PA.NUS.FCRF,"Official exchange rate (LCU per US$, period average)",13308.3268020542,,https://api.worldbank.org/v2/country/IDN;MYS;VNM;THA;PHL;SGP;BRN;KHM;LAO;MMR;TLS/indicator/PA.NUS.FCRF?format=json&date=2000:2025&per_page=20000,raw/worldbank/6b5480354be8_PA.NUS.FCRF.json
Indonesia,IDN,2015,PA.NUS.FCRF,"Official exchange rate (LCU per US$, period average)",13389.4129365079,,https://api.worldbank.org/v2/country/IDN;MYS;VNM;THA;PHL;SGP;BRN;KHM;LAO;MMR;TLS/indicator/PA.NUS.FCRF?format=json&date=2000:2025&per_page=20000,raw/worldbank/6b5480354be8_PA.NUS.FCRF.json
Indonesia,IDN,2014,PA.NUS.FCRF,"Official exchange rate (LCU per US$, period average)",11865.2112962963,,https://api.worldbank.org/v2/country/IDN;MYS;VNM;THA;PHL;SGP;BRN;KHM;LAO;MMR;TLS/indicator/PA.NUS.FCRF?format=json&date=2000:2025&per_page=20000,raw/worldbank/6b5480354be8_PA.NUS.FCRF.json
Indonesia,IDN,2013,PA.NUS.FCRF,"Official exchange rate (LCU per US$, period average)",10461.24,,https://api.worldbank.org/v2/country/IDN;MYS;VNM;THA;PHL;SGP;BRN;KHM;LAO;MMR;TLS/indicator/PA.NUS.FCRF?format=json&date=2000:2025&per_page=20000,raw/worldbank/6b5480354be8_PA.NUS.FCRF.json
Indonesia,IDN,2012,PA.NUS.FCRF,"Official exchange rate (LCU per US$, period average)",9386.62916666667,,https://api.worldbank.org/v2/country/IDN;MYS;VNM;THA;PHL;SGP;BRN;KHM;LAO;MMR;TLS/indicator/PA.NUS.FCRF?format=json&date=2000:2025&per_page=20000,raw/worldbank/6b5480354be8_PA.NUS.FCRF.json
Indonesia,IDN,2011,PA.NUS.FCRF,"Official exchange rate (LCU per US$, period average)",8770.43333333333,,https://api.worldbank.org/v2/country/IDN;MYS;VNM;THA;PHL;SGP;BRN;KHM;LAO;MMR;TLS/indicator/PA.NUS.FCRF?format=json&date=2000:2025&per_page=20000,raw/worldbank/6b5480354be8_PA.NUS.FCRF.json
Indonesia,IDN,2010,PA.NUS.FCRF,"Official exchange rate (LCU per US$, period average)",9090.43333333333,,https://api.worldbank.org/v2/country/IDN;MYS;VNM;THA;PHL;SGP;BRN;KHM;LAO;MMR;TLS/indicator/PA.NUS.FCRF?format=json&date=2000:2025&per_page=20000,raw/worldbank/6b5480354be8_PA.NUS.FCRF.json
Indonesia,IDN,2009,PA.NUS.FCRF,"Official exchange rate (LCU per US$, period average)",10389.9375,,https://api.worldbank.org/v2/country/IDN;MYS;VNM;THA;PHL;SGP;BRN;KHM;LAO;MMR;TLS/indicator/PA.NUS.FCRF?format=json&date=2000:2025&per_page=20000,raw/worldbank/6b5480354be8_PA.NUS.FCRF.json
Indonesia,IDN,2008,PA.NUS.FCRF,"Official exchange rate (LCU per US$, period average)",9698.9625,,https://api.worldbank.org/v2/country/IDN;MYS;VNM;THA;PHL;SGP;BRN;KHM;LAO;MMR;TLS/indicator/PA.NUS.FCRF?format=json&date=2000:2025&per_page=20000,raw/worldbank/6b5480354be8_PA.NUS.FCRF.json
Indonesia,IDN,2007,PA.NUS.FCRF,"Official exchange rate (LCU per US$, period average)",9141,,https://api.worldbank.org/v2/country/IDN;MYS;VNM;THA;PHL;SGP;BRN;KHM;LAO;MMR;TLS/indicator/PA.NUS.FCRF?format=json&date=2000:2025&per_page=20000,raw/worldbank/6b5480354be8_PA.NUS.FCRF.json
Indonesia,IDN,2006,PA.NUS.FCRF,"Official exchange rate (LCU per US$, period average)",9159.31666666667,,https://api.worldbank.org/v2/country/IDN;MYS;VNM;THA;PHL;SGP;BRN;KHM;LAO;MMR;TLS/indicator/PA.NUS.FCRF?format=json&date=2000:2025&per_page=20000,raw/worldbank/6b5480354be8_PA.NUS.FCRF.json
Indonesia,IDN,2005,PA.NUS.FCRF,"Official exchange rate (LCU per US$, period average)",9704.74166666666,,https://api.worldbank.org/v2/country/IDN;MYS;VNM;THA;PHL;SGP;BRN;KHM;LAO;MMR;TLS/indicator/PA.NUS.FCRF?format=json&date=2000:2025&per_page=20000,raw/worldbank/6b5480354be8_PA.NUS.FCRF.json
Indonesia,IDN,2004,PA.NUS.FCRF,"Official exchange rate (LCU per US$, period average)",8938.85,,https://api.worldbank.org/v2/country/IDN;MYS;VNM;THA;PHL;SGP;BRN;KHM;LAO;MMR;TLS/indicator/PA.NUS.FCRF?format=json&date=2000:2025&per_page=20000,raw/worldbank/6b5480354be8_PA.NUS.FCRF.json
Indonesia,IDN,2003,PA.NUS.FCRF,"Official exchange rate (LCU per US$, period average)",8577.13333333334,,https://api.worldbank.org/v2/country/IDN;MYS;VNM;THA;PHL;SGP;BRN;KHM;LAO;MMR;TLS/indicator/PA.NUS.FCRF?format=json&date=2000:2025&per_page=20000,raw/worldbank/6b5480354be8_PA.NUS.FCRF.json
Indonesia,IDN,2002,PA.NUS.FCRF,"Official exchange rate (LCU per US$, period average)",9311.19166666667,,https://api.worldbank.org/v2/country/IDN;MYS;VNM;THA;PHL;SGP;BRN;KHM;LAO;MMR;TLS/indicator/PA.NUS.FCRF?format=json&date=2000:2025&per_page=20000,raw/worldbank/6b5480354be8_PA.NUS.FCRF.json
Indonesia,IDN,2001,PA.NUS.FCRF,"Official exchange rate (LCU per US$, period average)",10260.85,,https://api.worldbank.org/v2/country/IDN;MYS;VNM;THA;PHL;SGP;BRN;KHM;LAO;MMR;TLS/indicator/PA.NUS.FCRF?format=json&date=2000:2025&per_page=20000,raw/worldbank/6b5480354be8_PA.NUS.FCRF.json
Indonesia,IDN,2000,PA.NUS.FCRF,"Official exchange rate (LCU per US$, period average)",8421.775,,https://api.worldbank.org/v2/country/IDN;MYS;VNM;THA;PHL;SGP;BRN;KHM;LAO;MMR;TLS/indicator/PA.NUS.FCRF?format=json&date=2000:2025&per_page=20000,raw/worldbank/6b5480354be8_PA.NUS.FCRF.json
Cambodia,KHM,2025,PA.NUS.FCRF,"Official exchange rate (LCU per US$, period average)",4013.43310400666,,https://api.worldbank.org/v2/country/IDN;MYS;VNM;THA;PHL;SGP;BRN;KHM;LAO;MMR;TLS/indicator/PA.NUS.FCRF?format=json&date=2000:2025&per_page=20000,raw/worldbank/6b5480354be8_PA.NUS.FCRF.json
Cambodia,KHM,2024,PA.NUS.FCRF,"Official exchange rate (LCU per US$, period average)",4072.39723921642,,https://api.worldbank.org/v2/country/IDN;MYS;VNM;THA;PHL;SGP;BRN;KHM;LAO;MMR;TLS/indicator/PA.NUS.FCRF?format=json&date=2000:2025&per_page=20000,raw/worldbank/6b5480354be8_PA.NUS.FCRF.json
Cambodia,KHM,2023,PA.NUS.FCRF,"Official exchange rate (LCU per US$, period average)",4110.65274641577,,https://api.worldbank.org/v2/country/IDN;MYS;VNM;THA;PHL;SGP;BRN;KHM;LAO;MMR;TLS/indicator/PA.NUS.FCRF?format=json&date=2000:2025&per_page=20000,raw/worldbank/6b5480354be8_PA.NUS.FCRF.json
Cambodia,KHM,2022,PA.NUS.FCRF,"Official exchange rate (LCU per US$, period average)",4102.03786482335,,https://api.worldbank.org/v2/country/IDN;MYS;VNM;THA;PHL;SGP;BRN;KHM;LAO;MMR;TLS/indicator/PA.NUS.FCRF?format=json&date=2000:2025&per_page=20000,raw/worldbank/6b5480354be8_PA.NUS.FCRF.json
Cambodia,KHM,2021,PA.NUS.FCRF,"Official exchange rate (LCU per US$, period average)",4098.72279505888,,https://api.worldbank.org/v2/country/IDN;MYS;VNM;THA;PHL;SGP;BRN;KHM;LAO;MMR;TLS/indicator/PA.NUS.FCRF?format=json&date=2000:2025&per_page=20000,raw/worldbank/6b5480354be8_PA.NUS.FCRF.json
Cambodia,KHM,2020,PA.NUS.FCRF,"Official exchange rate (LCU per US$, period average)",4092.78321900878,,https://api.worldbank.org/v2/country/IDN;MYS;VNM;THA;PHL;SGP;BRN;KHM;LAO;MMR;TLS/indicator/PA.NUS.FCRF?format=json&date=2000:2025&per_page=20000,raw/worldbank/6b5480354be8_PA.NUS.FCRF.json
Cambodia,KHM,2019,PA.NUS.FCRF,"Official exchange rate (LCU per US$, period average)",4061.14896313364,,https://api.worldbank.org/v2/country/IDN;MYS;VNM;THA;PHL;SGP;BRN;KHM;LAO;MMR;TLS/indicator/PA.NUS.FCRF?format=json&date=2000:2025&per_page=20000,raw/worldbank/6b5480354be8_PA.NUS.FCRF.json
Cambodia,KHM,2018,PA.NUS.FCRF,"Official exchange rate (LCU per US$, period average)",4051.16690028162,,https://api.worldbank.org/v2/country/IDN;MYS;VNM;THA;PHL;SGP;BRN;KHM;LAO;MMR;TLS/indicator/PA.NUS.FCRF?format=json&date=2000:2025&per_page=20000,raw/worldbank/6b5480354be8_PA.NUS.FCRF.json
Cambodia,KHM,2017,PA.NUS.FCRF,"Official exchange rate (LCU per US$, period average)",4050.5799859191,,https://api.worldbank.org/v2/country/IDN;MYS;VNM;THA;PHL;SGP;BRN;KHM;LAO;MMR;TLS/indicator/PA.NUS.FCRF?format=json&date=2000:2025&per_page=20000,raw/worldbank/6b5480354be8_PA.NUS.FCRF.json
Cambodia,KHM,2016,PA.NUS.FCRF,"Official exchange rate (LCU per US$, period average)",4058.69457885305,,https://api.worldbank.org/v2/country/IDN;MYS;VNM;THA;PHL;SGP;BRN;KHM;LAO;MMR;TLS/indicator/PA.NUS.FCRF?format=json&date=2000:2025&per_page=20000,raw/worldbank/6b5480354be8_PA.NUS.FCRF.json
Cambodia,KHM,2015,PA.NUS.FCRF,"Official exchange rate (LCU per US$, period average)",4067.75,,https://api.worldbank.org/v2/country/IDN;MYS;VNM;THA;PHL;SGP;BRN;KHM;LAO;MMR;TLS/indicator/PA.NUS.FCRF?format=json&date=2000:2025&per_page=20000,raw/worldbank/6b5480354be8_PA.NUS.FCRF.json
Cambodia,KHM,2014,PA.NUS.FCRF,"Official exchange rate (LCU per US$, period average)",4037.5,,https://api.worldbank.org/v2/country/IDN;MYS;VNM;THA;PHL;SGP;BRN;KHM;LAO;MMR;TLS/indicator/PA.NUS.FCRF?format=json&date=2000:2025&per_page=20000,raw/worldbank/6b5480354be8_PA.NUS.FCRF.json
Cambodia,KHM,2013,PA.NUS.FCRF,"Official exchange rate (LCU per US$, period average)",4027.25,,https://api.worldbank.org/v2/country/IDN;MYS;VNM;THA;PHL;SGP;BRN;KHM;LAO;MMR;TLS/indicator/PA.NUS.FCRF?format=json&date=2000:2025&per_page=20000,raw/worldbank/6b5480354be8_PA.NUS.FCRF.json
Cambodia,KHM,2012,PA.NUS.FCRF,"Official exchange rate (LCU per US$, period average)",4033,,https://api.worldbank.org/v2/country/IDN;MYS;VNM;THA;PHL;SGP;BRN;KHM;LAO;MMR;TLS/indicator/PA.NUS.FCRF?format=json&date=2000:2025&per_page=20000,raw/worldbank/6b5480354be8_PA.NUS.FCRF.json
Cambodia,KHM,2011,PA.NUS.FCRF,"Official exchange rate (LCU per US$, period average)",4058.5,,https://api.worldbank.org/v2/country/IDN;MYS;VNM;THA;PHL;SGP;BRN;KHM;LAO;MMR;TLS/indicator/PA.NUS.FCRF?format=json&date=2000:2025&per_page=20000,raw/worldbank/6b5480354be8_PA.NUS.FCRF.json
Cambodia,KHM,2010,PA.NUS.FCRF,"Official exchange rate (LCU per US$, period average)",4184.91666666667,,https://api.worldbank.org/v2/country/IDN;MYS;VNM;THA;PHL;SGP;BRN;KHM;LAO;MMR;TLS/indicator/PA.NUS.FCRF?format=json&date=2000:2025&per_page=20000,raw/worldbank/6b5480354be8_PA.NUS.FCRF.json
Cambodia,KHM,2009,PA.NUS.FCRF,"Official exchange rate (LCU per US$, period average)",4139.33333333333,,https://api.worldbank.org/v2/country/IDN;MYS;VNM;THA;PHL;SGP;BRN;KHM;LAO;MMR;TLS/indicator/PA.NUS.FCRF?format=json&date=2000:2025&per_page=20000,raw/worldbank/6b5480354be8_PA.NUS.FCRF.json
Cambodia,KHM,2008,PA.NUS.FCRF,"Official exchange rate (LCU per US$, period average)",4054.16666666667,,https://api.worldbank.org/v2/country/IDN;MYS;VNM;THA;PHL;SGP;BRN;KHM;LAO;MMR;TLS/indicator/PA.NUS.FCRF?format=json&date=2000:2025&per_page=20000,raw/worldbank/6b5480354be8_PA.NUS.FCRF.json
Cambodia,KHM,2007,PA.NUS.FCRF,"Official exchange rate (LCU per US$, period average)",4056.16666666667,,https://api.worldbank.org/v2/country/IDN;MYS;VNM;THA;PHL;SGP;BRN;KHM;LAO;MMR;TLS/indicator/PA.NUS.FCRF?format=json&date=2000:2025&per_page=20000,raw/worldbank/6b5480354be8_PA.NUS.FCRF.json
Cambodia,KHM,2006,PA.NUS.FCRF,"Official exchange rate (LCU per US$, period average)",4103.25,,https://api.worldbank.org/v2/country/IDN;MYS;VNM;THA;PHL;SGP;BRN;KHM;LAO;MMR;TLS/indicator/PA.NUS.FCRF?format=json&date=2000:2025&per_page=20000,raw/worldbank/6b5480354be8_PA.NUS.FCRF.json
Cambodia,KHM,2005,PA.NUS.FCRF,"Official exchange rate (LCU per US$, period average)",4092.5,,https://api.worldbank.org/v2/country/IDN;MYS;VNM;THA;PHL;SGP;BRN;KHM;LAO;MMR;TLS/indicator/PA.NUS.FCRF?format=json&date=2000:2025&per_page=20000,raw/worldbank/6b5480354be8_PA.NUS.FCRF.json
Cambodia,KHM,2004,PA.NUS.FCRF,"Official exchange rate (LCU per US$, period average)",4016.25,,https://api.worldbank.org/v2/country/IDN;MYS;VNM;THA;PHL;SGP;BRN;KHM;LAO;MMR;TLS/indicator/PA.NUS.FCRF?format=json&date=2000:2025&per_page=20000,raw/worldbank/6b5480354be8_PA.NUS.FCRF.json
Cambodia,KHM,2003,PA.NUS.FCRF,"Official exchange rate (LCU per US$, period average)",3973.33333333333,,https://api.worldbank.org/v2/country/IDN;MYS;VNM;THA;PHL;SGP;BRN;KHM;LAO;MMR;TLS/indicator/PA.NUS.FCRF?format=json&date=2000:2025&per_page=20000,raw/worldbank/6b5480354be8_PA.NUS.FCRF.json
Cambodia,KHM,2002,PA.NUS.FCRF,"Official exchange rate (LCU per US$, period average)",3912.08333333333,,https://api.worldbank.org/v2/country/IDN;MYS;VNM;THA;PHL;SGP;BRN;KHM;LAO;MMR;TLS/indicator/PA.NUS.FCRF?format=json&date=2000:2025&per_page=20000,raw/worldbank/6b5480354be8_PA.NUS.FCRF.json
Cambodia,KHM,2001,PA.NUS.FCRF,"Official exchange rate (LCU per US$, period average)",3916.33333333333,,https://api.worldbank.org/v2/country/IDN;MYS;VNM;THA;PHL;SGP;BRN;KHM;LAO;MMR;TLS/indicator/PA.NUS.FCRF?format=json&date=2000:2025&per_page=20000,raw/worldbank/6b5480354be8_PA.NUS.FCRF.json
Cambodia,KHM,2000,PA.NUS.FCRF,"Official exchange rate (LCU per US$, period average)",3840.75,,https://api.worldbank.org/v2/country/IDN;MYS;VNM;THA;PHL;SGP;BRN;KHM;LAO;MMR;TLS/indicator/PA.NUS.FCRF?format=json&date=2000:2025&per_page=20000,raw/worldbank/6b5480354be8_PA.NUS.FCRF.json
Lao PDR,LAO,2025,PA.NUS.FCRF,"Official exchange rate (LCU per US$, period average)",,,https://api.worldbank.org/v2/country/IDN;MYS;VNM;THA;PHL;SGP;BRN;KHM;LAO;MMR;TLS/indicator/PA.NUS.FCRF?format=json&date=2000:2025&per_page=20000,raw/worldbank/6b5480354be8_PA.NUS.FCRF.json
Lao PDR,LAO,2024,PA.NUS.FCRF,"Official exchange rate (LCU per US$, period average)",20167.3313803145,,https://api.worldbank.org/v2/country/IDN;MYS;VNM;THA;PHL;SGP;BRN;KHM;LAO;MMR;TLS/indicator/PA.NUS.FCRF?format=json&date=2000:2025&per_page=20000,raw/worldbank/6b5480354be8_PA.NUS.FCRF.json
Lao PDR,LAO,2023,PA.NUS.FCRF,"Official exchange rate (LCU per US$, period average)",17688.8735909054,,https://api.worldbank.org/v2/country/IDN;MYS;VNM;THA;PHL;SGP;BRN;KHM;LAO;MMR;TLS/indicator/PA.NUS.FCRF?format=json&date=2000:2025&per_page=20000,raw/worldbank/6b5480354be8_PA.NUS.FCRF.json
Lao PDR,LAO,2022,PA.NUS.FCRF,"Official exchange rate (LCU per US$, period average)",14035.2266926511,,https://api.worldbank.org/v2/country/IDN;MYS;VNM;THA;PHL;SGP;BRN;KHM;LAO;MMR;TLS/indicator/PA.NUS.FCRF?format=json&date=2000:2025&per_page=20000,raw/worldbank/6b5480354be8_PA.NUS.FCRF.json
Lao PDR,LAO,2021,PA.NUS.FCRF,"Official exchange rate (LCU per US$, period average)",9697.91578947368,,https://api.worldbank.org/v2/country/IDN;MYS;VNM;THA;PHL;SGP;BRN;KHM;LAO;MMR;TLS/indicator/PA.NUS.FCRF?format=json&date=2000:2025&per_page=20000,raw/worldbank/6b5480354be8_PA.NUS.FCRF.json
Lao PDR,LAO,2020,PA.NUS.FCRF,"Official exchange rate (LCU per US$, period average)",9045.78783382479,,https://api.worldbank.org/v2/country/IDN;MYS;VNM;THA;PHL;SGP;BRN;KHM;LAO;MMR;TLS/indicator/PA.NUS.FCRF?format=json&date=2000:2025&per_page=20000,raw/worldbank/6b5480354be8_PA.NUS.FCRF.json
Lao PDR,LAO,2019,PA.NUS.FCRF,"Official exchange rate (LCU per US$, period average)",8679.40909309671,,https://api.worldbank.org/v2/country/IDN;MYS;VNM;THA;PHL;SGP;BRN;KHM;LAO;MMR;TLS/indicator/PA.NUS.FCRF?format=json&date=2000:2025&per_page=20000,raw/worldbank/6b5480354be8_PA.NUS.FCRF.json
Lao PDR,LAO,2018,PA.NUS.FCRF,"Official exchange rate (LCU per US$, period average)",8401.33476613966,,https://api.worldbank.org/v2/country/IDN;MYS;VNM;THA;PHL;SGP;BRN;KHM;LAO;MMR;TLS/indicator/PA.NUS.FCRF?format=json&date=2000:2025&per_page=20000,raw/worldbank/6b5480354be8_PA.NUS.FCRF.json
Lao PDR,LAO,2017,PA.NUS.FCRF,"Official exchange rate (LCU per US$, period average)",8244.84318921019,,https://api.worldbank.org/v2/country/IDN;MYS;VNM;THA;PHL;SGP;BRN;KHM;LAO;MMR;TLS/indicator/PA.NUS.FCRF?format=json&date=2000:2025&per_page=20000,raw/worldbank/6b5480354be8_PA.NUS.FCRF.json
Lao PDR,LAO,2016,PA.NUS.FCRF,"Official exchange rate (LCU per US$, period average)",8124.36675616228,,https://api.worldbank.org/v2/country/IDN;MYS;VNM;THA;PHL;SGP;BRN;KHM;LAO;MMR;TLS/indicator/PA.NUS.FCRF?format=json&date=2000:2025&per_page=20000,raw/worldbank/6b5480354be8_PA.NUS.FCRF.json
Lao PDR,LAO,2015,PA.NUS.FCRF,"Official exchange rate (LCU per US$, period average)",8127.61059846586,,https://api.worldbank.org/v2/country/IDN;MYS;VNM;THA;PHL;SGP;BRN;KHM;LAO;MMR;TLS/indicator/PA.NUS.FCRF?format=json&date=2000:2025&per_page=20000,raw/worldbank/6b5480354be8_PA.NUS.FCRF.json
Lao PDR,LAO,2014,PA.NUS.FCRF,"Official exchange rate (LCU per US$, period average)",8042.42157002354,,https://api.worldbank.org/v2/country/IDN;MYS;VNM;THA;PHL;SGP;BRN;KHM;LAO;MMR;TLS/indicator/PA.NUS.FCRF?format=json&date=2000:2025&per_page=20000,raw/worldbank/6b5480354be8_PA.NUS.FCRF.json
Lao PDR,LAO,2013,PA.NUS.FCRF,"Official exchange rate (LCU per US$, period average)",7833.22998982965,,https://api.worldbank.org/v2/country/IDN;MYS;VNM;THA;PHL;SGP;BRN;KHM;LAO;MMR;TLS/indicator/PA.NUS.FCRF?format=json&date=2000:2025&per_page=20000,raw/worldbank/6b5480354be8_PA.NUS.FCRF.json
Lao PDR,LAO,2012,PA.NUS.FCRF,"Official exchange rate (LCU per US$, period average)",8006.58203188054,,https://api.worldbank.org/v2/country/IDN;MYS;VNM;THA;PHL;SGP;BRN;KHM;LAO;MMR;TLS/indicator/PA.NUS.FCRF?format=json&date=2000:2025&per_page=20000,raw/worldbank/6b5480354be8_PA.NUS.FCRF.json
Lao PDR,LAO,2011,PA.NUS.FCRF,"Official exchange rate (LCU per US$, period average)",8029.2625550619,,https://api.worldbank.org/v2/country/IDN;MYS;VNM;THA;PHL;SGP;BRN;KHM;LAO;MMR;TLS/indicator/PA.NUS.FCRF?format=json&date=2000:2025&per_page=20000,raw/worldbank/6b5480354be8_PA.NUS.FCRF.json
Lao PDR,LAO,2010,PA.NUS.FCRF,"Official exchange rate (LCU per US$, period average)",8254.16302973342,,https://api.worldbank.org/v2/country/IDN;MYS;VNM;THA;PHL;SGP;BRN;KHM;LAO;MMR;TLS/indicator/PA.NUS.FCRF?format=json&date=2000:2025&per_page=20000,raw/worldbank/6b5480354be8_PA.NUS.FCRF.json
Lao PDR,LAO,2009,PA.NUS.FCRF,"Official exchange rate (LCU per US$, period average)",8511.35116305693,,https://api.worldbank.org/v2/country/IDN;MYS;VNM;THA;PHL;SGP;BRN;KHM;LAO;MMR;TLS/indicator/PA.NUS.FCRF?format=json&date=2000:2025&per_page=20000,raw/worldbank/6b5480354be8_PA.NUS.FCRF.json
Lao PDR,LAO,2008,PA.NUS.FCRF,"Official exchange rate (LCU per US$, period average)",8740.18140302543,,https://api.worldbank.org/v2/country/IDN;MYS;VNM;THA;PHL;SGP;BRN;KHM;LAO;MMR;TLS/indicator/PA.NUS.FCRF?format=json&date=2000:2025&per_page=20000,raw/worldbank/6b5480354be8_PA.NUS.FCRF.json
Lao PDR,LAO,2007,PA.NUS.FCRF,"Official exchange rate (LCU per US$, period average)",9602.72881820274,,https://api.worldbank.org/v2/country/IDN;MYS;VNM;THA;PHL;SGP;BRN;KHM;LAO;MMR;TLS/indicator/PA.NUS.FCRF?format=json&date=2000:2025&per_page=20000,raw/worldbank/6b5480354be8_PA.NUS.FCRF.json
Lao PDR,LAO,2006,PA.NUS.FCRF,"Official exchange rate (LCU per US$, period average)",10153.6240754273,,https://api.worldbank.org/v2/country/IDN;MYS;VNM;THA;PHL;SGP;BRN;KHM;LAO;MMR;TLS/indicator/PA.NUS.FCRF?format=json&date=2000:2025&per_page=20000,raw/worldbank/6b5480354be8_PA.NUS.FCRF.json
Lao PDR,LAO,2005,PA.NUS.FCRF,"Official exchange rate (LCU per US$, period average)",10655.1666666667,,https://api.worldbank.org/v2/country/IDN;MYS;VNM;THA;PHL;SGP;BRN;KHM;LAO;MMR;TLS/indicator/PA.NUS.FCRF?format=json&date=2000:2025&per_page=20000,raw/worldbank/6b5480354be8_PA.NUS.FCRF.json
Lao PDR,LAO,2004,PA.NUS.FCRF,"Official exchange rate (LCU per US$, period average)",10585.375,,https://api.worldbank.org/v2/country/IDN;MYS;VNM;THA;PHL;SGP;BRN;KHM;LAO;MMR;TLS/indicator/PA.NUS.FCRF?format=json&date=2000:2025&per_page=20000,raw/worldbank/6b5480354be8_PA.NUS.FCRF.json
Lao PDR,LAO,2003,PA.NUS.FCRF,"Official exchange rate (LCU per US$, period average)",10569.0375,,https://api.worldbank.org/v2/country/IDN;MYS;VNM;THA;PHL;SGP;BRN;KHM;LAO;MMR;TLS/indicator/PA.NUS.FCRF?format=json&date=2000:2025&per_page=20000,raw/worldbank/6b5480354be8_PA.NUS.FCRF.json
Lao PDR,LAO,2002,PA.NUS.FCRF,"Official exchange rate (LCU per US$, period average)",10056.3333333333,,https://api.worldbank.org/v2/country/IDN;MYS;VNM;THA;PHL;SGP;BRN;KHM;LAO;MMR;TLS/indicator/PA.NUS.FCRF?format=json&date=2000:2025&per_page=20000,raw/worldbank/6b5480354be8_PA.NUS.FCRF.json
Lao PDR,LAO,2001,PA.NUS.FCRF,"Official exchange rate (LCU per US$, period average)",8954.58333333333,,https://api.worldbank.org/v2/country/IDN;MYS;VNM;THA;PHL;SGP;BRN;KHM;LAO;MMR;TLS/indicator/PA.NUS.FCRF?format=json&date=2000:2025&per_page=20000,raw/worldbank/6b5480354be8_PA.NUS.FCRF.json
Lao PDR,LAO,2000,PA.NUS.FCRF,"Official exchange rate (LCU per US$, period average)",7887.64333333333,,https://api.worldbank.org/v2/country/IDN;MYS;VNM;THA;PHL;SGP;BRN;KHM;LAO;MMR;TLS/indicator/PA.NUS.FCRF?format=json&date=2000:2025&per_page=20000,raw/worldbank/6b5480354be8_PA.NUS.FCRF.json
Myanmar,MMR,2025,PA.NUS.FCRF,"Official exchange rate (LCU per US$, period average)",,,https://api.worldbank.org/v2/country/IDN;MYS;VNM;THA;PHL;SGP;BRN;KHM;LAO;MMR;TLS/indicator/PA.NUS.FCRF?format=json&date=2000:2025&per_page=20000,raw/worldbank/6b5480354be8_PA.NUS.FCRF.json
Myanmar,MMR,2024,PA.NUS.FCRF,"Official exchange rate (LCU per US$, period average)",,,https://api.worldbank.org/v2/country/IDN;MYS;VNM;THA;PHL;SGP;BRN;KHM;LAO;MMR;TLS/indicator/PA.NUS.FCRF?format=json&date=2000:2025&per_page=20000,raw/worldbank/6b5480354be8_PA.NUS.FCRF.json
Myanmar,MMR,2023,PA.NUS.FCRF,"Official exchange rate (LCU per US$, period average)",,,https://api.worldbank.org/v2/country/IDN;MYS;VNM;THA;PHL;SGP;BRN;KHM;LAO;MMR;TLS/indicator/PA.NUS.FCRF?format=json&date=2000:2025&per_page=20000,raw/worldbank/6b5480354be8_PA.NUS.FCRF.json
Myanmar,MMR,2022,PA.NUS.FCRF,"Official exchange rate (LCU per US$, period average)",,,https://api.worldbank.org/v2/country/IDN;MYS;VNM;THA;PHL;SGP;BRN;KHM;LAO;MMR;TLS/indicator/PA.NUS.FCRF?format=json&date=2000:2025&per_page=20000,raw/worldbank/6b5480354be8_PA.NUS.FCRF.json
Myanmar,MMR,2021,PA.NUS.FCRF,"Official exchange rate (LCU per US$, period average)",,,https://api.worldbank.org/v2/country/IDN;MYS;VNM;THA;PHL;SGP;BRN;KHM;LAO;MMR;TLS/indicator/PA.NUS.FCRF?format=json&date=2000:2025&per_page=20000,raw/worldbank/6b5480354be8_PA.NUS.FCRF.json
Myanmar,MMR,2020,PA.NUS.FCRF,"Official exchange rate (LCU per US$, period average)",1381.61916666667,,https://api.worldbank.org/v2/country/IDN;MYS;VNM;THA;PHL;SGP;BRN;KHM;LAO;MMR;TLS/indicator/PA.NUS.FCRF?format=json&date=2000:2025&per_page=20000,raw/worldbank/6b5480354be8_PA.NUS.FCRF.json
Myanmar,MMR,2019,PA.NUS.FCRF,"Official exchange rate (LCU per US$, period average)",1518.25511666667,,https://api.worldbank.org/v2/country/IDN;MYS;VNM;THA;PHL;SGP;BRN;KHM;LAO;MMR;TLS/indicator/PA.NUS.FCRF?format=json&date=2000:2025&per_page=20000,raw/worldbank/6b5480354be8_PA.NUS.FCRF.json
Myanmar,MMR,2018,PA.NUS.FCRF,"Official exchange rate (LCU per US$, period average)",1429.80797520107,,https://api.worldbank.org/v2/country/IDN;MYS;VNM;THA;PHL;SGP;BRN;KHM;LAO;MMR;TLS/indicator/PA.NUS.FCRF?format=json&date=2000:2025&per_page=20000,raw/worldbank/6b5480354be8_PA.NUS.FCRF.json
Myanmar,MMR,2017,PA.NUS.FCRF,"Official exchange rate (LCU per US$, period average)",1360.35870704085,,https://api.worldbank.org/v2/country/IDN;MYS;VNM;THA;PHL;SGP;BRN;KHM;LAO;MMR;TLS/indicator/PA.NUS.FCRF?format=json&date=2000:2025&per_page=20000,raw/worldbank/6b5480354be8_PA.NUS.FCRF.json
Myanmar,MMR,2016,PA.NUS.FCRF,"Official exchange rate (LCU per US$, period average)",1234.86951666667,,https://api.worldbank.org/v2/country/IDN;MYS;VNM;THA;PHL;SGP;BRN;KHM;LAO;MMR;TLS/indicator/PA.NUS.FCRF?format=json&date=2000:2025&per_page=20000,raw/worldbank/6b5480354be8_PA.NUS.FCRF.json
Myanmar,MMR,2015,PA.NUS.FCRF,"Official exchange rate (LCU per US$, period average)",1162.61532862554,,https://api.worldbank.org/v2/country/IDN;MYS;VNM;THA;PHL;SGP;BRN;KHM;LAO;MMR;TLS/indicator/PA.NUS.FCRF?format=json&date=2000:2025&per_page=20000,raw/worldbank/6b5480354be8_PA.NUS.FCRF.json
Myanmar,MMR,2014,PA.NUS.FCRF,"Official exchange rate (LCU per US$, period average)",984.345747560046,,https://api.worldbank.org/v2/country/IDN;MYS;VNM;THA;PHL;SGP;BRN;KHM;LAO;MMR;TLS/indicator/PA.NUS.FCRF?format=json&date=2000:2025&per_page=20000,raw/worldbank/6b5480354be8_PA.NUS.FCRF.json
Myanmar,MMR,2013,PA.NUS.FCRF,"Official exchange rate (LCU per US$, period average)",933.570456356879,,https://api.worldbank.org/v2/country/IDN;MYS;VNM;THA;PHL;SGP;BRN;KHM;LAO;MMR;TLS/indicator/PA.NUS.FCRF?format=json&date=2000:2025&per_page=20000,raw/worldbank/6b5480354be8_PA.NUS.FCRF.json
Myanmar,MMR,2012,PA.NUS.FCRF,"Official exchange rate (LCU per US$, period average)",640.653416666667,,https://api.worldbank.org/v2/country/IDN;MYS;VNM;THA;PHL;SGP;BRN;KHM;LAO;MMR;TLS/indicator/PA.NUS.FCRF?format=json&date=2000:2025&per_page=20000,raw/worldbank/6b5480354be8_PA.NUS.FCRF.json
Myanmar,MMR,2011,PA.NUS.FCRF,"Official exchange rate (LCU per US$, period average)",5.44410833333334,,https://api.worldbank.org/v2/country/IDN;MYS;VNM;THA;PHL;SGP;BRN;KHM;LAO;MMR;TLS/indicator/PA.NUS.FCRF?format=json&date=2000:2025&per_page=20000,raw/worldbank/6b5480354be8_PA.NUS.FCRF.json
Myanmar,MMR,2010,PA.NUS.FCRF,"Official exchange rate (LCU per US$, period average)",5.63488333333333,,https://api.worldbank.org/v2/country/IDN;MYS;VNM;THA;PHL;SGP;BRN;KHM;LAO;MMR;TLS/indicator/PA.NUS.FCRF?format=json&date=2000:2025&per_page=20000,raw/worldbank/6b5480354be8_PA.NUS.FCRF.json
Myanmar,MMR,2009,PA.NUS.FCRF,"Official exchange rate (LCU per US$, period average)",5.57636666666667,,https://api.worldbank.org/v2/country/IDN;MYS;VNM;THA;PHL;SGP;BRN;KHM;LAO;MMR;TLS/indicator/PA.NUS.FCRF?format=json&date=2000:2025&per_page=20000,raw/worldbank/6b5480354be8_PA.NUS.FCRF.json
Myanmar,MMR,2008,PA.NUS.FCRF,"Official exchange rate (LCU per US$, period average)",5.44145,,https://api.worldbank.org/v2/country/IDN;MYS;VNM;THA;PHL;SGP;BRN;KHM;LAO;MMR;TLS/indicator/PA.NUS.FCRF?format=json&date=2000:2025&per_page=20000,raw/worldbank/6b5480354be8_PA.NUS.FCRF.json
Myanmar,MMR,2007,PA.NUS.FCRF,"Official exchange rate (LCU per US$, period average)",5.61688333333333,,https://api.worldbank.org/v2/country/IDN;MYS;VNM;THA;PHL;SGP;BRN;KHM;LAO;MMR;TLS/indicator/PA.NUS.FCRF?format=json&date=2000:2025&per_page=20000,raw/worldbank/6b5480354be8_PA.NUS.FCRF.json
Myanmar,MMR,2006,PA.NUS.FCRF,"Official exchange rate (LCU per US$, period average)",5.84294166666666,,https://api.worldbank.org/v2/country/IDN;MYS;VNM;THA;PHL;SGP;BRN;KHM;LAO;MMR;TLS/indicator/PA.NUS.FCRF?format=json&date=2000:2025&per_page=20000,raw/worldbank/6b5480354be8_PA.NUS.FCRF.json
Myanmar,MMR,2005,PA.NUS.FCRF,"Official exchange rate (LCU per US$, period average)",5.81816666666667,,https://api.worldbank.org/v2/country/IDN;MYS;VNM;THA;PHL;SGP;BRN;KHM;LAO;MMR;TLS/indicator/PA.NUS.FCRF?format=json&date=2000:2025&per_page=20000,raw/worldbank/6b5480354be8_PA.NUS.FCRF.json
Myanmar,MMR,2004,PA.NUS.FCRF,"Official exchange rate (LCU per US$, period average)",5.80583333333333,,https://api.worldbank.org/v2/country/IDN;MYS;VNM;THA;PHL;SGP;BRN;KHM;LAO;MMR;TLS/indicator/PA.NUS.FCRF?format=json&date=2000:2025&per_page=20000,raw/worldbank/6b5480354be8_PA.NUS.FCRF.json
Myanmar,MMR,2003,PA.NUS.FCRF,"Official exchange rate (LCU per US$, period average)",6.138925,,https://api.worldbank.org/v2/country/IDN;MYS;VNM;THA;PHL;SGP;BRN;KHM;LAO;MMR;TLS/indicator/PA.NUS.FCRF?format=json&date=2000:2025&per_page=20000,raw/worldbank/6b5480354be8_PA.NUS.FCRF.json
Myanmar,MMR,2002,PA.NUS.FCRF,"Official exchange rate (LCU per US$, period average)",6.64208333333333,,https://api.worldbank.org/v2/country/IDN;MYS;VNM;THA;PHL;SGP;BRN;KHM;LAO;MMR;TLS/indicator/PA.NUS.FCRF?format=json&date=2000:2025&per_page=20000,raw/worldbank/6b5480354be8_PA.NUS.FCRF.json
Myanmar,MMR,2001,PA.NUS.FCRF,"Official exchange rate (LCU per US$, period average)",6.74890833333333,,https://api.worldbank.org/v2/country/IDN;MYS;VNM;THA;PHL;SGP;BRN;KHM;LAO;MMR;TLS/indicator/PA.NUS.FCRF?format=json&date=2000:2025&per_page=20000,raw/worldbank/6b5480354be8_PA.NUS.FCRF.json
Myanmar,MMR,2000,PA.NUS.FCRF,"Official exchange rate (LCU per US$, period average)",6.516725,,https://api.worldbank.org/v2/country/IDN;MYS;VNM;THA;PHL;SGP;BRN;KHM;LAO;MMR;TLS/indicator/PA.NUS.FCRF?format=json&date=2000:2025&per_page=20000,raw/worldbank/6b5480354be8_PA.NUS.FCRF.json
Malaysia,MYS,2025,PA.NUS.FCRF,"Official exchange rate (LCU per US$, period average)",4.28442415048243,,https://api.worldbank.org/v2/country/IDN;MYS;VNM;THA;PHL;SGP;BRN;KHM;LAO;MMR;TLS/indicator/PA.NUS.FCRF?format=json&date=2000:2025&per_page=20000,raw/worldbank/6b5480354be8_PA.NUS.FCRF.json
Malaysia,MYS,2024,PA.NUS.FCRF,"Official exchange rate (LCU per US$, period average)",4.5764279106858,,https://api.worldbank.org/v2/country/IDN;MYS;VNM;THA;PHL;SGP;BRN;KHM;LAO;MMR;TLS/indicator/PA.NUS.FCRF?format=json&date=2000:2025&per_page=20000,raw/worldbank/6b5480354be8_PA.NUS.FCRF.json
Malaysia,MYS,2023,PA.NUS.FCRF,"Official exchange rate (LCU per US$, period average)",4.56062343240897,,https://api.worldbank.org/v2/country/IDN;MYS;VNM;THA;PHL;SGP;BRN;KHM;LAO;MMR;TLS/indicator/PA.NUS.FCRF?format=json&date=2000:2025&per_page=20000,raw/worldbank/6b5480354be8_PA.NUS.FCRF.json
Malaysia,MYS,2022,PA.NUS.FCRF,"Official exchange rate (LCU per US$, period average)",4.40107634540072,,https://api.worldbank.org/v2/country/IDN;MYS;VNM;THA;PHL;SGP;BRN;KHM;LAO;MMR;TLS/indicator/PA.NUS.FCRF?format=json&date=2000:2025&per_page=20000,raw/worldbank/6b5480354be8_PA.NUS.FCRF.json
Malaysia,MYS,2021,PA.NUS.FCRF,"Official exchange rate (LCU per US$, period average)",4.14329759817721,,https://api.worldbank.org/v2/country/IDN;MYS;VNM;THA;PHL;SGP;BRN;KHM;LAO;MMR;TLS/indicator/PA.NUS.FCRF?format=json&date=2000:2025&per_page=20000,raw/worldbank/6b5480354be8_PA.NUS.FCRF.json
Malaysia,MYS,2020,PA.NUS.FCRF,"Official exchange rate (LCU per US$, period average)",4.20348194851884,,https://api.worldbank.org/v2/country/IDN;MYS;VNM;THA;PHL;SGP;BRN;KHM;LAO;MMR;TLS/indicator/PA.NUS.FCRF?format=json&date=2000:2025&per_page=20000,raw/worldbank/6b5480354be8_PA.NUS.FCRF.json
Malaysia,MYS,2019,PA.NUS.FCRF,"Official exchange rate (LCU per US$, period average)",4.14246973569731,,https://api.worldbank.org/v2/country/IDN;MYS;VNM;THA;PHL;SGP;BRN;KHM;LAO;MMR;TLS/indicator/PA.NUS.FCRF?format=json&date=2000:2025&per_page=20000,raw/worldbank/6b5480354be8_PA.NUS.FCRF.json
Malaysia,MYS,2018,PA.NUS.FCRF,"Official exchange rate (LCU per US$, period average)",4.03513013706806,,https://api.worldbank.org/v2/country/IDN;MYS;VNM;THA;PHL;SGP;BRN;KHM;LAO;MMR;TLS/indicator/PA.NUS.FCRF?format=json&date=2000:2025&per_page=20000,raw/worldbank/6b5480354be8_PA.NUS.FCRF.json
Malaysia,MYS,2017,PA.NUS.FCRF,"Official exchange rate (LCU per US$, period average)",4.30044087761124,,https://api.worldbank.org/v2/country/IDN;MYS;VNM;THA;PHL;SGP;BRN;KHM;LAO;MMR;TLS/indicator/PA.NUS.FCRF?format=json&date=2000:2025&per_page=20000,raw/worldbank/6b5480354be8_PA.NUS.FCRF.json
Malaysia,MYS,2016,PA.NUS.FCRF,"Official exchange rate (LCU per US$, period average)",4.14830066287879,,https://api.worldbank.org/v2/country/IDN;MYS;VNM;THA;PHL;SGP;BRN;KHM;LAO;MMR;TLS/indicator/PA.NUS.FCRF?format=json&date=2000:2025&per_page=20000,raw/worldbank/6b5480354be8_PA.NUS.FCRF.json
Malaysia,MYS,2015,PA.NUS.FCRF,"Official exchange rate (LCU per US$, period average)",3.90550026302768,,https://api.worldbank.org/v2/country/IDN;MYS;VNM;THA;PHL;SGP;BRN;KHM;LAO;MMR;TLS/indicator/PA.NUS.FCRF?format=json&date=2000:2025&per_page=20000,raw/worldbank/6b5480354be8_PA.NUS.FCRF.json
Malaysia,MYS,2014,PA.NUS.FCRF,"Official exchange rate (LCU per US$, period average)",3.27285974643047,,https://api.worldbank.org/v2/country/IDN;MYS;VNM;THA;PHL;SGP;BRN;KHM;LAO;MMR;TLS/indicator/PA.NUS.FCRF?format=json&date=2000:2025&per_page=20000,raw/worldbank/6b5480354be8_PA.NUS.FCRF.json
Malaysia,MYS,2013,PA.NUS.FCRF,"Official exchange rate (LCU per US$, period average)",3.15090855009724,,https://api.worldbank.org/v2/country/IDN;MYS;VNM;THA;PHL;SGP;BRN;KHM;LAO;MMR;TLS/indicator/PA.NUS.FCRF?format=json&date=2000:2025&per_page=20000,raw/worldbank/6b5480354be8_PA.NUS.FCRF.json
Malaysia,MYS,2012,PA.NUS.FCRF,"Official exchange rate (LCU per US$, period average)",3.08880086662188,,https://api.worldbank.org/v2/country/IDN;MYS;VNM;THA;PHL;SGP;BRN;KHM;LAO;MMR;TLS/indicator/PA.NUS.FCRF?format=json&date=2000:2025&per_page=20000,raw/worldbank/6b5480354be8_PA.NUS.FCRF.json
Malaysia,MYS,2011,PA.NUS.FCRF,"Official exchange rate (LCU per US$, period average)",3.06000301052058,,https://api.worldbank.org/v2/country/IDN;MYS;VNM;THA;PHL;SGP;BRN;KHM;LAO;MMR;TLS/indicator/PA.NUS.FCRF?format=json&date=2000:2025&per_page=20000,raw/worldbank/6b5480354be8_PA.NUS.FCRF.json
Malaysia,MYS,2010,PA.NUS.FCRF,"Official exchange rate (LCU per US$, period average)",3.22108691472175,,https://api.worldbank.org/v2/country/IDN;MYS;VNM;THA;PHL;SGP;BRN;KHM;LAO;MMR;TLS/indicator/PA.NUS.FCRF?format=json&date=2000:2025&per_page=20000,raw/worldbank/6b5480354be8_PA.NUS.FCRF.json
Malaysia,MYS,2009,PA.NUS.FCRF,"Official exchange rate (LCU per US$, period average)",3.52450291070644,,https://api.worldbank.org/v2/country/IDN;MYS;VNM;THA;PHL;SGP;BRN;KHM;LAO;MMR;TLS/indicator/PA.NUS.FCRF?format=json&date=2000:2025&per_page=20000,raw/worldbank/6b5480354be8_PA.NUS.FCRF.json
Malaysia,MYS,2008,PA.NUS.FCRF,"Official exchange rate (LCU per US$, period average)",3.33583333333333,,https://api.worldbank.org/v2/country/IDN;MYS;VNM;THA;PHL;SGP;BRN;KHM;LAO;MMR;TLS/indicator/PA.NUS.FCRF?format=json&date=2000:2025&per_page=20000,raw/worldbank/6b5480354be8_PA.NUS.FCRF.json
Malaysia,MYS,2007,PA.NUS.FCRF,"Official exchange rate (LCU per US$, period average)",3.43756938226247,,https://api.worldbank.org/v2/country/IDN;MYS;VNM;THA;PHL;SGP;BRN;KHM;LAO;MMR;TLS/indicator/PA.NUS.FCRF?format=json&date=2000:2025&per_page=20000,raw/worldbank/6b5480354be8_PA.NUS.FCRF.json
Malaysia,MYS,2006,PA.NUS.FCRF,"Official exchange rate (LCU per US$, period average)",3.66817695833333,,https://api.worldbank.org/v2/country/IDN;MYS;VNM;THA;PHL;SGP;BRN;KHM;LAO;MMR;TLS/indicator/PA.NUS.FCRF?format=json&date=2000:2025&per_page=20000,raw/worldbank/6b5480354be8_PA.NUS.FCRF.json
Malaysia,MYS,2005,PA.NUS.FCRF,"Official exchange rate (LCU per US$, period average)",3.78709166666667,,https://api.worldbank.org/v2/country/IDN;MYS;VNM;THA;PHL;SGP;BRN;KHM;LAO;MMR;TLS/indicator/PA.NUS.FCRF?format=json&date=2000:2025&per_page=20000,raw/worldbank/6b5480354be8_PA.NUS.FCRF.json
Malaysia,MYS,2004,PA.NUS.FCRF,"Official exchange rate (LCU per US$, period average)",3.8,,https://api.worldbank.org/v2/country/IDN;MYS;VNM;THA;PHL;SGP;BRN;KHM;LAO;MMR;TLS/indicator/PA.NUS.FCRF?format=json&date=2000:2025&per_page=20000,raw/worldbank/6b5480354be8_PA.NUS.FCRF.json
Malaysia,MYS,2003,PA.NUS.FCRF,"Official exchange rate (LCU per US$, period average)",3.8,,https://api.worldbank.org/v2/country/IDN;MYS;VNM;THA;PHL;SGP;BRN;KHM;LAO;MMR;TLS/indicator/PA.NUS.FCRF?format=json&date=2000:2025&per_page=20000,raw/worldbank/6b5480354be8_PA.NUS.FCRF.json
Malaysia,MYS,2002,PA.NUS.FCRF,"Official exchange rate (LCU per US$, period average)",3.8,,https://api.worldbank.org/v2/country/IDN;MYS;VNM;THA;PHL;SGP;BRN;KHM;LAO;MMR;TLS/indicator/PA.NUS.FCRF?format=json&date=2000:2025&per_page=20000,raw/worldbank/6b5480354be8_PA.NUS.FCRF.json
Malaysia,MYS,2001,PA.NUS.FCRF,"Official exchange rate (LCU per US$, period average)",3.8,,https://api.worldbank.org/v2/country/IDN;MYS;VNM;THA;PHL;SGP;BRN;KHM;LAO;MMR;TLS/indicator/PA.NUS.FCRF?format=json&date=2000:2025&per_page=20000,raw/worldbank/6b5480354be8_PA.NUS.FCRF.json
Malaysia,MYS,2000,PA.NUS.FCRF,"Official exchange rate (LCU per US$, period average)",3.8,,https://api.worldbank.org/v2/country/IDN;MYS;VNM;THA;PHL;SGP;BRN;KHM;LAO;MMR;TLS/indicator/PA.NUS.FCRF?format=json&date=2000:2025&per_page=20000,raw/worldbank/6b5480354be8_PA.NUS.FCRF.json
Philippines,PHL,2025,PA.NUS.FCRF,"Official exchange rate (LCU per US$, period average)",57.5050971489715,,https://api.worldbank.org/v2/country/IDN;MYS;VNM;THA;PHL;SGP;BRN;KHM;LAO;MMR;TLS/indicator/PA.NUS.FCRF?format=json&date=2000:2025&per_page=20000,raw/worldbank/6b5480354be8_PA.NUS.FCRF.json
Philippines,PHL,2024,PA.NUS.FCRF,"Official exchange rate (LCU per US$, period average)",57.2906550699734,,https://api.worldbank.org/v2/country/IDN;MYS;VNM;THA;PHL;SGP;BRN;KHM;LAO;MMR;TLS/indicator/PA.NUS.FCRF?format=json&date=2000:2025&per_page=20000,raw/worldbank/6b5480354be8_PA.NUS.FCRF.json
Philippines,PHL,2023,PA.NUS.FCRF,"Official exchange rate (LCU per US$, period average)",55.630363223193,,https://api.worldbank.org/v2/country/IDN;MYS;VNM;THA;PHL;SGP;BRN;KHM;LAO;MMR;TLS/indicator/PA.NUS.FCRF?format=json&date=2000:2025&per_page=20000,raw/worldbank/6b5480354be8_PA.NUS.FCRF.json
Philippines,PHL,2022,PA.NUS.FCRF,"Official exchange rate (LCU per US$, period average)",54.477785837205,,https://api.worldbank.org/v2/country/IDN;MYS;VNM;THA;PHL;SGP;BRN;KHM;LAO;MMR;TLS/indicator/PA.NUS.FCRF?format=json&date=2000:2025&per_page=20000,raw/worldbank/6b5480354be8_PA.NUS.FCRF.json
Philippines,PHL,2021,PA.NUS.FCRF,"Official exchange rate (LCU per US$, period average)",49.2545977288412,,https://api.worldbank.org/v2/country/IDN;MYS;VNM;THA;PHL;SGP;BRN;KHM;LAO;MMR;TLS/indicator/PA.NUS.FCRF?format=json&date=2000:2025&per_page=20000,raw/worldbank/6b5480354be8_PA.NUS.FCRF.json
Philippines,PHL,2020,PA.NUS.FCRF,"Official exchange rate (LCU per US$, period average)",49.6240960026328,,https://api.worldbank.org/v2/country/IDN;MYS;VNM;THA;PHL;SGP;BRN;KHM;LAO;MMR;TLS/indicator/PA.NUS.FCRF?format=json&date=2000:2025&per_page=20000,raw/worldbank/6b5480354be8_PA.NUS.FCRF.json
Philippines,PHL,2019,PA.NUS.FCRF,"Official exchange rate (LCU per US$, period average)",51.7957826517332,,https://api.worldbank.org/v2/country/IDN;MYS;VNM;THA;PHL;SGP;BRN;KHM;LAO;MMR;TLS/indicator/PA.NUS.FCRF?format=json&date=2000:2025&per_page=20000,raw/worldbank/6b5480354be8_PA.NUS.FCRF.json
Philippines,PHL,2018,PA.NUS.FCRF,"Official exchange rate (LCU per US$, period average)",52.6614299539683,,https://api.worldbank.org/v2/country/IDN;MYS;VNM;THA;PHL;SGP;BRN;KHM;LAO;MMR;TLS/indicator/PA.NUS.FCRF?format=json&date=2000:2025&per_page=20000,raw/worldbank/6b5480354be8_PA.NUS.FCRF.json
Philippines,PHL,2017,PA.NUS.FCRF,"Official exchange rate (LCU per US$, period average)",50.4037197937177,,https://api.worldbank.org/v2/country/IDN;MYS;VNM;THA;PHL;SGP;BRN;KHM;LAO;MMR;TLS/indicator/PA.NUS.FCRF?format=json&date=2000:2025&per_page=20000,raw/worldbank/6b5480354be8_PA.NUS.FCRF.json
Philippines,PHL,2016,PA.NUS.FCRF,"Official exchange rate (LCU per US$, period average)",47.4924638585099,,https://api.worldbank.org/v2/country/IDN;MYS;VNM;THA;PHL;SGP;BRN;KHM;LAO;MMR;TLS/indicator/PA.NUS.FCRF?format=json&date=2000:2025&per_page=20000,raw/worldbank/6b5480354be8_PA.NUS.FCRF.json
Philippines,PHL,2015,PA.NUS.FCRF,"Official exchange rate (LCU per US$, period average)",45.5028399421431,,https://api.worldbank.org/v2/country/IDN;MYS;VNM;THA;PHL;SGP;BRN;KHM;LAO;MMR;TLS/indicator/PA.NUS.FCRF?format=json&date=2000:2025&per_page=20000,raw/worldbank/6b5480354be8_PA.NUS.FCRF.json
Philippines,PHL,2014,PA.NUS.FCRF,"Official exchange rate (LCU per US$, period average)",44.3951543042097,,https://api.worldbank.org/v2/country/IDN;MYS;VNM;THA;PHL;SGP;BRN;KHM;LAO;MMR;TLS/indicator/PA.NUS.FCRF?format=json&date=2000:2025&per_page=20000,raw/worldbank/6b5480354be8_PA.NUS.FCRF.json
Philippines,PHL,2013,PA.NUS.FCRF,"Official exchange rate (LCU per US$, period average)",42.4461848306739,,https://api.worldbank.org/v2/country/IDN;MYS;VNM;THA;PHL;SGP;BRN;KHM;LAO;MMR;TLS/indicator/PA.NUS.FCRF?format=json&date=2000:2025&per_page=20000,raw/worldbank/6b5480354be8_PA.NUS.FCRF.json
Philippines,PHL,2012,PA.NUS.FCRF,"Official exchange rate (LCU per US$, period average)",42.2287947349434,,https://api.worldbank.org/v2/country/IDN;MYS;VNM;THA;PHL;SGP;BRN;KHM;LAO;MMR;TLS/indicator/PA.NUS.FCRF?format=json&date=2000:2025&per_page=20000,raw/worldbank/6b5480354be8_PA.NUS.FCRF.json
Philippines,PHL,2011,PA.NUS.FCRF,"Official exchange rate (LCU per US$, period average)",43.3131369237488,,https://api.worldbank.org/v2/country/IDN;MYS;VNM;THA;PHL;SGP;BRN;KHM;LAO;MMR;TLS/indicator/PA.NUS.FCRF?format=json&date=2000:2025&per_page=20000,raw/worldbank/6b5480354be8_PA.NUS.FCRF.json
Philippines,PHL,2010,PA.NUS.FCRF,"Official exchange rate (LCU per US$, period average)",45.1096641800896,,https://api.worldbank.org/v2/country/IDN;MYS;VNM;THA;PHL;SGP;BRN;KHM;LAO;MMR;TLS/indicator/PA.NUS.FCRF?format=json&date=2000:2025&per_page=20000,raw/worldbank/6b5480354be8_PA.NUS.FCRF.json
Philippines,PHL,2009,PA.NUS.FCRF,"Official exchange rate (LCU per US$, period average)",47.6796884535091,,https://api.worldbank.org/v2/country/IDN;MYS;VNM;THA;PHL;SGP;BRN;KHM;LAO;MMR;TLS/indicator/PA.NUS.FCRF?format=json&date=2000:2025&per_page=20000,raw/worldbank/6b5480354be8_PA.NUS.FCRF.json
Philippines,PHL,2008,PA.NUS.FCRF,"Official exchange rate (LCU per US$, period average)",44.32328760941,,https://api.worldbank.org/v2/country/IDN;MYS;VNM;THA;PHL;SGP;BRN;KHM;LAO;MMR;TLS/indicator/PA.NUS.FCRF?format=json&date=2000:2025&per_page=20000,raw/worldbank/6b5480354be8_PA.NUS.FCRF.json
Philippines,PHL,2007,PA.NUS.FCRF,"Official exchange rate (LCU per US$, period average)",46.148391177755,,https://api.worldbank.org/v2/country/IDN;MYS;VNM;THA;PHL;SGP;BRN;KHM;LAO;MMR;TLS/indicator/PA.NUS.FCRF?format=json&date=2000:2025&per_page=20000,raw/worldbank/6b5480354be8_PA.NUS.FCRF.json
Philippines,PHL,2006,PA.NUS.FCRF,"Official exchange rate (LCU per US$, period average)",51.3142725,,https://api.worldbank.org/v2/country/IDN;MYS;VNM;THA;PHL;SGP;BRN;KHM;LAO;MMR;TLS/indicator/PA.NUS.FCRF?format=json&date=2000:2025&per_page=20000,raw/worldbank/6b5480354be8_PA.NUS.FCRF.json
Philippines,PHL,2005,PA.NUS.FCRF,"Official exchange rate (LCU per US$, period average)",55.0854916666666,,https://api.worldbank.org/v2/country/IDN;MYS;VNM;THA;PHL;SGP;BRN;KHM;LAO;MMR;TLS/indicator/PA.NUS.FCRF?format=json&date=2000:2025&per_page=20000,raw/worldbank/6b5480354be8_PA.NUS.FCRF.json
Philippines,PHL,2004,PA.NUS.FCRF,"Official exchange rate (LCU per US$, period average)",56.0399166666666,,https://api.worldbank.org/v2/country/IDN;MYS;VNM;THA;PHL;SGP;BRN;KHM;LAO;MMR;TLS/indicator/PA.NUS.FCRF?format=json&date=2000:2025&per_page=20000,raw/worldbank/6b5480354be8_PA.NUS.FCRF.json
Philippines,PHL,2003,PA.NUS.FCRF,"Official exchange rate (LCU per US$, period average)",54.2033333333333,,https://api.worldbank.org/v2/country/IDN;MYS;VNM;THA;PHL;SGP;BRN;KHM;LAO;MMR;TLS/indicator/PA.NUS.FCRF?format=json&date=2000:2025&per_page=20000,raw/worldbank/6b5480354be8_PA.NUS.FCRF.json
Philippines,PHL,2002,PA.NUS.FCRF,"Official exchange rate (LCU per US$, period average)",51.6035666666667,,https://api.worldbank.org/v2/country/IDN;MYS;VNM;THA;PHL;SGP;BRN;KHM;LAO;MMR;TLS/indicator/PA.NUS.FCRF?format=json&date=2000:2025&per_page=20000,raw/worldbank/6b5480354be8_PA.NUS.FCRF.json
Philippines,PHL,2001,PA.NUS.FCRF,"Official exchange rate (LCU per US$, period average)",50.99265,,https://api.worldbank.org/v2/country/IDN;MYS;VNM;THA;PHL;SGP;BRN;KHM;LAO;MMR;TLS/indicator/PA.NUS.FCRF?format=json&date=2000:2025&per_page=20000,raw/worldbank/6b5480354be8_PA.NUS.FCRF.json
Philippines,PHL,2000,PA.NUS.FCRF,"Official exchange rate (LCU per US$, period average)",44.19225,,https://api.worldbank.org/v2/country/IDN;MYS;VNM;THA;PHL;SGP;BRN;KHM;LAO;MMR;TLS/indicator/PA.NUS.FCRF?format=json&date=2000:2025&per_page=20000,raw/worldbank/6b5480354be8_PA.NUS.FCRF.json
Singapore,SGP,2025,PA.NUS.FCRF,"Official exchange rate (LCU per US$, period average)",1.30745,,https://api.worldbank.org/v2/country/IDN;MYS;VNM;THA;PHL;SGP;BRN;KHM;LAO;MMR;TLS/indicator/PA.NUS.FCRF?format=json&date=2000:2025&per_page=20000,raw/worldbank/6b5480354be8_PA.NUS.FCRF.json
Singapore,SGP,2024,PA.NUS.FCRF,"Official exchange rate (LCU per US$, period average)",1.33623333333333,,https://api.worldbank.org/v2/country/IDN;MYS;VNM;THA;PHL;SGP;BRN;KHM;LAO;MMR;TLS/indicator/PA.NUS.FCRF?format=json&date=2000:2025&per_page=20000,raw/worldbank/6b5480354be8_PA.NUS.FCRF.json
Singapore,SGP,2023,PA.NUS.FCRF,"Official exchange rate (LCU per US$, period average)",1.34276666666667,,https://api.worldbank.org/v2/country/IDN;MYS;VNM;THA;PHL;SGP;BRN;KHM;LAO;MMR;TLS/indicator/PA.NUS.FCRF?format=json&date=2000:2025&per_page=20000,raw/worldbank/6b5480354be8_PA.NUS.FCRF.json
Singapore,SGP,2022,PA.NUS.FCRF,"Official exchange rate (LCU per US$, period average)",1.37866666666667,,https://api.worldbank.org/v2/country/IDN;MYS;VNM;THA;PHL;SGP;BRN;KHM;LAO;MMR;TLS/indicator/PA.NUS.FCRF?format=json&date=2000:2025&per_page=20000,raw/worldbank/6b5480354be8_PA.NUS.FCRF.json
Singapore,SGP,2021,PA.NUS.FCRF,"Official exchange rate (LCU per US$, period average)",1.34348333333333,,https://api.worldbank.org/v2/country/IDN;MYS;VNM;THA;PHL;SGP;BRN;KHM;LAO;MMR;TLS/indicator/PA.NUS.FCRF?format=json&date=2000:2025&per_page=20000,raw/worldbank/6b5480354be8_PA.NUS.FCRF.json
Singapore,SGP,2020,PA.NUS.FCRF,"Official exchange rate (LCU per US$, period average)",1.37974166666667,,https://api.worldbank.org/v2/country/IDN;MYS;VNM;THA;PHL;SGP;BRN;KHM;LAO;MMR;TLS/indicator/PA.NUS.FCRF?format=json&date=2000:2025&per_page=20000,raw/worldbank/6b5480354be8_PA.NUS.FCRF.json
Singapore,SGP,2019,PA.NUS.FCRF,"Official exchange rate (LCU per US$, period average)",1.36415833333333,,https://api.worldbank.org/v2/country/IDN;MYS;VNM;THA;PHL;SGP;BRN;KHM;LAO;MMR;TLS/indicator/PA.NUS.FCRF?format=json&date=2000:2025&per_page=20000,raw/worldbank/6b5480354be8_PA.NUS.FCRF.json
Singapore,SGP,2018,PA.NUS.FCRF,"Official exchange rate (LCU per US$, period average)",1.34884166666667,,https://api.worldbank.org/v2/country/IDN;MYS;VNM;THA;PHL;SGP;BRN;KHM;LAO;MMR;TLS/indicator/PA.NUS.FCRF?format=json&date=2000:2025&per_page=20000,raw/worldbank/6b5480354be8_PA.NUS.FCRF.json
Singapore,SGP,2017,PA.NUS.FCRF,"Official exchange rate (LCU per US$, period average)",1.380925,,https://api.worldbank.org/v2/country/IDN;MYS;VNM;THA;PHL;SGP;BRN;KHM;LAO;MMR;TLS/indicator/PA.NUS.FCRF?format=json&date=2000:2025&per_page=20000,raw/worldbank/6b5480354be8_PA.NUS.FCRF.json
Singapore,SGP,2016,PA.NUS.FCRF,"Official exchange rate (LCU per US$, period average)",1.38154636363636,,https://api.worldbank.org/v2/country/IDN;MYS;VNM;THA;PHL;SGP;BRN;KHM;LAO;MMR;TLS/indicator/PA.NUS.FCRF?format=json&date=2000:2025&per_page=20000,raw/worldbank/6b5480354be8_PA.NUS.FCRF.json
Singapore,SGP,2015,PA.NUS.FCRF,"Official exchange rate (LCU per US$, period average)",1.374825,,https://api.worldbank.org/v2/country/IDN;MYS;VNM;THA;PHL;SGP;BRN;KHM;LAO;MMR;TLS/indicator/PA.NUS.FCRF?format=json&date=2000:2025&per_page=20000,raw/worldbank/6b5480354be8_PA.NUS.FCRF.json
Singapore,SGP,2014,PA.NUS.FCRF,"Official exchange rate (LCU per US$, period average)",1.26705,,https://api.worldbank.org/v2/country/IDN;MYS;VNM;THA;PHL;SGP;BRN;KHM;LAO;MMR;TLS/indicator/PA.NUS.FCRF?format=json&date=2000:2025&per_page=20000,raw/worldbank/6b5480354be8_PA.NUS.FCRF.json
Singapore,SGP,2013,PA.NUS.FCRF,"Official exchange rate (LCU per US$, period average)",1.2513,,https://api.worldbank.org/v2/country/IDN;MYS;VNM;THA;PHL;SGP;BRN;KHM;LAO;MMR;TLS/indicator/PA.NUS.FCRF?format=json&date=2000:2025&per_page=20000,raw/worldbank/6b5480354be8_PA.NUS.FCRF.json
Singapore,SGP,2012,PA.NUS.FCRF,"Official exchange rate (LCU per US$, period average)",1.2496762037037,,https://api.worldbank.org/v2/country/IDN;MYS;VNM;THA;PHL;SGP;BRN;KHM;LAO;MMR;TLS/indicator/PA.NUS.FCRF?format=json&date=2000:2025&per_page=20000,raw/worldbank/6b5480354be8_PA.NUS.FCRF.json
Singapore,SGP,2011,PA.NUS.FCRF,"Official exchange rate (LCU per US$, period average)",1.25777587719298,,https://api.worldbank.org/v2/country/IDN;MYS;VNM;THA;PHL;SGP;BRN;KHM;LAO;MMR;TLS/indicator/PA.NUS.FCRF?format=json&date=2000:2025&per_page=20000,raw/worldbank/6b5480354be8_PA.NUS.FCRF.json
Singapore,SGP,2010,PA.NUS.FCRF,"Official exchange rate (LCU per US$, period average)",1.36350833333333,,https://api.worldbank.org/v2/country/IDN;MYS;VNM;THA;PHL;SGP;BRN;KHM;LAO;MMR;TLS/indicator/PA.NUS.FCRF?format=json&date=2000:2025&per_page=20000,raw/worldbank/6b5480354be8_PA.NUS.FCRF.json
Singapore,SGP,2009,PA.NUS.FCRF,"Official exchange rate (LCU per US$, period average)",1.45451471343874,,https://api.worldbank.org/v2/country/IDN;MYS;VNM;THA;PHL;SGP;BRN;KHM;LAO;MMR;TLS/indicator/PA.NUS.FCRF?format=json&date=2000:2025&per_page=20000,raw/worldbank/6b5480354be8_PA.NUS.FCRF.json
Singapore,SGP,2008,PA.NUS.FCRF,"Official exchange rate (LCU per US$, period average)",1.41486083333333,,https://api.worldbank.org/v2/country/IDN;MYS;VNM;THA;PHL;SGP;BRN;KHM;LAO;MMR;TLS/indicator/PA.NUS.FCRF?format=json&date=2000:2025&per_page=20000,raw/worldbank/6b5480354be8_PA.NUS.FCRF.json
Singapore,SGP,2007,PA.NUS.FCRF,"Official exchange rate (LCU per US$, period average)",1.50710166666667,,https://api.worldbank.org/v2/country/IDN;MYS;VNM;THA;PHL;SGP;BRN;KHM;LAO;MMR;TLS/indicator/PA.NUS.FCRF?format=json&date=2000:2025&per_page=20000,raw/worldbank/6b5480354be8_PA.NUS.FCRF.json
Singapore,SGP,2006,PA.NUS.FCRF,"Official exchange rate (LCU per US$, period average)",1.58893333333333,,https://api.worldbank.org/v2/country/IDN;MYS;VNM;THA;PHL;SGP;BRN;KHM;LAO;MMR;TLS/indicator/PA.NUS.FCRF?format=json&date=2000:2025&per_page=20000,raw/worldbank/6b5480354be8_PA.NUS.FCRF.json
Singapore,SGP,2005,PA.NUS.FCRF,"Official exchange rate (LCU per US$, period average)",1.6643975,,https://api.worldbank.org/v2/country/IDN;MYS;VNM;THA;PHL;SGP;BRN;KHM;LAO;MMR;TLS/indicator/PA.NUS.FCRF?format=json&date=2000:2025&per_page=20000,raw/worldbank/6b5480354be8_PA.NUS.FCRF.json
Singapore,SGP,2004,PA.NUS.FCRF,"Official exchange rate (LCU per US$, period average)",1.69022833333333,,https://api.worldbank.org/v2/country/IDN;MYS;VNM;THA;PHL;SGP;BRN;KHM;LAO;MMR;TLS/indicator/PA.NUS.FCRF?format=json&date=2000:2025&per_page=20000,raw/worldbank/6b5480354be8_PA.NUS.FCRF.json
Singapore,SGP,2003,PA.NUS.FCRF,"Official exchange rate (LCU per US$, period average)",1.74218333333333,,https://api.worldbank.org/v2/country/IDN;MYS;VNM;THA;PHL;SGP;BRN;KHM;LAO;MMR;TLS/indicator/PA.NUS.FCRF?format=json&date=2000:2025&per_page=20000,raw/worldbank/6b5480354be8_PA.NUS.FCRF.json
Singapore,SGP,2002,PA.NUS.FCRF,"Official exchange rate (LCU per US$, period average)",1.79058833333333,,https://api.worldbank.org/v2/country/IDN;MYS;VNM;THA;PHL;SGP;BRN;KHM;LAO;MMR;TLS/indicator/PA.NUS.FCRF?format=json&date=2000:2025&per_page=20000,raw/worldbank/6b5480354be8_PA.NUS.FCRF.json
Singapore,SGP,2001,PA.NUS.FCRF,"Official exchange rate (LCU per US$, period average)",1.7917225,,https://api.worldbank.org/v2/country/IDN;MYS;VNM;THA;PHL;SGP;BRN;KHM;LAO;MMR;TLS/indicator/PA.NUS.FCRF?format=json&date=2000:2025&per_page=20000,raw/worldbank/6b5480354be8_PA.NUS.FCRF.json
Singapore,SGP,2000,PA.NUS.FCRF,"Official exchange rate (LCU per US$, period average)",1.72396333333333,,https://api.worldbank.org/v2/country/IDN;MYS;VNM;THA;PHL;SGP;BRN;KHM;LAO;MMR;TLS/indicator/PA.NUS.FCRF?format=json&date=2000:2025&per_page=20000,raw/worldbank/6b5480354be8_PA.NUS.FCRF.json
Thailand,THA,2025,PA.NUS.FCRF,"Official exchange rate (LCU per US$, period average)",32.882809252867,,https://api.worldbank.org/v2/country/IDN;MYS;VNM;THA;PHL;SGP;BRN;KHM;LAO;MMR;TLS/indicator/PA.NUS.FCRF?format=json&date=2000:2025&per_page=20000,raw/worldbank/6b5480354be8_PA.NUS.FCRF.json
Thailand,THA,2024,PA.NUS.FCRF,"Official exchange rate (LCU per US$, period average)",35.2935380808081,,https://api.worldbank.org/v2/country/IDN;MYS;VNM;THA;PHL;SGP;BRN;KHM;LAO;MMR;TLS/indicator/PA.NUS.FCRF?format=json&date=2000:2025&per_page=20000,raw/worldbank/6b5480354be8_PA.NUS.FCRF.json
Thailand,THA,2023,PA.NUS.FCRF,"Official exchange rate (LCU per US$, period average)",34.8021885808364,,https://api.worldbank.org/v2/country/IDN;MYS;VNM;THA;PHL;SGP;BRN;KHM;LAO;MMR;TLS/indicator/PA.NUS.FCRF?format=json&date=2000:2025&per_page=20000,raw/worldbank/6b5480354be8_PA.NUS.FCRF.json
Thailand,THA,2022,PA.NUS.FCRF,"Official exchange rate (LCU per US$, period average)",35.0613502144776,,https://api.worldbank.org/v2/country/IDN;MYS;VNM;THA;PHL;SGP;BRN;KHM;LAO;MMR;TLS/indicator/PA.NUS.FCRF?format=json&date=2000:2025&per_page=20000,raw/worldbank/6b5480354be8_PA.NUS.FCRF.json
Thailand,THA,2021,PA.NUS.FCRF,"Official exchange rate (LCU per US$, period average)",31.9770934417717,,https://api.worldbank.org/v2/country/IDN;MYS;VNM;THA;PHL;SGP;BRN;KHM;LAO;MMR;TLS/indicator/PA.NUS.FCRF?format=json&date=2000:2025&per_page=20000,raw/worldbank/6b5480354be8_PA.NUS.FCRF.json
Thailand,THA,2020,PA.NUS.FCRF,"Official exchange rate (LCU per US$, period average)",31.2936732130832,,https://api.worldbank.org/v2/country/IDN;MYS;VNM;THA;PHL;SGP;BRN;KHM;LAO;MMR;TLS/indicator/PA.NUS.FCRF?format=json&date=2000:2025&per_page=20000,raw/worldbank/6b5480354be8_PA.NUS.FCRF.json
Thailand,THA,2019,PA.NUS.FCRF,"Official exchange rate (LCU per US$, period average)",31.0476057805499,,https://api.worldbank.org/v2/country/IDN;MYS;VNM;THA;PHL;SGP;BRN;KHM;LAO;MMR;TLS/indicator/PA.NUS.FCRF?format=json&date=2000:2025&per_page=20000,raw/worldbank/6b5480354be8_PA.NUS.FCRF.json
Thailand,THA,2018,PA.NUS.FCRF,"Official exchange rate (LCU per US$, period average)",32.3102257431458,,https://api.worldbank.org/v2/country/IDN;MYS;VNM;THA;PHL;SGP;BRN;KHM;LAO;MMR;TLS/indicator/PA.NUS.FCRF?format=json&date=2000:2025&per_page=20000,raw/worldbank/6b5480354be8_PA.NUS.FCRF.json
Thailand,THA,2017,PA.NUS.FCRF,"Official exchange rate (LCU per US$, period average)",33.9398110566858,,https://api.worldbank.org/v2/country/IDN;MYS;VNM;THA;PHL;SGP;BRN;KHM;LAO;MMR;TLS/indicator/PA.NUS.FCRF?format=json&date=2000:2025&per_page=20000,raw/worldbank/6b5480354be8_PA.NUS.FCRF.json
Thailand,THA,2016,PA.NUS.FCRF,"Official exchange rate (LCU per US$, period average)",35.2963833333333,,https://api.worldbank.org/v2/country/IDN;MYS;VNM;THA;PHL;SGP;BRN;KHM;LAO;MMR;TLS/indicator/PA.NUS.FCRF?format=json&date=2000:2025&per_page=20000,raw/worldbank/6b5480354be8_PA.NUS.FCRF.json
Thailand,THA,2015,PA.NUS.FCRF,"Official exchange rate (LCU per US$, period average)",34.2477166666667,,https://api.worldbank.org/v2/country/IDN;MYS;VNM;THA;PHL;SGP;BRN;KHM;LAO;MMR;TLS/indicator/PA.NUS.FCRF?format=json&date=2000:2025&per_page=20000,raw/worldbank/6b5480354be8_PA.NUS.FCRF.json
Thailand,THA,2014,PA.NUS.FCRF,"Official exchange rate (LCU per US$, period average)",32.4798333333333,,https://api.worldbank.org/v2/country/IDN;MYS;VNM;THA;PHL;SGP;BRN;KHM;LAO;MMR;TLS/indicator/PA.NUS.FCRF?format=json&date=2000:2025&per_page=20000,raw/worldbank/6b5480354be8_PA.NUS.FCRF.json
Thailand,THA,2013,PA.NUS.FCRF,"Official exchange rate (LCU per US$, period average)",30.7259666666667,,https://api.worldbank.org/v2/country/IDN;MYS;VNM;THA;PHL;SGP;BRN;KHM;LAO;MMR;TLS/indicator/PA.NUS.FCRF?format=json&date=2000:2025&per_page=20000,raw/worldbank/6b5480354be8_PA.NUS.FCRF.json
Thailand,THA,2012,PA.NUS.FCRF,"Official exchange rate (LCU per US$, period average)",31.0830916666667,,https://api.worldbank.org/v2/country/IDN;MYS;VNM;THA;PHL;SGP;BRN;KHM;LAO;MMR;TLS/indicator/PA.NUS.FCRF?format=json&date=2000:2025&per_page=20000,raw/worldbank/6b5480354be8_PA.NUS.FCRF.json
Thailand,THA,2011,PA.NUS.FCRF,"Official exchange rate (LCU per US$, period average)",30.4917333333333,,https://api.worldbank.org/v2/country/IDN;MYS;VNM;THA;PHL;SGP;BRN;KHM;LAO;MMR;TLS/indicator/PA.NUS.FCRF?format=json&date=2000:2025&per_page=20000,raw/worldbank/6b5480354be8_PA.NUS.FCRF.json
Thailand,THA,2010,PA.NUS.FCRF,"Official exchange rate (LCU per US$, period average)",31.685705,,https://api.worldbank.org/v2/country/IDN;MYS;VNM;THA;PHL;SGP;BRN;KHM;LAO;MMR;TLS/indicator/PA.NUS.FCRF?format=json&date=2000:2025&per_page=20000,raw/worldbank/6b5480354be8_PA.NUS.FCRF.json
Thailand,THA,2009,PA.NUS.FCRF,"Official exchange rate (LCU per US$, period average)",34.2857741234241,,https://api.worldbank.org/v2/country/IDN;MYS;VNM;THA;PHL;SGP;BRN;KHM;LAO;MMR;TLS/indicator/PA.NUS.FCRF?format=json&date=2000:2025&per_page=20000,raw/worldbank/6b5480354be8_PA.NUS.FCRF.json
Thailand,THA,2008,PA.NUS.FCRF,"Official exchange rate (LCU per US$, period average)",33.3133006412338,,https://api.worldbank.org/v2/country/IDN;MYS;VNM;THA;PHL;SGP;BRN;KHM;LAO;MMR;TLS/indicator/PA.NUS.FCRF?format=json&date=2000:2025&per_page=20000,raw/worldbank/6b5480354be8_PA.NUS.FCRF.json
Thailand,THA,2007,PA.NUS.FCRF,"Official exchange rate (LCU per US$, period average)",34.5181805917013,,https://api.worldbank.org/v2/country/IDN;MYS;VNM;THA;PHL;SGP;BRN;KHM;LAO;MMR;TLS/indicator/PA.NUS.FCRF?format=json&date=2000:2025&per_page=20000,raw/worldbank/6b5480354be8_PA.NUS.FCRF.json
Thailand,THA,2006,PA.NUS.FCRF,"Official exchange rate (LCU per US$, period average)",37.8819832215363,,https://api.worldbank.org/v2/country/IDN;MYS;VNM;THA;PHL;SGP;BRN;KHM;LAO;MMR;TLS/indicator/PA.NUS.FCRF?format=json&date=2000:2025&per_page=20000,raw/worldbank/6b5480354be8_PA.NUS.FCRF.json
Thailand,THA,2005,PA.NUS.FCRF,"Official exchange rate (LCU per US$, period average)",40.2201302083333,,https://api.worldbank.org/v2/country/IDN;MYS;VNM;THA;PHL;SGP;BRN;KHM;LAO;MMR;TLS/indicator/PA.NUS.FCRF?format=json&date=2000:2025&per_page=20000,raw/worldbank/6b5480354be8_PA.NUS.FCRF.json
Thailand,THA,2004,PA.NUS.FCRF,"Official exchange rate (LCU per US$, period average)",40.2224149175021,,https://api.worldbank.org/v2/country/IDN;MYS;VNM;THA;PHL;SGP;BRN;KHM;LAO;MMR;TLS/indicator/PA.NUS.FCRF?format=json&date=2000:2025&per_page=20000,raw/worldbank/6b5480354be8_PA.NUS.FCRF.json
Thailand,THA,2003,PA.NUS.FCRF,"Official exchange rate (LCU per US$, period average)",41.4846166666667,,https://api.worldbank.org/v2/country/IDN;MYS;VNM;THA;PHL;SGP;BRN;KHM;LAO;MMR;TLS/indicator/PA.NUS.FCRF?format=json&date=2000:2025&per_page=20000,raw/worldbank/6b5480354be8_PA.NUS.FCRF.json
Thailand,THA,2002,PA.NUS.FCRF,"Official exchange rate (LCU per US$, period average)",42.9600833333333,,https://api.worldbank.org/v2/country/IDN;MYS;VNM;THA;PHL;SGP;BRN;KHM;LAO;MMR;TLS/indicator/PA.NUS.FCRF?format=json&date=2000:2025&per_page=20000,raw/worldbank/6b5480354be8_PA.NUS.FCRF.json
Thailand,THA,2001,PA.NUS.FCRF,"Official exchange rate (LCU per US$, period average)",44.4319,,https://api.worldbank.org/v2/country/IDN;MYS;VNM;THA;PHL;SGP;BRN;KHM;LAO;MMR;TLS/indicator/PA.NUS.FCRF?format=json&date=2000:2025&per_page=20000,raw/worldbank/6b5480354be8_PA.NUS.FCRF.json
Thailand,THA,2000,PA.NUS.FCRF,"Official exchange rate (LCU per US$, period average)",40.1118033333333,,https://api.worldbank.org/v2/country/IDN;MYS;VNM;THA;PHL;SGP;BRN;KHM;LAO;MMR;TLS/indicator/PA.NUS.FCRF?format=json&date=2000:2025&per_page=20000,raw/worldbank/6b5480354be8_PA.NUS.FCRF.json
Timor-Leste,TLS,2025,PA.NUS.FCRF,"Official exchange rate (LCU per US$, period average)",1,,https://api.worldbank.org/v2/country/IDN;MYS;VNM;THA;PHL;SGP;BRN;KHM;LAO;MMR;TLS/indicator/PA.NUS.FCRF?format=json&date=2000:2025&per_page=20000,raw/worldbank/6b5480354be8_PA.NUS.FCRF.json
Timor-Leste,TLS,2024,PA.NUS.FCRF,"Official exchange rate (LCU per US$, period average)",1,,https://api.worldbank.org/v2/country/IDN;MYS;VNM;THA;PHL;SGP;BRN;KHM;LAO;MMR;TLS/indicator/PA.NUS.FCRF?format=json&date=2000:2025&per_page=20000,raw/worldbank/6b5480354be8_PA.NUS.FCRF.json
Timor-Leste,TLS,2023,PA.NUS.FCRF,"Official exchange rate (LCU per US$, period average)",1,,https://api.worldbank.org/v2/country/IDN;MYS;VNM;THA;PHL;SGP;BRN;KHM;LAO;MMR;TLS/indicator/PA.NUS.FCRF?format=json&date=2000:2025&per_page=20000,raw/worldbank/6b5480354be8_PA.NUS.FCRF.json
Timor-Leste,TLS,2022,PA.NUS.FCRF,"Official exchange rate (LCU per US$, period average)",1,,https://api.worldbank.org/v2/country/IDN;MYS;VNM;THA;PHL;SGP;BRN;KHM;LAO;MMR;TLS/indicator/PA.NUS.FCRF?format=json&date=2000:2025&per_page=20000,raw/worldbank/6b5480354be8_PA.NUS.FCRF.json
Timor-Leste,TLS,2021,PA.NUS.FCRF,"Official exchange rate (LCU per US$, period average)",1,,https://api.worldbank.org/v2/country/IDN;MYS;VNM;THA;PHL;SGP;BRN;KHM;LAO;MMR;TLS/indicator/PA.NUS.FCRF?format=json&date=2000:2025&per_page=20000,raw/worldbank/6b5480354be8_PA.NUS.FCRF.json
Timor-Leste,TLS,2020,PA.NUS.FCRF,"Official exchange rate (LCU per US$, period average)",1,,https://api.worldbank.org/v2/country/IDN;MYS;VNM;THA;PHL;SGP;BRN;KHM;LAO;MMR;TLS/indicator/PA.NUS.FCRF?format=json&date=2000:2025&per_page=20000,raw/worldbank/6b5480354be8_PA.NUS.FCRF.json
Timor-Leste,TLS,2019,PA.NUS.FCRF,"Official exchange rate (LCU per US$, period average)",1,,https://api.worldbank.org/v2/country/IDN;MYS;VNM;THA;PHL;SGP;BRN;KHM;LAO;MMR;TLS/indicator/PA.NUS.FCRF?format=json&date=2000:2025&per_page=20000,raw/worldbank/6b5480354be8_PA.NUS.FCRF.json
Timor-Leste,TLS,2018,PA.NUS.FCRF,"Official exchange rate (LCU per US$, period average)",1,,https://api.worldbank.org/v2/country/IDN;MYS;VNM;THA;PHL;SGP;BRN;KHM;LAO;MMR;TLS/indicator/PA.NUS.FCRF?format=json&date=2000:2025&per_page=20000,raw/worldbank/6b5480354be8_PA.NUS.FCRF.json
Timor-Leste,TLS,2017,PA.NUS.FCRF,"Official exchange rate (LCU per US$, period average)",1,,https://api.worldbank.org/v2/country/IDN;MYS;VNM;THA;PHL;SGP;BRN;KHM;LAO;MMR;TLS/indicator/PA.NUS.FCRF?format=json&date=2000:2025&per_page=20000,raw/worldbank/6b5480354be8_PA.NUS.FCRF.json
Timor-Leste,TLS,2016,PA.NUS.FCRF,"Official exchange rate (LCU per US$, period average)",1,,https://api.worldbank.org/v2/country/IDN;MYS;VNM;THA;PHL;SGP;BRN;KHM;LAO;MMR;TLS/indicator/PA.NUS.FCRF?format=json&date=2000:2025&per_page=20000,raw/worldbank/6b5480354be8_PA.NUS.FCRF.json
Timor-Leste,TLS,2015,PA.NUS.FCRF,"Official exchange rate (LCU per US$, period average)",1,,https://api.worldbank.org/v2/country/IDN;MYS;VNM;THA;PHL;SGP;BRN;KHM;LAO;MMR;TLS/indicator/PA.NUS.FCRF?format=json&date=2000:2025&per_page=20000,raw/worldbank/6b5480354be8_PA.NUS.FCRF.json
Timor-Leste,TLS,2014,PA.NUS.FCRF,"Official exchange rate (LCU per US$, period average)",1,,https://api.worldbank.org/v2/country/IDN;MYS;VNM;THA;PHL;SGP;BRN;KHM;LAO;MMR;TLS/indicator/PA.NUS.FCRF?format=json&date=2000:2025&per_page=20000,raw/worldbank/6b5480354be8_PA.NUS.FCRF.json
Timor-Leste,TLS,2013,PA.NUS.FCRF,"Official exchange rate (LCU per US$, period average)",1,,https://api.worldbank.org/v2/country/IDN;MYS;VNM;THA;PHL;SGP;BRN;KHM;LAO;MMR;TLS/indicator/PA.NUS.FCRF?format=json&date=2000:2025&per_page=20000,raw/worldbank/6b5480354be8_PA.NUS.FCRF.json
Timor-Leste,TLS,2012,PA.NUS.FCRF,"Official exchange rate (LCU per US$, period average)",1,,https://api.worldbank.org/v2/country/IDN;MYS;VNM;THA;PHL;SGP;BRN;KHM;LAO;MMR;TLS/indicator/PA.NUS.FCRF?format=json&date=2000:2025&per_page=20000,raw/worldbank/6b5480354be8_PA.NUS.FCRF.json
Timor-Leste,TLS,2011,PA.NUS.FCRF,"Official exchange rate (LCU per US$, period average)",1,,https://api.worldbank.org/v2/country/IDN;MYS;VNM;THA;PHL;SGP;BRN;KHM;LAO;MMR;TLS/indicator/PA.NUS.FCRF?format=json&date=2000:2025&per_page=20000,raw/worldbank/6b5480354be8_PA.NUS.FCRF.json
Timor-Leste,TLS,2010,PA.NUS.FCRF,"Official exchange rate (LCU per US$, period average)",1,,https://api.worldbank.org/v2/country/IDN;MYS;VNM;THA;PHL;SGP;BRN;KHM;LAO;MMR;TLS/indicator/PA.NUS.FCRF?format=json&date=2000:2025&per_page=20000,raw/worldbank/6b5480354be8_PA.NUS.FCRF.json
Timor-Leste,TLS,2009,PA.NUS.FCRF,"Official exchange rate (LCU per US$, period average)",1,,https://api.worldbank.org/v2/country/IDN;MYS;VNM;THA;PHL;SGP;BRN;KHM;LAO;MMR;TLS/indicator/PA.NUS.FCRF?format=json&date=2000:2025&per_page=20000,raw/worldbank/6b5480354be8_PA.NUS.FCRF.json
Timor-Leste,TLS,2008,PA.NUS.FCRF,"Official exchange rate (LCU per US$, period average)",1,,https://api.worldbank.org/v2/country/IDN;MYS;VNM;THA;PHL;SGP;BRN;KHM;LAO;MMR;TLS/indicator/PA.NUS.FCRF?format=json&date=2000:2025&per_page=20000,raw/worldbank/6b5480354be8_PA.NUS.FCRF.json
Timor-Leste,TLS,2007,PA.NUS.FCRF,"Official exchange rate (LCU per US$, period average)",1,,https://api.worldbank.org/v2/country/IDN;MYS;VNM;THA;PHL;SGP;BRN;KHM;LAO;MMR;TLS/indicator/PA.NUS.FCRF?format=json&date=2000:2025&per_page=20000,raw/worldbank/6b5480354be8_PA.NUS.FCRF.json
Timor-Leste,TLS,2006,PA.NUS.FCRF,"Official exchange rate (LCU per US$, period average)",1,,https://api.worldbank.org/v2/country/IDN;MYS;VNM;THA;PHL;SGP;BRN;KHM;LAO;MMR;TLS/indicator/PA.NUS.FCRF?format=json&date=2000:2025&per_page=20000,raw/worldbank/6b5480354be8_PA.NUS.FCRF.json
Timor-Leste,TLS,2005,PA.NUS.FCRF,"Official exchange rate (LCU per US$, period average)",1,,https://api.worldbank.org/v2/country/IDN;MYS;VNM;THA;PHL;SGP;BRN;KHM;LAO;MMR;TLS/indicator/PA.NUS.FCRF?format=json&date=2000:2025&per_page=20000,raw/worldbank/6b5480354be8_PA.NUS.FCRF.json
Timor-Leste,TLS,2004,PA.NUS.FCRF,"Official exchange rate (LCU per US$, period average)",1,,https://api.worldbank.org/v2/country/IDN;MYS;VNM;THA;PHL;SGP;BRN;KHM;LAO;MMR;TLS/indicator/PA.NUS.FCRF?format=json&date=2000:2025&per_page=20000,raw/worldbank/6b5480354be8_PA.NUS.FCRF.json
Timor-Leste,TLS,2003,PA.NUS.FCRF,"Official exchange rate (LCU per US$, period average)",1,,https://api.worldbank.org/v2/country/IDN;MYS;VNM;THA;PHL;SGP;BRN;KHM;LAO;MMR;TLS/indicator/PA.NUS.FCRF?format=json&date=2000:2025&per_page=20000,raw/worldbank/6b5480354be8_PA.NUS.FCRF.json
Timor-Leste,TLS,2002,PA.NUS.FCRF,"Official exchange rate (LCU per US$, period average)",1,,https://api.worldbank.org/v2/country/IDN;MYS;VNM;THA;PHL;SGP;BRN;KHM;LAO;MMR;TLS/indicator/PA.NUS.FCRF?format=json&date=2000:2025&per_page=20000,raw/worldbank/6b5480354be8_PA.NUS.FCRF.json
Timor-Leste,TLS,2001,PA.NUS.FCRF,"Official exchange rate (LCU per US$, period average)",1,,https://api.worldbank.org/v2/country/IDN;MYS;VNM;THA;PHL;SGP;BRN;KHM;LAO;MMR;TLS/indicator/PA.NUS.FCRF?format=json&date=2000:2025&per_page=20000,raw/worldbank/6b5480354be8_PA.NUS.FCRF.json
Timor-Leste,TLS,2000,PA.NUS.FCRF,"Official exchange rate (LCU per US$, period average)",1,,https://api.worldbank.org/v2/country/IDN;MYS;VNM;THA;PHL;SGP;BRN;KHM;LAO;MMR;TLS/indicator/PA.NUS.FCRF?format=json&date=2000:2025&per_page=20000,raw/worldbank/6b5480354be8_PA.NUS.FCRF.json
Viet Nam,VNM,2025,PA.NUS.FCRF,"Official exchange rate (LCU per US$, period average)",,,https://api.worldbank.org/v2/country/IDN;MYS;VNM;THA;PHL;SGP;BRN;KHM;LAO;MMR;TLS/indicator/PA.NUS.FCRF?format=json&date=2000:2025&per_page=20000,raw/worldbank/6b5480354be8_PA.NUS.FCRF.json
Viet Nam,VNM,2024,PA.NUS.FCRF,"Official exchange rate (LCU per US$, period average)",24164.8858333333,,https://api.worldbank.org/v2/country/IDN;MYS;VNM;THA;PHL;SGP;BRN;KHM;LAO;MMR;TLS/indicator/PA.NUS.FCRF?format=json&date=2000:2025&per_page=20000,raw/worldbank/6b5480354be8_PA.NUS.FCRF.json
Viet Nam,VNM,2023,PA.NUS.FCRF,"Official exchange rate (LCU per US$, period average)",23787.3191666667,,https://api.worldbank.org/v2/country/IDN;MYS;VNM;THA;PHL;SGP;BRN;KHM;LAO;MMR;TLS/indicator/PA.NUS.FCRF?format=json&date=2000:2025&per_page=20000,raw/worldbank/6b5480354be8_PA.NUS.FCRF.json
Viet Nam,VNM,2022,PA.NUS.FCRF,"Official exchange rate (LCU per US$, period average)",23271.2125,,https://api.worldbank.org/v2/country/IDN;MYS;VNM;THA;PHL;SGP;BRN;KHM;LAO;MMR;TLS/indicator/PA.NUS.FCRF?format=json&date=2000:2025&per_page=20000,raw/worldbank/6b5480354be8_PA.NUS.FCRF.json
Viet Nam,VNM,2021,PA.NUS.FCRF,"Official exchange rate (LCU per US$, period average)",23159.7825925926,,https://api.worldbank.org/v2/country/IDN;MYS;VNM;THA;PHL;SGP;BRN;KHM;LAO;MMR;TLS/indicator/PA.NUS.FCRF?format=json&date=2000:2025&per_page=20000,raw/worldbank/6b5480354be8_PA.NUS.FCRF.json
Viet Nam,VNM,2020,PA.NUS.FCRF,"Official exchange rate (LCU per US$, period average)",23208.3683333333,,https://api.worldbank.org/v2/country/IDN;MYS;VNM;THA;PHL;SGP;BRN;KHM;LAO;MMR;TLS/indicator/PA.NUS.FCRF?format=json&date=2000:2025&per_page=20000,raw/worldbank/6b5480354be8_PA.NUS.FCRF.json
Viet Nam,VNM,2019,PA.NUS.FCRF,"Official exchange rate (LCU per US$, period average)",23050.2416666667,,https://api.worldbank.org/v2/country/IDN;MYS;VNM;THA;PHL;SGP;BRN;KHM;LAO;MMR;TLS/indicator/PA.NUS.FCRF?format=json&date=2000:2025&per_page=20000,raw/worldbank/6b5480354be8_PA.NUS.FCRF.json
Viet Nam,VNM,2018,PA.NUS.FCRF,"Official exchange rate (LCU per US$, period average)",22602.05,,https://api.worldbank.org/v2/country/IDN;MYS;VNM;THA;PHL;SGP;BRN;KHM;LAO;MMR;TLS/indicator/PA.NUS.FCRF?format=json&date=2000:2025&per_page=20000,raw/worldbank/6b5480354be8_PA.NUS.FCRF.json
Viet Nam,VNM,2017,PA.NUS.FCRF,"Official exchange rate (LCU per US$, period average)",22370.0866666667,,https://api.worldbank.org/v2/country/IDN;MYS;VNM;THA;PHL;SGP;BRN;KHM;LAO;MMR;TLS/indicator/PA.NUS.FCRF?format=json&date=2000:2025&per_page=20000,raw/worldbank/6b5480354be8_PA.NUS.FCRF.json
Viet Nam,VNM,2016,PA.NUS.FCRF,"Official exchange rate (LCU per US$, period average)",21935.0008333333,,https://api.worldbank.org/v2/country/IDN;MYS;VNM;THA;PHL;SGP;BRN;KHM;LAO;MMR;TLS/indicator/PA.NUS.FCRF?format=json&date=2000:2025&per_page=20000,raw/worldbank/6b5480354be8_PA.NUS.FCRF.json
Viet Nam,VNM,2015,PA.NUS.FCRF,"Official exchange rate (LCU per US$, period average)",21697.5675,,https://api.worldbank.org/v2/country/IDN;MYS;VNM;THA;PHL;SGP;BRN;KHM;LAO;MMR;TLS/indicator/PA.NUS.FCRF?format=json&date=2000:2025&per_page=20000,raw/worldbank/6b5480354be8_PA.NUS.FCRF.json
Viet Nam,VNM,2014,PA.NUS.FCRF,"Official exchange rate (LCU per US$, period average)",21148,,https://api.worldbank.org/v2/country/IDN;MYS;VNM;THA;PHL;SGP;BRN;KHM;LAO;MMR;TLS/indicator/PA.NUS.FCRF?format=json&date=2000:2025&per_page=20000,raw/worldbank/6b5480354be8_PA.NUS.FCRF.json
Viet Nam,VNM,2013,PA.NUS.FCRF,"Official exchange rate (LCU per US$, period average)",20933.4166666667,,https://api.worldbank.org/v2/country/IDN;MYS;VNM;THA;PHL;SGP;BRN;KHM;LAO;MMR;TLS/indicator/PA.NUS.FCRF?format=json&date=2000:2025&per_page=20000,raw/worldbank/6b5480354be8_PA.NUS.FCRF.json
Viet Nam,VNM,2012,PA.NUS.FCRF,"Official exchange rate (LCU per US$, period average)",20828,,https://api.worldbank.org/v2/country/IDN;MYS;VNM;THA;PHL;SGP;BRN;KHM;LAO;MMR;TLS/indicator/PA.NUS.FCRF?format=json&date=2000:2025&per_page=20000,raw/worldbank/6b5480354be8_PA.NUS.FCRF.json
Viet Nam,VNM,2011,PA.NUS.FCRF,"Official exchange rate (LCU per US$, period average)",20509.75,,https://api.worldbank.org/v2/country/IDN;MYS;VNM;THA;PHL;SGP;BRN;KHM;LAO;MMR;TLS/indicator/PA.NUS.FCRF?format=json&date=2000:2025&per_page=20000,raw/worldbank/6b5480354be8_PA.NUS.FCRF.json
Viet Nam,VNM,2010,PA.NUS.FCRF,"Official exchange rate (LCU per US$, period average)",18612.9166666667,,https://api.worldbank.org/v2/country/IDN;MYS;VNM;THA;PHL;SGP;BRN;KHM;LAO;MMR;TLS/indicator/PA.NUS.FCRF?format=json&date=2000:2025&per_page=20000,raw/worldbank/6b5480354be8_PA.NUS.FCRF.json
Viet Nam,VNM,2009,PA.NUS.FCRF,"Official exchange rate (LCU per US$, period average)",17065.0833333333,,https://api.worldbank.org/v2/country/IDN;MYS;VNM;THA;PHL;SGP;BRN;KHM;LAO;MMR;TLS/indicator/PA.NUS.FCRF?format=json&date=2000:2025&per_page=20000,raw/worldbank/6b5480354be8_PA.NUS.FCRF.json
Viet Nam,VNM,2008,PA.NUS.FCRF,"Official exchange rate (LCU per US$, period average)",16302.25,,https://api.worldbank.org/v2/country/IDN;MYS;VNM;THA;PHL;SGP;BRN;KHM;LAO;MMR;TLS/indicator/PA.NUS.FCRF?format=json&date=2000:2025&per_page=20000,raw/worldbank/6b5480354be8_PA.NUS.FCRF.json
Viet Nam,VNM,2007,PA.NUS.FCRF,"Official exchange rate (LCU per US$, period average)",16105.125,,https://api.worldbank.org/v2/country/IDN;MYS;VNM;THA;PHL;SGP;BRN;KHM;LAO;MMR;TLS/indicator/PA.NUS.FCRF?format=json&date=2000:2025&per_page=20000,raw/worldbank/6b5480354be8_PA.NUS.FCRF.json
Viet Nam,VNM,2006,PA.NUS.FCRF,"Official exchange rate (LCU per US$, period average)",15994.25,,https://api.worldbank.org/v2/country/IDN;MYS;VNM;THA;PHL;SGP;BRN;KHM;LAO;MMR;TLS/indicator/PA.NUS.FCRF?format=json&date=2000:2025&per_page=20000,raw/worldbank/6b5480354be8_PA.NUS.FCRF.json
Viet Nam,VNM,2005,PA.NUS.FCRF,"Official exchange rate (LCU per US$, period average)",15858.9166666667,,https://api.worldbank.org/v2/country/IDN;MYS;VNM;THA;PHL;SGP;BRN;KHM;LAO;MMR;TLS/indicator/PA.NUS.FCRF?format=json&date=2000:2025&per_page=20000,raw/worldbank/6b5480354be8_PA.NUS.FCRF.json
Viet Nam,VNM,2004,PA.NUS.FCRF,"Official exchange rate (LCU per US$, period average)",15746,,https://api.worldbank.org/v2/country/IDN;MYS;VNM;THA;PHL;SGP;BRN;KHM;LAO;MMR;TLS/indicator/PA.NUS.FCRF?format=json&date=2000:2025&per_page=20000,raw/worldbank/6b5480354be8_PA.NUS.FCRF.json
Viet Nam,VNM,2003,PA.NUS.FCRF,"Official exchange rate (LCU per US$, period average)",15509.5833333333,,https://api.worldbank.org/v2/country/IDN;MYS;VNM;THA;PHL;SGP;BRN;KHM;LAO;MMR;TLS/indicator/PA.NUS.FCRF?format=json&date=2000:2025&per_page=20000,raw/worldbank/6b5480354be8_PA.NUS.FCRF.json
Viet Nam,VNM,2002,PA.NUS.FCRF,"Official exchange rate (LCU per US$, period average)",15279.5,,https://api.worldbank.org/v2/country/IDN;MYS;VNM;THA;PHL;SGP;BRN;KHM;LAO;MMR;TLS/indicator/PA.NUS.FCRF?format=json&date=2000:2025&per_page=20000,raw/worldbank/6b5480354be8_PA.NUS.FCRF.json
Viet Nam,VNM,2001,PA.NUS.FCRF,"Official exchange rate (LCU per US$, period average)",14725.1666666667,,https://api.worldbank.org/v2/country/IDN;MYS;VNM;THA;PHL;SGP;BRN;KHM;LAO;MMR;TLS/indicator/PA.NUS.FCRF?format=json&date=2000:2025&per_page=20000,raw/worldbank/6b5480354be8_PA.NUS.FCRF.json
Viet Nam,VNM,2000,PA.NUS.FCRF,"Official exchange rate (LCU per US$, period average)",14167.75,,https://api.worldbank.org/v2/country/IDN;MYS;VNM;THA;PHL;SGP;BRN;KHM;LAO;MMR;TLS/indicator/PA.NUS.FCRF?format=json&date=2000:2025&per_page=20000,raw/worldbank/6b5480354be8_PA.NUS.FCRF.json
Brunei Darussalam,BRN,2025,SP.POP.TOTL,"Population, total",466330,,https://api.worldbank.org/v2/country/IDN;MYS;VNM;THA;PHL;SGP;BRN;KHM;LAO;MMR;TLS/indicator/SP.POP.TOTL?format=json&date=2000:2025&per_page=20000,raw/worldbank/15e7fde63b4d_SP.POP.TOTL.json
Brunei Darussalam,BRN,2024,SP.POP.TOTL,"Population, total",462721,,https://api.worldbank.org/v2/country/IDN;MYS;VNM;THA;PHL;SGP;BRN;KHM;LAO;MMR;TLS/indicator/SP.POP.TOTL?format=json&date=2000:2025&per_page=20000,raw/worldbank/15e7fde63b4d_SP.POP.TOTL.json
Brunei Darussalam,BRN,2023,SP.POP.TOTL,"Population, total",458949,,https://api.worldbank.org/v2/country/IDN;MYS;VNM;THA;PHL;SGP;BRN;KHM;LAO;MMR;TLS/indicator/SP.POP.TOTL?format=json&date=2000:2025&per_page=20000,raw/worldbank/15e7fde63b4d_SP.POP.TOTL.json
Brunei Darussalam,BRN,2022,SP.POP.TOTL,"Population, total",455370,,https://api.worldbank.org/v2/country/IDN;MYS;VNM;THA;PHL;SGP;BRN;KHM;LAO;MMR;TLS/indicator/SP.POP.TOTL?format=json&date=2000:2025&per_page=20000,raw/worldbank/15e7fde63b4d_SP.POP.TOTL.json
Brunei Darussalam,BRN,2021,SP.POP.TOTL,"Population, total",451721,,https://api.worldbank.org/v2/country/IDN;MYS;VNM;THA;PHL;SGP;BRN;KHM;LAO;MMR;TLS/indicator/SP.POP.TOTL?format=json&date=2000:2025&per_page=20000,raw/worldbank/15e7fde63b4d_SP.POP.TOTL.json
Brunei Darussalam,BRN,2020,SP.POP.TOTL,"Population, total",447404,,https://api.worldbank.org/v2/country/IDN;MYS;VNM;THA;PHL;SGP;BRN;KHM;LAO;MMR;TLS/indicator/SP.POP.TOTL?format=json&date=2000:2025&per_page=20000,raw/worldbank/15e7fde63b4d_SP.POP.TOTL.json
Brunei Darussalam,BRN,2019,SP.POP.TOTL,"Population, total",442680,,https://api.worldbank.org/v2/country/IDN;MYS;VNM;THA;PHL;SGP;BRN;KHM;LAO;MMR;TLS/indicator/SP.POP.TOTL?format=json&date=2000:2025&per_page=20000,raw/worldbank/15e7fde63b4d_SP.POP.TOTL.json
Brunei Darussalam,BRN,2018,SP.POP.TOTL,"Population, total",437810,,https://api.worldbank.org/v2/country/IDN;MYS;VNM;THA;PHL;SGP;BRN;KHM;LAO;MMR;TLS/indicator/SP.POP.TOTL?format=json&date=2000:2025&per_page=20000,raw/worldbank/15e7fde63b4d_SP.POP.TOTL.json
Brunei Darussalam,BRN,2017,SP.POP.TOTL,"Population, total",432772,,https://api.worldbank.org/v2/country/IDN;MYS;VNM;THA;PHL;SGP;BRN;KHM;LAO;MMR;TLS/indicator/SP.POP.TOTL?format=json&date=2000:2025&per_page=20000,raw/worldbank/15e7fde63b4d_SP.POP.TOTL.json
Brunei Darussalam,BRN,2016,SP.POP.TOTL,"Population, total",427564,,https://api.worldbank.org/v2/country/IDN;MYS;VNM;THA;PHL;SGP;BRN;KHM;LAO;MMR;TLS/indicator/SP.POP.TOTL?format=json&date=2000:2025&per_page=20000,raw/worldbank/15e7fde63b4d_SP.POP.TOTL.json
Brunei Darussalam,BRN,2015,SP.POP.TOTL,"Population, total",422212,,https://api.worldbank.org/v2/country/IDN;MYS;VNM;THA;PHL;SGP;BRN;KHM;LAO;MMR;TLS/indicator/SP.POP.TOTL?format=json&date=2000:2025&per_page=20000,raw/worldbank/15e7fde63b4d_SP.POP.TOTL.json
Brunei Darussalam,BRN,2014,SP.POP.TOTL,"Population, total",416750,,https://api.worldbank.org/v2/country/IDN;MYS;VNM;THA;PHL;SGP;BRN;KHM;LAO;MMR;TLS/indicator/SP.POP.TOTL?format=json&date=2000:2025&per_page=20000,raw/worldbank/15e7fde63b4d_SP.POP.TOTL.json
Brunei Darussalam,BRN,2013,SP.POP.TOTL,"Population, total",411202,,https://api.worldbank.org/v2/country/IDN;MYS;VNM;THA;PHL;SGP;BRN;KHM;LAO;MMR;TLS/indicator/SP.POP.TOTL?format=json&date=2000:2025&per_page=20000,raw/worldbank/15e7fde63b4d_SP.POP.TOTL.json
Brunei Darussalam,BRN,2012,SP.POP.TOTL,"Population, total",405557,,https://api.worldbank.org/v2/country/IDN;MYS;VNM;THA;PHL;SGP;BRN;KHM;LAO;MMR;TLS/indicator/SP.POP.TOTL?format=json&date=2000:2025&per_page=20000,raw/worldbank/15e7fde63b4d_SP.POP.TOTL.json
Brunei Darussalam,BRN,2011,SP.POP.TOTL,"Population, total",399389,,https://api.worldbank.org/v2/country/IDN;MYS;VNM;THA;PHL;SGP;BRN;KHM;LAO;MMR;TLS/indicator/SP.POP.TOTL?format=json&date=2000:2025&per_page=20000,raw/worldbank/15e7fde63b4d_SP.POP.TOTL.json
Brunei Darussalam,BRN,2010,SP.POP.TOTL,"Population, total",392332,,https://api.worldbank.org/v2/country/IDN;MYS;VNM;THA;PHL;SGP;BRN;KHM;LAO;MMR;TLS/indicator/SP.POP.TOTL?format=json&date=2000:2025&per_page=20000,raw/worldbank/15e7fde63b4d_SP.POP.TOTL.json
Brunei Darussalam,BRN,2009,SP.POP.TOTL,"Population, total",384952,,https://api.worldbank.org/v2/country/IDN;MYS;VNM;THA;PHL;SGP;BRN;KHM;LAO;MMR;TLS/indicator/SP.POP.TOTL?format=json&date=2000:2025&per_page=20000,raw/worldbank/15e7fde63b4d_SP.POP.TOTL.json
Brunei Darussalam,BRN,2008,SP.POP.TOTL,"Population, total",377793,,https://api.worldbank.org/v2/country/IDN;MYS;VNM;THA;PHL;SGP;BRN;KHM;LAO;MMR;TLS/indicator/SP.POP.TOTL?format=json&date=2000:2025&per_page=20000,raw/worldbank/15e7fde63b4d_SP.POP.TOTL.json
Brunei Darussalam,BRN,2007,SP.POP.TOTL,"Population, total",370873,,https://api.worldbank.org/v2/country/IDN;MYS;VNM;THA;PHL;SGP;BRN;KHM;LAO;MMR;TLS/indicator/SP.POP.TOTL?format=json&date=2000:2025&per_page=20000,raw/worldbank/15e7fde63b4d_SP.POP.TOTL.json
Brunei Darussalam,BRN,2006,SP.POP.TOTL,"Population, total",364663,,https://api.worldbank.org/v2/country/IDN;MYS;VNM;THA;PHL;SGP;BRN;KHM;LAO;MMR;TLS/indicator/SP.POP.TOTL?format=json&date=2000:2025&per_page=20000,raw/worldbank/15e7fde63b4d_SP.POP.TOTL.json
Brunei Darussalam,BRN,2005,SP.POP.TOTL,"Population, total",358916,,https://api.worldbank.org/v2/country/IDN;MYS;VNM;THA;PHL;SGP;BRN;KHM;LAO;MMR;TLS/indicator/SP.POP.TOTL?format=json&date=2000:2025&per_page=20000,raw/worldbank/15e7fde63b4d_SP.POP.TOTL.json
Brunei Darussalam,BRN,2004,SP.POP.TOTL,"Population, total",352911,,https://api.worldbank.org/v2/country/IDN;MYS;VNM;THA;PHL;SGP;BRN;KHM;LAO;MMR;TLS/indicator/SP.POP.TOTL?format=json&date=2000:2025&per_page=20000,raw/worldbank/15e7fde63b4d_SP.POP.TOTL.json
Brunei Darussalam,BRN,2003,SP.POP.TOTL,"Population, total",346637,,https://api.worldbank.org/v2/country/IDN;MYS;VNM;THA;PHL;SGP;BRN;KHM;LAO;MMR;TLS/indicator/SP.POP.TOTL?format=json&date=2000:2025&per_page=20000,raw/worldbank/15e7fde63b4d_SP.POP.TOTL.json
Brunei Darussalam,BRN,2002,SP.POP.TOTL,"Population, total",340099,,https://api.worldbank.org/v2/country/IDN;MYS;VNM;THA;PHL;SGP;BRN;KHM;LAO;MMR;TLS/indicator/SP.POP.TOTL?format=json&date=2000:2025&per_page=20000,raw/worldbank/15e7fde63b4d_SP.POP.TOTL.json
Brunei Darussalam,BRN,2001,SP.POP.TOTL,"Population, total",333345,,https://api.worldbank.org/v2/country/IDN;MYS;VNM;THA;PHL;SGP;BRN;KHM;LAO;MMR;TLS/indicator/SP.POP.TOTL?format=json&date=2000:2025&per_page=20000,raw/worldbank/15e7fde63b4d_SP.POP.TOTL.json
Brunei Darussalam,BRN,2000,SP.POP.TOTL,"Population, total",326424,,https://api.worldbank.org/v2/country/IDN;MYS;VNM;THA;PHL;SGP;BRN;KHM;LAO;MMR;TLS/indicator/SP.POP.TOTL?format=json&date=2000:2025&per_page=20000,raw/worldbank/15e7fde63b4d_SP.POP.TOTL.json
Indonesia,IDN,2025,SP.POP.TOTL,"Population, total",285721236,,https://api.worldbank.org/v2/country/IDN;MYS;VNM;THA;PHL;SGP;BRN;KHM;LAO;MMR;TLS/indicator/SP.POP.TOTL?format=json&date=2000:2025&per_page=20000,raw/worldbank/15e7fde63b4d_SP.POP.TOTL.json
Indonesia,IDN,2024,SP.POP.TOTL,"Population, total",283487931,,https://api.worldbank.org/v2/country/IDN;MYS;VNM;THA;PHL;SGP;BRN;KHM;LAO;MMR;TLS/indicator/SP.POP.TOTL?format=json&date=2000:2025&per_page=20000,raw/worldbank/15e7fde63b4d_SP.POP.TOTL.json
Indonesia,IDN,2023,SP.POP.TOTL,"Population, total",281190067,,https://api.worldbank.org/v2/country/IDN;MYS;VNM;THA;PHL;SGP;BRN;KHM;LAO;MMR;TLS/indicator/SP.POP.TOTL?format=json&date=2000:2025&per_page=20000,raw/worldbank/15e7fde63b4d_SP.POP.TOTL.json
Indonesia,IDN,2022,SP.POP.TOTL,"Population, total",278830529,,https://api.worldbank.org/v2/country/IDN;MYS;VNM;THA;PHL;SGP;BRN;KHM;LAO;MMR;TLS/indicator/SP.POP.TOTL?format=json&date=2000:2025&per_page=20000,raw/worldbank/15e7fde63b4d_SP.POP.TOTL.json
Indonesia,IDN,2021,SP.POP.TOTL,"Population, total",276758053,,https://api.worldbank.org/v2/country/IDN;MYS;VNM;THA;PHL;SGP;BRN;KHM;LAO;MMR;TLS/indicator/SP.POP.TOTL?format=json&date=2000:2025&per_page=20000,raw/worldbank/15e7fde63b4d_SP.POP.TOTL.json
Indonesia,IDN,2020,SP.POP.TOTL,"Population, total",274814866,,https://api.worldbank.org/v2/country/IDN;MYS;VNM;THA;PHL;SGP;BRN;KHM;LAO;MMR;TLS/indicator/SP.POP.TOTL?format=json&date=2000:2025&per_page=20000,raw/worldbank/15e7fde63b4d_SP.POP.TOTL.json
Indonesia,IDN,2019,SP.POP.TOTL,"Population, total",272489381,,https://api.worldbank.org/v2/country/IDN;MYS;VNM;THA;PHL;SGP;BRN;KHM;LAO;MMR;TLS/indicator/SP.POP.TOTL?format=json&date=2000:2025&per_page=20000,raw/worldbank/15e7fde63b4d_SP.POP.TOTL.json
Indonesia,IDN,2018,SP.POP.TOTL,"Population, total",269951846,,https://api.worldbank.org/v2/country/IDN;MYS;VNM;THA;PHL;SGP;BRN;KHM;LAO;MMR;TLS/indicator/SP.POP.TOTL?format=json&date=2000:2025&per_page=20000,raw/worldbank/15e7fde63b4d_SP.POP.TOTL.json
Indonesia,IDN,2017,SP.POP.TOTL,"Population, total",267346658,,https://api.worldbank.org/v2/country/IDN;MYS;VNM;THA;PHL;SGP;BRN;KHM;LAO;MMR;TLS/indicator/SP.POP.TOTL?format=json&date=2000:2025&per_page=20000,raw/worldbank/15e7fde63b4d_SP.POP.TOTL.json
Indonesia,IDN,2016,SP.POP.TOTL,"Population, total",264627418,,https://api.worldbank.org/v2/country/IDN;MYS;VNM;THA;PHL;SGP;BRN;KHM;LAO;MMR;TLS/indicator/SP.POP.TOTL?format=json&date=2000:2025&per_page=20000,raw/worldbank/15e7fde63b4d_SP.POP.TOTL.json
Indonesia,IDN,2015,SP.POP.TOTL,"Population, total",261799249,,https://api.worldbank.org/v2/country/IDN;MYS;VNM;THA;PHL;SGP;BRN;KHM;LAO;MMR;TLS/indicator/SP.POP.TOTL?format=json&date=2000:2025&per_page=20000,raw/worldbank/15e7fde63b4d_SP.POP.TOTL.json
Indonesia,IDN,2014,SP.POP.TOTL,"Population, total",258877399,,https://api.worldbank.org/v2/country/IDN;MYS;VNM;THA;PHL;SGP;BRN;KHM;LAO;MMR;TLS/indicator/SP.POP.TOTL?format=json&date=2000:2025&per_page=20000,raw/worldbank/15e7fde63b4d_SP.POP.TOTL.json
Indonesia,IDN,2013,SP.POP.TOTL,"Population, total",255852467,,https://api.worldbank.org/v2/country/IDN;MYS;VNM;THA;PHL;SGP;BRN;KHM;LAO;MMR;TLS/indicator/SP.POP.TOTL?format=json&date=2000:2025&per_page=20000,raw/worldbank/15e7fde63b4d_SP.POP.TOTL.json
Indonesia,IDN,2012,SP.POP.TOTL,"Population, total",252698525,,https://api.worldbank.org/v2/country/IDN;MYS;VNM;THA;PHL;SGP;BRN;KHM;LAO;MMR;TLS/indicator/SP.POP.TOTL?format=json&date=2000:2025&per_page=20000,raw/worldbank/15e7fde63b4d_SP.POP.TOTL.json
Indonesia,IDN,2011,SP.POP.TOTL,"Population, total",249470032,,https://api.worldbank.org/v2/country/IDN;MYS;VNM;THA;PHL;SGP;BRN;KHM;LAO;MMR;TLS/indicator/SP.POP.TOTL?format=json&date=2000:2025&per_page=20000,raw/worldbank/15e7fde63b4d_SP.POP.TOTL.json
Indonesia,IDN,2010,SP.POP.TOTL,"Population, total",246305322,,https://api.worldbank.org/v2/country/IDN;MYS;VNM;THA;PHL;SGP;BRN;KHM;LAO;MMR;TLS/indicator/SP.POP.TOTL?format=json&date=2000:2025&per_page=20000,raw/worldbank/15e7fde63b4d_SP.POP.TOTL.json
Indonesia,IDN,2009,SP.POP.TOTL,"Population, total",243220028,,https://api.worldbank.org/v2/country/IDN;MYS;VNM;THA;PHL;SGP;BRN;KHM;LAO;MMR;TLS/indicator/SP.POP.TOTL?format=json&date=2000:2025&per_page=20000,raw/worldbank/15e7fde63b4d_SP.POP.TOTL.json
Indonesia,IDN,2008,SP.POP.TOTL,"Population, total",240157903,,https://api.worldbank.org/v2/country/IDN;MYS;VNM;THA;PHL;SGP;BRN;KHM;LAO;MMR;TLS/indicator/SP.POP.TOTL?format=json&date=2000:2025&per_page=20000,raw/worldbank/15e7fde63b4d_SP.POP.TOTL.json
Indonesia,IDN,2007,SP.POP.TOTL,"Population, total",237062337,,https://api.worldbank.org/v2/country/IDN;MYS;VNM;THA;PHL;SGP;BRN;KHM;LAO;MMR;TLS/indicator/SP.POP.TOTL?format=json&date=2000:2025&per_page=20000,raw/worldbank/15e7fde63b4d_SP.POP.TOTL.json
Indonesia,IDN,2006,SP.POP.TOTL,"Population, total",233951652,,https://api.worldbank.org/v2/country/IDN;MYS;VNM;THA;PHL;SGP;BRN;KHM;LAO;MMR;TLS/indicator/SP.POP.TOTL?format=json&date=2000:2025&per_page=20000,raw/worldbank/15e7fde63b4d_SP.POP.TOTL.json
Indonesia,IDN,2005,SP.POP.TOTL,"Population, total",230871650,,https://api.worldbank.org/v2/country/IDN;MYS;VNM;THA;PHL;SGP;BRN;KHM;LAO;MMR;TLS/indicator/SP.POP.TOTL?format=json&date=2000:2025&per_page=20000,raw/worldbank/15e7fde63b4d_SP.POP.TOTL.json
Indonesia,IDN,2004,SP.POP.TOTL,"Population, total",227926649,,https://api.worldbank.org/v2/country/IDN;MYS;VNM;THA;PHL;SGP;BRN;KHM;LAO;MMR;TLS/indicator/SP.POP.TOTL?format=json&date=2000:2025&per_page=20000,raw/worldbank/15e7fde63b4d_SP.POP.TOTL.json
Indonesia,IDN,2003,SP.POP.TOTL,"Population, total",225048008,,https://api.worldbank.org/v2/country/IDN;MYS;VNM;THA;PHL;SGP;BRN;KHM;LAO;MMR;TLS/indicator/SP.POP.TOTL?format=json&date=2000:2025&per_page=20000,raw/worldbank/15e7fde63b4d_SP.POP.TOTL.json
Indonesia,IDN,2002,SP.POP.TOTL,"Population, total",222088495,,https://api.worldbank.org/v2/country/IDN;MYS;VNM;THA;PHL;SGP;BRN;KHM;LAO;MMR;TLS/indicator/SP.POP.TOTL?format=json&date=2000:2025&per_page=20000,raw/worldbank/15e7fde63b4d_SP.POP.TOTL.json
Indonesia,IDN,2001,SP.POP.TOTL,"Population, total",219097902,,https://api.worldbank.org/v2/country/IDN;MYS;VNM;THA;PHL;SGP;BRN;KHM;LAO;MMR;TLS/indicator/SP.POP.TOTL?format=json&date=2000:2025&per_page=20000,raw/worldbank/15e7fde63b4d_SP.POP.TOTL.json
Indonesia,IDN,2000,SP.POP.TOTL,"Population, total",216077790,,https://api.worldbank.org/v2/country/IDN;MYS;VNM;THA;PHL;SGP;BRN;KHM;LAO;MMR;TLS/indicator/SP.POP.TOTL?format=json&date=2000:2025&per_page=20000,raw/worldbank/15e7fde63b4d_SP.POP.TOTL.json
Cambodia,KHM,2025,SP.POP.TOTL,"Population, total",17847982,,https://api.worldbank.org/v2/country/IDN;MYS;VNM;THA;PHL;SGP;BRN;KHM;LAO;MMR;TLS/indicator/SP.POP.TOTL?format=json&date=2000:2025&per_page=20000,raw/worldbank/15e7fde63b4d_SP.POP.TOTL.json
Cambodia,KHM,2024,SP.POP.TOTL,"Population, total",17638801,,https://api.worldbank.org/v2/country/IDN;MYS;VNM;THA;PHL;SGP;BRN;KHM;LAO;MMR;TLS/indicator/SP.POP.TOTL?format=json&date=2000:2025&per_page=20000,raw/worldbank/15e7fde63b4d_SP.POP.TOTL.json
Cambodia,KHM,2023,SP.POP.TOTL,"Population, total",17423880,,https://api.worldbank.org/v2/country/IDN;MYS;VNM;THA;PHL;SGP;BRN;KHM;LAO;MMR;TLS/indicator/SP.POP.TOTL?format=json&date=2000:2025&per_page=20000,raw/worldbank/15e7fde63b4d_SP.POP.TOTL.json
Cambodia,KHM,2022,SP.POP.TOTL,"Population, total",17201724,,https://api.worldbank.org/v2/country/IDN;MYS;VNM;THA;PHL;SGP;BRN;KHM;LAO;MMR;TLS/indicator/SP.POP.TOTL?format=json&date=2000:2025&per_page=20000,raw/worldbank/15e7fde63b4d_SP.POP.TOTL.json
Cambodia,KHM,2021,SP.POP.TOTL,"Population, total",16974305,,https://api.worldbank.org/v2/country/IDN;MYS;VNM;THA;PHL;SGP;BRN;KHM;LAO;MMR;TLS/indicator/SP.POP.TOTL?format=json&date=2000:2025&per_page=20000,raw/worldbank/15e7fde63b4d_SP.POP.TOTL.json
Cambodia,KHM,2020,SP.POP.TOTL,"Population, total",16725474,,https://api.worldbank.org/v2/country/IDN;MYS;VNM;THA;PHL;SGP;BRN;KHM;LAO;MMR;TLS/indicator/SP.POP.TOTL?format=json&date=2000:2025&per_page=20000,raw/worldbank/15e7fde63b4d_SP.POP.TOTL.json
Cambodia,KHM,2019,SP.POP.TOTL,"Population, total",16481304,,https://api.worldbank.org/v2/country/IDN;MYS;VNM;THA;PHL;SGP;BRN;KHM;LAO;MMR;TLS/indicator/SP.POP.TOTL?format=json&date=2000:2025&per_page=20000,raw/worldbank/15e7fde63b4d_SP.POP.TOTL.json
Cambodia,KHM,2018,SP.POP.TOTL,"Population, total",16274522,,https://api.worldbank.org/v2/country/IDN;MYS;VNM;THA;PHL;SGP;BRN;KHM;LAO;MMR;TLS/indicator/SP.POP.TOTL?format=json&date=2000:2025&per_page=20000,raw/worldbank/15e7fde63b4d_SP.POP.TOTL.json
Cambodia,KHM,2017,SP.POP.TOTL,"Population, total",16073372,,https://api.worldbank.org/v2/country/IDN;MYS;VNM;THA;PHL;SGP;BRN;KHM;LAO;MMR;TLS/indicator/SP.POP.TOTL?format=json&date=2000:2025&per_page=20000,raw/worldbank/15e7fde63b4d_SP.POP.TOTL.json
Cambodia,KHM,2016,SP.POP.TOTL,"Population, total",15852803,,https://api.worldbank.org/v2/country/IDN;MYS;VNM;THA;PHL;SGP;BRN;KHM;LAO;MMR;TLS/indicator/SP.POP.TOTL?format=json&date=2000:2025&per_page=20000,raw/worldbank/15e7fde63b4d_SP.POP.TOTL.json
Cambodia,KHM,2015,SP.POP.TOTL,"Population, total",15623251,,https://api.worldbank.org/v2/country/IDN;MYS;VNM;THA;PHL;SGP;BRN;KHM;LAO;MMR;TLS/indicator/SP.POP.TOTL?format=json&date=2000:2025&per_page=20000,raw/worldbank/15e7fde63b4d_SP.POP.TOTL.json
Cambodia,KHM,2014,SP.POP.TOTL,"Population, total",15396772,,https://api.worldbank.org/v2/country/IDN;MYS;VNM;THA;PHL;SGP;BRN;KHM;LAO;MMR;TLS/indicator/SP.POP.TOTL?format=json&date=2000:2025&per_page=20000,raw/worldbank/15e7fde63b4d_SP.POP.TOTL.json
Cambodia,KHM,2013,SP.POP.TOTL,"Population, total",15170208,,https://api.worldbank.org/v2/country/IDN;MYS;VNM;THA;PHL;SGP;BRN;KHM;LAO;MMR;TLS/indicator/SP.POP.TOTL?format=json&date=2000:2025&per_page=20000,raw/worldbank/15e7fde63b4d_SP.POP.TOTL.json
Cambodia,KHM,2012,SP.POP.TOTL,"Population, total",14945085,,https://api.worldbank.org/v2/country/IDN;MYS;VNM;THA;PHL;SGP;BRN;KHM;LAO;MMR;TLS/indicator/SP.POP.TOTL?format=json&date=2000:2025&per_page=20000,raw/worldbank/15e7fde63b4d_SP.POP.TOTL.json
Cambodia,KHM,2011,SP.POP.TOTL,"Population, total",14722584,,https://api.worldbank.org/v2/country/IDN;MYS;VNM;THA;PHL;SGP;BRN;KHM;LAO;MMR;TLS/indicator/SP.POP.TOTL?format=json&date=2000:2025&per_page=20000,raw/worldbank/15e7fde63b4d_SP.POP.TOTL.json
Cambodia,KHM,2010,SP.POP.TOTL,"Population, total",14500726,,https://api.worldbank.org/v2/country/IDN;MYS;VNM;THA;PHL;SGP;BRN;KHM;LAO;MMR;TLS/indicator/SP.POP.TOTL?format=json&date=2000:2025&per_page=20000,raw/worldbank/15e7fde63b4d_SP.POP.TOTL.json
Cambodia,KHM,2009,SP.POP.TOTL,"Population, total",14276810,,https://api.worldbank.org/v2/country/IDN;MYS;VNM;THA;PHL;SGP;BRN;KHM;LAO;MMR;TLS/indicator/SP.POP.TOTL?format=json&date=2000:2025&per_page=20000,raw/worldbank/15e7fde63b4d_SP.POP.TOTL.json
Cambodia,KHM,2008,SP.POP.TOTL,"Population, total",14053479,,https://api.worldbank.org/v2/country/IDN;MYS;VNM;THA;PHL;SGP;BRN;KHM;LAO;MMR;TLS/indicator/SP.POP.TOTL?format=json&date=2000:2025&per_page=20000,raw/worldbank/15e7fde63b4d_SP.POP.TOTL.json
Cambodia,KHM,2007,SP.POP.TOTL,"Population, total",13841770,,https://api.worldbank.org/v2/country/IDN;MYS;VNM;THA;PHL;SGP;BRN;KHM;LAO;MMR;TLS/indicator/SP.POP.TOTL?format=json&date=2000:2025&per_page=20000,raw/worldbank/15e7fde63b4d_SP.POP.TOTL.json
Cambodia,KHM,2006,SP.POP.TOTL,"Population, total",13639028,,https://api.worldbank.org/v2/country/IDN;MYS;VNM;THA;PHL;SGP;BRN;KHM;LAO;MMR;TLS/indicator/SP.POP.TOTL?format=json&date=2000:2025&per_page=20000,raw/worldbank/15e7fde63b4d_SP.POP.TOTL.json
Cambodia,KHM,2005,SP.POP.TOTL,"Population, total",13439202,,https://api.worldbank.org/v2/country/IDN;MYS;VNM;THA;PHL;SGP;BRN;KHM;LAO;MMR;TLS/indicator/SP.POP.TOTL?format=json&date=2000:2025&per_page=20000,raw/worldbank/15e7fde63b4d_SP.POP.TOTL.json
Cambodia,KHM,2004,SP.POP.TOTL,"Population, total",13244731,,https://api.worldbank.org/v2/country/IDN;MYS;VNM;THA;PHL;SGP;BRN;KHM;LAO;MMR;TLS/indicator/SP.POP.TOTL?format=json&date=2000:2025&per_page=20000,raw/worldbank/15e7fde63b4d_SP.POP.TOTL.json
Cambodia,KHM,2003,SP.POP.TOTL,"Population, total",13050968,,https://api.worldbank.org/v2/country/IDN;MYS;VNM;THA;PHL;SGP;BRN;KHM;LAO;MMR;TLS/indicator/SP.POP.TOTL?format=json&date=2000:2025&per_page=20000,raw/worldbank/15e7fde63b4d_SP.POP.TOTL.json
Cambodia,KHM,2002,SP.POP.TOTL,"Population, total",12855241,,https://api.worldbank.org/v2/country/IDN;MYS;VNM;THA;PHL;SGP;BRN;KHM;LAO;MMR;TLS/indicator/SP.POP.TOTL?format=json&date=2000:2025&per_page=20000,raw/worldbank/15e7fde63b4d_SP.POP.TOTL.json
Cambodia,KHM,2001,SP.POP.TOTL,"Population, total",12658484,,https://api.worldbank.org/v2/country/IDN;MYS;VNM;THA;PHL;SGP;BRN;KHM;LAO;MMR;TLS/indicator/SP.POP.TOTL?format=json&date=2000:2025&per_page=20000,raw/worldbank/15e7fde63b4d_SP.POP.TOTL.json
Cambodia,KHM,2000,SP.POP.TOTL,"Population, total",12462336,,https://api.worldbank.org/v2/country/IDN;MYS;VNM;THA;PHL;SGP;BRN;KHM;LAO;MMR;TLS/indicator/SP.POP.TOTL?format=json&date=2000:2025&per_page=20000,raw/worldbank/15e7fde63b4d_SP.POP.TOTL.json
Lao PDR,LAO,2025,SP.POP.TOTL,"Population, total",7873046,,https://api.worldbank.org/v2/country/IDN;MYS;VNM;THA;PHL;SGP;BRN;KHM;LAO;MMR;TLS/indicator/SP.POP.TOTL?format=json&date=2000:2025&per_page=20000,raw/worldbank/15e7fde63b4d_SP.POP.TOTL.json
Lao PDR,LAO,2024,SP.POP.TOTL,"Population, total",7769819,,https://api.worldbank.org/v2/country/IDN;MYS;VNM;THA;PHL;SGP;BRN;KHM;LAO;MMR;TLS/indicator/SP.POP.TOTL?format=json&date=2000:2025&per_page=20000,raw/worldbank/15e7fde63b4d_SP.POP.TOTL.json
Lao PDR,LAO,2023,SP.POP.TOTL,"Population, total",7664993,,https://api.worldbank.org/v2/country/IDN;MYS;VNM;THA;PHL;SGP;BRN;KHM;LAO;MMR;TLS/indicator/SP.POP.TOTL?format=json&date=2000:2025&per_page=20000,raw/worldbank/15e7fde63b4d_SP.POP.TOTL.json
Lao PDR,LAO,2022,SP.POP.TOTL,"Population, total",7559007,,https://api.worldbank.org/v2/country/IDN;MYS;VNM;THA;PHL;SGP;BRN;KHM;LAO;MMR;TLS/indicator/SP.POP.TOTL?format=json&date=2000:2025&per_page=20000,raw/worldbank/15e7fde63b4d_SP.POP.TOTL.json
Lao PDR,LAO,2021,SP.POP.TOTL,"Population, total",7453194,,https://api.worldbank.org/v2/country/IDN;MYS;VNM;THA;PHL;SGP;BRN;KHM;LAO;MMR;TLS/indicator/SP.POP.TOTL?format=json&date=2000:2025&per_page=20000,raw/worldbank/15e7fde63b4d_SP.POP.TOTL.json
Lao PDR,LAO,2020,SP.POP.TOTL,"Population, total",7346533,,https://api.worldbank.org/v2/country/IDN;MYS;VNM;THA;PHL;SGP;BRN;KHM;LAO;MMR;TLS/indicator/SP.POP.TOTL?format=json&date=2000:2025&per_page=20000,raw/worldbank/15e7fde63b4d_SP.POP.TOTL.json
Lao PDR,LAO,2019,SP.POP.TOTL,"Population, total",7237636,,https://api.worldbank.org/v2/country/IDN;MYS;VNM;THA;PHL;SGP;BRN;KHM;LAO;MMR;TLS/indicator/SP.POP.TOTL?format=json&date=2000:2025&per_page=20000,raw/worldbank/15e7fde63b4d_SP.POP.TOTL.json
Lao PDR,LAO,2018,SP.POP.TOTL,"Population, total",7128045,,https://api.worldbank.org/v2/country/IDN;MYS;VNM;THA;PHL;SGP;BRN;KHM;LAO;MMR;TLS/indicator/SP.POP.TOTL?format=json&date=2000:2025&per_page=20000,raw/worldbank/15e7fde63b4d_SP.POP.TOTL.json
Lao PDR,LAO,2017,SP.POP.TOTL,"Population, total",7018147,,https://api.worldbank.org/v2/country/IDN;MYS;VNM;THA;PHL;SGP;BRN;KHM;LAO;MMR;TLS/indicator/SP.POP.TOTL?format=json&date=2000:2025&per_page=20000,raw/worldbank/15e7fde63b4d_SP.POP.TOTL.json
Lao PDR,LAO,2016,SP.POP.TOTL,"Population, total",6908802,,https://api.worldbank.org/v2/country/IDN;MYS;VNM;THA;PHL;SGP;BRN;KHM;LAO;MMR;TLS/indicator/SP.POP.TOTL?format=json&date=2000:2025&per_page=20000,raw/worldbank/15e7fde63b4d_SP.POP.TOTL.json
Lao PDR,LAO,2015,SP.POP.TOTL,"Population, total",6801645,,https://api.worldbank.org/v2/country/IDN;MYS;VNM;THA;PHL;SGP;BRN;KHM;LAO;MMR;TLS/indicator/SP.POP.TOTL?format=json&date=2000:2025&per_page=20000,raw/worldbank/15e7fde63b4d_SP.POP.TOTL.json
Lao PDR,LAO,2014,SP.POP.TOTL,"Population, total",6703172,,https://api.worldbank.org/v2/country/IDN;MYS;VNM;THA;PHL;SGP;BRN;KHM;LAO;MMR;TLS/indicator/SP.POP.TOTL?format=json&date=2000:2025&per_page=20000,raw/worldbank/15e7fde63b4d_SP.POP.TOTL.json
Lao PDR,LAO,2013,SP.POP.TOTL,"Population, total",6611385,,https://api.worldbank.org/v2/country/IDN;MYS;VNM;THA;PHL;SGP;BRN;KHM;LAO;MMR;TLS/indicator/SP.POP.TOTL?format=json&date=2000:2025&per_page=20000,raw/worldbank/15e7fde63b4d_SP.POP.TOTL.json
Lao PDR,LAO,2012,SP.POP.TOTL,"Population, total",6518978,,https://api.worldbank.org/v2/country/IDN;MYS;VNM;THA;PHL;SGP;BRN;KHM;LAO;MMR;TLS/indicator/SP.POP.TOTL?format=json&date=2000:2025&per_page=20000,raw/worldbank/15e7fde63b4d_SP.POP.TOTL.json
Lao PDR,LAO,2011,SP.POP.TOTL,"Population, total",6426590,,https://api.worldbank.org/v2/country/IDN;MYS;VNM;THA;PHL;SGP;BRN;KHM;LAO;MMR;TLS/indicator/SP.POP.TOTL?format=json&date=2000:2025&per_page=20000,raw/worldbank/15e7fde63b4d_SP.POP.TOTL.json
Lao PDR,LAO,2010,SP.POP.TOTL,"Population, total",6334194,,https://api.worldbank.org/v2/country/IDN;MYS;VNM;THA;PHL;SGP;BRN;KHM;LAO;MMR;TLS/indicator/SP.POP.TOTL?format=json&date=2000:2025&per_page=20000,raw/worldbank/15e7fde63b4d_SP.POP.TOTL.json
Lao PDR,LAO,2009,SP.POP.TOTL,"Population, total",6241642,,https://api.worldbank.org/v2/country/IDN;MYS;VNM;THA;PHL;SGP;BRN;KHM;LAO;MMR;TLS/indicator/SP.POP.TOTL?format=json&date=2000:2025&per_page=20000,raw/worldbank/15e7fde63b4d_SP.POP.TOTL.json
Lao PDR,LAO,2008,SP.POP.TOTL,"Population, total",6148969,,https://api.worldbank.org/v2/country/IDN;MYS;VNM;THA;PHL;SGP;BRN;KHM;LAO;MMR;TLS/indicator/SP.POP.TOTL?format=json&date=2000:2025&per_page=20000,raw/worldbank/15e7fde63b4d_SP.POP.TOTL.json
Lao PDR,LAO,2007,SP.POP.TOTL,"Population, total",6056236,,https://api.worldbank.org/v2/country/IDN;MYS;VNM;THA;PHL;SGP;BRN;KHM;LAO;MMR;TLS/indicator/SP.POP.TOTL?format=json&date=2000:2025&per_page=20000,raw/worldbank/15e7fde63b4d_SP.POP.TOTL.json
Lao PDR,LAO,2006,SP.POP.TOTL,"Population, total",5963200,,https://api.worldbank.org/v2/country/IDN;MYS;VNM;THA;PHL;SGP;BRN;KHM;LAO;MMR;TLS/indicator/SP.POP.TOTL?format=json&date=2000:2025&per_page=20000,raw/worldbank/15e7fde63b4d_SP.POP.TOTL.json
Lao PDR,LAO,2005,SP.POP.TOTL,"Population, total",5869523,,https://api.worldbank.org/v2/country/IDN;MYS;VNM;THA;PHL;SGP;BRN;KHM;LAO;MMR;TLS/indicator/SP.POP.TOTL?format=json&date=2000:2025&per_page=20000,raw/worldbank/15e7fde63b4d_SP.POP.TOTL.json
Lao PDR,LAO,2004,SP.POP.TOTL,"Population, total",5781626,,https://api.worldbank.org/v2/country/IDN;MYS;VNM;THA;PHL;SGP;BRN;KHM;LAO;MMR;TLS/indicator/SP.POP.TOTL?format=json&date=2000:2025&per_page=20000,raw/worldbank/15e7fde63b4d_SP.POP.TOTL.json
Lao PDR,LAO,2003,SP.POP.TOTL,"Population, total",5697945,,https://api.worldbank.org/v2/country/IDN;MYS;VNM;THA;PHL;SGP;BRN;KHM;LAO;MMR;TLS/indicator/SP.POP.TOTL?format=json&date=2000:2025&per_page=20000,raw/worldbank/15e7fde63b4d_SP.POP.TOTL.json
Lao PDR,LAO,2002,SP.POP.TOTL,"Population, total",5610889,,https://api.worldbank.org/v2/country/IDN;MYS;VNM;THA;PHL;SGP;BRN;KHM;LAO;MMR;TLS/indicator/SP.POP.TOTL?format=json&date=2000:2025&per_page=20000,raw/worldbank/15e7fde63b4d_SP.POP.TOTL.json
Lao PDR,LAO,2001,SP.POP.TOTL,"Population, total",5521482,,https://api.worldbank.org/v2/country/IDN;MYS;VNM;THA;PHL;SGP;BRN;KHM;LAO;MMR;TLS/indicator/SP.POP.TOTL?format=json&date=2000:2025&per_page=20000,raw/worldbank/15e7fde63b4d_SP.POP.TOTL.json
Lao PDR,LAO,2000,SP.POP.TOTL,"Population, total",5431212,,https://api.worldbank.org/v2/country/IDN;MYS;VNM;THA;PHL;SGP;BRN;KHM;LAO;MMR;TLS/indicator/SP.POP.TOTL?format=json&date=2000:2025&per_page=20000,raw/worldbank/15e7fde63b4d_SP.POP.TOTL.json
Myanmar,MMR,2025,SP.POP.TOTL,"Population, total",54850648,,https://api.worldbank.org/v2/country/IDN;MYS;VNM;THA;PHL;SGP;BRN;KHM;LAO;MMR;TLS/indicator/SP.POP.TOTL?format=json&date=2000:2025&per_page=20000,raw/worldbank/15e7fde63b4d_SP.POP.TOTL.json
Myanmar,MMR,2024,SP.POP.TOTL,"Population, total",54500091,,https://api.worldbank.org/v2/country/IDN;MYS;VNM;THA;PHL;SGP;BRN;KHM;LAO;MMR;TLS/indicator/SP.POP.TOTL?format=json&date=2000:2025&per_page=20000,raw/worldbank/15e7fde63b4d_SP.POP.TOTL.json
Myanmar,MMR,2023,SP.POP.TOTL,"Population, total",54133798,,https://api.worldbank.org/v2/country/IDN;MYS;VNM;THA;PHL;SGP;BRN;KHM;LAO;MMR;TLS/indicator/SP.POP.TOTL?format=json&date=2000:2025&per_page=20000,raw/worldbank/15e7fde63b4d_SP.POP.TOTL.json
Myanmar,MMR,2022,SP.POP.TOTL,"Population, total",53756787,,https://api.worldbank.org/v2/country/IDN;MYS;VNM;THA;PHL;SGP;BRN;KHM;LAO;MMR;TLS/indicator/SP.POP.TOTL?format=json&date=2000:2025&per_page=20000,raw/worldbank/15e7fde63b4d_SP.POP.TOTL.json
Myanmar,MMR,2021,SP.POP.TOTL,"Population, total",53387102,,https://api.worldbank.org/v2/country/IDN;MYS;VNM;THA;PHL;SGP;BRN;KHM;LAO;MMR;TLS/indicator/SP.POP.TOTL?format=json&date=2000:2025&per_page=20000,raw/worldbank/15e7fde63b4d_SP.POP.TOTL.json
Myanmar,MMR,2020,SP.POP.TOTL,"Population, total",53016522,,https://api.worldbank.org/v2/country/IDN;MYS;VNM;THA;PHL;SGP;BRN;KHM;LAO;MMR;TLS/indicator/SP.POP.TOTL?format=json&date=2000:2025&per_page=20000,raw/worldbank/15e7fde63b4d_SP.POP.TOTL.json
Myanmar,MMR,2019,SP.POP.TOTL,"Population, total",52640713,,https://api.worldbank.org/v2/country/IDN;MYS;VNM;THA;PHL;SGP;BRN;KHM;LAO;MMR;TLS/indicator/SP.POP.TOTL?format=json&date=2000:2025&per_page=20000,raw/worldbank/15e7fde63b4d_SP.POP.TOTL.json
Myanmar,MMR,2018,SP.POP.TOTL,"Population, total",52272247,,https://api.worldbank.org/v2/country/IDN;MYS;VNM;THA;PHL;SGP;BRN;KHM;LAO;MMR;TLS/indicator/SP.POP.TOTL?format=json&date=2000:2025&per_page=20000,raw/worldbank/15e7fde63b4d_SP.POP.TOTL.json
Myanmar,MMR,2017,SP.POP.TOTL,"Population, total",51894938,,https://api.worldbank.org/v2/country/IDN;MYS;VNM;THA;PHL;SGP;BRN;KHM;LAO;MMR;TLS/indicator/SP.POP.TOTL?format=json&date=2000:2025&per_page=20000,raw/worldbank/15e7fde63b4d_SP.POP.TOTL.json
Myanmar,MMR,2016,SP.POP.TOTL,"Population, total",51495696,,https://api.worldbank.org/v2/country/IDN;MYS;VNM;THA;PHL;SGP;BRN;KHM;LAO;MMR;TLS/indicator/SP.POP.TOTL?format=json&date=2000:2025&per_page=20000,raw/worldbank/15e7fde63b4d_SP.POP.TOTL.json
Myanmar,MMR,2015,SP.POP.TOTL,"Population, total",51089056,,https://api.worldbank.org/v2/country/IDN;MYS;VNM;THA;PHL;SGP;BRN;KHM;LAO;MMR;TLS/indicator/SP.POP.TOTL?format=json&date=2000:2025&per_page=20000,raw/worldbank/15e7fde63b4d_SP.POP.TOTL.json
Myanmar,MMR,2014,SP.POP.TOTL,"Population, total",50681634,,https://api.worldbank.org/v2/country/IDN;MYS;VNM;THA;PHL;SGP;BRN;KHM;LAO;MMR;TLS/indicator/SP.POP.TOTL?format=json&date=2000:2025&per_page=20000,raw/worldbank/15e7fde63b4d_SP.POP.TOTL.json
Myanmar,MMR,2013,SP.POP.TOTL,"Population, total",50262658,,https://api.worldbank.org/v2/country/IDN;MYS;VNM;THA;PHL;SGP;BRN;KHM;LAO;MMR;TLS/indicator/SP.POP.TOTL?format=json&date=2000:2025&per_page=20000,raw/worldbank/15e7fde63b4d_SP.POP.TOTL.json
Myanmar,MMR,2012,SP.POP.TOTL,"Population, total",49837446,,https://api.worldbank.org/v2/country/IDN;MYS;VNM;THA;PHL;SGP;BRN;KHM;LAO;MMR;TLS/indicator/SP.POP.TOTL?format=json&date=2000:2025&per_page=20000,raw/worldbank/15e7fde63b4d_SP.POP.TOTL.json
Myanmar,MMR,2011,SP.POP.TOTL,"Population, total",49419820,,https://api.worldbank.org/v2/country/IDN;MYS;VNM;THA;PHL;SGP;BRN;KHM;LAO;MMR;TLS/indicator/SP.POP.TOTL?format=json&date=2000:2025&per_page=20000,raw/worldbank/15e7fde63b4d_SP.POP.TOTL.json
Myanmar,MMR,2010,SP.POP.TOTL,"Population, total",49024382,,https://api.worldbank.org/v2/country/IDN;MYS;VNM;THA;PHL;SGP;BRN;KHM;LAO;MMR;TLS/indicator/SP.POP.TOTL?format=json&date=2000:2025&per_page=20000,raw/worldbank/15e7fde63b4d_SP.POP.TOTL.json
Myanmar,MMR,2009,SP.POP.TOTL,"Population, total",48660459,,https://api.worldbank.org/v2/country/IDN;MYS;VNM;THA;PHL;SGP;BRN;KHM;LAO;MMR;TLS/indicator/SP.POP.TOTL?format=json&date=2000:2025&per_page=20000,raw/worldbank/15e7fde63b4d_SP.POP.TOTL.json
Myanmar,MMR,2008,SP.POP.TOTL,"Population, total",48390793,,https://api.worldbank.org/v2/country/IDN;MYS;VNM;THA;PHL;SGP;BRN;KHM;LAO;MMR;TLS/indicator/SP.POP.TOTL?format=json&date=2000:2025&per_page=20000,raw/worldbank/15e7fde63b4d_SP.POP.TOTL.json
Myanmar,MMR,2007,SP.POP.TOTL,"Population, total",48125043,,https://api.worldbank.org/v2/country/IDN;MYS;VNM;THA;PHL;SGP;BRN;KHM;LAO;MMR;TLS/indicator/SP.POP.TOTL?format=json&date=2000:2025&per_page=20000,raw/worldbank/15e7fde63b4d_SP.POP.TOTL.json
Myanmar,MMR,2006,SP.POP.TOTL,"Population, total",47785135,,https://api.worldbank.org/v2/country/IDN;MYS;VNM;THA;PHL;SGP;BRN;KHM;LAO;MMR;TLS/indicator/SP.POP.TOTL?format=json&date=2000:2025&per_page=20000,raw/worldbank/15e7fde63b4d_SP.POP.TOTL.json
Myanmar,MMR,2005,SP.POP.TOTL,"Population, total",47438365,,https://api.worldbank.org/v2/country/IDN;MYS;VNM;THA;PHL;SGP;BRN;KHM;LAO;MMR;TLS/indicator/SP.POP.TOTL?format=json&date=2000:2025&per_page=20000,raw/worldbank/15e7fde63b4d_SP.POP.TOTL.json
Myanmar,MMR,2004,SP.POP.TOTL,"Population, total",47068772,,https://api.worldbank.org/v2/country/IDN;MYS;VNM;THA;PHL;SGP;BRN;KHM;LAO;MMR;TLS/indicator/SP.POP.TOTL?format=json&date=2000:2025&per_page=20000,raw/worldbank/15e7fde63b4d_SP.POP.TOTL.json
Myanmar,MMR,2003,SP.POP.TOTL,"Population, total",46667192,,https://api.worldbank.org/v2/country/IDN;MYS;VNM;THA;PHL;SGP;BRN;KHM;LAO;MMR;TLS/indicator/SP.POP.TOTL?format=json&date=2000:2025&per_page=20000,raw/worldbank/15e7fde63b4d_SP.POP.TOTL.json
Myanmar,MMR,2002,SP.POP.TOTL,"Population, total",46232653,,https://api.worldbank.org/v2/country/IDN;MYS;VNM;THA;PHL;SGP;BRN;KHM;LAO;MMR;TLS/indicator/SP.POP.TOTL?format=json&date=2000:2025&per_page=20000,raw/worldbank/15e7fde63b4d_SP.POP.TOTL.json
Myanmar,MMR,2001,SP.POP.TOTL,"Population, total",45771139,,https://api.worldbank.org/v2/country/IDN;MYS;VNM;THA;PHL;SGP;BRN;KHM;LAO;MMR;TLS/indicator/SP.POP.TOTL?format=json&date=2000:2025&per_page=20000,raw/worldbank/15e7fde63b4d_SP.POP.TOTL.json
Myanmar,MMR,2000,SP.POP.TOTL,"Population, total",45290841,,https://api.worldbank.org/v2/country/IDN;MYS;VNM;THA;PHL;SGP;BRN;KHM;LAO;MMR;TLS/indicator/SP.POP.TOTL?format=json&date=2000:2025&per_page=20000,raw/worldbank/15e7fde63b4d_SP.POP.TOTL.json
Malaysia,MYS,2025,SP.POP.TOTL,"Population, total",35977838,,https://api.worldbank.org/v2/country/IDN;MYS;VNM;THA;PHL;SGP;BRN;KHM;LAO;MMR;TLS/indicator/SP.POP.TOTL?format=json&date=2000:2025&per_page=20000,raw/worldbank/15e7fde63b4d_SP.POP.TOTL.json
Malaysia,MYS,2024,SP.POP.TOTL,"Population, total",35557673,,https://api.worldbank.org/v2/country/IDN;MYS;VNM;THA;PHL;SGP;BRN;KHM;LAO;MMR;TLS/indicator/SP.POP.TOTL?format=json&date=2000:2025&per_page=20000,raw/worldbank/15e7fde63b4d_SP.POP.TOTL.json
Malaysia,MYS,2023,SP.POP.TOTL,"Population, total",35126298,,https://api.worldbank.org/v2/country/IDN;MYS;VNM;THA;PHL;SGP;BRN;KHM;LAO;MMR;TLS/indicator/SP.POP.TOTL?format=json&date=2000:2025&per_page=20000,raw/worldbank/15e7fde63b4d_SP.POP.TOTL.json
Malaysia,MYS,2022,SP.POP.TOTL,"Population, total",34695493,,https://api.worldbank.org/v2/country/IDN;MYS;VNM;THA;PHL;SGP;BRN;KHM;LAO;MMR;TLS/indicator/SP.POP.TOTL?format=json&date=2000:2025&per_page=20000,raw/worldbank/15e7fde63b4d_SP.POP.TOTL.json
Malaysia,MYS,2021,SP.POP.TOTL,"Population, total",34282399,,https://api.worldbank.org/v2/country/IDN;MYS;VNM;THA;PHL;SGP;BRN;KHM;LAO;MMR;TLS/indicator/SP.POP.TOTL?format=json&date=2000:2025&per_page=20000,raw/worldbank/15e7fde63b4d_SP.POP.TOTL.json
Malaysia,MYS,2020,SP.POP.TOTL,"Population, total",33889558,,https://api.worldbank.org/v2/country/IDN;MYS;VNM;THA;PHL;SGP;BRN;KHM;LAO;MMR;TLS/indicator/SP.POP.TOTL?format=json&date=2000:2025&per_page=20000,raw/worldbank/15e7fde63b4d_SP.POP.TOTL.json
Malaysia,MYS,2019,SP.POP.TOTL,"Population, total",33440596,,https://api.worldbank.org/v2/country/IDN;MYS;VNM;THA;PHL;SGP;BRN;KHM;LAO;MMR;TLS/indicator/SP.POP.TOTL?format=json&date=2000:2025&per_page=20000,raw/worldbank/15e7fde63b4d_SP.POP.TOTL.json
Malaysia,MYS,2018,SP.POP.TOTL,"Population, total",32910967,,https://api.worldbank.org/v2/country/IDN;MYS;VNM;THA;PHL;SGP;BRN;KHM;LAO;MMR;TLS/indicator/SP.POP.TOTL?format=json&date=2000:2025&per_page=20000,raw/worldbank/15e7fde63b4d_SP.POP.TOTL.json
Malaysia,MYS,2017,SP.POP.TOTL,"Population, total",32355644,,https://api.worldbank.org/v2/country/IDN;MYS;VNM;THA;PHL;SGP;BRN;KHM;LAO;MMR;TLS/indicator/SP.POP.TOTL?format=json&date=2000:2025&per_page=20000,raw/worldbank/15e7fde63b4d_SP.POP.TOTL.json
Malaysia,MYS,2016,SP.POP.TOTL,"Population, total",31789685,,https://api.worldbank.org/v2/country/IDN;MYS;VNM;THA;PHL;SGP;BRN;KHM;LAO;MMR;TLS/indicator/SP.POP.TOTL?format=json&date=2000:2025&per_page=20000,raw/worldbank/15e7fde63b4d_SP.POP.TOTL.json
Malaysia,MYS,2015,SP.POP.TOTL,"Population, total",31232798,,https://api.worldbank.org/v2/country/IDN;MYS;VNM;THA;PHL;SGP;BRN;KHM;LAO;MMR;TLS/indicator/SP.POP.TOTL?format=json&date=2000:2025&per_page=20000,raw/worldbank/15e7fde63b4d_SP.POP.TOTL.json
Malaysia,MYS,2014,SP.POP.TOTL,"Population, total",30696137,,https://api.worldbank.org/v2/country/IDN;MYS;VNM;THA;PHL;SGP;BRN;KHM;LAO;MMR;TLS/indicator/SP.POP.TOTL?format=json&date=2000:2025&per_page=20000,raw/worldbank/15e7fde63b4d_SP.POP.TOTL.json
Malaysia,MYS,2013,SP.POP.TOTL,"Population, total",30174265,,https://api.worldbank.org/v2/country/IDN;MYS;VNM;THA;PHL;SGP;BRN;KHM;LAO;MMR;TLS/indicator/SP.POP.TOTL?format=json&date=2000:2025&per_page=20000,raw/worldbank/15e7fde63b4d_SP.POP.TOTL.json
Malaysia,MYS,2012,SP.POP.TOTL,"Population, total",29662831,,https://api.worldbank.org/v2/country/IDN;MYS;VNM;THA;PHL;SGP;BRN;KHM;LAO;MMR;TLS/indicator/SP.POP.TOTL?format=json&date=2000:2025&per_page=20000,raw/worldbank/15e7fde63b4d_SP.POP.TOTL.json
Malaysia,MYS,2011,SP.POP.TOTL,"Population, total",29162039,,https://api.worldbank.org/v2/country/IDN;MYS;VNM;THA;PHL;SGP;BRN;KHM;LAO;MMR;TLS/indicator/SP.POP.TOTL?format=json&date=2000:2025&per_page=20000,raw/worldbank/15e7fde63b4d_SP.POP.TOTL.json
Malaysia,MYS,2010,SP.POP.TOTL,"Population, total",28655776,,https://api.worldbank.org/v2/country/IDN;MYS;VNM;THA;PHL;SGP;BRN;KHM;LAO;MMR;TLS/indicator/SP.POP.TOTL?format=json&date=2000:2025&per_page=20000,raw/worldbank/15e7fde63b4d_SP.POP.TOTL.json
Malaysia,MYS,2009,SP.POP.TOTL,"Population, total",28124778,,https://api.worldbank.org/v2/country/IDN;MYS;VNM;THA;PHL;SGP;BRN;KHM;LAO;MMR;TLS/indicator/SP.POP.TOTL?format=json&date=2000:2025&per_page=20000,raw/worldbank/15e7fde63b4d_SP.POP.TOTL.json
Malaysia,MYS,2008,SP.POP.TOTL,"Population, total",27570059,,https://api.worldbank.org/v2/country/IDN;MYS;VNM;THA;PHL;SGP;BRN;KHM;LAO;MMR;TLS/indicator/SP.POP.TOTL?format=json&date=2000:2025&per_page=20000,raw/worldbank/15e7fde63b4d_SP.POP.TOTL.json
Malaysia,MYS,2007,SP.POP.TOTL,"Population, total",26998389,,https://api.worldbank.org/v2/country/IDN;MYS;VNM;THA;PHL;SGP;BRN;KHM;LAO;MMR;TLS/indicator/SP.POP.TOTL?format=json&date=2000:2025&per_page=20000,raw/worldbank/15e7fde63b4d_SP.POP.TOTL.json
Malaysia,MYS,2006,SP.POP.TOTL,"Population, total",26417909,,https://api.worldbank.org/v2/country/IDN;MYS;VNM;THA;PHL;SGP;BRN;KHM;LAO;MMR;TLS/indicator/SP.POP.TOTL?format=json&date=2000:2025&per_page=20000,raw/worldbank/15e7fde63b4d_SP.POP.TOTL.json
Malaysia,MYS,2005,SP.POP.TOTL,"Population, total",25836071,,https://api.worldbank.org/v2/country/IDN;MYS;VNM;THA;PHL;SGP;BRN;KHM;LAO;MMR;TLS/indicator/SP.POP.TOTL?format=json&date=2000:2025&per_page=20000,raw/worldbank/15e7fde63b4d_SP.POP.TOTL.json
Malaysia,MYS,2004,SP.POP.TOTL,"Population, total",25256772,,https://api.worldbank.org/v2/country/IDN;MYS;VNM;THA;PHL;SGP;BRN;KHM;LAO;MMR;TLS/indicator/SP.POP.TOTL?format=json&date=2000:2025&per_page=20000,raw/worldbank/15e7fde63b4d_SP.POP.TOTL.json
Malaysia,MYS,2003,SP.POP.TOTL,"Population, total",24679602,,https://api.worldbank.org/v2/country/IDN;MYS;VNM;THA;PHL;SGP;BRN;KHM;LAO;MMR;TLS/indicator/SP.POP.TOTL?format=json&date=2000:2025&per_page=20000,raw/worldbank/15e7fde63b4d_SP.POP.TOTL.json
Malaysia,MYS,2002,SP.POP.TOTL,"Population, total",24102477,,https://api.worldbank.org/v2/country/IDN;MYS;VNM;THA;PHL;SGP;BRN;KHM;LAO;MMR;TLS/indicator/SP.POP.TOTL?format=json&date=2000:2025&per_page=20000,raw/worldbank/15e7fde63b4d_SP.POP.TOTL.json
Malaysia,MYS,2001,SP.POP.TOTL,"Population, total",23526538,,https://api.worldbank.org/v2/country/IDN;MYS;VNM;THA;PHL;SGP;BRN;KHM;LAO;MMR;TLS/indicator/SP.POP.TOTL?format=json&date=2000:2025&per_page=20000,raw/worldbank/15e7fde63b4d_SP.POP.TOTL.json
Malaysia,MYS,2000,SP.POP.TOTL,"Population, total",22967816,,https://api.worldbank.org/v2/country/IDN;MYS;VNM;THA;PHL;SGP;BRN;KHM;LAO;MMR;TLS/indicator/SP.POP.TOTL?format=json&date=2000:2025&per_page=20000,raw/worldbank/15e7fde63b4d_SP.POP.TOTL.json
Philippines,PHL,2025,SP.POP.TOTL,"Population, total",116786962,,https://api.worldbank.org/v2/country/IDN;MYS;VNM;THA;PHL;SGP;BRN;KHM;LAO;MMR;TLS/indicator/SP.POP.TOTL?format=json&date=2000:2025&per_page=20000,raw/worldbank/15e7fde63b4d_SP.POP.TOTL.json
Philippines,PHL,2024,SP.POP.TOTL,"Population, total",115843670,,https://api.worldbank.org/v2/country/IDN;MYS;VNM;THA;PHL;SGP;BRN;KHM;LAO;MMR;TLS/indicator/SP.POP.TOTL?format=json&date=2000:2025&per_page=20000,raw/worldbank/15e7fde63b4d_SP.POP.TOTL.json
Philippines,PHL,2023,SP.POP.TOTL,"Population, total",114891199,,https://api.worldbank.org/v2/country/IDN;MYS;VNM;THA;PHL;SGP;BRN;KHM;LAO;MMR;TLS/indicator/SP.POP.TOTL?format=json&date=2000:2025&per_page=20000,raw/worldbank/15e7fde63b4d_SP.POP.TOTL.json
Philippines,PHL,2022,SP.POP.TOTL,"Population, total",113964338,,https://api.worldbank.org/v2/country/IDN;MYS;VNM;THA;PHL;SGP;BRN;KHM;LAO;MMR;TLS/indicator/SP.POP.TOTL?format=json&date=2000:2025&per_page=20000,raw/worldbank/15e7fde63b4d_SP.POP.TOTL.json
Philippines,PHL,2021,SP.POP.TOTL,"Population, total",113100950,,https://api.worldbank.org/v2/country/IDN;MYS;VNM;THA;PHL;SGP;BRN;KHM;LAO;MMR;TLS/indicator/SP.POP.TOTL?format=json&date=2000:2025&per_page=20000,raw/worldbank/15e7fde63b4d_SP.POP.TOTL.json
Philippines,PHL,2020,SP.POP.TOTL,"Population, total",112081264,,https://api.worldbank.org/v2/country/IDN;MYS;VNM;THA;PHL;SGP;BRN;KHM;LAO;MMR;TLS/indicator/SP.POP.TOTL?format=json&date=2000:2025&per_page=20000,raw/worldbank/15e7fde63b4d_SP.POP.TOTL.json
Philippines,PHL,2019,SP.POP.TOTL,"Population, total",110804683,,https://api.worldbank.org/v2/country/IDN;MYS;VNM;THA;PHL;SGP;BRN;KHM;LAO;MMR;TLS/indicator/SP.POP.TOTL?format=json&date=2000:2025&per_page=20000,raw/worldbank/15e7fde63b4d_SP.POP.TOTL.json
Philippines,PHL,2018,SP.POP.TOTL,"Population, total",109465287,,https://api.worldbank.org/v2/country/IDN;MYS;VNM;THA;PHL;SGP;BRN;KHM;LAO;MMR;TLS/indicator/SP.POP.TOTL?format=json&date=2000:2025&per_page=20000,raw/worldbank/15e7fde63b4d_SP.POP.TOTL.json
Philippines,PHL,2017,SP.POP.TOTL,"Population, total",108119693,,https://api.worldbank.org/v2/country/IDN;MYS;VNM;THA;PHL;SGP;BRN;KHM;LAO;MMR;TLS/indicator/SP.POP.TOTL?format=json&date=2000:2025&per_page=20000,raw/worldbank/15e7fde63b4d_SP.POP.TOTL.json
Philippines,PHL,2016,SP.POP.TOTL,"Population, total",106735719,,https://api.worldbank.org/v2/country/IDN;MYS;VNM;THA;PHL;SGP;BRN;KHM;LAO;MMR;TLS/indicator/SP.POP.TOTL?format=json&date=2000:2025&per_page=20000,raw/worldbank/15e7fde63b4d_SP.POP.TOTL.json
Philippines,PHL,2015,SP.POP.TOTL,"Population, total",105312992,,https://api.worldbank.org/v2/country/IDN;MYS;VNM;THA;PHL;SGP;BRN;KHM;LAO;MMR;TLS/indicator/SP.POP.TOTL?format=json&date=2000:2025&per_page=20000,raw/worldbank/15e7fde63b4d_SP.POP.TOTL.json
Philippines,PHL,2014,SP.POP.TOTL,"Population, total",103767130,,https://api.worldbank.org/v2/country/IDN;MYS;VNM;THA;PHL;SGP;BRN;KHM;LAO;MMR;TLS/indicator/SP.POP.TOTL?format=json&date=2000:2025&per_page=20000,raw/worldbank/15e7fde63b4d_SP.POP.TOTL.json
Philippines,PHL,2013,SP.POP.TOTL,"Population, total",102076336,,https://api.worldbank.org/v2/country/IDN;MYS;VNM;THA;PHL;SGP;BRN;KHM;LAO;MMR;TLS/indicator/SP.POP.TOTL?format=json&date=2000:2025&per_page=20000,raw/worldbank/15e7fde63b4d_SP.POP.TOTL.json
Philippines,PHL,2012,SP.POP.TOTL,"Population, total",100175512,,https://api.worldbank.org/v2/country/IDN;MYS;VNM;THA;PHL;SGP;BRN;KHM;LAO;MMR;TLS/indicator/SP.POP.TOTL?format=json&date=2000:2025&per_page=20000,raw/worldbank/15e7fde63b4d_SP.POP.TOTL.json
Philippines,PHL,2011,SP.POP.TOTL,"Population, total",98248614,,https://api.worldbank.org/v2/country/IDN;MYS;VNM;THA;PHL;SGP;BRN;KHM;LAO;MMR;TLS/indicator/SP.POP.TOTL?format=json&date=2000:2025&per_page=20000,raw/worldbank/15e7fde63b4d_SP.POP.TOTL.json
Philippines,PHL,2010,SP.POP.TOTL,"Population, total",96337125,,https://api.worldbank.org/v2/country/IDN;MYS;VNM;THA;PHL;SGP;BRN;KHM;LAO;MMR;TLS/indicator/SP.POP.TOTL?format=json&date=2000:2025&per_page=20000,raw/worldbank/15e7fde63b4d_SP.POP.TOTL.json
Philippines,PHL,2009,SP.POP.TOTL,"Population, total",94384250,,https://api.worldbank.org/v2/country/IDN;MYS;VNM;THA;PHL;SGP;BRN;KHM;LAO;MMR;TLS/indicator/SP.POP.TOTL?format=json&date=2000:2025&per_page=20000,raw/worldbank/15e7fde63b4d_SP.POP.TOTL.json
Philippines,PHL,2008,SP.POP.TOTL,"Population, total",92699095,,https://api.worldbank.org/v2/country/IDN;MYS;VNM;THA;PHL;SGP;BRN;KHM;LAO;MMR;TLS/indicator/SP.POP.TOTL?format=json&date=2000:2025&per_page=20000,raw/worldbank/15e7fde63b4d_SP.POP.TOTL.json
Philippines,PHL,2007,SP.POP.TOTL,"Population, total",91075184,,https://api.worldbank.org/v2/country/IDN;MYS;VNM;THA;PHL;SGP;BRN;KHM;LAO;MMR;TLS/indicator/SP.POP.TOTL?format=json&date=2000:2025&per_page=20000,raw/worldbank/15e7fde63b4d_SP.POP.TOTL.json
Philippines,PHL,2006,SP.POP.TOTL,"Population, total",89508986,,https://api.worldbank.org/v2/country/IDN;MYS;VNM;THA;PHL;SGP;BRN;KHM;LAO;MMR;TLS/indicator/SP.POP.TOTL?format=json&date=2000:2025&per_page=20000,raw/worldbank/15e7fde63b4d_SP.POP.TOTL.json
Philippines,PHL,2005,SP.POP.TOTL,"Population, total",88015962,,https://api.worldbank.org/v2/country/IDN;MYS;VNM;THA;PHL;SGP;BRN;KHM;LAO;MMR;TLS/indicator/SP.POP.TOTL?format=json&date=2000:2025&per_page=20000,raw/worldbank/15e7fde63b4d_SP.POP.TOTL.json
Philippines,PHL,2004,SP.POP.TOTL,"Population, total",86394504,,https://api.worldbank.org/v2/country/IDN;MYS;VNM;THA;PHL;SGP;BRN;KHM;LAO;MMR;TLS/indicator/SP.POP.TOTL?format=json&date=2000:2025&per_page=20000,raw/worldbank/15e7fde63b4d_SP.POP.TOTL.json
Philippines,PHL,2003,SP.POP.TOTL,"Population, total",84731835,,https://api.worldbank.org/v2/country/IDN;MYS;VNM;THA;PHL;SGP;BRN;KHM;LAO;MMR;TLS/indicator/SP.POP.TOTL?format=json&date=2000:2025&per_page=20000,raw/worldbank/15e7fde63b4d_SP.POP.TOTL.json
Philippines,PHL,2002,SP.POP.TOTL,"Population, total",83068889,,https://api.worldbank.org/v2/country/IDN;MYS;VNM;THA;PHL;SGP;BRN;KHM;LAO;MMR;TLS/indicator/SP.POP.TOTL?format=json&date=2000:2025&per_page=20000,raw/worldbank/15e7fde63b4d_SP.POP.TOTL.json
Philippines,PHL,2001,SP.POP.TOTL,"Population, total",81401488,,https://api.worldbank.org/v2/country/IDN;MYS;VNM;THA;PHL;SGP;BRN;KHM;LAO;MMR;TLS/indicator/SP.POP.TOTL?format=json&date=2000:2025&per_page=20000,raw/worldbank/15e7fde63b4d_SP.POP.TOTL.json
Philippines,PHL,2000,SP.POP.TOTL,"Population, total",79625397,,https://api.worldbank.org/v2/country/IDN;MYS;VNM;THA;PHL;SGP;BRN;KHM;LAO;MMR;TLS/indicator/SP.POP.TOTL?format=json&date=2000:2025&per_page=20000,raw/worldbank/15e7fde63b4d_SP.POP.TOTL.json
Singapore,SGP,2025,SP.POP.TOTL,"Population, total",6111175,,https://api.worldbank.org/v2/country/IDN;MYS;VNM;THA;PHL;SGP;BRN;KHM;LAO;MMR;TLS/indicator/SP.POP.TOTL?format=json&date=2000:2025&per_page=20000,raw/worldbank/15e7fde63b4d_SP.POP.TOTL.json
Singapore,SGP,2024,SP.POP.TOTL,"Population, total",6036860,,https://api.worldbank.org/v2/country/IDN;MYS;VNM;THA;PHL;SGP;BRN;KHM;LAO;MMR;TLS/indicator/SP.POP.TOTL?format=json&date=2000:2025&per_page=20000,raw/worldbank/15e7fde63b4d_SP.POP.TOTL.json
Singapore,SGP,2023,SP.POP.TOTL,"Population, total",5917648,,https://api.worldbank.org/v2/country/IDN;MYS;VNM;THA;PHL;SGP;BRN;KHM;LAO;MMR;TLS/indicator/SP.POP.TOTL?format=json&date=2000:2025&per_page=20000,raw/worldbank/15e7fde63b4d_SP.POP.TOTL.json
Singapore,SGP,2022,SP.POP.TOTL,"Population, total",5637022,,https://api.worldbank.org/v2/country/IDN;MYS;VNM;THA;PHL;SGP;BRN;KHM;LAO;MMR;TLS/indicator/SP.POP.TOTL?format=json&date=2000:2025&per_page=20000,raw/worldbank/15e7fde63b4d_SP.POP.TOTL.json
Singapore,SGP,2021,SP.POP.TOTL,"Population, total",5453566,,https://api.worldbank.org/v2/country/IDN;MYS;VNM;THA;PHL;SGP;BRN;KHM;LAO;MMR;TLS/indicator/SP.POP.TOTL?format=json&date=2000:2025&per_page=20000,raw/worldbank/15e7fde63b4d_SP.POP.TOTL.json
Singapore,SGP,2020,SP.POP.TOTL,"Population, total",5685807,,https://api.worldbank.org/v2/country/IDN;MYS;VNM;THA;PHL;SGP;BRN;KHM;LAO;MMR;TLS/indicator/SP.POP.TOTL?format=json&date=2000:2025&per_page=20000,raw/worldbank/15e7fde63b4d_SP.POP.TOTL.json
Singapore,SGP,2019,SP.POP.TOTL,"Population, total",5703569,,https://api.worldbank.org/v2/country/IDN;MYS;VNM;THA;PHL;SGP;BRN;KHM;LAO;MMR;TLS/indicator/SP.POP.TOTL?format=json&date=2000:2025&per_page=20000,raw/worldbank/15e7fde63b4d_SP.POP.TOTL.json
Singapore,SGP,2018,SP.POP.TOTL,"Population, total",5638676,,https://api.worldbank.org/v2/country/IDN;MYS;VNM;THA;PHL;SGP;BRN;KHM;LAO;MMR;TLS/indicator/SP.POP.TOTL?format=json&date=2000:2025&per_page=20000,raw/worldbank/15e7fde63b4d_SP.POP.TOTL.json
Singapore,SGP,2017,SP.POP.TOTL,"Population, total",5612253,,https://api.worldbank.org/v2/country/IDN;MYS;VNM;THA;PHL;SGP;BRN;KHM;LAO;MMR;TLS/indicator/SP.POP.TOTL?format=json&date=2000:2025&per_page=20000,raw/worldbank/15e7fde63b4d_SP.POP.TOTL.json
Singapore,SGP,2016,SP.POP.TOTL,"Population, total",5607283,,https://api.worldbank.org/v2/country/IDN;MYS;VNM;THA;PHL;SGP;BRN;KHM;LAO;MMR;TLS/indicator/SP.POP.TOTL?format=json&date=2000:2025&per_page=20000,raw/worldbank/15e7fde63b4d_SP.POP.TOTL.json
Singapore,SGP,2015,SP.POP.TOTL,"Population, total",5535002,,https://api.worldbank.org/v2/country/IDN;MYS;VNM;THA;PHL;SGP;BRN;KHM;LAO;MMR;TLS/indicator/SP.POP.TOTL?format=json&date=2000:2025&per_page=20000,raw/worldbank/15e7fde63b4d_SP.POP.TOTL.json
Singapore,SGP,2014,SP.POP.TOTL,"Population, total",5469724,,https://api.worldbank.org/v2/country/IDN;MYS;VNM;THA;PHL;SGP;BRN;KHM;LAO;MMR;TLS/indicator/SP.POP.TOTL?format=json&date=2000:2025&per_page=20000,raw/worldbank/15e7fde63b4d_SP.POP.TOTL.json
Singapore,SGP,2013,SP.POP.TOTL,"Population, total",5399162,,https://api.worldbank.org/v2/country/IDN;MYS;VNM;THA;PHL;SGP;BRN;KHM;LAO;MMR;TLS/indicator/SP.POP.TOTL?format=json&date=2000:2025&per_page=20000,raw/worldbank/15e7fde63b4d_SP.POP.TOTL.json
Singapore,SGP,2012,SP.POP.TOTL,"Population, total",5312437,,https://api.worldbank.org/v2/country/IDN;MYS;VNM;THA;PHL;SGP;BRN;KHM;LAO;MMR;TLS/indicator/SP.POP.TOTL?format=json&date=2000:2025&per_page=20000,raw/worldbank/15e7fde63b4d_SP.POP.TOTL.json
Singapore,SGP,2011,SP.POP.TOTL,"Population, total",5183688,,https://api.worldbank.org/v2/country/IDN;MYS;VNM;THA;PHL;SGP;BRN;KHM;LAO;MMR;TLS/indicator/SP.POP.TOTL?format=json&date=2000:2025&per_page=20000,raw/worldbank/15e7fde63b4d_SP.POP.TOTL.json
Singapore,SGP,2010,SP.POP.TOTL,"Population, total",5076732,,https://api.worldbank.org/v2/country/IDN;MYS;VNM;THA;PHL;SGP;BRN;KHM;LAO;MMR;TLS/indicator/SP.POP.TOTL?format=json&date=2000:2025&per_page=20000,raw/worldbank/15e7fde63b4d_SP.POP.TOTL.json
Singapore,SGP,2009,SP.POP.TOTL,"Population, total",4987573,,https://api.worldbank.org/v2/country/IDN;MYS;VNM;THA;PHL;SGP;BRN;KHM;LAO;MMR;TLS/indicator/SP.POP.TOTL?format=json&date=2000:2025&per_page=20000,raw/worldbank/15e7fde63b4d_SP.POP.TOTL.json
Singapore,SGP,2008,SP.POP.TOTL,"Population, total",4839396,,https://api.worldbank.org/v2/country/IDN;MYS;VNM;THA;PHL;SGP;BRN;KHM;LAO;MMR;TLS/indicator/SP.POP.TOTL?format=json&date=2000:2025&per_page=20000,raw/worldbank/15e7fde63b4d_SP.POP.TOTL.json
Singapore,SGP,2007,SP.POP.TOTL,"Population, total",4588599,,https://api.worldbank.org/v2/country/IDN;MYS;VNM;THA;PHL;SGP;BRN;KHM;LAO;MMR;TLS/indicator/SP.POP.TOTL?format=json&date=2000:2025&per_page=20000,raw/worldbank/15e7fde63b4d_SP.POP.TOTL.json
Singapore,SGP,2006,SP.POP.TOTL,"Population, total",4401365,,https://api.worldbank.org/v2/country/IDN;MYS;VNM;THA;PHL;SGP;BRN;KHM;LAO;MMR;TLS/indicator/SP.POP.TOTL?format=json&date=2000:2025&per_page=20000,raw/worldbank/15e7fde63b4d_SP.POP.TOTL.json
Singapore,SGP,2005,SP.POP.TOTL,"Population, total",4265762,,https://api.worldbank.org/v2/country/IDN;MYS;VNM;THA;PHL;SGP;BRN;KHM;LAO;MMR;TLS/indicator/SP.POP.TOTL?format=json&date=2000:2025&per_page=20000,raw/worldbank/15e7fde63b4d_SP.POP.TOTL.json
Singapore,SGP,2004,SP.POP.TOTL,"Population, total",4166664,,https://api.worldbank.org/v2/country/IDN;MYS;VNM;THA;PHL;SGP;BRN;KHM;LAO;MMR;TLS/indicator/SP.POP.TOTL?format=json&date=2000:2025&per_page=20000,raw/worldbank/15e7fde63b4d_SP.POP.TOTL.json
Singapore,SGP,2003,SP.POP.TOTL,"Population, total",4114826,,https://api.worldbank.org/v2/country/IDN;MYS;VNM;THA;PHL;SGP;BRN;KHM;LAO;MMR;TLS/indicator/SP.POP.TOTL?format=json&date=2000:2025&per_page=20000,raw/worldbank/15e7fde63b4d_SP.POP.TOTL.json
Singapore,SGP,2002,SP.POP.TOTL,"Population, total",4175950,,https://api.worldbank.org/v2/country/IDN;MYS;VNM;THA;PHL;SGP;BRN;KHM;LAO;MMR;TLS/indicator/SP.POP.TOTL?format=json&date=2000:2025&per_page=20000,raw/worldbank/15e7fde63b4d_SP.POP.TOTL.json
Singapore,SGP,2001,SP.POP.TOTL,"Population, total",4138012,,https://api.worldbank.org/v2/country/IDN;MYS;VNM;THA;PHL;SGP;BRN;KHM;LAO;MMR;TLS/indicator/SP.POP.TOTL?format=json&date=2000:2025&per_page=20000,raw/worldbank/15e7fde63b4d_SP.POP.TOTL.json
Singapore,SGP,2000,SP.POP.TOTL,"Population, total",4027887,,https://api.worldbank.org/v2/country/IDN;MYS;VNM;THA;PHL;SGP;BRN;KHM;LAO;MMR;TLS/indicator/SP.POP.TOTL?format=json&date=2000:2025&per_page=20000,raw/worldbank/15e7fde63b4d_SP.POP.TOTL.json
Thailand,THA,2025,SP.POP.TOTL,"Population, total",71619863,,https://api.worldbank.org/v2/country/IDN;MYS;VNM;THA;PHL;SGP;BRN;KHM;LAO;MMR;TLS/indicator/SP.POP.TOTL?format=json&date=2000:2025&per_page=20000,raw/worldbank/15e7fde63b4d_SP.POP.TOTL.json
Thailand,THA,2024,SP.POP.TOTL,"Population, total",71668011,,https://api.worldbank.org/v2/country/IDN;MYS;VNM;THA;PHL;SGP;BRN;KHM;LAO;MMR;TLS/indicator/SP.POP.TOTL?format=json&date=2000:2025&per_page=20000,raw/worldbank/15e7fde63b4d_SP.POP.TOTL.json
Thailand,THA,2023,SP.POP.TOTL,"Population, total",71702435,,https://api.worldbank.org/v2/country/IDN;MYS;VNM;THA;PHL;SGP;BRN;KHM;LAO;MMR;TLS/indicator/SP.POP.TOTL?format=json&date=2000:2025&per_page=20000,raw/worldbank/15e7fde63b4d_SP.POP.TOTL.json
Thailand,THA,2022,SP.POP.TOTL,"Population, total",71735329,,https://api.worldbank.org/v2/country/IDN;MYS;VNM;THA;PHL;SGP;BRN;KHM;LAO;MMR;TLS/indicator/SP.POP.TOTL?format=json&date=2000:2025&per_page=20000,raw/worldbank/15e7fde63b4d_SP.POP.TOTL.json
Thailand,THA,2021,SP.POP.TOTL,"Population, total",71727332,,https://api.worldbank.org/v2/country/IDN;MYS;VNM;THA;PHL;SGP;BRN;KHM;LAO;MMR;TLS/indicator/SP.POP.TOTL?format=json&date=2000:2025&per_page=20000,raw/worldbank/15e7fde63b4d_SP.POP.TOTL.json
Thailand,THA,2020,SP.POP.TOTL,"Population, total",71641484,,https://api.worldbank.org/v2/country/IDN;MYS;VNM;THA;PHL;SGP;BRN;KHM;LAO;MMR;TLS/indicator/SP.POP.TOTL?format=json&date=2000:2025&per_page=20000,raw/worldbank/15e7fde63b4d_SP.POP.TOTL.json
Thailand,THA,2019,SP.POP.TOTL,"Population, total",71522271,,https://api.worldbank.org/v2/country/IDN;MYS;VNM;THA;PHL;SGP;BRN;KHM;LAO;MMR;TLS/indicator/SP.POP.TOTL?format=json&date=2000:2025&per_page=20000,raw/worldbank/15e7fde63b4d_SP.POP.TOTL.json
Thailand,THA,2018,SP.POP.TOTL,"Population, total",71376079,,https://api.worldbank.org/v2/country/IDN;MYS;VNM;THA;PHL;SGP;BRN;KHM;LAO;MMR;TLS/indicator/SP.POP.TOTL?format=json&date=2000:2025&per_page=20000,raw/worldbank/15e7fde63b4d_SP.POP.TOTL.json
Thailand,THA,2017,SP.POP.TOTL,"Population, total",71160187,,https://api.worldbank.org/v2/country/IDN;MYS;VNM;THA;PHL;SGP;BRN;KHM;LAO;MMR;TLS/indicator/SP.POP.TOTL?format=json&date=2000:2025&per_page=20000,raw/worldbank/15e7fde63b4d_SP.POP.TOTL.json
Thailand,THA,2016,SP.POP.TOTL,"Population, total",70859841,,https://api.worldbank.org/v2/country/IDN;MYS;VNM;THA;PHL;SGP;BRN;KHM;LAO;MMR;TLS/indicator/SP.POP.TOTL?format=json&date=2000:2025&per_page=20000,raw/worldbank/15e7fde63b4d_SP.POP.TOTL.json
Thailand,THA,2015,SP.POP.TOTL,"Population, total",70540795,,https://api.worldbank.org/v2/country/IDN;MYS;VNM;THA;PHL;SGP;BRN;KHM;LAO;MMR;TLS/indicator/SP.POP.TOTL?format=json&date=2000:2025&per_page=20000,raw/worldbank/15e7fde63b4d_SP.POP.TOTL.json
Thailand,THA,2014,SP.POP.TOTL,"Population, total",70216367,,https://api.worldbank.org/v2/country/IDN;MYS;VNM;THA;PHL;SGP;BRN;KHM;LAO;MMR;TLS/indicator/SP.POP.TOTL?format=json&date=2000:2025&per_page=20000,raw/worldbank/15e7fde63b4d_SP.POP.TOTL.json
Thailand,THA,2013,SP.POP.TOTL,"Population, total",69845114,,https://api.worldbank.org/v2/country/IDN;MYS;VNM;THA;PHL;SGP;BRN;KHM;LAO;MMR;TLS/indicator/SP.POP.TOTL?format=json&date=2000:2025&per_page=20000,raw/worldbank/15e7fde63b4d_SP.POP.TOTL.json
Thailand,THA,2012,SP.POP.TOTL,"Population, total",69436098,,https://api.worldbank.org/v2/country/IDN;MYS;VNM;THA;PHL;SGP;BRN;KHM;LAO;MMR;TLS/indicator/SP.POP.TOTL?format=json&date=2000:2025&per_page=20000,raw/worldbank/15e7fde63b4d_SP.POP.TOTL.json
Thailand,THA,2011,SP.POP.TOTL,"Population, total",69007208,,https://api.worldbank.org/v2/country/IDN;MYS;VNM;THA;PHL;SGP;BRN;KHM;LAO;MMR;TLS/indicator/SP.POP.TOTL?format=json&date=2000:2025&per_page=20000,raw/worldbank/15e7fde63b4d_SP.POP.TOTL.json
Thailand,THA,2010,SP.POP.TOTL,"Population, total",68579447,,https://api.worldbank.org/v2/country/IDN;MYS;VNM;THA;PHL;SGP;BRN;KHM;LAO;MMR;TLS/indicator/SP.POP.TOTL?format=json&date=2000:2025&per_page=20000,raw/worldbank/15e7fde63b4d_SP.POP.TOTL.json
Thailand,THA,2009,SP.POP.TOTL,"Population, total",68121080,,https://api.worldbank.org/v2/country/IDN;MYS;VNM;THA;PHL;SGP;BRN;KHM;LAO;MMR;TLS/indicator/SP.POP.TOTL?format=json&date=2000:2025&per_page=20000,raw/worldbank/15e7fde63b4d_SP.POP.TOTL.json
Thailand,THA,2008,SP.POP.TOTL,"Population, total",67619830,,https://api.worldbank.org/v2/country/IDN;MYS;VNM;THA;PHL;SGP;BRN;KHM;LAO;MMR;TLS/indicator/SP.POP.TOTL?format=json&date=2000:2025&per_page=20000,raw/worldbank/15e7fde63b4d_SP.POP.TOTL.json
Thailand,THA,2007,SP.POP.TOTL,"Population, total",67102394,,https://api.worldbank.org/v2/country/IDN;MYS;VNM;THA;PHL;SGP;BRN;KHM;LAO;MMR;TLS/indicator/SP.POP.TOTL?format=json&date=2000:2025&per_page=20000,raw/worldbank/15e7fde63b4d_SP.POP.TOTL.json
Thailand,THA,2006,SP.POP.TOTL,"Population, total",66567687,,https://api.worldbank.org/v2/country/IDN;MYS;VNM;THA;PHL;SGP;BRN;KHM;LAO;MMR;TLS/indicator/SP.POP.TOTL?format=json&date=2000:2025&per_page=20000,raw/worldbank/15e7fde63b4d_SP.POP.TOTL.json
Thailand,THA,2005,SP.POP.TOTL,"Population, total",66017420,,https://api.worldbank.org/v2/country/IDN;MYS;VNM;THA;PHL;SGP;BRN;KHM;LAO;MMR;TLS/indicator/SP.POP.TOTL?format=json&date=2000:2025&per_page=20000,raw/worldbank/15e7fde63b4d_SP.POP.TOTL.json
Thailand,THA,2004,SP.POP.TOTL,"Population, total",65452047,,https://api.worldbank.org/v2/country/IDN;MYS;VNM;THA;PHL;SGP;BRN;KHM;LAO;MMR;TLS/indicator/SP.POP.TOTL?format=json&date=2000:2025&per_page=20000,raw/worldbank/15e7fde63b4d_SP.POP.TOTL.json
Thailand,THA,2003,SP.POP.TOTL,"Population, total",64868166,,https://api.worldbank.org/v2/country/IDN;MYS;VNM;THA;PHL;SGP;BRN;KHM;LAO;MMR;TLS/indicator/SP.POP.TOTL?format=json&date=2000:2025&per_page=20000,raw/worldbank/15e7fde63b4d_SP.POP.TOTL.json
Thailand,THA,2002,SP.POP.TOTL,"Population, total",64266437,,https://api.worldbank.org/v2/country/IDN;MYS;VNM;THA;PHL;SGP;BRN;KHM;LAO;MMR;TLS/indicator/SP.POP.TOTL?format=json&date=2000:2025&per_page=20000,raw/worldbank/15e7fde63b4d_SP.POP.TOTL.json
Thailand,THA,2001,SP.POP.TOTL,"Population, total",63651141,,https://api.worldbank.org/v2/country/IDN;MYS;VNM;THA;PHL;SGP;BRN;KHM;LAO;MMR;TLS/indicator/SP.POP.TOTL?format=json&date=2000:2025&per_page=20000,raw/worldbank/15e7fde63b4d_SP.POP.TOTL.json
Thailand,THA,2000,SP.POP.TOTL,"Population, total",63007815,,https://api.worldbank.org/v2/country/IDN;MYS;VNM;THA;PHL;SGP;BRN;KHM;LAO;MMR;TLS/indicator/SP.POP.TOTL?format=json&date=2000:2025&per_page=20000,raw/worldbank/15e7fde63b4d_SP.POP.TOTL.json
Timor-Leste,TLS,2025,SP.POP.TOTL,"Population, total",1418517,,https://api.worldbank.org/v2/country/IDN;MYS;VNM;THA;PHL;SGP;BRN;KHM;LAO;MMR;TLS/indicator/SP.POP.TOTL?format=json&date=2000:2025&per_page=20000,raw/worldbank/15e7fde63b4d_SP.POP.TOTL.json
Timor-Leste,TLS,2024,SP.POP.TOTL,"Population, total",1400638,,https://api.worldbank.org/v2/country/IDN;MYS;VNM;THA;PHL;SGP;BRN;KHM;LAO;MMR;TLS/indicator/SP.POP.TOTL?format=json&date=2000:2025&per_page=20000,raw/worldbank/15e7fde63b4d_SP.POP.TOTL.json
Timor-Leste,TLS,2023,SP.POP.TOTL,"Population, total",1384286,,https://api.worldbank.org/v2/country/IDN;MYS;VNM;THA;PHL;SGP;BRN;KHM;LAO;MMR;TLS/indicator/SP.POP.TOTL?format=json&date=2000:2025&per_page=20000,raw/worldbank/15e7fde63b4d_SP.POP.TOTL.json
Timor-Leste,TLS,2022,SP.POP.TOTL,"Population, total",1369295,,https://api.worldbank.org/v2/country/IDN;MYS;VNM;THA;PHL;SGP;BRN;KHM;LAO;MMR;TLS/indicator/SP.POP.TOTL?format=json&date=2000:2025&per_page=20000,raw/worldbank/15e7fde63b4d_SP.POP.TOTL.json
Timor-Leste,TLS,2021,SP.POP.TOTL,"Population, total",1350139,,https://api.worldbank.org/v2/country/IDN;MYS;VNM;THA;PHL;SGP;BRN;KHM;LAO;MMR;TLS/indicator/SP.POP.TOTL?format=json&date=2000:2025&per_page=20000,raw/worldbank/15e7fde63b4d_SP.POP.TOTL.json
Timor-Leste,TLS,2020,SP.POP.TOTL,"Population, total",1326053,,https://api.worldbank.org/v2/country/IDN;MYS;VNM;THA;PHL;SGP;BRN;KHM;LAO;MMR;TLS/indicator/SP.POP.TOTL?format=json&date=2000:2025&per_page=20000,raw/worldbank/15e7fde63b4d_SP.POP.TOTL.json
Timor-Leste,TLS,2019,SP.POP.TOTL,"Population, total",1300945,,https://api.worldbank.org/v2/country/IDN;MYS;VNM;THA;PHL;SGP;BRN;KHM;LAO;MMR;TLS/indicator/SP.POP.TOTL?format=json&date=2000:2025&per_page=20000,raw/worldbank/15e7fde63b4d_SP.POP.TOTL.json
Timor-Leste,TLS,2018,SP.POP.TOTL,"Population, total",1275959,,https://api.worldbank.org/v2/country/IDN;MYS;VNM;THA;PHL;SGP;BRN;KHM;LAO;MMR;TLS/indicator/SP.POP.TOTL?format=json&date=2000:2025&per_page=20000,raw/worldbank/15e7fde63b4d_SP.POP.TOTL.json
Timor-Leste,TLS,2017,SP.POP.TOTL,"Population, total",1251703,,https://api.worldbank.org/v2/country/IDN;MYS;VNM;THA;PHL;SGP;BRN;KHM;LAO;MMR;TLS/indicator/SP.POP.TOTL?format=json&date=2000:2025&per_page=20000,raw/worldbank/15e7fde63b4d_SP.POP.TOTL.json
Timor-Leste,TLS,2016,SP.POP.TOTL,"Population, total",1228312,,https://api.worldbank.org/v2/country/IDN;MYS;VNM;THA;PHL;SGP;BRN;KHM;LAO;MMR;TLS/indicator/SP.POP.TOTL?format=json&date=2000:2025&per_page=20000,raw/worldbank/15e7fde63b4d_SP.POP.TOTL.json
Timor-Leste,TLS,2015,SP.POP.TOTL,"Population, total",1205131,,https://api.worldbank.org/v2/country/IDN;MYS;VNM;THA;PHL;SGP;BRN;KHM;LAO;MMR;TLS/indicator/SP.POP.TOTL?format=json&date=2000:2025&per_page=20000,raw/worldbank/15e7fde63b4d_SP.POP.TOTL.json
Timor-Leste,TLS,2014,SP.POP.TOTL,"Population, total",1181903,,https://api.worldbank.org/v2/country/IDN;MYS;VNM;THA;PHL;SGP;BRN;KHM;LAO;MMR;TLS/indicator/SP.POP.TOTL?format=json&date=2000:2025&per_page=20000,raw/worldbank/15e7fde63b4d_SP.POP.TOTL.json
Timor-Leste,TLS,2013,SP.POP.TOTL,"Population, total",1158695,,https://api.worldbank.org/v2/country/IDN;MYS;VNM;THA;PHL;SGP;BRN;KHM;LAO;MMR;TLS/indicator/SP.POP.TOTL?format=json&date=2000:2025&per_page=20000,raw/worldbank/15e7fde63b4d_SP.POP.TOTL.json
Timor-Leste,TLS,2012,SP.POP.TOTL,"Population, total",1134885,,https://api.worldbank.org/v2/country/IDN;MYS;VNM;THA;PHL;SGP;BRN;KHM;LAO;MMR;TLS/indicator/SP.POP.TOTL?format=json&date=2000:2025&per_page=20000,raw/worldbank/15e7fde63b4d_SP.POP.TOTL.json
Timor-Leste,TLS,2011,SP.POP.TOTL,"Population, total",1110207,,https://api.worldbank.org/v2/country/IDN;MYS;VNM;THA;PHL;SGP;BRN;KHM;LAO;MMR;TLS/indicator/SP.POP.TOTL?format=json&date=2000:2025&per_page=20000,raw/worldbank/15e7fde63b4d_SP.POP.TOTL.json
Timor-Leste,TLS,2010,SP.POP.TOTL,"Population, total",1084679,,https://api.worldbank.org/v2/country/IDN;MYS;VNM;THA;PHL;SGP;BRN;KHM;LAO;MMR;TLS/indicator/SP.POP.TOTL?format=json&date=2000:2025&per_page=20000,raw/worldbank/15e7fde63b4d_SP.POP.TOTL.json
Timor-Leste,TLS,2009,SP.POP.TOTL,"Population, total",1058782,,https://api.worldbank.org/v2/country/IDN;MYS;VNM;THA;PHL;SGP;BRN;KHM;LAO;MMR;TLS/indicator/SP.POP.TOTL?format=json&date=2000:2025&per_page=20000,raw/worldbank/15e7fde63b4d_SP.POP.TOTL.json
Timor-Leste,TLS,2008,SP.POP.TOTL,"Population, total",1032429,,https://api.worldbank.org/v2/country/IDN;MYS;VNM;THA;PHL;SGP;BRN;KHM;LAO;MMR;TLS/indicator/SP.POP.TOTL?format=json&date=2000:2025&per_page=20000,raw/worldbank/15e7fde63b4d_SP.POP.TOTL.json
Timor-Leste,TLS,2007,SP.POP.TOTL,"Population, total",1004889,,https://api.worldbank.org/v2/country/IDN;MYS;VNM;THA;PHL;SGP;BRN;KHM;LAO;MMR;TLS/indicator/SP.POP.TOTL?format=json&date=2000:2025&per_page=20000,raw/worldbank/15e7fde63b4d_SP.POP.TOTL.json
Timor-Leste,TLS,2006,SP.POP.TOTL,"Population, total",976597,,https://api.worldbank.org/v2/country/IDN;MYS;VNM;THA;PHL;SGP;BRN;KHM;LAO;MMR;TLS/indicator/SP.POP.TOTL?format=json&date=2000:2025&per_page=20000,raw/worldbank/15e7fde63b4d_SP.POP.TOTL.json
Timor-Leste,TLS,2005,SP.POP.TOTL,"Population, total",948311,,https://api.worldbank.org/v2/country/IDN;MYS;VNM;THA;PHL;SGP;BRN;KHM;LAO;MMR;TLS/indicator/SP.POP.TOTL?format=json&date=2000:2025&per_page=20000,raw/worldbank/15e7fde63b4d_SP.POP.TOTL.json
Timor-Leste,TLS,2004,SP.POP.TOTL,"Population, total",929074,,https://api.worldbank.org/v2/country/IDN;MYS;VNM;THA;PHL;SGP;BRN;KHM;LAO;MMR;TLS/indicator/SP.POP.TOTL?format=json&date=2000:2025&per_page=20000,raw/worldbank/15e7fde63b4d_SP.POP.TOTL.json
Timor-Leste,TLS,2003,SP.POP.TOTL,"Population, total",916878,,https://api.worldbank.org/v2/country/IDN;MYS;VNM;THA;PHL;SGP;BRN;KHM;LAO;MMR;TLS/indicator/SP.POP.TOTL?format=json&date=2000:2025&per_page=20000,raw/worldbank/15e7fde63b4d_SP.POP.TOTL.json
Timor-Leste,TLS,2002,SP.POP.TOTL,"Population, total",879159,,https://api.worldbank.org/v2/country/IDN;MYS;VNM;THA;PHL;SGP;BRN;KHM;LAO;MMR;TLS/indicator/SP.POP.TOTL?format=json&date=2000:2025&per_page=20000,raw/worldbank/15e7fde63b4d_SP.POP.TOTL.json
Timor-Leste,TLS,2001,SP.POP.TOTL,"Population, total",812249,,https://api.worldbank.org/v2/country/IDN;MYS;VNM;THA;PHL;SGP;BRN;KHM;LAO;MMR;TLS/indicator/SP.POP.TOTL?format=json&date=2000:2025&per_page=20000,raw/worldbank/15e7fde63b4d_SP.POP.TOTL.json
Timor-Leste,TLS,2000,SP.POP.TOTL,"Population, total",745088,,https://api.worldbank.org/v2/country/IDN;MYS;VNM;THA;PHL;SGP;BRN;KHM;LAO;MMR;TLS/indicator/SP.POP.TOTL?format=json&date=2000:2025&per_page=20000,raw/worldbank/15e7fde63b4d_SP.POP.TOTL.json
Viet Nam,VNM,2025,SP.POP.TOTL,"Population, total",101598527,,https://api.worldbank.org/v2/country/IDN;MYS;VNM;THA;PHL;SGP;BRN;KHM;LAO;MMR;TLS/indicator/SP.POP.TOTL?format=json&date=2000:2025&per_page=20000,raw/worldbank/15e7fde63b4d_SP.POP.TOTL.json
Viet Nam,VNM,2024,SP.POP.TOTL,"Population, total",100987686,,https://api.worldbank.org/v2/country/IDN;MYS;VNM;THA;PHL;SGP;BRN;KHM;LAO;MMR;TLS/indicator/SP.POP.TOTL?format=json&date=2000:2025&per_page=20000,raw/worldbank/15e7fde63b4d_SP.POP.TOTL.json
Viet Nam,VNM,2023,SP.POP.TOTL,"Population, total",100352192,,https://api.worldbank.org/v2/country/IDN;MYS;VNM;THA;PHL;SGP;BRN;KHM;LAO;MMR;TLS/indicator/SP.POP.TOTL?format=json&date=2000:2025&per_page=20000,raw/worldbank/15e7fde63b4d_SP.POP.TOTL.json
Viet Nam,VNM,2022,SP.POP.TOTL,"Population, total",99680655,,https://api.worldbank.org/v2/country/IDN;MYS;VNM;THA;PHL;SGP;BRN;KHM;LAO;MMR;TLS/indicator/SP.POP.TOTL?format=json&date=2000:2025&per_page=20000,raw/worldbank/15e7fde63b4d_SP.POP.TOTL.json
Viet Nam,VNM,2021,SP.POP.TOTL,"Population, total",98935098,,https://api.worldbank.org/v2/country/IDN;MYS;VNM;THA;PHL;SGP;BRN;KHM;LAO;MMR;TLS/indicator/SP.POP.TOTL?format=json&date=2000:2025&per_page=20000,raw/worldbank/15e7fde63b4d_SP.POP.TOTL.json
Viet Nam,VNM,2020,SP.POP.TOTL,"Population, total",98079191,,https://api.worldbank.org/v2/country/IDN;MYS;VNM;THA;PHL;SGP;BRN;KHM;LAO;MMR;TLS/indicator/SP.POP.TOTL?format=json&date=2000:2025&per_page=20000,raw/worldbank/15e7fde63b4d_SP.POP.TOTL.json
Viet Nam,VNM,2019,SP.POP.TOTL,"Population, total",97173776,,https://api.worldbank.org/v2/country/IDN;MYS;VNM;THA;PHL;SGP;BRN;KHM;LAO;MMR;TLS/indicator/SP.POP.TOTL?format=json&date=2000:2025&per_page=20000,raw/worldbank/15e7fde63b4d_SP.POP.TOTL.json
Viet Nam,VNM,2018,SP.POP.TOTL,"Population, total",96237319,,https://api.worldbank.org/v2/country/IDN;MYS;VNM;THA;PHL;SGP;BRN;KHM;LAO;MMR;TLS/indicator/SP.POP.TOTL?format=json&date=2000:2025&per_page=20000,raw/worldbank/15e7fde63b4d_SP.POP.TOTL.json
Viet Nam,VNM,2017,SP.POP.TOTL,"Population, total",95176977,,https://api.worldbank.org/v2/country/IDN;MYS;VNM;THA;PHL;SGP;BRN;KHM;LAO;MMR;TLS/indicator/SP.POP.TOTL?format=json&date=2000:2025&per_page=20000,raw/worldbank/15e7fde63b4d_SP.POP.TOTL.json
Viet Nam,VNM,2016,SP.POP.TOTL,"Population, total",94000117,,https://api.worldbank.org/v2/country/IDN;MYS;VNM;THA;PHL;SGP;BRN;KHM;LAO;MMR;TLS/indicator/SP.POP.TOTL?format=json&date=2000:2025&per_page=20000,raw/worldbank/15e7fde63b4d_SP.POP.TOTL.json
Viet Nam,VNM,2015,SP.POP.TOTL,"Population, total",92823254,,https://api.worldbank.org/v2/country/IDN;MYS;VNM;THA;PHL;SGP;BRN;KHM;LAO;MMR;TLS/indicator/SP.POP.TOTL?format=json&date=2000:2025&per_page=20000,raw/worldbank/15e7fde63b4d_SP.POP.TOTL.json
Viet Nam,VNM,2014,SP.POP.TOTL,"Population, total",91679578,,https://api.worldbank.org/v2/country/IDN;MYS;VNM;THA;PHL;SGP;BRN;KHM;LAO;MMR;TLS/indicator/SP.POP.TOTL?format=json&date=2000:2025&per_page=20000,raw/worldbank/15e7fde63b4d_SP.POP.TOTL.json
Viet Nam,VNM,2013,SP.POP.TOTL,"Population, total",90573104,,https://api.worldbank.org/v2/country/IDN;MYS;VNM;THA;PHL;SGP;BRN;KHM;LAO;MMR;TLS/indicator/SP.POP.TOTL?format=json&date=2000:2025&per_page=20000,raw/worldbank/15e7fde63b4d_SP.POP.TOTL.json
Viet Nam,VNM,2012,SP.POP.TOTL,"Population, total",89510356,,https://api.worldbank.org/v2/country/IDN;MYS;VNM;THA;PHL;SGP;BRN;KHM;LAO;MMR;TLS/indicator/SP.POP.TOTL?format=json&date=2000:2025&per_page=20000,raw/worldbank/15e7fde63b4d_SP.POP.TOTL.json
Viet Nam,VNM,2011,SP.POP.TOTL,"Population, total",88468314,,https://api.worldbank.org/v2/country/IDN;MYS;VNM;THA;PHL;SGP;BRN;KHM;LAO;MMR;TLS/indicator/SP.POP.TOTL?format=json&date=2000:2025&per_page=20000,raw/worldbank/15e7fde63b4d_SP.POP.TOTL.json
Viet Nam,VNM,2010,SP.POP.TOTL,"Population, total",87455152,,https://api.worldbank.org/v2/country/IDN;MYS;VNM;THA;PHL;SGP;BRN;KHM;LAO;MMR;TLS/indicator/SP.POP.TOTL?format=json&date=2000:2025&per_page=20000,raw/worldbank/15e7fde63b4d_SP.POP.TOTL.json
Viet Nam,VNM,2009,SP.POP.TOTL,"Population, total",86460018,,https://api.worldbank.org/v2/country/IDN;MYS;VNM;THA;PHL;SGP;BRN;KHM;LAO;MMR;TLS/indicator/SP.POP.TOTL?format=json&date=2000:2025&per_page=20000,raw/worldbank/15e7fde63b4d_SP.POP.TOTL.json
Viet Nam,VNM,2008,SP.POP.TOTL,"Population, total",85175788,,https://api.worldbank.org/v2/country/IDN;MYS;VNM;THA;PHL;SGP;BRN;KHM;LAO;MMR;TLS/indicator/SP.POP.TOTL?format=json&date=2000:2025&per_page=20000,raw/worldbank/15e7fde63b4d_SP.POP.TOTL.json
Viet Nam,VNM,2007,SP.POP.TOTL,"Population, total",83633375,,https://api.worldbank.org/v2/country/IDN;MYS;VNM;THA;PHL;SGP;BRN;KHM;LAO;MMR;TLS/indicator/SP.POP.TOTL?format=json&date=2000:2025&per_page=20000,raw/worldbank/15e7fde63b4d_SP.POP.TOTL.json
Viet Nam,VNM,2006,SP.POP.TOTL,"Population, total",82167897,,https://api.worldbank.org/v2/country/IDN;MYS;VNM;THA;PHL;SGP;BRN;KHM;LAO;MMR;TLS/indicator/SP.POP.TOTL?format=json&date=2000:2025&per_page=20000,raw/worldbank/15e7fde63b4d_SP.POP.TOTL.json
Viet Nam,VNM,2005,SP.POP.TOTL,"Population, total",81088313,,https://api.worldbank.org/v2/country/IDN;MYS;VNM;THA;PHL;SGP;BRN;KHM;LAO;MMR;TLS/indicator/SP.POP.TOTL?format=json&date=2000:2025&per_page=20000,raw/worldbank/15e7fde63b4d_SP.POP.TOTL.json
Viet Nam,VNM,2004,SP.POP.TOTL,"Population, total",80338971,,https://api.worldbank.org/v2/country/IDN;MYS;VNM;THA;PHL;SGP;BRN;KHM;LAO;MMR;TLS/indicator/SP.POP.TOTL?format=json&date=2000:2025&per_page=20000,raw/worldbank/15e7fde63b4d_SP.POP.TOTL.json
Viet Nam,VNM,2003,SP.POP.TOTL,"Population, total",79563777,,https://api.worldbank.org/v2/country/IDN;MYS;VNM;THA;PHL;SGP;BRN;KHM;LAO;MMR;TLS/indicator/SP.POP.TOTL?format=json&date=2000:2025&per_page=20000,raw/worldbank/15e7fde63b4d_SP.POP.TOTL.json
Viet Nam,VNM,2002,SP.POP.TOTL,"Population, total",78772224,,https://api.worldbank.org/v2/country/IDN;MYS;VNM;THA;PHL;SGP;BRN;KHM;LAO;MMR;TLS/indicator/SP.POP.TOTL?format=json&date=2000:2025&per_page=20000,raw/worldbank/15e7fde63b4d_SP.POP.TOTL.json
Viet Nam,VNM,2001,SP.POP.TOTL,"Population, total",77969361,,https://api.worldbank.org/v2/country/IDN;MYS;VNM;THA;PHL;SGP;BRN;KHM;LAO;MMR;TLS/indicator/SP.POP.TOTL?format=json&date=2000:2025&per_page=20000,raw/worldbank/15e7fde63b4d_SP.POP.TOTL.json
Viet Nam,VNM,2000,SP.POP.TOTL,"Population, total",77154011,,https://api.worldbank.org/v2/country/IDN;MYS;VNM;THA;PHL;SGP;BRN;KHM;LAO;MMR;TLS/indicator/SP.POP.TOTL?format=json&date=2000:2025&per_page=20000,raw/worldbank/15e7fde63b4d_SP.POP.TOTL.json
Brunei Darussalam,BRN,2025,IT.NET.USER.ZS,Individuals using the Internet (% of population),,,https://api.worldbank.org/v2/country/IDN;MYS;VNM;THA;PHL;SGP;BRN;KHM;LAO;MMR;TLS/indicator/IT.NET.USER.ZS?format=json&date=2000:2025&per_page=20000,raw/worldbank/15e5aa266276_IT.NET.USER.ZS.json
Brunei Darussalam,BRN,2024,IT.NET.USER.ZS,Individuals using the Internet (% of population),96.29828801,,https://api.worldbank.org/v2/country/IDN;MYS;VNM;THA;PHL;SGP;BRN;KHM;LAO;MMR;TLS/indicator/IT.NET.USER.ZS?format=json&date=2000:2025&per_page=20000,raw/worldbank/15e5aa266276_IT.NET.USER.ZS.json
Brunei Darussalam,BRN,2023,IT.NET.USER.ZS,Individuals using the Internet (% of population),98.97039795,,https://api.worldbank.org/v2/country/IDN;MYS;VNM;THA;PHL;SGP;BRN;KHM;LAO;MMR;TLS/indicator/IT.NET.USER.ZS?format=json&date=2000:2025&per_page=20000,raw/worldbank/15e5aa266276_IT.NET.USER.ZS.json
Brunei Darussalam,BRN,2022,IT.NET.USER.ZS,Individuals using the Internet (% of population),98.97042579,,https://api.worldbank.org/v2/country/IDN;MYS;VNM;THA;PHL;SGP;BRN;KHM;LAO;MMR;TLS/indicator/IT.NET.USER.ZS?format=json&date=2000:2025&per_page=20000,raw/worldbank/15e5aa266276_IT.NET.USER.ZS.json
Brunei Darussalam,BRN,2021,IT.NET.USER.ZS,Individuals using the Internet (% of population),97.62879944,,https://api.worldbank.org/v2/country/IDN;MYS;VNM;THA;PHL;SGP;BRN;KHM;LAO;MMR;TLS/indicator/IT.NET.USER.ZS?format=json&date=2000:2025&per_page=20000,raw/worldbank/15e5aa266276_IT.NET.USER.ZS.json
Brunei Darussalam,BRN,2020,IT.NET.USER.ZS,Individuals using the Internet (% of population),96.30549622,,https://api.worldbank.org/v2/country/IDN;MYS;VNM;THA;PHL;SGP;BRN;KHM;LAO;MMR;TLS/indicator/IT.NET.USER.ZS?format=json&date=2000:2025&per_page=20000,raw/worldbank/15e5aa266276_IT.NET.USER.ZS.json
Brunei Darussalam,BRN,2019,IT.NET.USER.ZS,Individuals using the Internet (% of population),95,,https://api.worldbank.org/v2/country/IDN;MYS;VNM;THA;PHL;SGP;BRN;KHM;LAO;MMR;TLS/indicator/IT.NET.USER.ZS?format=json&date=2000:2025&per_page=20000,raw/worldbank/15e5aa266276_IT.NET.USER.ZS.json
Brunei Darussalam,BRN,2018,IT.NET.USER.ZS,Individuals using the Internet (% of population),95,,https://api.worldbank.org/v2/country/IDN;MYS;VNM;THA;PHL;SGP;BRN;KHM;LAO;MMR;TLS/indicator/IT.NET.USER.ZS?format=json&date=2000:2025&per_page=20000,raw/worldbank/15e5aa266276_IT.NET.USER.ZS.json
Brunei Darussalam,BRN,2017,IT.NET.USER.ZS,Individuals using the Internet (% of population),94.86669922,,https://api.worldbank.org/v2/country/IDN;MYS;VNM;THA;PHL;SGP;BRN;KHM;LAO;MMR;TLS/indicator/IT.NET.USER.ZS?format=json&date=2000:2025&per_page=20000,raw/worldbank/15e5aa266276_IT.NET.USER.ZS.json
Brunei Darussalam,BRN,2016,IT.NET.USER.ZS,Individuals using the Internet (% of population),90,,https://api.worldbank.org/v2/country/IDN;MYS;VNM;THA;PHL;SGP;BRN;KHM;LAO;MMR;TLS/indicator/IT.NET.USER.ZS?format=json&date=2000:2025&per_page=20000,raw/worldbank/15e5aa266276_IT.NET.USER.ZS.json
Brunei Darussalam,BRN,2015,IT.NET.USER.ZS,Individuals using the Internet (% of population),71.19999695,,https://api.worldbank.org/v2/country/IDN;MYS;VNM;THA;PHL;SGP;BRN;KHM;LAO;MMR;TLS/indicator/IT.NET.USER.ZS?format=json&date=2000:2025&per_page=20000,raw/worldbank/15e5aa266276_IT.NET.USER.ZS.json
Brunei Darussalam,BRN,2014,IT.NET.USER.ZS,Individuals using the Internet (% of population),68.76999664,,https://api.worldbank.org/v2/country/IDN;MYS;VNM;THA;PHL;SGP;BRN;KHM;LAO;MMR;TLS/indicator/IT.NET.USER.ZS?format=json&date=2000:2025&per_page=20000,raw/worldbank/15e5aa266276_IT.NET.USER.ZS.json
Brunei Darussalam,BRN,2013,IT.NET.USER.ZS,Individuals using the Internet (% of population),64.5,,https://api.worldbank.org/v2/country/IDN;MYS;VNM;THA;PHL;SGP;BRN;KHM;LAO;MMR;TLS/indicator/IT.NET.USER.ZS?format=json&date=2000:2025&per_page=20000,raw/worldbank/15e5aa266276_IT.NET.USER.ZS.json
Brunei Darussalam,BRN,2012,IT.NET.USER.ZS,Individuals using the Internet (% of population),60.27310181,,https://api.worldbank.org/v2/country/IDN;MYS;VNM;THA;PHL;SGP;BRN;KHM;LAO;MMR;TLS/indicator/IT.NET.USER.ZS?format=json&date=2000:2025&per_page=20000,raw/worldbank/15e5aa266276_IT.NET.USER.ZS.json
Brunei Darussalam,BRN,2011,IT.NET.USER.ZS,Individuals using the Internet (% of population),56,,https://api.worldbank.org/v2/country/IDN;MYS;VNM;THA;PHL;SGP;BRN;KHM;LAO;MMR;TLS/indicator/IT.NET.USER.ZS?format=json&date=2000:2025&per_page=20000,raw/worldbank/15e5aa266276_IT.NET.USER.ZS.json
Brunei Darussalam,BRN,2010,IT.NET.USER.ZS,Individuals using the Internet (% of population),53,,https://api.worldbank.org/v2/country/IDN;MYS;VNM;THA;PHL;SGP;BRN;KHM;LAO;MMR;TLS/indicator/IT.NET.USER.ZS?format=json&date=2000:2025&per_page=20000,raw/worldbank/15e5aa266276_IT.NET.USER.ZS.json
Brunei Darussalam,BRN,2009,IT.NET.USER.ZS,Individuals using the Internet (% of population),49,,https://api.worldbank.org/v2/country/IDN;MYS;VNM;THA;PHL;SGP;BRN;KHM;LAO;MMR;TLS/indicator/IT.NET.USER.ZS?format=json&date=2000:2025&per_page=20000,raw/worldbank/15e5aa266276_IT.NET.USER.ZS.json
Brunei Darussalam,BRN,2008,IT.NET.USER.ZS,Individuals using the Internet (% of population),46,,https://api.worldbank.org/v2/country/IDN;MYS;VNM;THA;PHL;SGP;BRN;KHM;LAO;MMR;TLS/indicator/IT.NET.USER.ZS?format=json&date=2000:2025&per_page=20000,raw/worldbank/15e5aa266276_IT.NET.USER.ZS.json
Brunei Darussalam,BRN,2007,IT.NET.USER.ZS,Individuals using the Internet (% of population),44.68,,https://api.worldbank.org/v2/country/IDN;MYS;VNM;THA;PHL;SGP;BRN;KHM;LAO;MMR;TLS/indicator/IT.NET.USER.ZS?format=json&date=2000:2025&per_page=20000,raw/worldbank/15e5aa266276_IT.NET.USER.ZS.json
Brunei Darussalam,BRN,2006,IT.NET.USER.ZS,Individuals using the Internet (% of population),42.1863491609307,,https://api.worldbank.org/v2/country/IDN;MYS;VNM;THA;PHL;SGP;BRN;KHM;LAO;MMR;TLS/indicator/IT.NET.USER.ZS?format=json&date=2000:2025&per_page=20000,raw/worldbank/15e5aa266276_IT.NET.USER.ZS.json
Brunei Darussalam,BRN,2005,IT.NET.USER.ZS,Individuals using the Internet (% of population),36.4663919475782,,https://api.worldbank.org/v2/country/IDN;MYS;VNM;THA;PHL;SGP;BRN;KHM;LAO;MMR;TLS/indicator/IT.NET.USER.ZS?format=json&date=2000:2025&per_page=20000,raw/worldbank/15e5aa266276_IT.NET.USER.ZS.json
Brunei Darussalam,BRN,2004,IT.NET.USER.ZS,Individuals using the Internet (% of population),29.7156041447864,,https://api.worldbank.org/v2/country/IDN;MYS;VNM;THA;PHL;SGP;BRN;KHM;LAO;MMR;TLS/indicator/IT.NET.USER.ZS?format=json&date=2000:2025&per_page=20000,raw/worldbank/15e5aa266276_IT.NET.USER.ZS.json
Brunei Darussalam,BRN,2003,IT.NET.USER.ZS,Individuals using the Internet (% of population),19.5950032207342,,https://api.worldbank.org/v2/country/IDN;MYS;VNM;THA;PHL;SGP;BRN;KHM;LAO;MMR;TLS/indicator/IT.NET.USER.ZS?format=json&date=2000:2025&per_page=20000,raw/worldbank/15e5aa266276_IT.NET.USER.ZS.json
Brunei Darussalam,BRN,2002,IT.NET.USER.ZS,Individuals using the Internet (% of population),15.329879855735,,https://api.worldbank.org/v2/country/IDN;MYS;VNM;THA;PHL;SGP;BRN;KHM;LAO;MMR;TLS/indicator/IT.NET.USER.ZS?format=json&date=2000:2025&per_page=20000,raw/worldbank/15e5aa266276_IT.NET.USER.ZS.json
Brunei Darussalam,BRN,2001,IT.NET.USER.ZS,Individuals using the Internet (% of population),12.9177690823013,,https://api.worldbank.org/v2/country/IDN;MYS;VNM;THA;PHL;SGP;BRN;KHM;LAO;MMR;TLS/indicator/IT.NET.USER.ZS?format=json&date=2000:2025&per_page=20000,raw/worldbank/15e5aa266276_IT.NET.USER.ZS.json
Brunei Darussalam,BRN,2000,IT.NET.USER.ZS,Individuals using the Internet (% of population),8.99628453448726,,https://api.worldbank.org/v2/country/IDN;MYS;VNM;THA;PHL;SGP;BRN;KHM;LAO;MMR;TLS/indicator/IT.NET.USER.ZS?format=json&date=2000:2025&per_page=20000,raw/worldbank/15e5aa266276_IT.NET.USER.ZS.json
Indonesia,IDN,2025,IT.NET.USER.ZS,Individuals using the Internet (% of population),,,https://api.worldbank.org/v2/country/IDN;MYS;VNM;THA;PHL;SGP;BRN;KHM;LAO;MMR;TLS/indicator/IT.NET.USER.ZS?format=json&date=2000:2025&per_page=20000,raw/worldbank/15e5aa266276_IT.NET.USER.ZS.json
Indonesia,IDN,2024,IT.NET.USER.ZS,Individuals using the Internet (% of population),72.78075544,,https://api.worldbank.org/v2/country/IDN;MYS;VNM;THA;PHL;SGP;BRN;KHM;LAO;MMR;TLS/indicator/IT.NET.USER.ZS?format=json&date=2000:2025&per_page=20000,raw/worldbank/15e5aa266276_IT.NET.USER.ZS.json
Indonesia,IDN,2023,IT.NET.USER.ZS,Individuals using the Internet (% of population),69.20836554,,https://api.worldbank.org/v2/country/IDN;MYS;VNM;THA;PHL;SGP;BRN;KHM;LAO;MMR;TLS/indicator/IT.NET.USER.ZS?format=json&date=2000:2025&per_page=20000,raw/worldbank/15e5aa266276_IT.NET.USER.ZS.json
Indonesia,IDN,2022,IT.NET.USER.ZS,Individuals using the Internet (% of population),66.48461277,,https://api.worldbank.org/v2/country/IDN;MYS;VNM;THA;PHL;SGP;BRN;KHM;LAO;MMR;TLS/indicator/IT.NET.USER.ZS?format=json&date=2000:2025&per_page=20000,raw/worldbank/15e5aa266276_IT.NET.USER.ZS.json
Indonesia,IDN,2021,IT.NET.USER.ZS,Individuals using the Internet (% of population),62.10447842,,https://api.worldbank.org/v2/country/IDN;MYS;VNM;THA;PHL;SGP;BRN;KHM;LAO;MMR;TLS/indicator/IT.NET.USER.ZS?format=json&date=2000:2025&per_page=20000,raw/worldbank/15e5aa266276_IT.NET.USER.ZS.json
Indonesia,IDN,2020,IT.NET.USER.ZS,Individuals using the Internet (% of population),53.72649449,,https://api.worldbank.org/v2/country/IDN;MYS;VNM;THA;PHL;SGP;BRN;KHM;LAO;MMR;TLS/indicator/IT.NET.USER.ZS?format=json&date=2000:2025&per_page=20000,raw/worldbank/15e5aa266276_IT.NET.USER.ZS.json
Indonesia,IDN,2019,IT.NET.USER.ZS,Individuals using the Internet (% of population),47.6906489788375,,https://api.worldbank.org/v2/country/IDN;MYS;VNM;THA;PHL;SGP;BRN;KHM;LAO;MMR;TLS/indicator/IT.NET.USER.ZS?format=json&date=2000:2025&per_page=20000,raw/worldbank/15e5aa266276_IT.NET.USER.ZS.json
Indonesia,IDN,2018,IT.NET.USER.ZS,Individuals using the Internet (% of population),39.9046386385762,,https://api.worldbank.org/v2/country/IDN;MYS;VNM;THA;PHL;SGP;BRN;KHM;LAO;MMR;TLS/indicator/IT.NET.USER.ZS?format=json&date=2000:2025&per_page=20000,raw/worldbank/15e5aa266276_IT.NET.USER.ZS.json
Indonesia,IDN,2017,IT.NET.USER.ZS,Individuals using the Internet (% of population),32.335806250688,,https://api.worldbank.org/v2/country/IDN;MYS;VNM;THA;PHL;SGP;BRN;KHM;LAO;MMR;TLS/indicator/IT.NET.USER.ZS?format=json&date=2000:2025&per_page=20000,raw/worldbank/15e5aa266276_IT.NET.USER.ZS.json
Indonesia,IDN,2016,IT.NET.USER.ZS,Individuals using the Internet (% of population),25.447353701827,,https://api.worldbank.org/v2/country/IDN;MYS;VNM;THA;PHL;SGP;BRN;KHM;LAO;MMR;TLS/indicator/IT.NET.USER.ZS?format=json&date=2000:2025&per_page=20000,raw/worldbank/15e5aa266276_IT.NET.USER.ZS.json
Indonesia,IDN,2015,IT.NET.USER.ZS,Individuals using the Internet (% of population),22.062742603379,,https://api.worldbank.org/v2/country/IDN;MYS;VNM;THA;PHL;SGP;BRN;KHM;LAO;MMR;TLS/indicator/IT.NET.USER.ZS?format=json&date=2000:2025&per_page=20000,raw/worldbank/15e5aa266276_IT.NET.USER.ZS.json
Indonesia,IDN,2014,IT.NET.USER.ZS,Individuals using the Internet (% of population),17.1431598350566,,https://api.worldbank.org/v2/country/IDN;MYS;VNM;THA;PHL;SGP;BRN;KHM;LAO;MMR;TLS/indicator/IT.NET.USER.ZS?format=json&date=2000:2025&per_page=20000,raw/worldbank/15e5aa266276_IT.NET.USER.ZS.json
Indonesia,IDN,2013,IT.NET.USER.ZS,Individuals using the Internet (% of population),14.94,,https://api.worldbank.org/v2/country/IDN;MYS;VNM;THA;PHL;SGP;BRN;KHM;LAO;MMR;TLS/indicator/IT.NET.USER.ZS?format=json&date=2000:2025&per_page=20000,raw/worldbank/15e5aa266276_IT.NET.USER.ZS.json
Indonesia,IDN,2012,IT.NET.USER.ZS,Individuals using the Internet (% of population),14.52,,https://api.worldbank.org/v2/country/IDN;MYS;VNM;THA;PHL;SGP;BRN;KHM;LAO;MMR;TLS/indicator/IT.NET.USER.ZS?format=json&date=2000:2025&per_page=20000,raw/worldbank/15e5aa266276_IT.NET.USER.ZS.json
Indonesia,IDN,2011,IT.NET.USER.ZS,Individuals using the Internet (% of population),12.28,,https://api.worldbank.org/v2/country/IDN;MYS;VNM;THA;PHL;SGP;BRN;KHM;LAO;MMR;TLS/indicator/IT.NET.USER.ZS?format=json&date=2000:2025&per_page=20000,raw/worldbank/15e5aa266276_IT.NET.USER.ZS.json
Indonesia,IDN,2010,IT.NET.USER.ZS,Individuals using the Internet (% of population),10.92,,https://api.worldbank.org/v2/country/IDN;MYS;VNM;THA;PHL;SGP;BRN;KHM;LAO;MMR;TLS/indicator/IT.NET.USER.ZS?format=json&date=2000:2025&per_page=20000,raw/worldbank/15e5aa266276_IT.NET.USER.ZS.json
Indonesia,IDN,2009,IT.NET.USER.ZS,Individuals using the Internet (% of population),6.92,,https://api.worldbank.org/v2/country/IDN;MYS;VNM;THA;PHL;SGP;BRN;KHM;LAO;MMR;TLS/indicator/IT.NET.USER.ZS?format=json&date=2000:2025&per_page=20000,raw/worldbank/15e5aa266276_IT.NET.USER.ZS.json
Indonesia,IDN,2008,IT.NET.USER.ZS,Individuals using the Internet (% of population),7.917500019,,https://api.worldbank.org/v2/country/IDN;MYS;VNM;THA;PHL;SGP;BRN;KHM;LAO;MMR;TLS/indicator/IT.NET.USER.ZS?format=json&date=2000:2025&per_page=20000,raw/worldbank/15e5aa266276_IT.NET.USER.ZS.json
Indonesia,IDN,2007,IT.NET.USER.ZS,Individuals using the Internet (% of population),5.78627472934199,,https://api.worldbank.org/v2/country/IDN;MYS;VNM;THA;PHL;SGP;BRN;KHM;LAO;MMR;TLS/indicator/IT.NET.USER.ZS?format=json&date=2000:2025&per_page=20000,raw/worldbank/15e5aa266276_IT.NET.USER.ZS.json
Indonesia,IDN,2006,IT.NET.USER.ZS,Individuals using the Internet (% of population),4.76481313366657,,https://api.worldbank.org/v2/country/IDN;MYS;VNM;THA;PHL;SGP;BRN;KHM;LAO;MMR;TLS/indicator/IT.NET.USER.ZS?format=json&date=2000:2025&per_page=20000,raw/worldbank/15e5aa266276_IT.NET.USER.ZS.json
Indonesia,IDN,2005,IT.NET.USER.ZS,Individuals using the Internet (% of population),3.60202476259646,,https://api.worldbank.org/v2/country/IDN;MYS;VNM;THA;PHL;SGP;BRN;KHM;LAO;MMR;TLS/indicator/IT.NET.USER.ZS?format=json&date=2000:2025&per_page=20000,raw/worldbank/15e5aa266276_IT.NET.USER.ZS.json
Indonesia,IDN,2004,IT.NET.USER.ZS,Individuals using the Internet (% of population),2.60028587633414,,https://api.worldbank.org/v2/country/IDN;MYS;VNM;THA;PHL;SGP;BRN;KHM;LAO;MMR;TLS/indicator/IT.NET.USER.ZS?format=json&date=2000:2025&per_page=20000,raw/worldbank/15e5aa266276_IT.NET.USER.ZS.json
Indonesia,IDN,2003,IT.NET.USER.ZS,Individuals using the Internet (% of population),2.38701977959476,,https://api.worldbank.org/v2/country/IDN;MYS;VNM;THA;PHL;SGP;BRN;KHM;LAO;MMR;TLS/indicator/IT.NET.USER.ZS?format=json&date=2000:2025&per_page=20000,raw/worldbank/15e5aa266276_IT.NET.USER.ZS.json
Indonesia,IDN,2002,IT.NET.USER.ZS,Individuals using the Internet (% of population),2.13413573295808,,https://api.worldbank.org/v2/country/IDN;MYS;VNM;THA;PHL;SGP;BRN;KHM;LAO;MMR;TLS/indicator/IT.NET.USER.ZS?format=json&date=2000:2025&per_page=20000,raw/worldbank/15e5aa266276_IT.NET.USER.ZS.json
Indonesia,IDN,2001,IT.NET.USER.ZS,Individuals using the Internet (% of population),2.01861385948459,,https://api.worldbank.org/v2/country/IDN;MYS;VNM;THA;PHL;SGP;BRN;KHM;LAO;MMR;TLS/indicator/IT.NET.USER.ZS?format=json&date=2000:2025&per_page=20000,raw/worldbank/15e5aa266276_IT.NET.USER.ZS.json
Indonesia,IDN,2000,IT.NET.USER.ZS,Individuals using the Internet (% of population),0.925563864466858,,https://api.worldbank.org/v2/country/IDN;MYS;VNM;THA;PHL;SGP;BRN;KHM;LAO;MMR;TLS/indicator/IT.NET.USER.ZS?format=json&date=2000:2025&per_page=20000,raw/worldbank/15e5aa266276_IT.NET.USER.ZS.json
Cambodia,KHM,2025,IT.NET.USER.ZS,Individuals using the Internet (% of population),,,https://api.worldbank.org/v2/country/IDN;MYS;VNM;THA;PHL;SGP;BRN;KHM;LAO;MMR;TLS/indicator/IT.NET.USER.ZS?format=json&date=2000:2025&per_page=20000,raw/worldbank/15e5aa266276_IT.NET.USER.ZS.json
Cambodia,KHM,2024,IT.NET.USER.ZS,Individuals using the Internet (% of population),68.47530365,,https://api.worldbank.org/v2/country/IDN;MYS;VNM;THA;PHL;SGP;BRN;KHM;LAO;MMR;TLS/indicator/IT.NET.USER.ZS?format=json&date=2000:2025&per_page=20000,raw/worldbank/15e5aa266276_IT.NET.USER.ZS.json
Cambodia,KHM,2023,IT.NET.USER.ZS,Individuals using the Internet (% of population),68.92549896,,https://api.worldbank.org/v2/country/IDN;MYS;VNM;THA;PHL;SGP;BRN;KHM;LAO;MMR;TLS/indicator/IT.NET.USER.ZS?format=json&date=2000:2025&per_page=20000,raw/worldbank/15e5aa266276_IT.NET.USER.ZS.json
Cambodia,KHM,2022,IT.NET.USER.ZS,Individuals using the Internet (% of population),65.49079895,,https://api.worldbank.org/v2/country/IDN;MYS;VNM;THA;PHL;SGP;BRN;KHM;LAO;MMR;TLS/indicator/IT.NET.USER.ZS?format=json&date=2000:2025&per_page=20000,raw/worldbank/15e5aa266276_IT.NET.USER.ZS.json
Cambodia,KHM,2021,IT.NET.USER.ZS,Individuals using the Internet (% of population),60.76269913,,https://api.worldbank.org/v2/country/IDN;MYS;VNM;THA;PHL;SGP;BRN;KHM;LAO;MMR;TLS/indicator/IT.NET.USER.ZS?format=json&date=2000:2025&per_page=20000,raw/worldbank/15e5aa266276_IT.NET.USER.ZS.json
Cambodia,KHM,2020,IT.NET.USER.ZS,Individuals using the Internet (% of population),56.37590027,,https://api.worldbank.org/v2/country/IDN;MYS;VNM;THA;PHL;SGP;BRN;KHM;LAO;MMR;TLS/indicator/IT.NET.USER.ZS?format=json&date=2000:2025&per_page=20000,raw/worldbank/15e5aa266276_IT.NET.USER.ZS.json
Cambodia,KHM,2019,IT.NET.USER.ZS,Individuals using the Internet (% of population),52.305878224498,,https://api.worldbank.org/v2/country/IDN;MYS;VNM;THA;PHL;SGP;BRN;KHM;LAO;MMR;TLS/indicator/IT.NET.USER.ZS?format=json&date=2000:2025&per_page=20000,raw/worldbank/15e5aa266276_IT.NET.USER.ZS.json
Cambodia,KHM,2018,IT.NET.USER.ZS,Individuals using the Internet (% of population),65,,https://api.worldbank.org/v2/country/IDN;MYS;VNM;THA;PHL;SGP;BRN;KHM;LAO;MMR;TLS/indicator/IT.NET.USER.ZS?format=json&date=2000:2025&per_page=20000,raw/worldbank/15e5aa266276_IT.NET.USER.ZS.json
Cambodia,KHM,2017,IT.NET.USER.ZS,Individuals using the Internet (% of population),32.9002785437986,,https://api.worldbank.org/v2/country/IDN;MYS;VNM;THA;PHL;SGP;BRN;KHM;LAO;MMR;TLS/indicator/IT.NET.USER.ZS?format=json&date=2000:2025&per_page=20000,raw/worldbank/15e5aa266276_IT.NET.USER.ZS.json
Cambodia,KHM,2016,IT.NET.USER.ZS,Individuals using the Internet (% of population),32.3984517141849,,https://api.worldbank.org/v2/country/IDN;MYS;VNM;THA;PHL;SGP;BRN;KHM;LAO;MMR;TLS/indicator/IT.NET.USER.ZS?format=json&date=2000:2025&per_page=20000,raw/worldbank/15e5aa266276_IT.NET.USER.ZS.json
Cambodia,KHM,2015,IT.NET.USER.ZS,Individuals using the Internet (% of population),6.43319107021405,,https://api.worldbank.org/v2/country/IDN;MYS;VNM;THA;PHL;SGP;BRN;KHM;LAO;MMR;TLS/indicator/IT.NET.USER.ZS?format=json&date=2000:2025&per_page=20000,raw/worldbank/15e5aa266276_IT.NET.USER.ZS.json
Cambodia,KHM,2014,IT.NET.USER.ZS,Individuals using the Internet (% of population),14,,https://api.worldbank.org/v2/country/IDN;MYS;VNM;THA;PHL;SGP;BRN;KHM;LAO;MMR;TLS/indicator/IT.NET.USER.ZS?format=json&date=2000:2025&per_page=20000,raw/worldbank/15e5aa266276_IT.NET.USER.ZS.json
Cambodia,KHM,2013,IT.NET.USER.ZS,Individuals using the Internet (% of population),6,,https://api.worldbank.org/v2/country/IDN;MYS;VNM;THA;PHL;SGP;BRN;KHM;LAO;MMR;TLS/indicator/IT.NET.USER.ZS?format=json&date=2000:2025&per_page=20000,raw/worldbank/15e5aa266276_IT.NET.USER.ZS.json
Cambodia,KHM,2012,IT.NET.USER.ZS,Individuals using the Internet (% of population),4.94,,https://api.worldbank.org/v2/country/IDN;MYS;VNM;THA;PHL;SGP;BRN;KHM;LAO;MMR;TLS/indicator/IT.NET.USER.ZS?format=json&date=2000:2025&per_page=20000,raw/worldbank/15e5aa266276_IT.NET.USER.ZS.json
Cambodia,KHM,2011,IT.NET.USER.ZS,Individuals using the Internet (% of population),3.099999905,,https://api.worldbank.org/v2/country/IDN;MYS;VNM;THA;PHL;SGP;BRN;KHM;LAO;MMR;TLS/indicator/IT.NET.USER.ZS?format=json&date=2000:2025&per_page=20000,raw/worldbank/15e5aa266276_IT.NET.USER.ZS.json
Cambodia,KHM,2010,IT.NET.USER.ZS,Individuals using the Internet (% of population),1.26,,https://api.worldbank.org/v2/country/IDN;MYS;VNM;THA;PHL;SGP;BRN;KHM;LAO;MMR;TLS/indicator/IT.NET.USER.ZS?format=json&date=2000:2025&per_page=20000,raw/worldbank/15e5aa266276_IT.NET.USER.ZS.json
Cambodia,KHM,2009,IT.NET.USER.ZS,Individuals using the Internet (% of population),0.53,,https://api.worldbank.org/v2/country/IDN;MYS;VNM;THA;PHL;SGP;BRN;KHM;LAO;MMR;TLS/indicator/IT.NET.USER.ZS?format=json&date=2000:2025&per_page=20000,raw/worldbank/15e5aa266276_IT.NET.USER.ZS.json
Cambodia,KHM,2008,IT.NET.USER.ZS,Individuals using the Internet (% of population),0.51,,https://api.worldbank.org/v2/country/IDN;MYS;VNM;THA;PHL;SGP;BRN;KHM;LAO;MMR;TLS/indicator/IT.NET.USER.ZS?format=json&date=2000:2025&per_page=20000,raw/worldbank/15e5aa266276_IT.NET.USER.ZS.json
Cambodia,KHM,2007,IT.NET.USER.ZS,Individuals using the Internet (% of population),0.49,,https://api.worldbank.org/v2/country/IDN;MYS;VNM;THA;PHL;SGP;BRN;KHM;LAO;MMR;TLS/indicator/IT.NET.USER.ZS?format=json&date=2000:2025&per_page=20000,raw/worldbank/15e5aa266276_IT.NET.USER.ZS.json
Cambodia,KHM,2006,IT.NET.USER.ZS,Individuals using the Internet (% of population),0.468400002,,https://api.worldbank.org/v2/country/IDN;MYS;VNM;THA;PHL;SGP;BRN;KHM;LAO;MMR;TLS/indicator/IT.NET.USER.ZS?format=json&date=2000:2025&per_page=20000,raw/worldbank/15e5aa266276_IT.NET.USER.ZS.json
Cambodia,KHM,2005,IT.NET.USER.ZS,Individuals using the Internet (% of population),0.317321781089656,,https://api.worldbank.org/v2/country/IDN;MYS;VNM;THA;PHL;SGP;BRN;KHM;LAO;MMR;TLS/indicator/IT.NET.USER.ZS?format=json&date=2000:2025&per_page=20000,raw/worldbank/15e5aa266276_IT.NET.USER.ZS.json
Cambodia,KHM,2004,IT.NET.USER.ZS,Individuals using the Internet (% of population),0.300436644360101,,https://api.worldbank.org/v2/country/IDN;MYS;VNM;THA;PHL;SGP;BRN;KHM;LAO;MMR;TLS/indicator/IT.NET.USER.ZS?format=json&date=2000:2025&per_page=20000,raw/worldbank/15e5aa266276_IT.NET.USER.ZS.json
Cambodia,KHM,2003,IT.NET.USER.ZS,Individuals using the Internet (% of population),0.260570197574002,,https://api.worldbank.org/v2/country/IDN;MYS;VNM;THA;PHL;SGP;BRN;KHM;LAO;MMR;TLS/indicator/IT.NET.USER.ZS?format=json&date=2000:2025&per_page=20000,raw/worldbank/15e5aa266276_IT.NET.USER.ZS.json
Cambodia,KHM,2002,IT.NET.USER.ZS,Individuals using the Internet (% of population),0.226983237666204,,https://api.worldbank.org/v2/country/IDN;MYS;VNM;THA;PHL;SGP;BRN;KHM;LAO;MMR;TLS/indicator/IT.NET.USER.ZS?format=json&date=2000:2025&per_page=20000,raw/worldbank/15e5aa266276_IT.NET.USER.ZS.json
Cambodia,KHM,2001,IT.NET.USER.ZS,Individuals using the Internet (% of population),0.0769560555527296,,https://api.worldbank.org/v2/country/IDN;MYS;VNM;THA;PHL;SGP;BRN;KHM;LAO;MMR;TLS/indicator/IT.NET.USER.ZS?format=json&date=2000:2025&per_page=20000,raw/worldbank/15e5aa266276_IT.NET.USER.ZS.json
Cambodia,KHM,2000,IT.NET.USER.ZS,Individuals using the Internet (% of population),0.047022640068885,,https://api.worldbank.org/v2/country/IDN;MYS;VNM;THA;PHL;SGP;BRN;KHM;LAO;MMR;TLS/indicator/IT.NET.USER.ZS?format=json&date=2000:2025&per_page=20000,raw/worldbank/15e5aa266276_IT.NET.USER.ZS.json
Lao PDR,LAO,2025,IT.NET.USER.ZS,Individuals using the Internet (% of population),,,https://api.worldbank.org/v2/country/IDN;MYS;VNM;THA;PHL;SGP;BRN;KHM;LAO;MMR;TLS/indicator/IT.NET.USER.ZS?format=json&date=2000:2025&per_page=20000,raw/worldbank/15e5aa266276_IT.NET.USER.ZS.json
Lao PDR,LAO,2024,IT.NET.USER.ZS,Individuals using the Internet (% of population),65.59269714,,https://api.worldbank.org/v2/country/IDN;MYS;VNM;THA;PHL;SGP;BRN;KHM;LAO;MMR;TLS/indicator/IT.NET.USER.ZS?format=json&date=2000:2025&per_page=20000,raw/worldbank/15e5aa266276_IT.NET.USER.ZS.json
Lao PDR,LAO,2023,IT.NET.USER.ZS,Individuals using the Internet (% of population),64.39800262,,https://api.worldbank.org/v2/country/IDN;MYS;VNM;THA;PHL;SGP;BRN;KHM;LAO;MMR;TLS/indicator/IT.NET.USER.ZS?format=json&date=2000:2025&per_page=20000,raw/worldbank/15e5aa266276_IT.NET.USER.ZS.json
Lao PDR,LAO,2022,IT.NET.USER.ZS,Individuals using the Internet (% of population),64.54000092,,https://api.worldbank.org/v2/country/IDN;MYS;VNM;THA;PHL;SGP;BRN;KHM;LAO;MMR;TLS/indicator/IT.NET.USER.ZS?format=json&date=2000:2025&per_page=20000,raw/worldbank/15e5aa266276_IT.NET.USER.ZS.json
Lao PDR,LAO,2021,IT.NET.USER.ZS,Individuals using the Internet (% of population),62,,https://api.worldbank.org/v2/country/IDN;MYS;VNM;THA;PHL;SGP;BRN;KHM;LAO;MMR;TLS/indicator/IT.NET.USER.ZS?format=json&date=2000:2025&per_page=20000,raw/worldbank/15e5aa266276_IT.NET.USER.ZS.json
Lao PDR,LAO,2020,IT.NET.USER.ZS,Individuals using the Internet (% of population),54,,https://api.worldbank.org/v2/country/IDN;MYS;VNM;THA;PHL;SGP;BRN;KHM;LAO;MMR;TLS/indicator/IT.NET.USER.ZS?format=json&date=2000:2025&per_page=20000,raw/worldbank/15e5aa266276_IT.NET.USER.ZS.json
Lao PDR,LAO,2019,IT.NET.USER.ZS,Individuals using the Internet (% of population),47.03229904,,https://api.worldbank.org/v2/country/IDN;MYS;VNM;THA;PHL;SGP;BRN;KHM;LAO;MMR;TLS/indicator/IT.NET.USER.ZS?format=json&date=2000:2025&per_page=20000,raw/worldbank/15e5aa266276_IT.NET.USER.ZS.json
Lao PDR,LAO,2018,IT.NET.USER.ZS,Individuals using the Internet (% of population),36.27130127,,https://api.worldbank.org/v2/country/IDN;MYS;VNM;THA;PHL;SGP;BRN;KHM;LAO;MMR;TLS/indicator/IT.NET.USER.ZS?format=json&date=2000:2025&per_page=20000,raw/worldbank/15e5aa266276_IT.NET.USER.ZS.json
Lao PDR,LAO,2017,IT.NET.USER.ZS,Individuals using the Internet (% of population),25.51040077,,https://api.worldbank.org/v2/country/IDN;MYS;VNM;THA;PHL;SGP;BRN;KHM;LAO;MMR;TLS/indicator/IT.NET.USER.ZS?format=json&date=2000:2025&per_page=20000,raw/worldbank/15e5aa266276_IT.NET.USER.ZS.json
Lao PDR,LAO,2016,IT.NET.USER.ZS,Individuals using the Internet (% of population),21.87000084,,https://api.worldbank.org/v2/country/IDN;MYS;VNM;THA;PHL;SGP;BRN;KHM;LAO;MMR;TLS/indicator/IT.NET.USER.ZS?format=json&date=2000:2025&per_page=20000,raw/worldbank/15e5aa266276_IT.NET.USER.ZS.json
Lao PDR,LAO,2015,IT.NET.USER.ZS,Individuals using the Internet (% of population),18.20000076,,https://api.worldbank.org/v2/country/IDN;MYS;VNM;THA;PHL;SGP;BRN;KHM;LAO;MMR;TLS/indicator/IT.NET.USER.ZS?format=json&date=2000:2025&per_page=20000,raw/worldbank/15e5aa266276_IT.NET.USER.ZS.json
Lao PDR,LAO,2014,IT.NET.USER.ZS,Individuals using the Internet (% of population),14.26000023,,https://api.worldbank.org/v2/country/IDN;MYS;VNM;THA;PHL;SGP;BRN;KHM;LAO;MMR;TLS/indicator/IT.NET.USER.ZS?format=json&date=2000:2025&per_page=20000,raw/worldbank/15e5aa266276_IT.NET.USER.ZS.json
Lao PDR,LAO,2013,IT.NET.USER.ZS,Individuals using the Internet (% of population),12.5,,https://api.worldbank.org/v2/country/IDN;MYS;VNM;THA;PHL;SGP;BRN;KHM;LAO;MMR;TLS/indicator/IT.NET.USER.ZS?format=json&date=2000:2025&per_page=20000,raw/worldbank/15e5aa266276_IT.NET.USER.ZS.json
Lao PDR,LAO,2012,IT.NET.USER.ZS,Individuals using the Internet (% of population),10.74769974,,https://api.worldbank.org/v2/country/IDN;MYS;VNM;THA;PHL;SGP;BRN;KHM;LAO;MMR;TLS/indicator/IT.NET.USER.ZS?format=json&date=2000:2025&per_page=20000,raw/worldbank/15e5aa266276_IT.NET.USER.ZS.json
Lao PDR,LAO,2011,IT.NET.USER.ZS,Individuals using the Internet (% of population),9,,https://api.worldbank.org/v2/country/IDN;MYS;VNM;THA;PHL;SGP;BRN;KHM;LAO;MMR;TLS/indicator/IT.NET.USER.ZS?format=json&date=2000:2025&per_page=20000,raw/worldbank/15e5aa266276_IT.NET.USER.ZS.json
Lao PDR,LAO,2010,IT.NET.USER.ZS,Individuals using the Internet (% of population),7,,https://api.worldbank.org/v2/country/IDN;MYS;VNM;THA;PHL;SGP;BRN;KHM;LAO;MMR;TLS/indicator/IT.NET.USER.ZS?format=json&date=2000:2025&per_page=20000,raw/worldbank/15e5aa266276_IT.NET.USER.ZS.json
Lao PDR,LAO,2009,IT.NET.USER.ZS,Individuals using the Internet (% of population),6,,https://api.worldbank.org/v2/country/IDN;MYS;VNM;THA;PHL;SGP;BRN;KHM;LAO;MMR;TLS/indicator/IT.NET.USER.ZS?format=json&date=2000:2025&per_page=20000,raw/worldbank/15e5aa266276_IT.NET.USER.ZS.json
Lao PDR,LAO,2008,IT.NET.USER.ZS,Individuals using the Internet (% of population),3.55,,https://api.worldbank.org/v2/country/IDN;MYS;VNM;THA;PHL;SGP;BRN;KHM;LAO;MMR;TLS/indicator/IT.NET.USER.ZS?format=json&date=2000:2025&per_page=20000,raw/worldbank/15e5aa266276_IT.NET.USER.ZS.json
Lao PDR,LAO,2007,IT.NET.USER.ZS,Individuals using the Internet (% of population),1.64,,https://api.worldbank.org/v2/country/IDN;MYS;VNM;THA;PHL;SGP;BRN;KHM;LAO;MMR;TLS/indicator/IT.NET.USER.ZS?format=json&date=2000:2025&per_page=20000,raw/worldbank/15e5aa266276_IT.NET.USER.ZS.json
Lao PDR,LAO,2006,IT.NET.USER.ZS,Individuals using the Internet (% of population),1.16989994,,https://api.worldbank.org/v2/country/IDN;MYS;VNM;THA;PHL;SGP;BRN;KHM;LAO;MMR;TLS/indicator/IT.NET.USER.ZS?format=json&date=2000:2025&per_page=20000,raw/worldbank/15e5aa266276_IT.NET.USER.ZS.json
Lao PDR,LAO,2005,IT.NET.USER.ZS,Individuals using the Internet (% of population),0.850399971,,https://api.worldbank.org/v2/country/IDN;MYS;VNM;THA;PHL;SGP;BRN;KHM;LAO;MMR;TLS/indicator/IT.NET.USER.ZS?format=json&date=2000:2025&per_page=20000,raw/worldbank/15e5aa266276_IT.NET.USER.ZS.json
Lao PDR,LAO,2004,IT.NET.USER.ZS,Individuals using the Internet (% of population),0.361434490258043,,https://api.worldbank.org/v2/country/IDN;MYS;VNM;THA;PHL;SGP;BRN;KHM;LAO;MMR;TLS/indicator/IT.NET.USER.ZS?format=json&date=2000:2025&per_page=20000,raw/worldbank/15e5aa266276_IT.NET.USER.ZS.json
Lao PDR,LAO,2003,IT.NET.USER.ZS,Individuals using the Internet (% of population),0.333912466428616,,https://api.worldbank.org/v2/country/IDN;MYS;VNM;THA;PHL;SGP;BRN;KHM;LAO;MMR;TLS/indicator/IT.NET.USER.ZS?format=json&date=2000:2025&per_page=20000,raw/worldbank/15e5aa266276_IT.NET.USER.ZS.json
Lao PDR,LAO,2002,IT.NET.USER.ZS,Individuals using the Internet (% of population),0.267899241309349,,https://api.worldbank.org/v2/country/IDN;MYS;VNM;THA;PHL;SGP;BRN;KHM;LAO;MMR;TLS/indicator/IT.NET.USER.ZS?format=json&date=2000:2025&per_page=20000,raw/worldbank/15e5aa266276_IT.NET.USER.ZS.json
Lao PDR,LAO,2001,IT.NET.USER.ZS,Individuals using the Internet (% of population),0.181664460654566,,https://api.worldbank.org/v2/country/IDN;MYS;VNM;THA;PHL;SGP;BRN;KHM;LAO;MMR;TLS/indicator/IT.NET.USER.ZS?format=json&date=2000:2025&per_page=20000,raw/worldbank/15e5aa266276_IT.NET.USER.ZS.json
Lao PDR,LAO,2000,IT.NET.USER.ZS,Individuals using the Internet (% of population),0.111044032290124,,https://api.worldbank.org/v2/country/IDN;MYS;VNM;THA;PHL;SGP;BRN;KHM;LAO;MMR;TLS/indicator/IT.NET.USER.ZS?format=json&date=2000:2025&per_page=20000,raw/worldbank/15e5aa266276_IT.NET.USER.ZS.json
Myanmar,MMR,2025,IT.NET.USER.ZS,Individuals using the Internet (% of population),,,https://api.worldbank.org/v2/country/IDN;MYS;VNM;THA;PHL;SGP;BRN;KHM;LAO;MMR;TLS/indicator/IT.NET.USER.ZS?format=json&date=2000:2025&per_page=20000,raw/worldbank/15e5aa266276_IT.NET.USER.ZS.json
Myanmar,MMR,2024,IT.NET.USER.ZS,Individuals using the Internet (% of population),,,https://api.worldbank.org/v2/country/IDN;MYS;VNM;THA;PHL;SGP;BRN;KHM;LAO;MMR;TLS/indicator/IT.NET.USER.ZS?format=json&date=2000:2025&per_page=20000,raw/worldbank/15e5aa266276_IT.NET.USER.ZS.json
Myanmar,MMR,2023,IT.NET.USER.ZS,Individuals using the Internet (% of population),,,https://api.worldbank.org/v2/country/IDN;MYS;VNM;THA;PHL;SGP;BRN;KHM;LAO;MMR;TLS/indicator/IT.NET.USER.ZS?format=json&date=2000:2025&per_page=20000,raw/worldbank/15e5aa266276_IT.NET.USER.ZS.json
Myanmar,MMR,2022,IT.NET.USER.ZS,Individuals using the Internet (% of population),,,https://api.worldbank.org/v2/country/IDN;MYS;VNM;THA;PHL;SGP;BRN;KHM;LAO;MMR;TLS/indicator/IT.NET.USER.ZS?format=json&date=2000:2025&per_page=20000,raw/worldbank/15e5aa266276_IT.NET.USER.ZS.json
Myanmar,MMR,2021,IT.NET.USER.ZS,Individuals using the Internet (% of population),,,https://api.worldbank.org/v2/country/IDN;MYS;VNM;THA;PHL;SGP;BRN;KHM;LAO;MMR;TLS/indicator/IT.NET.USER.ZS?format=json&date=2000:2025&per_page=20000,raw/worldbank/15e5aa266276_IT.NET.USER.ZS.json
Myanmar,MMR,2020,IT.NET.USER.ZS,Individuals using the Internet (% of population),45.4477005,,https://api.worldbank.org/v2/country/IDN;MYS;VNM;THA;PHL;SGP;BRN;KHM;LAO;MMR;TLS/indicator/IT.NET.USER.ZS?format=json&date=2000:2025&per_page=20000,raw/worldbank/15e5aa266276_IT.NET.USER.ZS.json
Myanmar,MMR,2019,IT.NET.USER.ZS,Individuals using the Internet (% of population),36.54050064,,https://api.worldbank.org/v2/country/IDN;MYS;VNM;THA;PHL;SGP;BRN;KHM;LAO;MMR;TLS/indicator/IT.NET.USER.ZS?format=json&date=2000:2025&per_page=20000,raw/worldbank/15e5aa266276_IT.NET.USER.ZS.json
Myanmar,MMR,2018,IT.NET.USER.ZS,Individuals using the Internet (% of population),29.37899971,,https://api.worldbank.org/v2/country/IDN;MYS;VNM;THA;PHL;SGP;BRN;KHM;LAO;MMR;TLS/indicator/IT.NET.USER.ZS?format=json&date=2000:2025&per_page=20000,raw/worldbank/15e5aa266276_IT.NET.USER.ZS.json
Myanmar,MMR,2017,IT.NET.USER.ZS,Individuals using the Internet (% of population),23.621081950267,,https://api.worldbank.org/v2/country/IDN;MYS;VNM;THA;PHL;SGP;BRN;KHM;LAO;MMR;TLS/indicator/IT.NET.USER.ZS?format=json&date=2000:2025&per_page=20000,raw/worldbank/15e5aa266276_IT.NET.USER.ZS.json
Myanmar,MMR,2016,IT.NET.USER.ZS,Individuals using the Internet (% of population),16,,https://api.worldbank.org/v2/country/IDN;MYS;VNM;THA;PHL;SGP;BRN;KHM;LAO;MMR;TLS/indicator/IT.NET.USER.ZS?format=json&date=2000:2025&per_page=20000,raw/worldbank/15e5aa266276_IT.NET.USER.ZS.json
Myanmar,MMR,2015,IT.NET.USER.ZS,Individuals using the Internet (% of population),10.89999962,,https://api.worldbank.org/v2/country/IDN;MYS;VNM;THA;PHL;SGP;BRN;KHM;LAO;MMR;TLS/indicator/IT.NET.USER.ZS?format=json&date=2000:2025&per_page=20000,raw/worldbank/15e5aa266276_IT.NET.USER.ZS.json
Myanmar,MMR,2014,IT.NET.USER.ZS,Individuals using the Internet (% of population),7.400000095,,https://api.worldbank.org/v2/country/IDN;MYS;VNM;THA;PHL;SGP;BRN;KHM;LAO;MMR;TLS/indicator/IT.NET.USER.ZS?format=json&date=2000:2025&per_page=20000,raw/worldbank/15e5aa266276_IT.NET.USER.ZS.json
Myanmar,MMR,2013,IT.NET.USER.ZS,Individuals using the Internet (% of population),1.799999952,,https://api.worldbank.org/v2/country/IDN;MYS;VNM;THA;PHL;SGP;BRN;KHM;LAO;MMR;TLS/indicator/IT.NET.USER.ZS?format=json&date=2000:2025&per_page=20000,raw/worldbank/15e5aa266276_IT.NET.USER.ZS.json
Myanmar,MMR,2012,IT.NET.USER.ZS,Individuals using the Internet (% of population),1.399999976,,https://api.worldbank.org/v2/country/IDN;MYS;VNM;THA;PHL;SGP;BRN;KHM;LAO;MMR;TLS/indicator/IT.NET.USER.ZS?format=json&date=2000:2025&per_page=20000,raw/worldbank/15e5aa266276_IT.NET.USER.ZS.json
Myanmar,MMR,2011,IT.NET.USER.ZS,Individuals using the Internet (% of population),0.98,,https://api.worldbank.org/v2/country/IDN;MYS;VNM;THA;PHL;SGP;BRN;KHM;LAO;MMR;TLS/indicator/IT.NET.USER.ZS?format=json&date=2000:2025&per_page=20000,raw/worldbank/15e5aa266276_IT.NET.USER.ZS.json
Myanmar,MMR,2010,IT.NET.USER.ZS,Individuals using the Internet (% of population),0.25,,https://api.worldbank.org/v2/country/IDN;MYS;VNM;THA;PHL;SGP;BRN;KHM;LAO;MMR;TLS/indicator/IT.NET.USER.ZS?format=json&date=2000:2025&per_page=20000,raw/worldbank/15e5aa266276_IT.NET.USER.ZS.json
Myanmar,MMR,2009,IT.NET.USER.ZS,Individuals using the Internet (% of population),0.219999999,,https://api.worldbank.org/v2/country/IDN;MYS;VNM;THA;PHL;SGP;BRN;KHM;LAO;MMR;TLS/indicator/IT.NET.USER.ZS?format=json&date=2000:2025&per_page=20000,raw/worldbank/15e5aa266276_IT.NET.USER.ZS.json
Myanmar,MMR,2008,IT.NET.USER.ZS,Individuals using the Internet (% of population),0.22,,https://api.worldbank.org/v2/country/IDN;MYS;VNM;THA;PHL;SGP;BRN;KHM;LAO;MMR;TLS/indicator/IT.NET.USER.ZS?format=json&date=2000:2025&per_page=20000,raw/worldbank/15e5aa266276_IT.NET.USER.ZS.json
Myanmar,MMR,2007,IT.NET.USER.ZS,Individuals using the Internet (% of population),0.217128445069958,,https://api.worldbank.org/v2/country/IDN;MYS;VNM;THA;PHL;SGP;BRN;KHM;LAO;MMR;TLS/indicator/IT.NET.USER.ZS?format=json&date=2000:2025&per_page=20000,raw/worldbank/15e5aa266276_IT.NET.USER.ZS.json
Myanmar,MMR,2006,IT.NET.USER.ZS,Individuals using the Internet (% of population),0.18204833106115,,https://api.worldbank.org/v2/country/IDN;MYS;VNM;THA;PHL;SGP;BRN;KHM;LAO;MMR;TLS/indicator/IT.NET.USER.ZS?format=json&date=2000:2025&per_page=20000,raw/worldbank/15e5aa266276_IT.NET.USER.ZS.json
Myanmar,MMR,2005,IT.NET.USER.ZS,Individuals using the Internet (% of population),0.065200001,,https://api.worldbank.org/v2/country/IDN;MYS;VNM;THA;PHL;SGP;BRN;KHM;LAO;MMR;TLS/indicator/IT.NET.USER.ZS?format=json&date=2000:2025&per_page=20000,raw/worldbank/15e5aa266276_IT.NET.USER.ZS.json
Myanmar,MMR,2004,IT.NET.USER.ZS,Individuals using the Internet (% of population),0.024337392002823,,https://api.worldbank.org/v2/country/IDN;MYS;VNM;THA;PHL;SGP;BRN;KHM;LAO;MMR;TLS/indicator/IT.NET.USER.ZS?format=json&date=2000:2025&per_page=20000,raw/worldbank/15e5aa266276_IT.NET.USER.ZS.json
Myanmar,MMR,2003,IT.NET.USER.ZS,Individuals using the Internet (% of population),0.0240641491408465,,https://api.worldbank.org/v2/country/IDN;MYS;VNM;THA;PHL;SGP;BRN;KHM;LAO;MMR;TLS/indicator/IT.NET.USER.ZS?format=json&date=2000:2025&per_page=20000,raw/worldbank/15e5aa266276_IT.NET.USER.ZS.json
Myanmar,MMR,2002,IT.NET.USER.ZS,Individuals using the Internet (% of population),0.00042649350636189,,https://api.worldbank.org/v2/country/IDN;MYS;VNM;THA;PHL;SGP;BRN;KHM;LAO;MMR;TLS/indicator/IT.NET.USER.ZS?format=json&date=2000:2025&per_page=20000,raw/worldbank/15e5aa266276_IT.NET.USER.ZS.json
Myanmar,MMR,2001,IT.NET.USER.ZS,Individuals using the Internet (% of population),0.000289277380848561,,https://api.worldbank.org/v2/country/IDN;MYS;VNM;THA;PHL;SGP;BRN;KHM;LAO;MMR;TLS/indicator/IT.NET.USER.ZS?format=json&date=2000:2025&per_page=20000,raw/worldbank/15e5aa266276_IT.NET.USER.ZS.json
Myanmar,MMR,2000,IT.NET.USER.ZS,Individuals using the Internet (% of population),,,https://api.worldbank.org/v2/country/IDN;MYS;VNM;THA;PHL;SGP;BRN;KHM;LAO;MMR;TLS/indicator/IT.NET.USER.ZS?format=json&date=2000:2025&per_page=20000,raw/worldbank/15e5aa266276_IT.NET.USER.ZS.json
Malaysia,MYS,2025,IT.NET.USER.ZS,Individuals using the Internet (% of population),,,https://api.worldbank.org/v2/country/IDN;MYS;VNM;THA;PHL;SGP;BRN;KHM;LAO;MMR;TLS/indicator/IT.NET.USER.ZS?format=json&date=2000:2025&per_page=20000,raw/worldbank/15e5aa266276_IT.NET.USER.ZS.json
Malaysia,MYS,2024,IT.NET.USER.ZS,Individuals using the Internet (% of population),98.0206059,,https://api.worldbank.org/v2/country/IDN;MYS;VNM;THA;PHL;SGP;BRN;KHM;LAO;MMR;TLS/indicator/IT.NET.USER.ZS?format=json&date=2000:2025&per_page=20000,raw/worldbank/15e5aa266276_IT.NET.USER.ZS.json
Malaysia,MYS,2023,IT.NET.USER.ZS,Individuals using the Internet (% of population),97.69272633,,https://api.worldbank.org/v2/country/IDN;MYS;VNM;THA;PHL;SGP;BRN;KHM;LAO;MMR;TLS/indicator/IT.NET.USER.ZS?format=json&date=2000:2025&per_page=20000,raw/worldbank/15e5aa266276_IT.NET.USER.ZS.json
Malaysia,MYS,2022,IT.NET.USER.ZS,Individuals using the Internet (% of population),97.3986404,,https://api.worldbank.org/v2/country/IDN;MYS;VNM;THA;PHL;SGP;BRN;KHM;LAO;MMR;TLS/indicator/IT.NET.USER.ZS?format=json&date=2000:2025&per_page=20000,raw/worldbank/15e5aa266276_IT.NET.USER.ZS.json
Malaysia,MYS,2021,IT.NET.USER.ZS,Individuals using the Internet (% of population),96.7514278,,https://api.worldbank.org/v2/country/IDN;MYS;VNM;THA;PHL;SGP;BRN;KHM;LAO;MMR;TLS/indicator/IT.NET.USER.ZS?format=json&date=2000:2025&per_page=20000,raw/worldbank/15e5aa266276_IT.NET.USER.ZS.json
Malaysia,MYS,2020,IT.NET.USER.ZS,Individuals using the Internet (% of population),89.55501192,,https://api.worldbank.org/v2/country/IDN;MYS;VNM;THA;PHL;SGP;BRN;KHM;LAO;MMR;TLS/indicator/IT.NET.USER.ZS?format=json&date=2000:2025&per_page=20000,raw/worldbank/15e5aa266276_IT.NET.USER.ZS.json
Malaysia,MYS,2019,IT.NET.USER.ZS,Individuals using the Internet (% of population),84.1871450078281,,https://api.worldbank.org/v2/country/IDN;MYS;VNM;THA;PHL;SGP;BRN;KHM;LAO;MMR;TLS/indicator/IT.NET.USER.ZS?format=json&date=2000:2025&per_page=20000,raw/worldbank/15e5aa266276_IT.NET.USER.ZS.json
Malaysia,MYS,2018,IT.NET.USER.ZS,Individuals using the Internet (% of population),81.2010486181174,,https://api.worldbank.org/v2/country/IDN;MYS;VNM;THA;PHL;SGP;BRN;KHM;LAO;MMR;TLS/indicator/IT.NET.USER.ZS?format=json&date=2000:2025&per_page=20000,raw/worldbank/15e5aa266276_IT.NET.USER.ZS.json
Malaysia,MYS,2017,IT.NET.USER.ZS,Individuals using the Internet (% of population),80.1404790103961,,https://api.worldbank.org/v2/country/IDN;MYS;VNM;THA;PHL;SGP;BRN;KHM;LAO;MMR;TLS/indicator/IT.NET.USER.ZS?format=json&date=2000:2025&per_page=20000,raw/worldbank/15e5aa266276_IT.NET.USER.ZS.json
Malaysia,MYS,2016,IT.NET.USER.ZS,Individuals using the Internet (% of population),78.7883099275229,,https://api.worldbank.org/v2/country/IDN;MYS;VNM;THA;PHL;SGP;BRN;KHM;LAO;MMR;TLS/indicator/IT.NET.USER.ZS?format=json&date=2000:2025&per_page=20000,raw/worldbank/15e5aa266276_IT.NET.USER.ZS.json
Malaysia,MYS,2015,IT.NET.USER.ZS,Individuals using the Internet (% of population),71.0640678111957,,https://api.worldbank.org/v2/country/IDN;MYS;VNM;THA;PHL;SGP;BRN;KHM;LAO;MMR;TLS/indicator/IT.NET.USER.ZS?format=json&date=2000:2025&per_page=20000,raw/worldbank/15e5aa266276_IT.NET.USER.ZS.json
Malaysia,MYS,2014,IT.NET.USER.ZS,Individuals using the Internet (% of population),63.6654258813225,,https://api.worldbank.org/v2/country/IDN;MYS;VNM;THA;PHL;SGP;BRN;KHM;LAO;MMR;TLS/indicator/IT.NET.USER.ZS?format=json&date=2000:2025&per_page=20000,raw/worldbank/15e5aa266276_IT.NET.USER.ZS.json
Malaysia,MYS,2013,IT.NET.USER.ZS,Individuals using the Internet (% of population),57.05751226,,https://api.worldbank.org/v2/country/IDN;MYS;VNM;THA;PHL;SGP;BRN;KHM;LAO;MMR;TLS/indicator/IT.NET.USER.ZS?format=json&date=2000:2025&per_page=20000,raw/worldbank/15e5aa266276_IT.NET.USER.ZS.json
Malaysia,MYS,2012,IT.NET.USER.ZS,Individuals using the Internet (% of population),65.8,,https://api.worldbank.org/v2/country/IDN;MYS;VNM;THA;PHL;SGP;BRN;KHM;LAO;MMR;TLS/indicator/IT.NET.USER.ZS?format=json&date=2000:2025&per_page=20000,raw/worldbank/15e5aa266276_IT.NET.USER.ZS.json
Malaysia,MYS,2011,IT.NET.USER.ZS,Individuals using the Internet (% of population),61,,https://api.worldbank.org/v2/country/IDN;MYS;VNM;THA;PHL;SGP;BRN;KHM;LAO;MMR;TLS/indicator/IT.NET.USER.ZS?format=json&date=2000:2025&per_page=20000,raw/worldbank/15e5aa266276_IT.NET.USER.ZS.json
Malaysia,MYS,2010,IT.NET.USER.ZS,Individuals using the Internet (% of population),56.3,,https://api.worldbank.org/v2/country/IDN;MYS;VNM;THA;PHL;SGP;BRN;KHM;LAO;MMR;TLS/indicator/IT.NET.USER.ZS?format=json&date=2000:2025&per_page=20000,raw/worldbank/15e5aa266276_IT.NET.USER.ZS.json
Malaysia,MYS,2009,IT.NET.USER.ZS,Individuals using the Internet (% of population),55.9,,https://api.worldbank.org/v2/country/IDN;MYS;VNM;THA;PHL;SGP;BRN;KHM;LAO;MMR;TLS/indicator/IT.NET.USER.ZS?format=json&date=2000:2025&per_page=20000,raw/worldbank/15e5aa266276_IT.NET.USER.ZS.json
Malaysia,MYS,2008,IT.NET.USER.ZS,Individuals using the Internet (% of population),55.8,,https://api.worldbank.org/v2/country/IDN;MYS;VNM;THA;PHL;SGP;BRN;KHM;LAO;MMR;TLS/indicator/IT.NET.USER.ZS?format=json&date=2000:2025&per_page=20000,raw/worldbank/15e5aa266276_IT.NET.USER.ZS.json
Malaysia,MYS,2007,IT.NET.USER.ZS,Individuals using the Internet (% of population),55.7,,https://api.worldbank.org/v2/country/IDN;MYS;VNM;THA;PHL;SGP;BRN;KHM;LAO;MMR;TLS/indicator/IT.NET.USER.ZS?format=json&date=2000:2025&per_page=20000,raw/worldbank/15e5aa266276_IT.NET.USER.ZS.json
Malaysia,MYS,2006,IT.NET.USER.ZS,Individuals using the Internet (% of population),51.6379889864403,,https://api.worldbank.org/v2/country/IDN;MYS;VNM;THA;PHL;SGP;BRN;KHM;LAO;MMR;TLS/indicator/IT.NET.USER.ZS?format=json&date=2000:2025&per_page=20000,raw/worldbank/15e5aa266276_IT.NET.USER.ZS.json
Malaysia,MYS,2005,IT.NET.USER.ZS,Individuals using the Internet (% of population),48.6291702459839,,https://api.worldbank.org/v2/country/IDN;MYS;VNM;THA;PHL;SGP;BRN;KHM;LAO;MMR;TLS/indicator/IT.NET.USER.ZS?format=json&date=2000:2025&per_page=20000,raw/worldbank/15e5aa266276_IT.NET.USER.ZS.json
Malaysia,MYS,2004,IT.NET.USER.ZS,Individuals using the Internet (% of population),42.2522656295248,,https://api.worldbank.org/v2/country/IDN;MYS;VNM;THA;PHL;SGP;BRN;KHM;LAO;MMR;TLS/indicator/IT.NET.USER.ZS?format=json&date=2000:2025&per_page=20000,raw/worldbank/15e5aa266276_IT.NET.USER.ZS.json
Malaysia,MYS,2003,IT.NET.USER.ZS,Individuals using the Internet (% of population),34.9711523397291,,https://api.worldbank.org/v2/country/IDN;MYS;VNM;THA;PHL;SGP;BRN;KHM;LAO;MMR;TLS/indicator/IT.NET.USER.ZS?format=json&date=2000:2025&per_page=20000,raw/worldbank/15e5aa266276_IT.NET.USER.ZS.json
Malaysia,MYS,2002,IT.NET.USER.ZS,Individuals using the Internet (% of population),32.3382043389359,,https://api.worldbank.org/v2/country/IDN;MYS;VNM;THA;PHL;SGP;BRN;KHM;LAO;MMR;TLS/indicator/IT.NET.USER.ZS?format=json&date=2000:2025&per_page=20000,raw/worldbank/15e5aa266276_IT.NET.USER.ZS.json
Malaysia,MYS,2001,IT.NET.USER.ZS,Individuals using the Internet (% of population),26.6959725007084,,https://api.worldbank.org/v2/country/IDN;MYS;VNM;THA;PHL;SGP;BRN;KHM;LAO;MMR;TLS/indicator/IT.NET.USER.ZS?format=json&date=2000:2025&per_page=20000,raw/worldbank/15e5aa266276_IT.NET.USER.ZS.json
Malaysia,MYS,2000,IT.NET.USER.ZS,Individuals using the Internet (% of population),21.3847311644538,,https://api.worldbank.org/v2/country/IDN;MYS;VNM;THA;PHL;SGP;BRN;KHM;LAO;MMR;TLS/indicator/IT.NET.USER.ZS?format=json&date=2000:2025&per_page=20000,raw/worldbank/15e5aa266276_IT.NET.USER.ZS.json
Philippines,PHL,2025,IT.NET.USER.ZS,Individuals using the Internet (% of population),,,https://api.worldbank.org/v2/country/IDN;MYS;VNM;THA;PHL;SGP;BRN;KHM;LAO;MMR;TLS/indicator/IT.NET.USER.ZS?format=json&date=2000:2025&per_page=20000,raw/worldbank/15e5aa266276_IT.NET.USER.ZS.json
Philippines,PHL,2024,IT.NET.USER.ZS,Individuals using the Internet (% of population),67.26300914,,https://api.worldbank.org/v2/country/IDN;MYS;VNM;THA;PHL;SGP;BRN;KHM;LAO;MMR;TLS/indicator/IT.NET.USER.ZS?format=json&date=2000:2025&per_page=20000,raw/worldbank/15e5aa266276_IT.NET.USER.ZS.json
Philippines,PHL,2023,IT.NET.USER.ZS,Individuals using the Internet (% of population),77.86699677,,https://api.worldbank.org/v2/country/IDN;MYS;VNM;THA;PHL;SGP;BRN;KHM;LAO;MMR;TLS/indicator/IT.NET.USER.ZS?format=json&date=2000:2025&per_page=20000,raw/worldbank/15e5aa266276_IT.NET.USER.ZS.json
Philippines,PHL,2022,IT.NET.USER.ZS,Individuals using the Internet (% of population),75.21114422,,https://api.worldbank.org/v2/country/IDN;MYS;VNM;THA;PHL;SGP;BRN;KHM;LAO;MMR;TLS/indicator/IT.NET.USER.ZS?format=json&date=2000:2025&per_page=20000,raw/worldbank/15e5aa266276_IT.NET.USER.ZS.json
Philippines,PHL,2021,IT.NET.USER.ZS,Individuals using the Internet (% of population),66.90779877,,https://api.worldbank.org/v2/country/IDN;MYS;VNM;THA;PHL;SGP;BRN;KHM;LAO;MMR;TLS/indicator/IT.NET.USER.ZS?format=json&date=2000:2025&per_page=20000,raw/worldbank/15e5aa266276_IT.NET.USER.ZS.json
Philippines,PHL,2020,IT.NET.USER.ZS,Individuals using the Internet (% of population),53.76490021,,https://api.worldbank.org/v2/country/IDN;MYS;VNM;THA;PHL;SGP;BRN;KHM;LAO;MMR;TLS/indicator/IT.NET.USER.ZS?format=json&date=2000:2025&per_page=20000,raw/worldbank/15e5aa266276_IT.NET.USER.ZS.json
Philippines,PHL,2019,IT.NET.USER.ZS,Individuals using the Internet (% of population),43.0266118680279,,https://api.worldbank.org/v2/country/IDN;MYS;VNM;THA;PHL;SGP;BRN;KHM;LAO;MMR;TLS/indicator/IT.NET.USER.ZS?format=json&date=2000:2025&per_page=20000,raw/worldbank/15e5aa266276_IT.NET.USER.ZS.json
Philippines,PHL,2018,IT.NET.USER.ZS,Individuals using the Internet (% of population),44.09999847,,https://api.worldbank.org/v2/country/IDN;MYS;VNM;THA;PHL;SGP;BRN;KHM;LAO;MMR;TLS/indicator/IT.NET.USER.ZS?format=json&date=2000:2025&per_page=20000,raw/worldbank/15e5aa266276_IT.NET.USER.ZS.json
Philippines,PHL,2017,IT.NET.USER.ZS,Individuals using the Internet (% of population),41.59999847,,https://api.worldbank.org/v2/country/IDN;MYS;VNM;THA;PHL;SGP;BRN;KHM;LAO;MMR;TLS/indicator/IT.NET.USER.ZS?format=json&date=2000:2025&per_page=20000,raw/worldbank/15e5aa266276_IT.NET.USER.ZS.json
Philippines,PHL,2016,IT.NET.USER.ZS,Individuals using the Internet (% of population),39.20000076,,https://api.worldbank.org/v2/country/IDN;MYS;VNM;THA;PHL;SGP;BRN;KHM;LAO;MMR;TLS/indicator/IT.NET.USER.ZS?format=json&date=2000:2025&per_page=20000,raw/worldbank/15e5aa266276_IT.NET.USER.ZS.json
Philippines,PHL,2015,IT.NET.USER.ZS,Individuals using the Internet (% of population),36.90000153,,https://api.worldbank.org/v2/country/IDN;MYS;VNM;THA;PHL;SGP;BRN;KHM;LAO;MMR;TLS/indicator/IT.NET.USER.ZS?format=json&date=2000:2025&per_page=20000,raw/worldbank/15e5aa266276_IT.NET.USER.ZS.json
Philippines,PHL,2014,IT.NET.USER.ZS,Individuals using the Internet (% of population),34.70000076,,https://api.worldbank.org/v2/country/IDN;MYS;VNM;THA;PHL;SGP;BRN;KHM;LAO;MMR;TLS/indicator/IT.NET.USER.ZS?format=json&date=2000:2025&per_page=20000,raw/worldbank/15e5aa266276_IT.NET.USER.ZS.json
Philippines,PHL,2013,IT.NET.USER.ZS,Individuals using the Internet (% of population),32.70000076,,https://api.worldbank.org/v2/country/IDN;MYS;VNM;THA;PHL;SGP;BRN;KHM;LAO;MMR;TLS/indicator/IT.NET.USER.ZS?format=json&date=2000:2025&per_page=20000,raw/worldbank/15e5aa266276_IT.NET.USER.ZS.json
Philippines,PHL,2012,IT.NET.USER.ZS,Individuals using the Internet (% of population),30.79999924,,https://api.worldbank.org/v2/country/IDN;MYS;VNM;THA;PHL;SGP;BRN;KHM;LAO;MMR;TLS/indicator/IT.NET.USER.ZS?format=json&date=2000:2025&per_page=20000,raw/worldbank/15e5aa266276_IT.NET.USER.ZS.json
Philippines,PHL,2011,IT.NET.USER.ZS,Individuals using the Internet (% of population),29,,https://api.worldbank.org/v2/country/IDN;MYS;VNM;THA;PHL;SGP;BRN;KHM;LAO;MMR;TLS/indicator/IT.NET.USER.ZS?format=json&date=2000:2025&per_page=20000,raw/worldbank/15e5aa266276_IT.NET.USER.ZS.json
Philippines,PHL,2010,IT.NET.USER.ZS,Individuals using the Internet (% of population),25,,https://api.worldbank.org/v2/country/IDN;MYS;VNM;THA;PHL;SGP;BRN;KHM;LAO;MMR;TLS/indicator/IT.NET.USER.ZS?format=json&date=2000:2025&per_page=20000,raw/worldbank/15e5aa266276_IT.NET.USER.ZS.json
Philippines,PHL,2009,IT.NET.USER.ZS,Individuals using the Internet (% of population),9,,https://api.worldbank.org/v2/country/IDN;MYS;VNM;THA;PHL;SGP;BRN;KHM;LAO;MMR;TLS/indicator/IT.NET.USER.ZS?format=json&date=2000:2025&per_page=20000,raw/worldbank/15e5aa266276_IT.NET.USER.ZS.json
Philippines,PHL,2008,IT.NET.USER.ZS,Individuals using the Internet (% of population),6.22,,https://api.worldbank.org/v2/country/IDN;MYS;VNM;THA;PHL;SGP;BRN;KHM;LAO;MMR;TLS/indicator/IT.NET.USER.ZS?format=json&date=2000:2025&per_page=20000,raw/worldbank/15e5aa266276_IT.NET.USER.ZS.json
Philippines,PHL,2007,IT.NET.USER.ZS,Individuals using the Internet (% of population),5.97,,https://api.worldbank.org/v2/country/IDN;MYS;VNM;THA;PHL;SGP;BRN;KHM;LAO;MMR;TLS/indicator/IT.NET.USER.ZS?format=json&date=2000:2025&per_page=20000,raw/worldbank/15e5aa266276_IT.NET.USER.ZS.json
Philippines,PHL,2006,IT.NET.USER.ZS,Individuals using the Internet (% of population),5.74058632534702,,https://api.worldbank.org/v2/country/IDN;MYS;VNM;THA;PHL;SGP;BRN;KHM;LAO;MMR;TLS/indicator/IT.NET.USER.ZS?format=json&date=2000:2025&per_page=20000,raw/worldbank/15e5aa266276_IT.NET.USER.ZS.json
Philippines,PHL,2005,IT.NET.USER.ZS,Individuals using the Internet (% of population),5.397600174,,https://api.worldbank.org/v2/country/IDN;MYS;VNM;THA;PHL;SGP;BRN;KHM;LAO;MMR;TLS/indicator/IT.NET.USER.ZS?format=json&date=2000:2025&per_page=20000,raw/worldbank/15e5aa266276_IT.NET.USER.ZS.json
Philippines,PHL,2004,IT.NET.USER.ZS,Individuals using the Internet (% of population),5.2436284521711,,https://api.worldbank.org/v2/country/IDN;MYS;VNM;THA;PHL;SGP;BRN;KHM;LAO;MMR;TLS/indicator/IT.NET.USER.ZS?format=json&date=2000:2025&per_page=20000,raw/worldbank/15e5aa266276_IT.NET.USER.ZS.json
Philippines,PHL,2003,IT.NET.USER.ZS,Individuals using the Internet (% of population),4.85767226708512,,https://api.worldbank.org/v2/country/IDN;MYS;VNM;THA;PHL;SGP;BRN;KHM;LAO;MMR;TLS/indicator/IT.NET.USER.ZS?format=json&date=2000:2025&per_page=20000,raw/worldbank/15e5aa266276_IT.NET.USER.ZS.json
Philippines,PHL,2002,IT.NET.USER.ZS,Individuals using the Internet (% of population),4.33227574643007,,https://api.worldbank.org/v2/country/IDN;MYS;VNM;THA;PHL;SGP;BRN;KHM;LAO;MMR;TLS/indicator/IT.NET.USER.ZS?format=json&date=2000:2025&per_page=20000,raw/worldbank/15e5aa266276_IT.NET.USER.ZS.json
Philippines,PHL,2001,IT.NET.USER.ZS,Individuals using the Internet (% of population),2.52400566008269,,https://api.worldbank.org/v2/country/IDN;MYS;VNM;THA;PHL;SGP;BRN;KHM;LAO;MMR;TLS/indicator/IT.NET.USER.ZS?format=json&date=2000:2025&per_page=20000,raw/worldbank/15e5aa266276_IT.NET.USER.ZS.json
Philippines,PHL,2000,IT.NET.USER.ZS,Individuals using the Internet (% of population),1.98225319605827,,https://api.worldbank.org/v2/country/IDN;MYS;VNM;THA;PHL;SGP;BRN;KHM;LAO;MMR;TLS/indicator/IT.NET.USER.ZS?format=json&date=2000:2025&per_page=20000,raw/worldbank/15e5aa266276_IT.NET.USER.ZS.json
Singapore,SGP,2025,IT.NET.USER.ZS,Individuals using the Internet (% of population),,,https://api.worldbank.org/v2/country/IDN;MYS;VNM;THA;PHL;SGP;BRN;KHM;LAO;MMR;TLS/indicator/IT.NET.USER.ZS?format=json&date=2000:2025&per_page=20000,raw/worldbank/15e5aa266276_IT.NET.USER.ZS.json
Singapore,SGP,2024,IT.NET.USER.ZS,Individuals using the Internet (% of population),94.37757178,,https://api.worldbank.org/v2/country/IDN;MYS;VNM;THA;PHL;SGP;BRN;KHM;LAO;MMR;TLS/indicator/IT.NET.USER.ZS?format=json&date=2000:2025&per_page=20000,raw/worldbank/15e5aa266276_IT.NET.USER.ZS.json
Singapore,SGP,2023,IT.NET.USER.ZS,Individuals using the Internet (% of population),94.28518987,,https://api.worldbank.org/v2/country/IDN;MYS;VNM;THA;PHL;SGP;BRN;KHM;LAO;MMR;TLS/indicator/IT.NET.USER.ZS?format=json&date=2000:2025&per_page=20000,raw/worldbank/15e5aa266276_IT.NET.USER.ZS.json
Singapore,SGP,2022,IT.NET.USER.ZS,Individuals using the Internet (% of population),95.95386476,,https://api.worldbank.org/v2/country/IDN;MYS;VNM;THA;PHL;SGP;BRN;KHM;LAO;MMR;TLS/indicator/IT.NET.USER.ZS?format=json&date=2000:2025&per_page=20000,raw/worldbank/15e5aa266276_IT.NET.USER.ZS.json
Singapore,SGP,2021,IT.NET.USER.ZS,Individuals using the Internet (% of population),96.92468156,,https://api.worldbank.org/v2/country/IDN;MYS;VNM;THA;PHL;SGP;BRN;KHM;LAO;MMR;TLS/indicator/IT.NET.USER.ZS?format=json&date=2000:2025&per_page=20000,raw/worldbank/15e5aa266276_IT.NET.USER.ZS.json
Singapore,SGP,2020,IT.NET.USER.ZS,Individuals using the Internet (% of population),92.00434653,,https://api.worldbank.org/v2/country/IDN;MYS;VNM;THA;PHL;SGP;BRN;KHM;LAO;MMR;TLS/indicator/IT.NET.USER.ZS?format=json&date=2000:2025&per_page=20000,raw/worldbank/15e5aa266276_IT.NET.USER.ZS.json
Singapore,SGP,2019,IT.NET.USER.ZS,Individuals using the Internet (% of population),88.9492526850762,,https://api.worldbank.org/v2/country/IDN;MYS;VNM;THA;PHL;SGP;BRN;KHM;LAO;MMR;TLS/indicator/IT.NET.USER.ZS?format=json&date=2000:2025&per_page=20000,raw/worldbank/15e5aa266276_IT.NET.USER.ZS.json
Singapore,SGP,2018,IT.NET.USER.ZS,Individuals using the Internet (% of population),88.1656360313447,,https://api.worldbank.org/v2/country/IDN;MYS;VNM;THA;PHL;SGP;BRN;KHM;LAO;MMR;TLS/indicator/IT.NET.USER.ZS?format=json&date=2000:2025&per_page=20000,raw/worldbank/15e5aa266276_IT.NET.USER.ZS.json
Singapore,SGP,2017,IT.NET.USER.ZS,Individuals using the Internet (% of population),84.4522678893074,,https://api.worldbank.org/v2/country/IDN;MYS;VNM;THA;PHL;SGP;BRN;KHM;LAO;MMR;TLS/indicator/IT.NET.USER.ZS?format=json&date=2000:2025&per_page=20000,raw/worldbank/15e5aa266276_IT.NET.USER.ZS.json
Singapore,SGP,2016,IT.NET.USER.ZS,Individuals using the Internet (% of population),84.4522678893074,,https://api.worldbank.org/v2/country/IDN;MYS;VNM;THA;PHL;SGP;BRN;KHM;LAO;MMR;TLS/indicator/IT.NET.USER.ZS?format=json&date=2000:2025&per_page=20000,raw/worldbank/15e5aa266276_IT.NET.USER.ZS.json
Singapore,SGP,2015,IT.NET.USER.ZS,Individuals using the Internet (% of population),79.0129570025584,,https://api.worldbank.org/v2/country/IDN;MYS;VNM;THA;PHL;SGP;BRN;KHM;LAO;MMR;TLS/indicator/IT.NET.USER.ZS?format=json&date=2000:2025&per_page=20000,raw/worldbank/15e5aa266276_IT.NET.USER.ZS.json
Singapore,SGP,2014,IT.NET.USER.ZS,Individuals using the Internet (% of population),79.0292358633435,,https://api.worldbank.org/v2/country/IDN;MYS;VNM;THA;PHL;SGP;BRN;KHM;LAO;MMR;TLS/indicator/IT.NET.USER.ZS?format=json&date=2000:2025&per_page=20000,raw/worldbank/15e5aa266276_IT.NET.USER.ZS.json
Singapore,SGP,2013,IT.NET.USER.ZS,Individuals using the Internet (% of population),80.90209961,,https://api.worldbank.org/v2/country/IDN;MYS;VNM;THA;PHL;SGP;BRN;KHM;LAO;MMR;TLS/indicator/IT.NET.USER.ZS?format=json&date=2000:2025&per_page=20000,raw/worldbank/15e5aa266276_IT.NET.USER.ZS.json
Singapore,SGP,2012,IT.NET.USER.ZS,Individuals using the Internet (% of population),72,,https://api.worldbank.org/v2/country/IDN;MYS;VNM;THA;PHL;SGP;BRN;KHM;LAO;MMR;TLS/indicator/IT.NET.USER.ZS?format=json&date=2000:2025&per_page=20000,raw/worldbank/15e5aa266276_IT.NET.USER.ZS.json
Singapore,SGP,2011,IT.NET.USER.ZS,Individuals using the Internet (% of population),71,,https://api.worldbank.org/v2/country/IDN;MYS;VNM;THA;PHL;SGP;BRN;KHM;LAO;MMR;TLS/indicator/IT.NET.USER.ZS?format=json&date=2000:2025&per_page=20000,raw/worldbank/15e5aa266276_IT.NET.USER.ZS.json
Singapore,SGP,2010,IT.NET.USER.ZS,Individuals using the Internet (% of population),71,,https://api.worldbank.org/v2/country/IDN;MYS;VNM;THA;PHL;SGP;BRN;KHM;LAO;MMR;TLS/indicator/IT.NET.USER.ZS?format=json&date=2000:2025&per_page=20000,raw/worldbank/15e5aa266276_IT.NET.USER.ZS.json
Singapore,SGP,2009,IT.NET.USER.ZS,Individuals using the Internet (% of population),69,,https://api.worldbank.org/v2/country/IDN;MYS;VNM;THA;PHL;SGP;BRN;KHM;LAO;MMR;TLS/indicator/IT.NET.USER.ZS?format=json&date=2000:2025&per_page=20000,raw/worldbank/15e5aa266276_IT.NET.USER.ZS.json
Singapore,SGP,2008,IT.NET.USER.ZS,Individuals using the Internet (% of population),69,,https://api.worldbank.org/v2/country/IDN;MYS;VNM;THA;PHL;SGP;BRN;KHM;LAO;MMR;TLS/indicator/IT.NET.USER.ZS?format=json&date=2000:2025&per_page=20000,raw/worldbank/15e5aa266276_IT.NET.USER.ZS.json
Singapore,SGP,2007,IT.NET.USER.ZS,Individuals using the Internet (% of population),69.9,,https://api.worldbank.org/v2/country/IDN;MYS;VNM;THA;PHL;SGP;BRN;KHM;LAO;MMR;TLS/indicator/IT.NET.USER.ZS?format=json&date=2000:2025&per_page=20000,raw/worldbank/15e5aa266276_IT.NET.USER.ZS.json
Singapore,SGP,2006,IT.NET.USER.ZS,Individuals using the Internet (% of population),59,,https://api.worldbank.org/v2/country/IDN;MYS;VNM;THA;PHL;SGP;BRN;KHM;LAO;MMR;TLS/indicator/IT.NET.USER.ZS?format=json&date=2000:2025&per_page=20000,raw/worldbank/15e5aa266276_IT.NET.USER.ZS.json
Singapore,SGP,2005,IT.NET.USER.ZS,Individuals using the Internet (% of population),61,,https://api.worldbank.org/v2/country/IDN;MYS;VNM;THA;PHL;SGP;BRN;KHM;LAO;MMR;TLS/indicator/IT.NET.USER.ZS?format=json&date=2000:2025&per_page=20000,raw/worldbank/15e5aa266276_IT.NET.USER.ZS.json
Singapore,SGP,2004,IT.NET.USER.ZS,Individuals using the Internet (% of population),62,,https://api.worldbank.org/v2/country/IDN;MYS;VNM;THA;PHL;SGP;BRN;KHM;LAO;MMR;TLS/indicator/IT.NET.USER.ZS?format=json&date=2000:2025&per_page=20000,raw/worldbank/15e5aa266276_IT.NET.USER.ZS.json
Singapore,SGP,2003,IT.NET.USER.ZS,Individuals using the Internet (% of population),53.8379432881911,,https://api.worldbank.org/v2/country/IDN;MYS;VNM;THA;PHL;SGP;BRN;KHM;LAO;MMR;TLS/indicator/IT.NET.USER.ZS?format=json&date=2000:2025&per_page=20000,raw/worldbank/15e5aa266276_IT.NET.USER.ZS.json
Singapore,SGP,2002,IT.NET.USER.ZS,Individuals using the Internet (% of population),47,,https://api.worldbank.org/v2/country/IDN;MYS;VNM;THA;PHL;SGP;BRN;KHM;LAO;MMR;TLS/indicator/IT.NET.USER.ZS?format=json&date=2000:2025&per_page=20000,raw/worldbank/15e5aa266276_IT.NET.USER.ZS.json
Singapore,SGP,2001,IT.NET.USER.ZS,Individuals using the Internet (% of population),41.6704251756041,,https://api.worldbank.org/v2/country/IDN;MYS;VNM;THA;PHL;SGP;BRN;KHM;LAO;MMR;TLS/indicator/IT.NET.USER.ZS?format=json&date=2000:2025&per_page=20000,raw/worldbank/15e5aa266276_IT.NET.USER.ZS.json
Singapore,SGP,2000,IT.NET.USER.ZS,Individuals using the Internet (% of population),36,,https://api.worldbank.org/v2/country/IDN;MYS;VNM;THA;PHL;SGP;BRN;KHM;LAO;MMR;TLS/indicator/IT.NET.USER.ZS?format=json&date=2000:2025&per_page=20000,raw/worldbank/15e5aa266276_IT.NET.USER.ZS.json
Thailand,THA,2025,IT.NET.USER.ZS,Individuals using the Internet (% of population),,,https://api.worldbank.org/v2/country/IDN;MYS;VNM;THA;PHL;SGP;BRN;KHM;LAO;MMR;TLS/indicator/IT.NET.USER.ZS?format=json&date=2000:2025&per_page=20000,raw/worldbank/15e5aa266276_IT.NET.USER.ZS.json
Thailand,THA,2024,IT.NET.USER.ZS,Individuals using the Internet (% of population),90.86718789,,https://api.worldbank.org/v2/country/IDN;MYS;VNM;THA;PHL;SGP;BRN;KHM;LAO;MMR;TLS/indicator/IT.NET.USER.ZS?format=json&date=2000:2025&per_page=20000,raw/worldbank/15e5aa266276_IT.NET.USER.ZS.json
Thailand,THA,2023,IT.NET.USER.ZS,Individuals using the Internet (% of population),89.53525238,,https://api.worldbank.org/v2/country/IDN;MYS;VNM;THA;PHL;SGP;BRN;KHM;LAO;MMR;TLS/indicator/IT.NET.USER.ZS?format=json&date=2000:2025&per_page=20000,raw/worldbank/15e5aa266276_IT.NET.USER.ZS.json
Thailand,THA,2022,IT.NET.USER.ZS,Individuals using the Internet (% of population),87.97724503,,https://api.worldbank.org/v2/country/IDN;MYS;VNM;THA;PHL;SGP;BRN;KHM;LAO;MMR;TLS/indicator/IT.NET.USER.ZS?format=json&date=2000:2025&per_page=20000,raw/worldbank/15e5aa266276_IT.NET.USER.ZS.json
Thailand,THA,2021,IT.NET.USER.ZS,Individuals using the Internet (% of population),85.26956666,,https://api.worldbank.org/v2/country/IDN;MYS;VNM;THA;PHL;SGP;BRN;KHM;LAO;MMR;TLS/indicator/IT.NET.USER.ZS?format=json&date=2000:2025&per_page=20000,raw/worldbank/15e5aa266276_IT.NET.USER.ZS.json
Thailand,THA,2020,IT.NET.USER.ZS,Individuals using the Internet (% of population),77.84374066,,https://api.worldbank.org/v2/country/IDN;MYS;VNM;THA;PHL;SGP;BRN;KHM;LAO;MMR;TLS/indicator/IT.NET.USER.ZS?format=json&date=2000:2025&per_page=20000,raw/worldbank/15e5aa266276_IT.NET.USER.ZS.json
Thailand,THA,2019,IT.NET.USER.ZS,Individuals using the Internet (% of population),66.6524194587528,,https://api.worldbank.org/v2/country/IDN;MYS;VNM;THA;PHL;SGP;BRN;KHM;LAO;MMR;TLS/indicator/IT.NET.USER.ZS?format=json&date=2000:2025&per_page=20000,raw/worldbank/15e5aa266276_IT.NET.USER.ZS.json
Thailand,THA,2018,IT.NET.USER.ZS,Individuals using the Internet (% of population),56.8174809301456,,https://api.worldbank.org/v2/country/IDN;MYS;VNM;THA;PHL;SGP;BRN;KHM;LAO;MMR;TLS/indicator/IT.NET.USER.ZS?format=json&date=2000:2025&per_page=20000,raw/worldbank/15e5aa266276_IT.NET.USER.ZS.json
Thailand,THA,2017,IT.NET.USER.ZS,Individuals using the Internet (% of population),52.8919293439676,,https://api.worldbank.org/v2/country/IDN;MYS;VNM;THA;PHL;SGP;BRN;KHM;LAO;MMR;TLS/indicator/IT.NET.USER.ZS?format=json&date=2000:2025&per_page=20000,raw/worldbank/15e5aa266276_IT.NET.USER.ZS.json
Thailand,THA,2016,IT.NET.USER.ZS,Individuals using the Internet (% of population),47.5049656215909,,https://api.worldbank.org/v2/country/IDN;MYS;VNM;THA;PHL;SGP;BRN;KHM;LAO;MMR;TLS/indicator/IT.NET.USER.ZS?format=json&date=2000:2025&per_page=20000,raw/worldbank/15e5aa266276_IT.NET.USER.ZS.json
Thailand,THA,2015,IT.NET.USER.ZS,Individuals using the Internet (% of population),39.3161267365004,,https://api.worldbank.org/v2/country/IDN;MYS;VNM;THA;PHL;SGP;BRN;KHM;LAO;MMR;TLS/indicator/IT.NET.USER.ZS?format=json&date=2000:2025&per_page=20000,raw/worldbank/15e5aa266276_IT.NET.USER.ZS.json
Thailand,THA,2014,IT.NET.USER.ZS,Individuals using the Internet (% of population),34.8860535783465,,https://api.worldbank.org/v2/country/IDN;MYS;VNM;THA;PHL;SGP;BRN;KHM;LAO;MMR;TLS/indicator/IT.NET.USER.ZS?format=json&date=2000:2025&per_page=20000,raw/worldbank/15e5aa266276_IT.NET.USER.ZS.json
Thailand,THA,2013,IT.NET.USER.ZS,Individuals using the Internet (% of population),28.94,,https://api.worldbank.org/v2/country/IDN;MYS;VNM;THA;PHL;SGP;BRN;KHM;LAO;MMR;TLS/indicator/IT.NET.USER.ZS?format=json&date=2000:2025&per_page=20000,raw/worldbank/15e5aa266276_IT.NET.USER.ZS.json
Thailand,THA,2012,IT.NET.USER.ZS,Individuals using the Internet (% of population),26.46,,https://api.worldbank.org/v2/country/IDN;MYS;VNM;THA;PHL;SGP;BRN;KHM;LAO;MMR;TLS/indicator/IT.NET.USER.ZS?format=json&date=2000:2025&per_page=20000,raw/worldbank/15e5aa266276_IT.NET.USER.ZS.json
Thailand,THA,2011,IT.NET.USER.ZS,Individuals using the Internet (% of population),23.669925618731,,https://api.worldbank.org/v2/country/IDN;MYS;VNM;THA;PHL;SGP;BRN;KHM;LAO;MMR;TLS/indicator/IT.NET.USER.ZS?format=json&date=2000:2025&per_page=20000,raw/worldbank/15e5aa266276_IT.NET.USER.ZS.json
Thailand,THA,2010,IT.NET.USER.ZS,Individuals using the Internet (% of population),22.4,,https://api.worldbank.org/v2/country/IDN;MYS;VNM;THA;PHL;SGP;BRN;KHM;LAO;MMR;TLS/indicator/IT.NET.USER.ZS?format=json&date=2000:2025&per_page=20000,raw/worldbank/15e5aa266276_IT.NET.USER.ZS.json
Thailand,THA,2009,IT.NET.USER.ZS,Individuals using the Internet (% of population),20.1,,https://api.worldbank.org/v2/country/IDN;MYS;VNM;THA;PHL;SGP;BRN;KHM;LAO;MMR;TLS/indicator/IT.NET.USER.ZS?format=json&date=2000:2025&per_page=20000,raw/worldbank/15e5aa266276_IT.NET.USER.ZS.json
Thailand,THA,2008,IT.NET.USER.ZS,Individuals using the Internet (% of population),18.2,,https://api.worldbank.org/v2/country/IDN;MYS;VNM;THA;PHL;SGP;BRN;KHM;LAO;MMR;TLS/indicator/IT.NET.USER.ZS?format=json&date=2000:2025&per_page=20000,raw/worldbank/15e5aa266276_IT.NET.USER.ZS.json
Thailand,THA,2007,IT.NET.USER.ZS,Individuals using the Internet (% of population),20.03,,https://api.worldbank.org/v2/country/IDN;MYS;VNM;THA;PHL;SGP;BRN;KHM;LAO;MMR;TLS/indicator/IT.NET.USER.ZS?format=json&date=2000:2025&per_page=20000,raw/worldbank/15e5aa266276_IT.NET.USER.ZS.json
Thailand,THA,2006,IT.NET.USER.ZS,Individuals using the Internet (% of population),17.1607147169285,,https://api.worldbank.org/v2/country/IDN;MYS;VNM;THA;PHL;SGP;BRN;KHM;LAO;MMR;TLS/indicator/IT.NET.USER.ZS?format=json&date=2000:2025&per_page=20000,raw/worldbank/15e5aa266276_IT.NET.USER.ZS.json
Thailand,THA,2005,IT.NET.USER.ZS,Individuals using the Internet (% of population),15.0260043588909,,https://api.worldbank.org/v2/country/IDN;MYS;VNM;THA;PHL;SGP;BRN;KHM;LAO;MMR;TLS/indicator/IT.NET.USER.ZS?format=json&date=2000:2025&per_page=20000,raw/worldbank/15e5aa266276_IT.NET.USER.ZS.json
Thailand,THA,2004,IT.NET.USER.ZS,Individuals using the Internet (% of population),10.6773033237281,,https://api.worldbank.org/v2/country/IDN;MYS;VNM;THA;PHL;SGP;BRN;KHM;LAO;MMR;TLS/indicator/IT.NET.USER.ZS?format=json&date=2000:2025&per_page=20000,raw/worldbank/15e5aa266276_IT.NET.USER.ZS.json
Thailand,THA,2003,IT.NET.USER.ZS,Individuals using the Internet (% of population),9.29902723805965,,https://api.worldbank.org/v2/country/IDN;MYS;VNM;THA;PHL;SGP;BRN;KHM;LAO;MMR;TLS/indicator/IT.NET.USER.ZS?format=json&date=2000:2025&per_page=20000,raw/worldbank/15e5aa266276_IT.NET.USER.ZS.json
Thailand,THA,2002,IT.NET.USER.ZS,Individuals using the Internet (% of population),7.53125033488567,,https://api.worldbank.org/v2/country/IDN;MYS;VNM;THA;PHL;SGP;BRN;KHM;LAO;MMR;TLS/indicator/IT.NET.USER.ZS?format=json&date=2000:2025&per_page=20000,raw/worldbank/15e5aa266276_IT.NET.USER.ZS.json
Thailand,THA,2001,IT.NET.USER.ZS,Individuals using the Internet (% of population),5.55632612097332,,https://api.worldbank.org/v2/country/IDN;MYS;VNM;THA;PHL;SGP;BRN;KHM;LAO;MMR;TLS/indicator/IT.NET.USER.ZS?format=json&date=2000:2025&per_page=20000,raw/worldbank/15e5aa266276_IT.NET.USER.ZS.json
Thailand,THA,2000,IT.NET.USER.ZS,Individuals using the Internet (% of population),3.68904127944164,,https://api.worldbank.org/v2/country/IDN;MYS;VNM;THA;PHL;SGP;BRN;KHM;LAO;MMR;TLS/indicator/IT.NET.USER.ZS?format=json&date=2000:2025&per_page=20000,raw/worldbank/15e5aa266276_IT.NET.USER.ZS.json
Timor-Leste,TLS,2025,IT.NET.USER.ZS,Individuals using the Internet (% of population),,,https://api.worldbank.org/v2/country/IDN;MYS;VNM;THA;PHL;SGP;BRN;KHM;LAO;MMR;TLS/indicator/IT.NET.USER.ZS?format=json&date=2000:2025&per_page=20000,raw/worldbank/15e5aa266276_IT.NET.USER.ZS.json
Timor-Leste,TLS,2024,IT.NET.USER.ZS,Individuals using the Internet (% of population),,,https://api.worldbank.org/v2/country/IDN;MYS;VNM;THA;PHL;SGP;BRN;KHM;LAO;MMR;TLS/indicator/IT.NET.USER.ZS?format=json&date=2000:2025&per_page=20000,raw/worldbank/15e5aa266276_IT.NET.USER.ZS.json
Timor-Leste,TLS,2023,IT.NET.USER.ZS,Individuals using the Internet (% of population),,,https://api.worldbank.org/v2/country/IDN;MYS;VNM;THA;PHL;SGP;BRN;KHM;LAO;MMR;TLS/indicator/IT.NET.USER.ZS?format=json&date=2000:2025&per_page=20000,raw/worldbank/15e5aa266276_IT.NET.USER.ZS.json
Timor-Leste,TLS,2022,IT.NET.USER.ZS,Individuals using the Internet (% of population),,,https://api.worldbank.org/v2/country/IDN;MYS;VNM;THA;PHL;SGP;BRN;KHM;LAO;MMR;TLS/indicator/IT.NET.USER.ZS?format=json&date=2000:2025&per_page=20000,raw/worldbank/15e5aa266276_IT.NET.USER.ZS.json
Timor-Leste,TLS,2021,IT.NET.USER.ZS,Individuals using the Internet (% of population),35.04199982,,https://api.worldbank.org/v2/country/IDN;MYS;VNM;THA;PHL;SGP;BRN;KHM;LAO;MMR;TLS/indicator/IT.NET.USER.ZS?format=json&date=2000:2025&per_page=20000,raw/worldbank/15e5aa266276_IT.NET.USER.ZS.json
Timor-Leste,TLS,2020,IT.NET.USER.ZS,Individuals using the Internet (% of population),32.01269913,,https://api.worldbank.org/v2/country/IDN;MYS;VNM;THA;PHL;SGP;BRN;KHM;LAO;MMR;TLS/indicator/IT.NET.USER.ZS?format=json&date=2000:2025&per_page=20000,raw/worldbank/15e5aa266276_IT.NET.USER.ZS.json
Timor-Leste,TLS,2019,IT.NET.USER.ZS,Individuals using the Internet (% of population),28.00460052,,https://api.worldbank.org/v2/country/IDN;MYS;VNM;THA;PHL;SGP;BRN;KHM;LAO;MMR;TLS/indicator/IT.NET.USER.ZS?format=json&date=2000:2025&per_page=20000,raw/worldbank/15e5aa266276_IT.NET.USER.ZS.json
Timor-Leste,TLS,2018,IT.NET.USER.ZS,Individuals using the Internet (% of population),27.60000038,,https://api.worldbank.org/v2/country/IDN;MYS;VNM;THA;PHL;SGP;BRN;KHM;LAO;MMR;TLS/indicator/IT.NET.USER.ZS?format=json&date=2000:2025&per_page=20000,raw/worldbank/15e5aa266276_IT.NET.USER.ZS.json
Timor-Leste,TLS,2017,IT.NET.USER.ZS,Individuals using the Internet (% of population),24.20000076,,https://api.worldbank.org/v2/country/IDN;MYS;VNM;THA;PHL;SGP;BRN;KHM;LAO;MMR;TLS/indicator/IT.NET.USER.ZS?format=json&date=2000:2025&per_page=20000,raw/worldbank/15e5aa266276_IT.NET.USER.ZS.json
Timor-Leste,TLS,2016,IT.NET.USER.ZS,Individuals using the Internet (% of population),21.20000076,,https://api.worldbank.org/v2/country/IDN;MYS;VNM;THA;PHL;SGP;BRN;KHM;LAO;MMR;TLS/indicator/IT.NET.USER.ZS?format=json&date=2000:2025&per_page=20000,raw/worldbank/15e5aa266276_IT.NET.USER.ZS.json
Timor-Leste,TLS,2015,IT.NET.USER.ZS,Individuals using the Internet (% of population),18.60000038,,https://api.worldbank.org/v2/country/IDN;MYS;VNM;THA;PHL;SGP;BRN;KHM;LAO;MMR;TLS/indicator/IT.NET.USER.ZS?format=json&date=2000:2025&per_page=20000,raw/worldbank/15e5aa266276_IT.NET.USER.ZS.json
Timor-Leste,TLS,2014,IT.NET.USER.ZS,Individuals using the Internet (% of population),17.5,,https://api.worldbank.org/v2/country/IDN;MYS;VNM;THA;PHL;SGP;BRN;KHM;LAO;MMR;TLS/indicator/IT.NET.USER.ZS?format=json&date=2000:2025&per_page=20000,raw/worldbank/15e5aa266276_IT.NET.USER.ZS.json
Timor-Leste,TLS,2013,IT.NET.USER.ZS,Individuals using the Internet (% of population),11,,https://api.worldbank.org/v2/country/IDN;MYS;VNM;THA;PHL;SGP;BRN;KHM;LAO;MMR;TLS/indicator/IT.NET.USER.ZS?format=json&date=2000:2025&per_page=20000,raw/worldbank/15e5aa266276_IT.NET.USER.ZS.json
Timor-Leste,TLS,2012,IT.NET.USER.ZS,Individuals using the Internet (% of population),7,,https://api.worldbank.org/v2/country/IDN;MYS;VNM;THA;PHL;SGP;BRN;KHM;LAO;MMR;TLS/indicator/IT.NET.USER.ZS?format=json&date=2000:2025&per_page=20000,raw/worldbank/15e5aa266276_IT.NET.USER.ZS.json
Timor-Leste,TLS,2011,IT.NET.USER.ZS,Individuals using the Internet (% of population),4,,https://api.worldbank.org/v2/country/IDN;MYS;VNM;THA;PHL;SGP;BRN;KHM;LAO;MMR;TLS/indicator/IT.NET.USER.ZS?format=json&date=2000:2025&per_page=20000,raw/worldbank/15e5aa266276_IT.NET.USER.ZS.json
Timor-Leste,TLS,2010,IT.NET.USER.ZS,Individuals using the Internet (% of population),3,,https://api.worldbank.org/v2/country/IDN;MYS;VNM;THA;PHL;SGP;BRN;KHM;LAO;MMR;TLS/indicator/IT.NET.USER.ZS?format=json&date=2000:2025&per_page=20000,raw/worldbank/15e5aa266276_IT.NET.USER.ZS.json
Timor-Leste,TLS,2009,IT.NET.USER.ZS,Individuals using the Internet (% of population),2,,https://api.worldbank.org/v2/country/IDN;MYS;VNM;THA;PHL;SGP;BRN;KHM;LAO;MMR;TLS/indicator/IT.NET.USER.ZS?format=json&date=2000:2025&per_page=20000,raw/worldbank/15e5aa266276_IT.NET.USER.ZS.json
Timor-Leste,TLS,2008,IT.NET.USER.ZS,Individuals using the Internet (% of population),1.5,,https://api.worldbank.org/v2/country/IDN;MYS;VNM;THA;PHL;SGP;BRN;KHM;LAO;MMR;TLS/indicator/IT.NET.USER.ZS?format=json&date=2000:2025&per_page=20000,raw/worldbank/15e5aa266276_IT.NET.USER.ZS.json
Timor-Leste,TLS,2007,IT.NET.USER.ZS,Individuals using the Internet (% of population),1,,https://api.worldbank.org/v2/country/IDN;MYS;VNM;THA;PHL;SGP;BRN;KHM;LAO;MMR;TLS/indicator/IT.NET.USER.ZS?format=json&date=2000:2025&per_page=20000,raw/worldbank/15e5aa266276_IT.NET.USER.ZS.json
Timor-Leste,TLS,2006,IT.NET.USER.ZS,Individuals using the Internet (% of population),0.5,,https://api.worldbank.org/v2/country/IDN;MYS;VNM;THA;PHL;SGP;BRN;KHM;LAO;MMR;TLS/indicator/IT.NET.USER.ZS?format=json&date=2000:2025&per_page=20000,raw/worldbank/15e5aa266276_IT.NET.USER.ZS.json
Timor-Leste,TLS,2005,IT.NET.USER.ZS,Individuals using the Internet (% of population),0.0990317678179026,,https://api.worldbank.org/v2/country/IDN;MYS;VNM;THA;PHL;SGP;BRN;KHM;LAO;MMR;TLS/indicator/IT.NET.USER.ZS?format=json&date=2000:2025&per_page=20000,raw/worldbank/15e5aa266276_IT.NET.USER.ZS.json
Timor-Leste,TLS,2004,IT.NET.USER.ZS,Individuals using the Internet (% of population),,,https://api.worldbank.org/v2/country/IDN;MYS;VNM;THA;PHL;SGP;BRN;KHM;LAO;MMR;TLS/indicator/IT.NET.USER.ZS?format=json&date=2000:2025&per_page=20000,raw/worldbank/15e5aa266276_IT.NET.USER.ZS.json
Timor-Leste,TLS,2003,IT.NET.USER.ZS,Individuals using the Internet (% of population),,,https://api.worldbank.org/v2/country/IDN;MYS;VNM;THA;PHL;SGP;BRN;KHM;LAO;MMR;TLS/indicator/IT.NET.USER.ZS?format=json&date=2000:2025&per_page=20000,raw/worldbank/15e5aa266276_IT.NET.USER.ZS.json
Timor-Leste,TLS,2002,IT.NET.USER.ZS,Individuals using the Internet (% of population),0,,https://api.worldbank.org/v2/country/IDN;MYS;VNM;THA;PHL;SGP;BRN;KHM;LAO;MMR;TLS/indicator/IT.NET.USER.ZS?format=json&date=2000:2025&per_page=20000,raw/worldbank/15e5aa266276_IT.NET.USER.ZS.json
Timor-Leste,TLS,2001,IT.NET.USER.ZS,Individuals using the Internet (% of population),,,https://api.worldbank.org/v2/country/IDN;MYS;VNM;THA;PHL;SGP;BRN;KHM;LAO;MMR;TLS/indicator/IT.NET.USER.ZS?format=json&date=2000:2025&per_page=20000,raw/worldbank/15e5aa266276_IT.NET.USER.ZS.json
Timor-Leste,TLS,2000,IT.NET.USER.ZS,Individuals using the Internet (% of population),,,https://api.worldbank.org/v2/country/IDN;MYS;VNM;THA;PHL;SGP;BRN;KHM;LAO;MMR;TLS/indicator/IT.NET.USER.ZS?format=json&date=2000:2025&per_page=20000,raw/worldbank/15e5aa266276_IT.NET.USER.ZS.json
Viet Nam,VNM,2025,IT.NET.USER.ZS,Individuals using the Internet (% of population),,,https://api.worldbank.org/v2/country/IDN;MYS;VNM;THA;PHL;SGP;BRN;KHM;LAO;MMR;TLS/indicator/IT.NET.USER.ZS?format=json&date=2000:2025&per_page=20000,raw/worldbank/15e5aa266276_IT.NET.USER.ZS.json
Viet Nam,VNM,2024,IT.NET.USER.ZS,Individuals using the Internet (% of population),84.15,,https://api.worldbank.org/v2/country/IDN;MYS;VNM;THA;PHL;SGP;BRN;KHM;LAO;MMR;TLS/indicator/IT.NET.USER.ZS?format=json&date=2000:2025&per_page=20000,raw/worldbank/15e5aa266276_IT.NET.USER.ZS.json
Viet Nam,VNM,2023,IT.NET.USER.ZS,Individuals using the Internet (% of population),78.08,,https://api.worldbank.org/v2/country/IDN;MYS;VNM;THA;PHL;SGP;BRN;KHM;LAO;MMR;TLS/indicator/IT.NET.USER.ZS?format=json&date=2000:2025&per_page=20000,raw/worldbank/15e5aa266276_IT.NET.USER.ZS.json
Viet Nam,VNM,2022,IT.NET.USER.ZS,Individuals using the Internet (% of population),78.58999918,,https://api.worldbank.org/v2/country/IDN;MYS;VNM;THA;PHL;SGP;BRN;KHM;LAO;MMR;TLS/indicator/IT.NET.USER.ZS?format=json&date=2000:2025&per_page=20000,raw/worldbank/15e5aa266276_IT.NET.USER.ZS.json
Viet Nam,VNM,2021,IT.NET.USER.ZS,Individuals using the Internet (% of population),74.20999985,,https://api.worldbank.org/v2/country/IDN;MYS;VNM;THA;PHL;SGP;BRN;KHM;LAO;MMR;TLS/indicator/IT.NET.USER.ZS?format=json&date=2000:2025&per_page=20000,raw/worldbank/15e5aa266276_IT.NET.USER.ZS.json
Viet Nam,VNM,2020,IT.NET.USER.ZS,Individuals using the Internet (% of population),70.30000012,,https://api.worldbank.org/v2/country/IDN;MYS;VNM;THA;PHL;SGP;BRN;KHM;LAO;MMR;TLS/indicator/IT.NET.USER.ZS?format=json&date=2000:2025&per_page=20000,raw/worldbank/15e5aa266276_IT.NET.USER.ZS.json
Viet Nam,VNM,2019,IT.NET.USER.ZS,Individuals using the Internet (% of population),68.6615802057338,,https://api.worldbank.org/v2/country/IDN;MYS;VNM;THA;PHL;SGP;BRN;KHM;LAO;MMR;TLS/indicator/IT.NET.USER.ZS?format=json&date=2000:2025&per_page=20000,raw/worldbank/15e5aa266276_IT.NET.USER.ZS.json
Viet Nam,VNM,2018,IT.NET.USER.ZS,Individuals using the Internet (% of population),69.8479286837965,,https://api.worldbank.org/v2/country/IDN;MYS;VNM;THA;PHL;SGP;BRN;KHM;LAO;MMR;TLS/indicator/IT.NET.USER.ZS?format=json&date=2000:2025&per_page=20000,raw/worldbank/15e5aa266276_IT.NET.USER.ZS.json
Viet Nam,VNM,2017,IT.NET.USER.ZS,Individuals using the Internet (% of population),58.1400000036297,,https://api.worldbank.org/v2/country/IDN;MYS;VNM;THA;PHL;SGP;BRN;KHM;LAO;MMR;TLS/indicator/IT.NET.USER.ZS?format=json&date=2000:2025&per_page=20000,raw/worldbank/15e5aa266276_IT.NET.USER.ZS.json
Viet Nam,VNM,2016,IT.NET.USER.ZS,Individuals using the Internet (% of population),53,,https://api.worldbank.org/v2/country/IDN;MYS;VNM;THA;PHL;SGP;BRN;KHM;LAO;MMR;TLS/indicator/IT.NET.USER.ZS?format=json&date=2000:2025&per_page=20000,raw/worldbank/15e5aa266276_IT.NET.USER.ZS.json
Viet Nam,VNM,2015,IT.NET.USER.ZS,Individuals using the Internet (% of population),45,,https://api.worldbank.org/v2/country/IDN;MYS;VNM;THA;PHL;SGP;BRN;KHM;LAO;MMR;TLS/indicator/IT.NET.USER.ZS?format=json&date=2000:2025&per_page=20000,raw/worldbank/15e5aa266276_IT.NET.USER.ZS.json
Viet Nam,VNM,2014,IT.NET.USER.ZS,Individuals using the Internet (% of population),41,,https://api.worldbank.org/v2/country/IDN;MYS;VNM;THA;PHL;SGP;BRN;KHM;LAO;MMR;TLS/indicator/IT.NET.USER.ZS?format=json&date=2000:2025&per_page=20000,raw/worldbank/15e5aa266276_IT.NET.USER.ZS.json
Viet Nam,VNM,2013,IT.NET.USER.ZS,Individuals using the Internet (% of population),38.5,,https://api.worldbank.org/v2/country/IDN;MYS;VNM;THA;PHL;SGP;BRN;KHM;LAO;MMR;TLS/indicator/IT.NET.USER.ZS?format=json&date=2000:2025&per_page=20000,raw/worldbank/15e5aa266276_IT.NET.USER.ZS.json
Viet Nam,VNM,2012,IT.NET.USER.ZS,Individuals using the Internet (% of population),36.79999924,,https://api.worldbank.org/v2/country/IDN;MYS;VNM;THA;PHL;SGP;BRN;KHM;LAO;MMR;TLS/indicator/IT.NET.USER.ZS?format=json&date=2000:2025&per_page=20000,raw/worldbank/15e5aa266276_IT.NET.USER.ZS.json
Viet Nam,VNM,2011,IT.NET.USER.ZS,Individuals using the Internet (% of population),35.07,,https://api.worldbank.org/v2/country/IDN;MYS;VNM;THA;PHL;SGP;BRN;KHM;LAO;MMR;TLS/indicator/IT.NET.USER.ZS?format=json&date=2000:2025&per_page=20000,raw/worldbank/15e5aa266276_IT.NET.USER.ZS.json
Viet Nam,VNM,2010,IT.NET.USER.ZS,Individuals using the Internet (% of population),30.65,,https://api.worldbank.org/v2/country/IDN;MYS;VNM;THA;PHL;SGP;BRN;KHM;LAO;MMR;TLS/indicator/IT.NET.USER.ZS?format=json&date=2000:2025&per_page=20000,raw/worldbank/15e5aa266276_IT.NET.USER.ZS.json
Viet Nam,VNM,2009,IT.NET.USER.ZS,Individuals using the Internet (% of population),26.55,,https://api.worldbank.org/v2/country/IDN;MYS;VNM;THA;PHL;SGP;BRN;KHM;LAO;MMR;TLS/indicator/IT.NET.USER.ZS?format=json&date=2000:2025&per_page=20000,raw/worldbank/15e5aa266276_IT.NET.USER.ZS.json
Viet Nam,VNM,2008,IT.NET.USER.ZS,Individuals using the Internet (% of population),23.92,,https://api.worldbank.org/v2/country/IDN;MYS;VNM;THA;PHL;SGP;BRN;KHM;LAO;MMR;TLS/indicator/IT.NET.USER.ZS?format=json&date=2000:2025&per_page=20000,raw/worldbank/15e5aa266276_IT.NET.USER.ZS.json
Viet Nam,VNM,2007,IT.NET.USER.ZS,Individuals using the Internet (% of population),20.7554447679753,,https://api.worldbank.org/v2/country/IDN;MYS;VNM;THA;PHL;SGP;BRN;KHM;LAO;MMR;TLS/indicator/IT.NET.USER.ZS?format=json&date=2000:2025&per_page=20000,raw/worldbank/15e5aa266276_IT.NET.USER.ZS.json
Viet Nam,VNM,2006,IT.NET.USER.ZS,Individuals using the Internet (% of population),17.2545617186662,,https://api.worldbank.org/v2/country/IDN;MYS;VNM;THA;PHL;SGP;BRN;KHM;LAO;MMR;TLS/indicator/IT.NET.USER.ZS?format=json&date=2000:2025&per_page=20000,raw/worldbank/15e5aa266276_IT.NET.USER.ZS.json
Viet Nam,VNM,2005,IT.NET.USER.ZS,Individuals using the Internet (% of population),12.7399292907031,,https://api.worldbank.org/v2/country/IDN;MYS;VNM;THA;PHL;SGP;BRN;KHM;LAO;MMR;TLS/indicator/IT.NET.USER.ZS?format=json&date=2000:2025&per_page=20000,raw/worldbank/15e5aa266276_IT.NET.USER.ZS.json
Viet Nam,VNM,2004,IT.NET.USER.ZS,Individuals using the Internet (% of population),7.64240852842363,,https://api.worldbank.org/v2/country/IDN;MYS;VNM;THA;PHL;SGP;BRN;KHM;LAO;MMR;TLS/indicator/IT.NET.USER.ZS?format=json&date=2000:2025&per_page=20000,raw/worldbank/15e5aa266276_IT.NET.USER.ZS.json
Viet Nam,VNM,2003,IT.NET.USER.ZS,Individuals using the Internet (% of population),3.78028081370641,,https://api.worldbank.org/v2/country/IDN;MYS;VNM;THA;PHL;SGP;BRN;KHM;LAO;MMR;TLS/indicator/IT.NET.USER.ZS?format=json&date=2000:2025&per_page=20000,raw/worldbank/15e5aa266276_IT.NET.USER.ZS.json
Viet Nam,VNM,2002,IT.NET.USER.ZS,Individuals using the Internet (% of population),1.85499923592581,,https://api.worldbank.org/v2/country/IDN;MYS;VNM;THA;PHL;SGP;BRN;KHM;LAO;MMR;TLS/indicator/IT.NET.USER.ZS?format=json&date=2000:2025&per_page=20000,raw/worldbank/15e5aa266276_IT.NET.USER.ZS.json
Viet Nam,VNM,2001,IT.NET.USER.ZS,Individuals using the Internet (% of population),1.26565123612317,,https://api.worldbank.org/v2/country/IDN;MYS;VNM;THA;PHL;SGP;BRN;KHM;LAO;MMR;TLS/indicator/IT.NET.USER.ZS?format=json&date=2000:2025&per_page=20000,raw/worldbank/15e5aa266276_IT.NET.USER.ZS.json
Viet Nam,VNM,2000,IT.NET.USER.ZS,Individuals using the Internet (% of population),0.254248275754934,,https://api.worldbank.org/v2/country/IDN;MYS;VNM;THA;PHL;SGP;BRN;KHM;LAO;MMR;TLS/indicator/IT.NET.USER.ZS?format=json&date=2000:2025&per_page=20000,raw/worldbank/15e5aa266276_IT.NET.USER.ZS.json
Brunei Darussalam,BRN,2025,IT.NET.BBND.P2,Fixed broadband subscriptions (per 100 people),,,https://api.worldbank.org/v2/country/IDN;MYS;VNM;THA;PHL;SGP;BRN;KHM;LAO;MMR;TLS/indicator/IT.NET.BBND.P2?format=json&date=2000:2025&per_page=20000,raw/worldbank/eca1e5e804a3_IT.NET.BBND.P2.json
Brunei Darussalam,BRN,2024,IT.NET.BBND.P2,Fixed broadband subscriptions (per 100 people),21.1771240120937,,https://api.worldbank.org/v2/country/IDN;MYS;VNM;THA;PHL;SGP;BRN;KHM;LAO;MMR;TLS/indicator/IT.NET.BBND.P2?format=json&date=2000:2025&per_page=20000,raw/worldbank/eca1e5e804a3_IT.NET.BBND.P2.json
Brunei Darussalam,BRN,2023,IT.NET.BBND.P2,Fixed broadband subscriptions (per 100 people),20.2120497048692,,https://api.worldbank.org/v2/country/IDN;MYS;VNM;THA;PHL;SGP;BRN;KHM;LAO;MMR;TLS/indicator/IT.NET.BBND.P2?format=json&date=2000:2025&per_page=20000,raw/worldbank/eca1e5e804a3_IT.NET.BBND.P2.json
Brunei Darussalam,BRN,2022,IT.NET.BBND.P2,Fixed broadband subscriptions (per 100 people),19.8049937413532,,https://api.worldbank.org/v2/country/IDN;MYS;VNM;THA;PHL;SGP;BRN;KHM;LAO;MMR;TLS/indicator/IT.NET.BBND.P2?format=json&date=2000:2025&per_page=20000,raw/worldbank/eca1e5e804a3_IT.NET.BBND.P2.json
Brunei Darussalam,BRN,2021,IT.NET.BBND.P2,Fixed broadband subscriptions (per 100 people),17.580984722871,,https://api.worldbank.org/v2/country/IDN;MYS;VNM;THA;PHL;SGP;BRN;KHM;LAO;MMR;TLS/indicator/IT.NET.BBND.P2?format=json&date=2000:2025&per_page=20000,raw/worldbank/eca1e5e804a3_IT.NET.BBND.P2.json
Brunei Darussalam,BRN,2020,IT.NET.BBND.P2,Fixed broadband subscriptions (per 100 people),15.886760064729,,https://api.worldbank.org/v2/country/IDN;MYS;VNM;THA;PHL;SGP;BRN;KHM;LAO;MMR;TLS/indicator/IT.NET.BBND.P2?format=json&date=2000:2025&per_page=20000,raw/worldbank/eca1e5e804a3_IT.NET.BBND.P2.json
Brunei Darussalam,BRN,2019,IT.NET.BBND.P2,Fixed broadband subscriptions (per 100 people),12.2424776362158,,https://api.worldbank.org/v2/country/IDN;MYS;VNM;THA;PHL;SGP;BRN;KHM;LAO;MMR;TLS/indicator/IT.NET.BBND.P2?format=json&date=2000:2025&per_page=20000,raw/worldbank/eca1e5e804a3_IT.NET.BBND.P2.json
Brunei Darussalam,BRN,2018,IT.NET.BBND.P2,Fixed broadband subscriptions (per 100 people),11.2953107512391,,https://api.worldbank.org/v2/country/IDN;MYS;VNM;THA;PHL;SGP;BRN;KHM;LAO;MMR;TLS/indicator/IT.NET.BBND.P2?format=json&date=2000:2025&per_page=20000,raw/worldbank/eca1e5e804a3_IT.NET.BBND.P2.json
Brunei Darussalam,BRN,2017,IT.NET.BBND.P2,Fixed broadband subscriptions (per 100 people),9.49044762600168,,https://api.worldbank.org/v2/country/IDN;MYS;VNM;THA;PHL;SGP;BRN;KHM;LAO;MMR;TLS/indicator/IT.NET.BBND.P2?format=json&date=2000:2025&per_page=20000,raw/worldbank/eca1e5e804a3_IT.NET.BBND.P2.json
Brunei Darussalam,BRN,2016,IT.NET.BBND.P2,Fixed broadband subscriptions (per 100 people),8.44785809843673,,https://api.worldbank.org/v2/country/IDN;MYS;VNM;THA;PHL;SGP;BRN;KHM;LAO;MMR;TLS/indicator/IT.NET.BBND.P2?format=json&date=2000:2025&per_page=20000,raw/worldbank/eca1e5e804a3_IT.NET.BBND.P2.json
Brunei Darussalam,BRN,2015,IT.NET.BBND.P2,Fixed broadband subscriptions (per 100 people),8.15348687389274,,https://api.worldbank.org/v2/country/IDN;MYS;VNM;THA;PHL;SGP;BRN;KHM;LAO;MMR;TLS/indicator/IT.NET.BBND.P2?format=json&date=2000:2025&per_page=20000,raw/worldbank/eca1e5e804a3_IT.NET.BBND.P2.json
Brunei Darussalam,BRN,2014,IT.NET.BBND.P2,Fixed broadband subscriptions (per 100 people),7.26070785842831,,https://api.worldbank.org/v2/country/IDN;MYS;VNM;THA;PHL;SGP;BRN;KHM;LAO;MMR;TLS/indicator/IT.NET.BBND.P2?format=json&date=2000:2025&per_page=20000,raw/worldbank/eca1e5e804a3_IT.NET.BBND.P2.json
Brunei Darussalam,BRN,2013,IT.NET.BBND.P2,Fixed broadband subscriptions (per 100 people),6.70157246316895,,https://api.worldbank.org/v2/country/IDN;MYS;VNM;THA;PHL;SGP;BRN;KHM;LAO;MMR;TLS/indicator/IT.NET.BBND.P2?format=json&date=2000:2025&per_page=20000,raw/worldbank/eca1e5e804a3_IT.NET.BBND.P2.json
Brunei Darussalam,BRN,2012,IT.NET.BBND.P2,Fixed broadband subscriptions (per 100 people),4.8942565410041,,https://api.worldbank.org/v2/country/IDN;MYS;VNM;THA;PHL;SGP;BRN;KHM;LAO;MMR;TLS/indicator/IT.NET.BBND.P2?format=json&date=2000:2025&per_page=20000,raw/worldbank/eca1e5e804a3_IT.NET.BBND.P2.json
Brunei Darussalam,BRN,2011,IT.NET.BBND.P2,Fixed broadband subscriptions (per 100 people),5.80511731670126,,https://api.worldbank.org/v2/country/IDN;MYS;VNM;THA;PHL;SGP;BRN;KHM;LAO;MMR;TLS/indicator/IT.NET.BBND.P2?format=json&date=2000:2025&per_page=20000,raw/worldbank/eca1e5e804a3_IT.NET.BBND.P2.json
Brunei Darussalam,BRN,2010,IT.NET.BBND.P2,Fixed broadband subscriptions (per 100 people),5.53077495590469,,https://api.worldbank.org/v2/country/IDN;MYS;VNM;THA;PHL;SGP;BRN;KHM;LAO;MMR;TLS/indicator/IT.NET.BBND.P2?format=json&date=2000:2025&per_page=20000,raw/worldbank/eca1e5e804a3_IT.NET.BBND.P2.json
Brunei Darussalam,BRN,2009,IT.NET.BBND.P2,Fixed broadband subscriptions (per 100 people),5.20298634634968,,https://api.worldbank.org/v2/country/IDN;MYS;VNM;THA;PHL;SGP;BRN;KHM;LAO;MMR;TLS/indicator/IT.NET.BBND.P2?format=json&date=2000:2025&per_page=20000,raw/worldbank/eca1e5e804a3_IT.NET.BBND.P2.json
Brunei Darussalam,BRN,2008,IT.NET.BBND.P2,Fixed broadband subscriptions (per 100 people),4.47096690515706,,https://api.worldbank.org/v2/country/IDN;MYS;VNM;THA;PHL;SGP;BRN;KHM;LAO;MMR;TLS/indicator/IT.NET.BBND.P2?format=json&date=2000:2025&per_page=20000,raw/worldbank/eca1e5e804a3_IT.NET.BBND.P2.json
Brunei Darussalam,BRN,2007,IT.NET.BBND.P2,Fixed broadband subscriptions (per 100 people),3.13233910260386,,https://api.worldbank.org/v2/country/IDN;MYS;VNM;THA;PHL;SGP;BRN;KHM;LAO;MMR;TLS/indicator/IT.NET.BBND.P2?format=json&date=2000:2025&per_page=20000,raw/worldbank/eca1e5e804a3_IT.NET.BBND.P2.json
Brunei Darussalam,BRN,2006,IT.NET.BBND.P2,Fixed broadband subscriptions (per 100 people),2.45815999978062,,https://api.worldbank.org/v2/country/IDN;MYS;VNM;THA;PHL;SGP;BRN;KHM;LAO;MMR;TLS/indicator/IT.NET.BBND.P2?format=json&date=2000:2025&per_page=20000,raw/worldbank/eca1e5e804a3_IT.NET.BBND.P2.json
Brunei Darussalam,BRN,2005,IT.NET.BBND.P2,Fixed broadband subscriptions (per 100 people),2.26403949670675,,https://api.worldbank.org/v2/country/IDN;MYS;VNM;THA;PHL;SGP;BRN;KHM;LAO;MMR;TLS/indicator/IT.NET.BBND.P2?format=json&date=2000:2025&per_page=20000,raw/worldbank/eca1e5e804a3_IT.NET.BBND.P2.json
Brunei Darussalam,BRN,2004,IT.NET.BBND.P2,Fixed broadband subscriptions (per 100 people),1.77438504325453,,https://api.worldbank.org/v2/country/IDN;MYS;VNM;THA;PHL;SGP;BRN;KHM;LAO;MMR;TLS/indicator/IT.NET.BBND.P2?format=json&date=2000:2025&per_page=20000,raw/worldbank/eca1e5e804a3_IT.NET.BBND.P2.json
Brunei Darussalam,BRN,2003,IT.NET.BBND.P2,Fixed broadband subscriptions (per 100 people),1.10721013625204,,https://api.worldbank.org/v2/country/IDN;MYS;VNM;THA;PHL;SGP;BRN;KHM;LAO;MMR;TLS/indicator/IT.NET.BBND.P2?format=json&date=2000:2025&per_page=20000,raw/worldbank/eca1e5e804a3_IT.NET.BBND.P2.json
Brunei Darussalam,BRN,2002,IT.NET.BBND.P2,Fixed broadband subscriptions (per 100 people),0.810646311809208,,https://api.worldbank.org/v2/country/IDN;MYS;VNM;THA;PHL;SGP;BRN;KHM;LAO;MMR;TLS/indicator/IT.NET.BBND.P2?format=json&date=2000:2025&per_page=20000,raw/worldbank/eca1e5e804a3_IT.NET.BBND.P2.json
Brunei Darussalam,BRN,2001,IT.NET.BBND.P2,Fixed broadband subscriptions (per 100 people),0.568780092696756,,https://api.worldbank.org/v2/country/IDN;MYS;VNM;THA;PHL;SGP;BRN;KHM;LAO;MMR;TLS/indicator/IT.NET.BBND.P2?format=json&date=2000:2025&per_page=20000,raw/worldbank/eca1e5e804a3_IT.NET.BBND.P2.json
Brunei Darussalam,BRN,2000,IT.NET.BBND.P2,Fixed broadband subscriptions (per 100 people),,,https://api.worldbank.org/v2/country/IDN;MYS;VNM;THA;PHL;SGP;BRN;KHM;LAO;MMR;TLS/indicator/IT.NET.BBND.P2?format=json&date=2000:2025&per_page=20000,raw/worldbank/eca1e5e804a3_IT.NET.BBND.P2.json
Indonesia,IDN,2025,IT.NET.BBND.P2,Fixed broadband subscriptions (per 100 people),,,https://api.worldbank.org/v2/country/IDN;MYS;VNM;THA;PHL;SGP;BRN;KHM;LAO;MMR;TLS/indicator/IT.NET.BBND.P2?format=json&date=2000:2025&per_page=20000,raw/worldbank/eca1e5e804a3_IT.NET.BBND.P2.json
Indonesia,IDN,2024,IT.NET.BBND.P2,Fixed broadband subscriptions (per 100 people),4.92196685438436,,https://api.worldbank.org/v2/country/IDN;MYS;VNM;THA;PHL;SGP;BRN;KHM;LAO;MMR;TLS/indicator/IT.NET.BBND.P2?format=json&date=2000:2025&per_page=20000,raw/worldbank/eca1e5e804a3_IT.NET.BBND.P2.json
Indonesia,IDN,2023,IT.NET.BBND.P2,Fixed broadband subscriptions (per 100 people),4.81663955789733,,https://api.worldbank.org/v2/country/IDN;MYS;VNM;THA;PHL;SGP;BRN;KHM;LAO;MMR;TLS/indicator/IT.NET.BBND.P2?format=json&date=2000:2025&per_page=20000,raw/worldbank/eca1e5e804a3_IT.NET.BBND.P2.json
Indonesia,IDN,2022,IT.NET.BBND.P2,Fixed broadband subscriptions (per 100 people),4.82151507878823,,https://api.worldbank.org/v2/country/IDN;MYS;VNM;THA;PHL;SGP;BRN;KHM;LAO;MMR;TLS/indicator/IT.NET.BBND.P2?format=json&date=2000:2025&per_page=20000,raw/worldbank/eca1e5e804a3_IT.NET.BBND.P2.json
Indonesia,IDN,2021,IT.NET.BBND.P2,Fixed broadband subscriptions (per 100 people),4.4874632789818,,https://api.worldbank.org/v2/country/IDN;MYS;VNM;THA;PHL;SGP;BRN;KHM;LAO;MMR;TLS/indicator/IT.NET.BBND.P2?format=json&date=2000:2025&per_page=20000,raw/worldbank/eca1e5e804a3_IT.NET.BBND.P2.json
Indonesia,IDN,2020,IT.NET.BBND.P2,Fixed broadband subscriptions (per 100 people),3.92993769121646,,https://api.worldbank.org/v2/country/IDN;MYS;VNM;THA;PHL;SGP;BRN;KHM;LAO;MMR;TLS/indicator/IT.NET.BBND.P2?format=json&date=2000:2025&per_page=20000,raw/worldbank/eca1e5e804a3_IT.NET.BBND.P2.json
Indonesia,IDN,2019,IT.NET.BBND.P2,Fixed broadband subscriptions (per 100 people),3.77422560918071,,https://api.worldbank.org/v2/country/IDN;MYS;VNM;THA;PHL;SGP;BRN;KHM;LAO;MMR;TLS/indicator/IT.NET.BBND.P2?format=json&date=2000:2025&per_page=20000,raw/worldbank/eca1e5e804a3_IT.NET.BBND.P2.json
Indonesia,IDN,2018,IT.NET.BBND.P2,Fixed broadband subscriptions (per 100 people),3.28729591276809,,https://api.worldbank.org/v2/country/IDN;MYS;VNM;THA;PHL;SGP;BRN;KHM;LAO;MMR;TLS/indicator/IT.NET.BBND.P2?format=json&date=2000:2025&per_page=20000,raw/worldbank/eca1e5e804a3_IT.NET.BBND.P2.json
Indonesia,IDN,2017,IT.NET.BBND.P2,Fixed broadband subscriptions (per 100 people),2.32504234259027,,https://api.worldbank.org/v2/country/IDN;MYS;VNM;THA;PHL;SGP;BRN;KHM;LAO;MMR;TLS/indicator/IT.NET.BBND.P2?format=json&date=2000:2025&per_page=20000,raw/worldbank/eca1e5e804a3_IT.NET.BBND.P2.json
Indonesia,IDN,2016,IT.NET.BBND.P2,Fixed broadband subscriptions (per 100 people),1.9753784545485,,https://api.worldbank.org/v2/country/IDN;MYS;VNM;THA;PHL;SGP;BRN;KHM;LAO;MMR;TLS/indicator/IT.NET.BBND.P2?format=json&date=2000:2025&per_page=20000,raw/worldbank/eca1e5e804a3_IT.NET.BBND.P2.json
Indonesia,IDN,2015,IT.NET.BBND.P2,Fixed broadband subscriptions (per 100 people),1.52139473860752,,https://api.worldbank.org/v2/country/IDN;MYS;VNM;THA;PHL;SGP;BRN;KHM;LAO;MMR;TLS/indicator/IT.NET.BBND.P2?format=json&date=2000:2025&per_page=20000,raw/worldbank/eca1e5e804a3_IT.NET.BBND.P2.json
Indonesia,IDN,2014,IT.NET.BBND.P2,Fixed broadband subscriptions (per 100 people),1.31336301010966,,https://api.worldbank.org/v2/country/IDN;MYS;VNM;THA;PHL;SGP;BRN;KHM;LAO;MMR;TLS/indicator/IT.NET.BBND.P2?format=json&date=2000:2025&per_page=20000,raw/worldbank/eca1e5e804a3_IT.NET.BBND.P2.json
Indonesia,IDN,2013,IT.NET.BBND.P2,Fixed broadband subscriptions (per 100 people),1.27096683417948,,https://api.worldbank.org/v2/country/IDN;MYS;VNM;THA;PHL;SGP;BRN;KHM;LAO;MMR;TLS/indicator/IT.NET.BBND.P2?format=json&date=2000:2025&per_page=20000,raw/worldbank/eca1e5e804a3_IT.NET.BBND.P2.json
Indonesia,IDN,2012,IT.NET.BBND.P2,Fixed broadband subscriptions (per 100 people),1.18045801810675,,https://api.worldbank.org/v2/country/IDN;MYS;VNM;THA;PHL;SGP;BRN;KHM;LAO;MMR;TLS/indicator/IT.NET.BBND.P2?format=json&date=2000:2025&per_page=20000,raw/worldbank/eca1e5e804a3_IT.NET.BBND.P2.json
Indonesia,IDN,2011,IT.NET.BBND.P2,Fixed broadband subscriptions (per 100 people),1.09687683849738,,https://api.worldbank.org/v2/country/IDN;MYS;VNM;THA;PHL;SGP;BRN;KHM;LAO;MMR;TLS/indicator/IT.NET.BBND.P2?format=json&date=2000:2025&per_page=20000,raw/worldbank/eca1e5e804a3_IT.NET.BBND.P2.json
Indonesia,IDN,2010,IT.NET.BBND.P2,Fixed broadband subscriptions (per 100 people),0.925808659546544,,https://api.worldbank.org/v2/country/IDN;MYS;VNM;THA;PHL;SGP;BRN;KHM;LAO;MMR;TLS/indicator/IT.NET.BBND.P2?format=json&date=2000:2025&per_page=20000,raw/worldbank/eca1e5e804a3_IT.NET.BBND.P2.json
Indonesia,IDN,2009,IT.NET.BBND.P2,Fixed broadband subscriptions (per 100 people),0.766310659252124,,https://api.worldbank.org/v2/country/IDN;MYS;VNM;THA;PHL;SGP;BRN;KHM;LAO;MMR;TLS/indicator/IT.NET.BBND.P2?format=json&date=2000:2025&per_page=20000,raw/worldbank/eca1e5e804a3_IT.NET.BBND.P2.json
Indonesia,IDN,2008,IT.NET.BBND.P2,Fixed broadband subscriptions (per 100 people),0.408715260975609,,https://api.worldbank.org/v2/country/IDN;MYS;VNM;THA;PHL;SGP;BRN;KHM;LAO;MMR;TLS/indicator/IT.NET.BBND.P2?format=json&date=2000:2025&per_page=20000,raw/worldbank/eca1e5e804a3_IT.NET.BBND.P2.json
Indonesia,IDN,2007,IT.NET.BBND.P2,Fixed broadband subscriptions (per 100 people),0.328508530648629,,https://api.worldbank.org/v2/country/IDN;MYS;VNM;THA;PHL;SGP;BRN;KHM;LAO;MMR;TLS/indicator/IT.NET.BBND.P2?format=json&date=2000:2025&per_page=20000,raw/worldbank/eca1e5e804a3_IT.NET.BBND.P2.json
Indonesia,IDN,2006,IT.NET.BBND.P2,Fixed broadband subscriptions (per 100 people),0.0830799861161057,,https://api.worldbank.org/v2/country/IDN;MYS;VNM;THA;PHL;SGP;BRN;KHM;LAO;MMR;TLS/indicator/IT.NET.BBND.P2?format=json&date=2000:2025&per_page=20000,raw/worldbank/eca1e5e804a3_IT.NET.BBND.P2.json
Indonesia,IDN,2005,IT.NET.BBND.P2,Fixed broadband subscriptions (per 100 people),0.0468658668138769,,https://api.worldbank.org/v2/country/IDN;MYS;VNM;THA;PHL;SGP;BRN;KHM;LAO;MMR;TLS/indicator/IT.NET.BBND.P2?format=json&date=2000:2025&per_page=20000,raw/worldbank/eca1e5e804a3_IT.NET.BBND.P2.json
Indonesia,IDN,2004,IT.NET.BBND.P2,Fixed broadband subscriptions (per 100 people),0.0372488256079262,,https://api.worldbank.org/v2/country/IDN;MYS;VNM;THA;PHL;SGP;BRN;KHM;LAO;MMR;TLS/indicator/IT.NET.BBND.P2?format=json&date=2000:2025&per_page=20000,raw/worldbank/eca1e5e804a3_IT.NET.BBND.P2.json
Indonesia,IDN,2003,IT.NET.BBND.P2,Fixed broadband subscriptions (per 100 people),0.0273719374578957,,https://api.worldbank.org/v2/country/IDN;MYS;VNM;THA;PHL;SGP;BRN;KHM;LAO;MMR;TLS/indicator/IT.NET.BBND.P2?format=json&date=2000:2025&per_page=20000,raw/worldbank/eca1e5e804a3_IT.NET.BBND.P2.json
Indonesia,IDN,2002,IT.NET.BBND.P2,Fixed broadband subscriptions (per 100 people),0.0172453777941086,,https://api.worldbank.org/v2/country/IDN;MYS;VNM;THA;PHL;SGP;BRN;KHM;LAO;MMR;TLS/indicator/IT.NET.BBND.P2?format=json&date=2000:2025&per_page=20000,raw/worldbank/eca1e5e804a3_IT.NET.BBND.P2.json
Indonesia,IDN,2001,IT.NET.BBND.P2,Fixed broadband subscriptions (per 100 people),0.00684625451137364,,https://api.worldbank.org/v2/country/IDN;MYS;VNM;THA;PHL;SGP;BRN;KHM;LAO;MMR;TLS/indicator/IT.NET.BBND.P2?format=json&date=2000:2025&per_page=20000,raw/worldbank/eca1e5e804a3_IT.NET.BBND.P2.json
Indonesia,IDN,2000,IT.NET.BBND.P2,Fixed broadband subscriptions (per 100 people),0.00185118516808229,,https://api.worldbank.org/v2/country/IDN;MYS;VNM;THA;PHL;SGP;BRN;KHM;LAO;MMR;TLS/indicator/IT.NET.BBND.P2?format=json&date=2000:2025&per_page=20000,raw/worldbank/eca1e5e804a3_IT.NET.BBND.P2.json
Cambodia,KHM,2025,IT.NET.BBND.P2,Fixed broadband subscriptions (per 100 people),,,https://api.worldbank.org/v2/country/IDN;MYS;VNM;THA;PHL;SGP;BRN;KHM;LAO;MMR;TLS/indicator/IT.NET.BBND.P2?format=json&date=2000:2025&per_page=20000,raw/worldbank/eca1e5e804a3_IT.NET.BBND.P2.json
Cambodia,KHM,2024,IT.NET.BBND.P2,Fixed broadband subscriptions (per 100 people),4.14566160137529,,https://api.worldbank.org/v2/country/IDN;MYS;VNM;THA;PHL;SGP;BRN;KHM;LAO;MMR;TLS/indicator/IT.NET.BBND.P2?format=json&date=2000:2025&per_page=20000,raw/worldbank/eca1e5e804a3_IT.NET.BBND.P2.json
Cambodia,KHM,2023,IT.NET.BBND.P2,Fixed broadband subscriptions (per 100 people),3.64181801068419,,https://api.worldbank.org/v2/country/IDN;MYS;VNM;THA;PHL;SGP;BRN;KHM;LAO;MMR;TLS/indicator/IT.NET.BBND.P2?format=json&date=2000:2025&per_page=20000,raw/worldbank/eca1e5e804a3_IT.NET.BBND.P2.json
Cambodia,KHM,2022,IT.NET.BBND.P2,Fixed broadband subscriptions (per 100 people),2.9638308346303,,https://api.worldbank.org/v2/country/IDN;MYS;VNM;THA;PHL;SGP;BRN;KHM;LAO;MMR;TLS/indicator/IT.NET.BBND.P2?format=json&date=2000:2025&per_page=20000,raw/worldbank/eca1e5e804a3_IT.NET.BBND.P2.json
Cambodia,KHM,2021,IT.NET.BBND.P2,Fixed broadband subscriptions (per 100 people),1.98089406311481,,https://api.worldbank.org/v2/country/IDN;MYS;VNM;THA;PHL;SGP;BRN;KHM;LAO;MMR;TLS/indicator/IT.NET.BBND.P2?format=json&date=2000:2025&per_page=20000,raw/worldbank/eca1e5e804a3_IT.NET.BBND.P2.json
Cambodia,KHM,2020,IT.NET.BBND.P2,Fixed broadband subscriptions (per 100 people),1.39770029835926,,https://api.worldbank.org/v2/country/IDN;MYS;VNM;THA;PHL;SGP;BRN;KHM;LAO;MMR;TLS/indicator/IT.NET.BBND.P2?format=json&date=2000:2025&per_page=20000,raw/worldbank/eca1e5e804a3_IT.NET.BBND.P2.json
Cambodia,KHM,2019,IT.NET.BBND.P2,Fixed broadband subscriptions (per 100 people),1.11871609188205,,https://api.worldbank.org/v2/country/IDN;MYS;VNM;THA;PHL;SGP;BRN;KHM;LAO;MMR;TLS/indicator/IT.NET.BBND.P2?format=json&date=2000:2025&per_page=20000,raw/worldbank/eca1e5e804a3_IT.NET.BBND.P2.json
Cambodia,KHM,2018,IT.NET.BBND.P2,Fixed broadband subscriptions (per 100 people),1.02122815035674,,https://api.worldbank.org/v2/country/IDN;MYS;VNM;THA;PHL;SGP;BRN;KHM;LAO;MMR;TLS/indicator/IT.NET.BBND.P2?format=json&date=2000:2025&per_page=20000,raw/worldbank/eca1e5e804a3_IT.NET.BBND.P2.json
Cambodia,KHM,2017,IT.NET.BBND.P2,Fixed broadband subscriptions (per 100 people),0.831393686402579,,https://api.worldbank.org/v2/country/IDN;MYS;VNM;THA;PHL;SGP;BRN;KHM;LAO;MMR;TLS/indicator/IT.NET.BBND.P2?format=json&date=2000:2025&per_page=20000,raw/worldbank/eca1e5e804a3_IT.NET.BBND.P2.json
Cambodia,KHM,2016,IT.NET.BBND.P2,Fixed broadband subscriptions (per 100 people),0.615922622642822,,https://api.worldbank.org/v2/country/IDN;MYS;VNM;THA;PHL;SGP;BRN;KHM;LAO;MMR;TLS/indicator/IT.NET.BBND.P2?format=json&date=2000:2025&per_page=20000,raw/worldbank/eca1e5e804a3_IT.NET.BBND.P2.json
Cambodia,KHM,2015,IT.NET.BBND.P2,Fixed broadband subscriptions (per 100 people),0.534485428160887,,https://api.worldbank.org/v2/country/IDN;MYS;VNM;THA;PHL;SGP;BRN;KHM;LAO;MMR;TLS/indicator/IT.NET.BBND.P2?format=json&date=2000:2025&per_page=20000,raw/worldbank/eca1e5e804a3_IT.NET.BBND.P2.json
Cambodia,KHM,2014,IT.NET.BBND.P2,Fixed broadband subscriptions (per 100 people),0.429382210764698,,https://api.worldbank.org/v2/country/IDN;MYS;VNM;THA;PHL;SGP;BRN;KHM;LAO;MMR;TLS/indicator/IT.NET.BBND.P2?format=json&date=2000:2025&per_page=20000,raw/worldbank/eca1e5e804a3_IT.NET.BBND.P2.json
Cambodia,KHM,2013,IT.NET.BBND.P2,Fixed broadband subscriptions (per 100 people),0.215211287808315,,https://api.worldbank.org/v2/country/IDN;MYS;VNM;THA;PHL;SGP;BRN;KHM;LAO;MMR;TLS/indicator/IT.NET.BBND.P2?format=json&date=2000:2025&per_page=20000,raw/worldbank/eca1e5e804a3_IT.NET.BBND.P2.json
Cambodia,KHM,2012,IT.NET.BBND.P2,Fixed broadband subscriptions (per 100 people),0.198955041072031,,https://api.worldbank.org/v2/country/IDN;MYS;VNM;THA;PHL;SGP;BRN;KHM;LAO;MMR;TLS/indicator/IT.NET.BBND.P2?format=json&date=2000:2025&per_page=20000,raw/worldbank/eca1e5e804a3_IT.NET.BBND.P2.json
Cambodia,KHM,2011,IT.NET.BBND.P2,Fixed broadband subscriptions (per 100 people),0.149430290226227,,https://api.worldbank.org/v2/country/IDN;MYS;VNM;THA;PHL;SGP;BRN;KHM;LAO;MMR;TLS/indicator/IT.NET.BBND.P2?format=json&date=2000:2025&per_page=20000,raw/worldbank/eca1e5e804a3_IT.NET.BBND.P2.json
Cambodia,KHM,2010,IT.NET.BBND.P2,Fixed broadband subscriptions (per 100 people),0.245960098825397,,https://api.worldbank.org/v2/country/IDN;MYS;VNM;THA;PHL;SGP;BRN;KHM;LAO;MMR;TLS/indicator/IT.NET.BBND.P2?format=json&date=2000:2025&per_page=20000,raw/worldbank/eca1e5e804a3_IT.NET.BBND.P2.json
Cambodia,KHM,2009,IT.NET.BBND.P2,Fixed broadband subscriptions (per 100 people),0.210130974636491,,https://api.worldbank.org/v2/country/IDN;MYS;VNM;THA;PHL;SGP;BRN;KHM;LAO;MMR;TLS/indicator/IT.NET.BBND.P2?format=json&date=2000:2025&per_page=20000,raw/worldbank/eca1e5e804a3_IT.NET.BBND.P2.json
Cambodia,KHM,2008,IT.NET.BBND.P2,Fixed broadband subscriptions (per 100 people),0.118077523722062,,https://api.worldbank.org/v2/country/IDN;MYS;VNM;THA;PHL;SGP;BRN;KHM;LAO;MMR;TLS/indicator/IT.NET.BBND.P2?format=json&date=2000:2025&per_page=20000,raw/worldbank/eca1e5e804a3_IT.NET.BBND.P2.json
Cambodia,KHM,2007,IT.NET.BBND.P2,Fixed broadband subscriptions (per 100 people),0.061047105969829,,https://api.worldbank.org/v2/country/IDN;MYS;VNM;THA;PHL;SGP;BRN;KHM;LAO;MMR;TLS/indicator/IT.NET.BBND.P2?format=json&date=2000:2025&per_page=20000,raw/worldbank/eca1e5e804a3_IT.NET.BBND.P2.json
Cambodia,KHM,2006,IT.NET.BBND.P2,Fixed broadband subscriptions (per 100 people),0.0212625122552722,,https://api.worldbank.org/v2/country/IDN;MYS;VNM;THA;PHL;SGP;BRN;KHM;LAO;MMR;TLS/indicator/IT.NET.BBND.P2?format=json&date=2000:2025&per_page=20000,raw/worldbank/eca1e5e804a3_IT.NET.BBND.P2.json
Cambodia,KHM,2005,IT.NET.BBND.P2,Fixed broadband subscriptions (per 100 people),0.00744091799498214,,https://api.worldbank.org/v2/country/IDN;MYS;VNM;THA;PHL;SGP;BRN;KHM;LAO;MMR;TLS/indicator/IT.NET.BBND.P2?format=json&date=2000:2025&per_page=20000,raw/worldbank/eca1e5e804a3_IT.NET.BBND.P2.json
Cambodia,KHM,2004,IT.NET.BBND.P2,Fixed broadband subscriptions (per 100 people),0.00588913432820946,,https://api.worldbank.org/v2/country/IDN;MYS;VNM;THA;PHL;SGP;BRN;KHM;LAO;MMR;TLS/indicator/IT.NET.BBND.P2?format=json&date=2000:2025&per_page=20000,raw/worldbank/eca1e5e804a3_IT.NET.BBND.P2.json
Cambodia,KHM,2003,IT.NET.BBND.P2,Fixed broadband subscriptions (per 100 people),0.00321048982726798,,https://api.worldbank.org/v2/country/IDN;MYS;VNM;THA;PHL;SGP;BRN;KHM;LAO;MMR;TLS/indicator/IT.NET.BBND.P2?format=json&date=2000:2025&per_page=20000,raw/worldbank/eca1e5e804a3_IT.NET.BBND.P2.json
Cambodia,KHM,2002,IT.NET.BBND.P2,Fixed broadband subscriptions (per 100 people),0.000388946422708061,,https://api.worldbank.org/v2/country/IDN;MYS;VNM;THA;PHL;SGP;BRN;KHM;LAO;MMR;TLS/indicator/IT.NET.BBND.P2?format=json&date=2000:2025&per_page=20000,raw/worldbank/eca1e5e804a3_IT.NET.BBND.P2.json
Cambodia,KHM,2001,IT.NET.BBND.P2,Fixed broadband subscriptions (per 100 people),,,https://api.worldbank.org/v2/country/IDN;MYS;VNM;THA;PHL;SGP;BRN;KHM;LAO;MMR;TLS/indicator/IT.NET.BBND.P2?format=json&date=2000:2025&per_page=20000,raw/worldbank/eca1e5e804a3_IT.NET.BBND.P2.json
Cambodia,KHM,2000,IT.NET.BBND.P2,Fixed broadband subscriptions (per 100 people),,,https://api.worldbank.org/v2/country/IDN;MYS;VNM;THA;PHL;SGP;BRN;KHM;LAO;MMR;TLS/indicator/IT.NET.BBND.P2?format=json&date=2000:2025&per_page=20000,raw/worldbank/eca1e5e804a3_IT.NET.BBND.P2.json
Lao PDR,LAO,2025,IT.NET.BBND.P2,Fixed broadband subscriptions (per 100 people),,,https://api.worldbank.org/v2/country/IDN;MYS;VNM;THA;PHL;SGP;BRN;KHM;LAO;MMR;TLS/indicator/IT.NET.BBND.P2?format=json&date=2000:2025&per_page=20000,raw/worldbank/eca1e5e804a3_IT.NET.BBND.P2.json
Lao PDR,LAO,2024,IT.NET.BBND.P2,Fixed broadband subscriptions (per 100 people),,,https://api.worldbank.org/v2/country/IDN;MYS;VNM;THA;PHL;SGP;BRN;KHM;LAO;MMR;TLS/indicator/IT.NET.BBND.P2?format=json&date=2000:2025&per_page=20000,raw/worldbank/eca1e5e804a3_IT.NET.BBND.P2.json
Lao PDR,LAO,2023,IT.NET.BBND.P2,Fixed broadband subscriptions (per 100 people),2.72021122524182,,https://api.worldbank.org/v2/country/IDN;MYS;VNM;THA;PHL;SGP;BRN;KHM;LAO;MMR;TLS/indicator/IT.NET.BBND.P2?format=json&date=2000:2025&per_page=20000,raw/worldbank/eca1e5e804a3_IT.NET.BBND.P2.json
Lao PDR,LAO,2022,IT.NET.BBND.P2,Fixed broadband subscriptions (per 100 people),2.38186047453058,,https://api.worldbank.org/v2/country/IDN;MYS;VNM;THA;PHL;SGP;BRN;KHM;LAO;MMR;TLS/indicator/IT.NET.BBND.P2?format=json&date=2000:2025&per_page=20000,raw/worldbank/eca1e5e804a3_IT.NET.BBND.P2.json
Lao PDR,LAO,2021,IT.NET.BBND.P2,Fixed broadband subscriptions (per 100 people),2.0226898696049,,https://api.worldbank.org/v2/country/IDN;MYS;VNM;THA;PHL;SGP;BRN;KHM;LAO;MMR;TLS/indicator/IT.NET.BBND.P2?format=json&date=2000:2025&per_page=20000,raw/worldbank/eca1e5e804a3_IT.NET.BBND.P2.json
Lao PDR,LAO,2020,IT.NET.BBND.P2,Fixed broadband subscriptions (per 100 people),1.67210846259045,,https://api.worldbank.org/v2/country/IDN;MYS;VNM;THA;PHL;SGP;BRN;KHM;LAO;MMR;TLS/indicator/IT.NET.BBND.P2?format=json&date=2000:2025&per_page=20000,raw/worldbank/eca1e5e804a3_IT.NET.BBND.P2.json
Lao PDR,LAO,2019,IT.NET.BBND.P2,Fixed broadband subscriptions (per 100 people),1.0539352904733,,https://api.worldbank.org/v2/country/IDN;MYS;VNM;THA;PHL;SGP;BRN;KHM;LAO;MMR;TLS/indicator/IT.NET.BBND.P2?format=json&date=2000:2025&per_page=20000,raw/worldbank/eca1e5e804a3_IT.NET.BBND.P2.json
Lao PDR,LAO,2018,IT.NET.BBND.P2,Fixed broadband subscriptions (per 100 people),0.636626171692238,,https://api.worldbank.org/v2/country/IDN;MYS;VNM;THA;PHL;SGP;BRN;KHM;LAO;MMR;TLS/indicator/IT.NET.BBND.P2?format=json&date=2000:2025&per_page=20000,raw/worldbank/eca1e5e804a3_IT.NET.BBND.P2.json
Lao PDR,LAO,2017,IT.NET.BBND.P2,Fixed broadband subscriptions (per 100 people),0.387808918792952,,https://api.worldbank.org/v2/country/IDN;MYS;VNM;THA;PHL;SGP;BRN;KHM;LAO;MMR;TLS/indicator/IT.NET.BBND.P2?format=json&date=2000:2025&per_page=20000,raw/worldbank/eca1e5e804a3_IT.NET.BBND.P2.json
Lao PDR,LAO,2016,IT.NET.BBND.P2,Fixed broadband subscriptions (per 100 people),0.353548994456637,,https://api.worldbank.org/v2/country/IDN;MYS;VNM;THA;PHL;SGP;BRN;KHM;LAO;MMR;TLS/indicator/IT.NET.BBND.P2?format=json&date=2000:2025&per_page=20000,raw/worldbank/eca1e5e804a3_IT.NET.BBND.P2.json
Lao PDR,LAO,2015,IT.NET.BBND.P2,Fixed broadband subscriptions (per 100 people),0.213918838751508,,https://api.worldbank.org/v2/country/IDN;MYS;VNM;THA;PHL;SGP;BRN;KHM;LAO;MMR;TLS/indicator/IT.NET.BBND.P2?format=json&date=2000:2025&per_page=20000,raw/worldbank/eca1e5e804a3_IT.NET.BBND.P2.json
Lao PDR,LAO,2014,IT.NET.BBND.P2,Fixed broadband subscriptions (per 100 people),0.240468243989562,,https://api.worldbank.org/v2/country/IDN;MYS;VNM;THA;PHL;SGP;BRN;KHM;LAO;MMR;TLS/indicator/IT.NET.BBND.P2?format=json&date=2000:2025&per_page=20000,raw/worldbank/eca1e5e804a3_IT.NET.BBND.P2.json
Lao PDR,LAO,2013,IT.NET.BBND.P2,Fixed broadband subscriptions (per 100 people),0.136506949754098,,https://api.worldbank.org/v2/country/IDN;MYS;VNM;THA;PHL;SGP;BRN;KHM;LAO;MMR;TLS/indicator/IT.NET.BBND.P2?format=json&date=2000:2025&per_page=20000,raw/worldbank/eca1e5e804a3_IT.NET.BBND.P2.json
Lao PDR,LAO,2012,IT.NET.BBND.P2,Fixed broadband subscriptions (per 100 people),0.116245215124211,,https://api.worldbank.org/v2/country/IDN;MYS;VNM;THA;PHL;SGP;BRN;KHM;LAO;MMR;TLS/indicator/IT.NET.BBND.P2?format=json&date=2000:2025&per_page=20000,raw/worldbank/eca1e5e804a3_IT.NET.BBND.P2.json
Lao PDR,LAO,2011,IT.NET.BBND.P2,Fixed broadband subscriptions (per 100 people),0.10185806158476,,https://api.worldbank.org/v2/country/IDN;MYS;VNM;THA;PHL;SGP;BRN;KHM;LAO;MMR;TLS/indicator/IT.NET.BBND.P2?format=json&date=2000:2025&per_page=20000,raw/worldbank/eca1e5e804a3_IT.NET.BBND.P2.json
Lao PDR,LAO,2010,IT.NET.BBND.P2,Fixed broadband subscriptions (per 100 people),0.0929084268653597,,https://api.worldbank.org/v2/country/IDN;MYS;VNM;THA;PHL;SGP;BRN;KHM;LAO;MMR;TLS/indicator/IT.NET.BBND.P2?format=json&date=2000:2025&per_page=20000,raw/worldbank/eca1e5e804a3_IT.NET.BBND.P2.json
Lao PDR,LAO,2009,IT.NET.BBND.P2,Fixed broadband subscriptions (per 100 people),0.0691644922922526,,https://api.worldbank.org/v2/country/IDN;MYS;VNM;THA;PHL;SGP;BRN;KHM;LAO;MMR;TLS/indicator/IT.NET.BBND.P2?format=json&date=2000:2025&per_page=20000,raw/worldbank/eca1e5e804a3_IT.NET.BBND.P2.json
Lao PDR,LAO,2008,IT.NET.BBND.P2,Fixed broadband subscriptions (per 100 people),0.0470973263973196,,https://api.worldbank.org/v2/country/IDN;MYS;VNM;THA;PHL;SGP;BRN;KHM;LAO;MMR;TLS/indicator/IT.NET.BBND.P2?format=json&date=2000:2025&per_page=20000,raw/worldbank/eca1e5e804a3_IT.NET.BBND.P2.json
Lao PDR,LAO,2007,IT.NET.BBND.P2,Fixed broadband subscriptions (per 100 people),0.0187410133951187,,https://api.worldbank.org/v2/country/IDN;MYS;VNM;THA;PHL;SGP;BRN;KHM;LAO;MMR;TLS/indicator/IT.NET.BBND.P2?format=json&date=2000:2025&per_page=20000,raw/worldbank/eca1e5e804a3_IT.NET.BBND.P2.json
Lao PDR,LAO,2006,IT.NET.BBND.P2,Fixed broadband subscriptions (per 100 people),0.0124262141132278,,https://api.worldbank.org/v2/country/IDN;MYS;VNM;THA;PHL;SGP;BRN;KHM;LAO;MMR;TLS/indicator/IT.NET.BBND.P2?format=json&date=2000:2025&per_page=20000,raw/worldbank/eca1e5e804a3_IT.NET.BBND.P2.json
Lao PDR,LAO,2005,IT.NET.BBND.P2,Fixed broadband subscriptions (per 100 people),0.00534966810761283,,https://api.worldbank.org/v2/country/IDN;MYS;VNM;THA;PHL;SGP;BRN;KHM;LAO;MMR;TLS/indicator/IT.NET.BBND.P2?format=json&date=2000:2025&per_page=20000,raw/worldbank/eca1e5e804a3_IT.NET.BBND.P2.json
Lao PDR,LAO,2004,IT.NET.BBND.P2,Fixed broadband subscriptions (per 100 people),0.000864808619582104,,https://api.worldbank.org/v2/country/IDN;MYS;VNM;THA;PHL;SGP;BRN;KHM;LAO;MMR;TLS/indicator/IT.NET.BBND.P2?format=json&date=2000:2025&per_page=20000,raw/worldbank/eca1e5e804a3_IT.NET.BBND.P2.json
Lao PDR,LAO,2003,IT.NET.BBND.P2,Fixed broadband subscriptions (per 100 people),0.000438754673834163,,https://api.worldbank.org/v2/country/IDN;MYS;VNM;THA;PHL;SGP;BRN;KHM;LAO;MMR;TLS/indicator/IT.NET.BBND.P2?format=json&date=2000:2025&per_page=20000,raw/worldbank/eca1e5e804a3_IT.NET.BBND.P2.json
Lao PDR,LAO,2002,IT.NET.BBND.P2,Fixed broadband subscriptions (per 100 people),,,https://api.worldbank.org/v2/country/IDN;MYS;VNM;THA;PHL;SGP;BRN;KHM;LAO;MMR;TLS/indicator/IT.NET.BBND.P2?format=json&date=2000:2025&per_page=20000,raw/worldbank/eca1e5e804a3_IT.NET.BBND.P2.json
Lao PDR,LAO,2001,IT.NET.BBND.P2,Fixed broadband subscriptions (per 100 people),,,https://api.worldbank.org/v2/country/IDN;MYS;VNM;THA;PHL;SGP;BRN;KHM;LAO;MMR;TLS/indicator/IT.NET.BBND.P2?format=json&date=2000:2025&per_page=20000,raw/worldbank/eca1e5e804a3_IT.NET.BBND.P2.json
Lao PDR,LAO,2000,IT.NET.BBND.P2,Fixed broadband subscriptions (per 100 people),,,https://api.worldbank.org/v2/country/IDN;MYS;VNM;THA;PHL;SGP;BRN;KHM;LAO;MMR;TLS/indicator/IT.NET.BBND.P2?format=json&date=2000:2025&per_page=20000,raw/worldbank/eca1e5e804a3_IT.NET.BBND.P2.json
Myanmar,MMR,2025,IT.NET.BBND.P2,Fixed broadband subscriptions (per 100 people),,,https://api.worldbank.org/v2/country/IDN;MYS;VNM;THA;PHL;SGP;BRN;KHM;LAO;MMR;TLS/indicator/IT.NET.BBND.P2?format=json&date=2000:2025&per_page=20000,raw/worldbank/eca1e5e804a3_IT.NET.BBND.P2.json
Myanmar,MMR,2024,IT.NET.BBND.P2,Fixed broadband subscriptions (per 100 people),2.86965759378273,,https://api.worldbank.org/v2/country/IDN;MYS;VNM;THA;PHL;SGP;BRN;KHM;LAO;MMR;TLS/indicator/IT.NET.BBND.P2?format=json&date=2000:2025&per_page=20000,raw/worldbank/eca1e5e804a3_IT.NET.BBND.P2.json
Myanmar,MMR,2023,IT.NET.BBND.P2,Fixed broadband subscriptions (per 100 people),2.79829802446154,,https://api.worldbank.org/v2/country/IDN;MYS;VNM;THA;PHL;SGP;BRN;KHM;LAO;MMR;TLS/indicator/IT.NET.BBND.P2?format=json&date=2000:2025&per_page=20000,raw/worldbank/eca1e5e804a3_IT.NET.BBND.P2.json
Myanmar,MMR,2022,IT.NET.BBND.P2,Fixed broadband subscriptions (per 100 people),2.09694638185872,,https://api.worldbank.org/v2/country/IDN;MYS;VNM;THA;PHL;SGP;BRN;KHM;LAO;MMR;TLS/indicator/IT.NET.BBND.P2?format=json&date=2000:2025&per_page=20000,raw/worldbank/eca1e5e804a3_IT.NET.BBND.P2.json
Myanmar,MMR,2021,IT.NET.BBND.P2,Fixed broadband subscriptions (per 100 people),1.67276170937317,,https://api.worldbank.org/v2/country/IDN;MYS;VNM;THA;PHL;SGP;BRN;KHM;LAO;MMR;TLS/indicator/IT.NET.BBND.P2?format=json&date=2000:2025&per_page=20000,raw/worldbank/eca1e5e804a3_IT.NET.BBND.P2.json
Myanmar,MMR,2020,IT.NET.BBND.P2,Fixed broadband subscriptions (per 100 people),1.29924592186564,,https://api.worldbank.org/v2/country/IDN;MYS;VNM;THA;PHL;SGP;BRN;KHM;LAO;MMR;TLS/indicator/IT.NET.BBND.P2?format=json&date=2000:2025&per_page=20000,raw/worldbank/eca1e5e804a3_IT.NET.BBND.P2.json
Myanmar,MMR,2019,IT.NET.BBND.P2,Fixed broadband subscriptions (per 100 people),0.92296052297012,,https://api.worldbank.org/v2/country/IDN;MYS;VNM;THA;PHL;SGP;BRN;KHM;LAO;MMR;TLS/indicator/IT.NET.BBND.P2?format=json&date=2000:2025&per_page=20000,raw/worldbank/eca1e5e804a3_IT.NET.BBND.P2.json
Myanmar,MMR,2018,IT.NET.BBND.P2,Fixed broadband subscriptions (per 100 people),0.246880529164931,,https://api.worldbank.org/v2/country/IDN;MYS;VNM;THA;PHL;SGP;BRN;KHM;LAO;MMR;TLS/indicator/IT.NET.BBND.P2?format=json&date=2000:2025&per_page=20000,raw/worldbank/eca1e5e804a3_IT.NET.BBND.P2.json
Myanmar,MMR,2017,IT.NET.BBND.P2,Fixed broadband subscriptions (per 100 people),0.214986286331048,,https://api.worldbank.org/v2/country/IDN;MYS;VNM;THA;PHL;SGP;BRN;KHM;LAO;MMR;TLS/indicator/IT.NET.BBND.P2?format=json&date=2000:2025&per_page=20000,raw/worldbank/eca1e5e804a3_IT.NET.BBND.P2.json
Myanmar,MMR,2016,IT.NET.BBND.P2,Fixed broadband subscriptions (per 100 people),0.174162128034933,,https://api.worldbank.org/v2/country/IDN;MYS;VNM;THA;PHL;SGP;BRN;KHM;LAO;MMR;TLS/indicator/IT.NET.BBND.P2?format=json&date=2000:2025&per_page=20000,raw/worldbank/eca1e5e804a3_IT.NET.BBND.P2.json
Myanmar,MMR,2015,IT.NET.BBND.P2,Fixed broadband subscriptions (per 100 people),0.0644384582091319,,https://api.worldbank.org/v2/country/IDN;MYS;VNM;THA;PHL;SGP;BRN;KHM;LAO;MMR;TLS/indicator/IT.NET.BBND.P2?format=json&date=2000:2025&per_page=20000,raw/worldbank/eca1e5e804a3_IT.NET.BBND.P2.json
Myanmar,MMR,2014,IT.NET.BBND.P2,Fixed broadband subscriptions (per 100 people),,,https://api.worldbank.org/v2/country/IDN;MYS;VNM;THA;PHL;SGP;BRN;KHM;LAO;MMR;TLS/indicator/IT.NET.BBND.P2?format=json&date=2000:2025&per_page=20000,raw/worldbank/eca1e5e804a3_IT.NET.BBND.P2.json
Myanmar,MMR,2013,IT.NET.BBND.P2,Fixed broadband subscriptions (per 100 people),,,https://api.worldbank.org/v2/country/IDN;MYS;VNM;THA;PHL;SGP;BRN;KHM;LAO;MMR;TLS/indicator/IT.NET.BBND.P2?format=json&date=2000:2025&per_page=20000,raw/worldbank/eca1e5e804a3_IT.NET.BBND.P2.json
Myanmar,MMR,2012,IT.NET.BBND.P2,Fixed broadband subscriptions (per 100 people),,,https://api.worldbank.org/v2/country/IDN;MYS;VNM;THA;PHL;SGP;BRN;KHM;LAO;MMR;TLS/indicator/IT.NET.BBND.P2?format=json&date=2000:2025&per_page=20000,raw/worldbank/eca1e5e804a3_IT.NET.BBND.P2.json
Myanmar,MMR,2011,IT.NET.BBND.P2,Fixed broadband subscriptions (per 100 people),0.0443101573417305,,https://api.worldbank.org/v2/country/IDN;MYS;VNM;THA;PHL;SGP;BRN;KHM;LAO;MMR;TLS/indicator/IT.NET.BBND.P2?format=json&date=2000:2025&per_page=20000,raw/worldbank/eca1e5e804a3_IT.NET.BBND.P2.json
Myanmar,MMR,2010,IT.NET.BBND.P2,Fixed broadband subscriptions (per 100 people),0.0468134407079318,,https://api.worldbank.org/v2/country/IDN;MYS;VNM;THA;PHL;SGP;BRN;KHM;LAO;MMR;TLS/indicator/IT.NET.BBND.P2?format=json&date=2000:2025&per_page=20000,raw/worldbank/eca1e5e804a3_IT.NET.BBND.P2.json
Myanmar,MMR,2009,IT.NET.BBND.P2,Fixed broadband subscriptions (per 100 people),0.0477595166128622,,https://api.worldbank.org/v2/country/IDN;MYS;VNM;THA;PHL;SGP;BRN;KHM;LAO;MMR;TLS/indicator/IT.NET.BBND.P2?format=json&date=2000:2025&per_page=20000,raw/worldbank/eca1e5e804a3_IT.NET.BBND.P2.json
Myanmar,MMR,2008,IT.NET.BBND.P2,Fixed broadband subscriptions (per 100 people),0.020654755544097,,https://api.worldbank.org/v2/country/IDN;MYS;VNM;THA;PHL;SGP;BRN;KHM;LAO;MMR;TLS/indicator/IT.NET.BBND.P2?format=json&date=2000:2025&per_page=20000,raw/worldbank/eca1e5e804a3_IT.NET.BBND.P2.json
Myanmar,MMR,2007,IT.NET.BBND.P2,Fixed broadband subscriptions (per 100 people),0.0134358321508409,,https://api.worldbank.org/v2/country/IDN;MYS;VNM;THA;PHL;SGP;BRN;KHM;LAO;MMR;TLS/indicator/IT.NET.BBND.P2?format=json&date=2000:2025&per_page=20000,raw/worldbank/eca1e5e804a3_IT.NET.BBND.P2.json
Myanmar,MMR,2006,IT.NET.BBND.P2,Fixed broadband subscriptions (per 100 people),0.00828918867760863,,https://api.worldbank.org/v2/country/IDN;MYS;VNM;THA;PHL;SGP;BRN;KHM;LAO;MMR;TLS/indicator/IT.NET.BBND.P2?format=json&date=2000:2025&per_page=20000,raw/worldbank/eca1e5e804a3_IT.NET.BBND.P2.json
Myanmar,MMR,2005,IT.NET.BBND.P2,Fixed broadband subscriptions (per 100 people),0.000512243623910731,,https://api.worldbank.org/v2/country/IDN;MYS;VNM;THA;PHL;SGP;BRN;KHM;LAO;MMR;TLS/indicator/IT.NET.BBND.P2?format=json&date=2000:2025&per_page=20000,raw/worldbank/eca1e5e804a3_IT.NET.BBND.P2.json
Myanmar,MMR,2004,IT.NET.BBND.P2,Fixed broadband subscriptions (per 100 people),,,https://api.worldbank.org/v2/country/IDN;MYS;VNM;THA;PHL;SGP;BRN;KHM;LAO;MMR;TLS/indicator/IT.NET.BBND.P2?format=json&date=2000:2025&per_page=20000,raw/worldbank/eca1e5e804a3_IT.NET.BBND.P2.json
Myanmar,MMR,2003,IT.NET.BBND.P2,Fixed broadband subscriptions (per 100 people),,,https://api.worldbank.org/v2/country/IDN;MYS;VNM;THA;PHL;SGP;BRN;KHM;LAO;MMR;TLS/indicator/IT.NET.BBND.P2?format=json&date=2000:2025&per_page=20000,raw/worldbank/eca1e5e804a3_IT.NET.BBND.P2.json
Myanmar,MMR,2002,IT.NET.BBND.P2,Fixed broadband subscriptions (per 100 people),,,https://api.worldbank.org/v2/country/IDN;MYS;VNM;THA;PHL;SGP;BRN;KHM;LAO;MMR;TLS/indicator/IT.NET.BBND.P2?format=json&date=2000:2025&per_page=20000,raw/worldbank/eca1e5e804a3_IT.NET.BBND.P2.json
Myanmar,MMR,2001,IT.NET.BBND.P2,Fixed broadband subscriptions (per 100 people),,,https://api.worldbank.org/v2/country/IDN;MYS;VNM;THA;PHL;SGP;BRN;KHM;LAO;MMR;TLS/indicator/IT.NET.BBND.P2?format=json&date=2000:2025&per_page=20000,raw/worldbank/eca1e5e804a3_IT.NET.BBND.P2.json
Myanmar,MMR,2000,IT.NET.BBND.P2,Fixed broadband subscriptions (per 100 people),,,https://api.worldbank.org/v2/country/IDN;MYS;VNM;THA;PHL;SGP;BRN;KHM;LAO;MMR;TLS/indicator/IT.NET.BBND.P2?format=json&date=2000:2025&per_page=20000,raw/worldbank/eca1e5e804a3_IT.NET.BBND.P2.json
Malaysia,MYS,2025,IT.NET.BBND.P2,Fixed broadband subscriptions (per 100 people),,,https://api.worldbank.org/v2/country/IDN;MYS;VNM;THA;PHL;SGP;BRN;KHM;LAO;MMR;TLS/indicator/IT.NET.BBND.P2?format=json&date=2000:2025&per_page=20000,raw/worldbank/eca1e5e804a3_IT.NET.BBND.P2.json
Malaysia,MYS,2024,IT.NET.BBND.P2,Fixed broadband subscriptions (per 100 people),13.5464432669708,,https://api.worldbank.org/v2/country/IDN;MYS;VNM;THA;PHL;SGP;BRN;KHM;LAO;MMR;TLS/indicator/IT.NET.BBND.P2?format=json&date=2000:2025&per_page=20000,raw/worldbank/eca1e5e804a3_IT.NET.BBND.P2.json
Malaysia,MYS,2023,IT.NET.BBND.P2,Fixed broadband subscriptions (per 100 people),13.0287000355119,,https://api.worldbank.org/v2/country/IDN;MYS;VNM;THA;PHL;SGP;BRN;KHM;LAO;MMR;TLS/indicator/IT.NET.BBND.P2?format=json&date=2000:2025&per_page=20000,raw/worldbank/eca1e5e804a3_IT.NET.BBND.P2.json
Malaysia,MYS,2022,IT.NET.BBND.P2,Fixed broadband subscriptions (per 100 people),12.1753566089982,,https://api.worldbank.org/v2/country/IDN;MYS;VNM;THA;PHL;SGP;BRN;KHM;LAO;MMR;TLS/indicator/IT.NET.BBND.P2?format=json&date=2000:2025&per_page=20000,raw/worldbank/eca1e5e804a3_IT.NET.BBND.P2.json
Malaysia,MYS,2021,IT.NET.BBND.P2,Fixed broadband subscriptions (per 100 people),10.8921782282506,,https://api.worldbank.org/v2/country/IDN;MYS;VNM;THA;PHL;SGP;BRN;KHM;LAO;MMR;TLS/indicator/IT.NET.BBND.P2?format=json&date=2000:2025&per_page=20000,raw/worldbank/eca1e5e804a3_IT.NET.BBND.P2.json
Malaysia,MYS,2020,IT.NET.BBND.P2,Fixed broadband subscriptions (per 100 people),9.91101742902637,,https://api.worldbank.org/v2/country/IDN;MYS;VNM;THA;PHL;SGP;BRN;KHM;LAO;MMR;TLS/indicator/IT.NET.BBND.P2?format=json&date=2000:2025&per_page=20000,raw/worldbank/eca1e5e804a3_IT.NET.BBND.P2.json
Malaysia,MYS,2019,IT.NET.BBND.P2,Fixed broadband subscriptions (per 100 people),8.86497357882019,,https://api.worldbank.org/v2/country/IDN;MYS;VNM;THA;PHL;SGP;BRN;KHM;LAO;MMR;TLS/indicator/IT.NET.BBND.P2?format=json&date=2000:2025&per_page=20000,raw/worldbank/eca1e5e804a3_IT.NET.BBND.P2.json
Malaysia,MYS,2018,IT.NET.BBND.P2,Fixed broadband subscriptions (per 100 people),8.19179819298533,,https://api.worldbank.org/v2/country/IDN;MYS;VNM;THA;PHL;SGP;BRN;KHM;LAO;MMR;TLS/indicator/IT.NET.BBND.P2?format=json&date=2000:2025&per_page=20000,raw/worldbank/eca1e5e804a3_IT.NET.BBND.P2.json
Malaysia,MYS,2017,IT.NET.BBND.P2,Fixed broadband subscriptions (per 100 people),8.30705146836206,,https://api.worldbank.org/v2/country/IDN;MYS;VNM;THA;PHL;SGP;BRN;KHM;LAO;MMR;TLS/indicator/IT.NET.BBND.P2?format=json&date=2000:2025&per_page=20000,raw/worldbank/eca1e5e804a3_IT.NET.BBND.P2.json
Malaysia,MYS,2016,IT.NET.BBND.P2,Fixed broadband subscriptions (per 100 people),8.55245970508987,,https://api.worldbank.org/v2/country/IDN;MYS;VNM;THA;PHL;SGP;BRN;KHM;LAO;MMR;TLS/indicator/IT.NET.BBND.P2?format=json&date=2000:2025&per_page=20000,raw/worldbank/eca1e5e804a3_IT.NET.BBND.P2.json
Malaysia,MYS,2015,IT.NET.BBND.P2,Fixed broadband subscriptions (per 100 people),9.80955980953099,,https://api.worldbank.org/v2/country/IDN;MYS;VNM;THA;PHL;SGP;BRN;KHM;LAO;MMR;TLS/indicator/IT.NET.BBND.P2?format=json&date=2000:2025&per_page=20000,raw/worldbank/eca1e5e804a3_IT.NET.BBND.P2.json
Malaysia,MYS,2014,IT.NET.BBND.P2,Fixed broadband subscriptions (per 100 people),9.97193881432051,,https://api.worldbank.org/v2/country/IDN;MYS;VNM;THA;PHL;SGP;BRN;KHM;LAO;MMR;TLS/indicator/IT.NET.BBND.P2?format=json&date=2000:2025&per_page=20000,raw/worldbank/eca1e5e804a3_IT.NET.BBND.P2.json
Malaysia,MYS,2013,IT.NET.BBND.P2,Fixed broadband subscriptions (per 100 people),9.73942530166021,,https://api.worldbank.org/v2/country/IDN;MYS;VNM;THA;PHL;SGP;BRN;KHM;LAO;MMR;TLS/indicator/IT.NET.BBND.P2?format=json&date=2000:2025&per_page=20000,raw/worldbank/eca1e5e804a3_IT.NET.BBND.P2.json
Malaysia,MYS,2012,IT.NET.BBND.P2,Fixed broadband subscriptions (per 100 people),9.84700347717991,,https://api.worldbank.org/v2/country/IDN;MYS;VNM;THA;PHL;SGP;BRN;KHM;LAO;MMR;TLS/indicator/IT.NET.BBND.P2?format=json&date=2000:2025&per_page=20000,raw/worldbank/eca1e5e804a3_IT.NET.BBND.P2.json
Malaysia,MYS,2011,IT.NET.BBND.P2,Fixed broadband subscriptions (per 100 people),8.59576382844835,,https://api.worldbank.org/v2/country/IDN;MYS;VNM;THA;PHL;SGP;BRN;KHM;LAO;MMR;TLS/indicator/IT.NET.BBND.P2?format=json&date=2000:2025&per_page=20000,raw/worldbank/eca1e5e804a3_IT.NET.BBND.P2.json
Malaysia,MYS,2010,IT.NET.BBND.P2,Fixed broadband subscriptions (per 100 people),7.32068815724969,,https://api.worldbank.org/v2/country/IDN;MYS;VNM;THA;PHL;SGP;BRN;KHM;LAO;MMR;TLS/indicator/IT.NET.BBND.P2?format=json&date=2000:2025&per_page=20000,raw/worldbank/eca1e5e804a3_IT.NET.BBND.P2.json
Malaysia,MYS,2009,IT.NET.BBND.P2,Fixed broadband subscriptions (per 100 people),5.52395471352698,,https://api.worldbank.org/v2/country/IDN;MYS;VNM;THA;PHL;SGP;BRN;KHM;LAO;MMR;TLS/indicator/IT.NET.BBND.P2?format=json&date=2000:2025&per_page=20000,raw/worldbank/eca1e5e804a3_IT.NET.BBND.P2.json
Malaysia,MYS,2008,IT.NET.BBND.P2,Fixed broadband subscriptions (per 100 people),4.82153483966066,,https://api.worldbank.org/v2/country/IDN;MYS;VNM;THA;PHL;SGP;BRN;KHM;LAO;MMR;TLS/indicator/IT.NET.BBND.P2?format=json&date=2000:2025&per_page=20000,raw/worldbank/eca1e5e804a3_IT.NET.BBND.P2.json
Malaysia,MYS,2007,IT.NET.BBND.P2,Fixed broadband subscriptions (per 100 people),3.83430285414437,,https://api.worldbank.org/v2/country/IDN;MYS;VNM;THA;PHL;SGP;BRN;KHM;LAO;MMR;TLS/indicator/IT.NET.BBND.P2?format=json&date=2000:2025&per_page=20000,raw/worldbank/eca1e5e804a3_IT.NET.BBND.P2.json
Malaysia,MYS,2006,IT.NET.BBND.P2,Fixed broadband subscriptions (per 100 people),2.84276851737206,,https://api.worldbank.org/v2/country/IDN;MYS;VNM;THA;PHL;SGP;BRN;KHM;LAO;MMR;TLS/indicator/IT.NET.BBND.P2?format=json&date=2000:2025&per_page=20000,raw/worldbank/eca1e5e804a3_IT.NET.BBND.P2.json
Malaysia,MYS,2005,IT.NET.BBND.P2,Fixed broadband subscriptions (per 100 people),1.86986635854964,,https://api.worldbank.org/v2/country/IDN;MYS;VNM;THA;PHL;SGP;BRN;KHM;LAO;MMR;TLS/indicator/IT.NET.BBND.P2?format=json&date=2000:2025&per_page=20000,raw/worldbank/eca1e5e804a3_IT.NET.BBND.P2.json
Malaysia,MYS,2004,IT.NET.BBND.P2,Fixed broadband subscriptions (per 100 people),0.999731873891089,,https://api.worldbank.org/v2/country/IDN;MYS;VNM;THA;PHL;SGP;BRN;KHM;LAO;MMR;TLS/indicator/IT.NET.BBND.P2?format=json&date=2000:2025&per_page=20000,raw/worldbank/eca1e5e804a3_IT.NET.BBND.P2.json
Malaysia,MYS,2003,IT.NET.BBND.P2,Fixed broadband subscriptions (per 100 people),0.447341087591283,,https://api.worldbank.org/v2/country/IDN;MYS;VNM;THA;PHL;SGP;BRN;KHM;LAO;MMR;TLS/indicator/IT.NET.BBND.P2?format=json&date=2000:2025&per_page=20000,raw/worldbank/eca1e5e804a3_IT.NET.BBND.P2.json
Malaysia,MYS,2002,IT.NET.BBND.P2,Fixed broadband subscriptions (per 100 people),0.0800830553639777,,https://api.worldbank.org/v2/country/IDN;MYS;VNM;THA;PHL;SGP;BRN;KHM;LAO;MMR;TLS/indicator/IT.NET.BBND.P2?format=json&date=2000:2025&per_page=20000,raw/worldbank/eca1e5e804a3_IT.NET.BBND.P2.json
Malaysia,MYS,2001,IT.NET.BBND.P2,Fixed broadband subscriptions (per 100 people),0.0170020765486193,,https://api.worldbank.org/v2/country/IDN;MYS;VNM;THA;PHL;SGP;BRN;KHM;LAO;MMR;TLS/indicator/IT.NET.BBND.P2?format=json&date=2000:2025&per_page=20000,raw/worldbank/eca1e5e804a3_IT.NET.BBND.P2.json
Malaysia,MYS,2000,IT.NET.BBND.P2,Fixed broadband subscriptions (per 100 people),,,https://api.worldbank.org/v2/country/IDN;MYS;VNM;THA;PHL;SGP;BRN;KHM;LAO;MMR;TLS/indicator/IT.NET.BBND.P2?format=json&date=2000:2025&per_page=20000,raw/worldbank/eca1e5e804a3_IT.NET.BBND.P2.json
Philippines,PHL,2025,IT.NET.BBND.P2,Fixed broadband subscriptions (per 100 people),,,https://api.worldbank.org/v2/country/IDN;MYS;VNM;THA;PHL;SGP;BRN;KHM;LAO;MMR;TLS/indicator/IT.NET.BBND.P2?format=json&date=2000:2025&per_page=20000,raw/worldbank/eca1e5e804a3_IT.NET.BBND.P2.json
Philippines,PHL,2024,IT.NET.BBND.P2,Fixed broadband subscriptions (per 100 people),7.13893301204977,,https://api.worldbank.org/v2/country/IDN;MYS;VNM;THA;PHL;SGP;BRN;KHM;LAO;MMR;TLS/indicator/IT.NET.BBND.P2?format=json&date=2000:2025&per_page=20000,raw/worldbank/eca1e5e804a3_IT.NET.BBND.P2.json
Philippines,PHL,2023,IT.NET.BBND.P2,Fixed broadband subscriptions (per 100 people),6.5393085505183,,https://api.worldbank.org/v2/country/IDN;MYS;VNM;THA;PHL;SGP;BRN;KHM;LAO;MMR;TLS/indicator/IT.NET.BBND.P2?format=json&date=2000:2025&per_page=20000,raw/worldbank/eca1e5e804a3_IT.NET.BBND.P2.json
Philippines,PHL,2022,IT.NET.BBND.P2,Fixed broadband subscriptions (per 100 people),7.63946525096298,,https://api.worldbank.org/v2/country/IDN;MYS;VNM;THA;PHL;SGP;BRN;KHM;LAO;MMR;TLS/indicator/IT.NET.BBND.P2?format=json&date=2000:2025&per_page=20000,raw/worldbank/eca1e5e804a3_IT.NET.BBND.P2.json
Philippines,PHL,2021,IT.NET.BBND.P2,Fixed broadband subscriptions (per 100 people),8.50897715713263,,https://api.worldbank.org/v2/country/IDN;MYS;VNM;THA;PHL;SGP;BRN;KHM;LAO;MMR;TLS/indicator/IT.NET.BBND.P2?format=json&date=2000:2025&per_page=20000,raw/worldbank/eca1e5e804a3_IT.NET.BBND.P2.json
Philippines,PHL,2020,IT.NET.BBND.P2,Fixed broadband subscriptions (per 100 people),7.08108894988907,,https://api.worldbank.org/v2/country/IDN;MYS;VNM;THA;PHL;SGP;BRN;KHM;LAO;MMR;TLS/indicator/IT.NET.BBND.P2?format=json&date=2000:2025&per_page=20000,raw/worldbank/eca1e5e804a3_IT.NET.BBND.P2.json
Philippines,PHL,2019,IT.NET.BBND.P2,Fixed broadband subscriptions (per 100 people),5.69730703529922,,https://api.worldbank.org/v2/country/IDN;MYS;VNM;THA;PHL;SGP;BRN;KHM;LAO;MMR;TLS/indicator/IT.NET.BBND.P2?format=json&date=2000:2025&per_page=20000,raw/worldbank/eca1e5e804a3_IT.NET.BBND.P2.json
Philippines,PHL,2018,IT.NET.BBND.P2,Fixed broadband subscriptions (per 100 people),3.46090446005956,,https://api.worldbank.org/v2/country/IDN;MYS;VNM;THA;PHL;SGP;BRN;KHM;LAO;MMR;TLS/indicator/IT.NET.BBND.P2?format=json&date=2000:2025&per_page=20000,raw/worldbank/eca1e5e804a3_IT.NET.BBND.P2.json
Philippines,PHL,2017,IT.NET.BBND.P2,Fixed broadband subscriptions (per 100 people),3.14400726239576,,https://api.worldbank.org/v2/country/IDN;MYS;VNM;THA;PHL;SGP;BRN;KHM;LAO;MMR;TLS/indicator/IT.NET.BBND.P2?format=json&date=2000:2025&per_page=20000,raw/worldbank/eca1e5e804a3_IT.NET.BBND.P2.json
Philippines,PHL,2016,IT.NET.BBND.P2,Fixed broadband subscriptions (per 100 people),2.79705053563184,,https://api.worldbank.org/v2/country/IDN;MYS;VNM;THA;PHL;SGP;BRN;KHM;LAO;MMR;TLS/indicator/IT.NET.BBND.P2?format=json&date=2000:2025&per_page=20000,raw/worldbank/eca1e5e804a3_IT.NET.BBND.P2.json
Philippines,PHL,2015,IT.NET.BBND.P2,Fixed broadband subscriptions (per 100 people),2.75369633406674,,https://api.worldbank.org/v2/country/IDN;MYS;VNM;THA;PHL;SGP;BRN;KHM;LAO;MMR;TLS/indicator/IT.NET.BBND.P2?format=json&date=2000:2025&per_page=20000,raw/worldbank/eca1e5e804a3_IT.NET.BBND.P2.json
Philippines,PHL,2014,IT.NET.BBND.P2,Fixed broadband subscriptions (per 100 people),2.79471929116667,,https://api.worldbank.org/v2/country/IDN;MYS;VNM;THA;PHL;SGP;BRN;KHM;LAO;MMR;TLS/indicator/IT.NET.BBND.P2?format=json&date=2000:2025&per_page=20000,raw/worldbank/eca1e5e804a3_IT.NET.BBND.P2.json
Philippines,PHL,2013,IT.NET.BBND.P2,Fixed broadband subscriptions (per 100 people),2.52046664370868,,https://api.worldbank.org/v2/country/IDN;MYS;VNM;THA;PHL;SGP;BRN;KHM;LAO;MMR;TLS/indicator/IT.NET.BBND.P2?format=json&date=2000:2025&per_page=20000,raw/worldbank/eca1e5e804a3_IT.NET.BBND.P2.json
Philippines,PHL,2012,IT.NET.BBND.P2,Fixed broadband subscriptions (per 100 people),2.14283906030847,,https://api.worldbank.org/v2/country/IDN;MYS;VNM;THA;PHL;SGP;BRN;KHM;LAO;MMR;TLS/indicator/IT.NET.BBND.P2?format=json&date=2000:2025&per_page=20000,raw/worldbank/eca1e5e804a3_IT.NET.BBND.P2.json
Philippines,PHL,2011,IT.NET.BBND.P2,Fixed broadband subscriptions (per 100 people),1.82292647914606,,https://api.worldbank.org/v2/country/IDN;MYS;VNM;THA;PHL;SGP;BRN;KHM;LAO;MMR;TLS/indicator/IT.NET.BBND.P2?format=json&date=2000:2025&per_page=20000,raw/worldbank/eca1e5e804a3_IT.NET.BBND.P2.json
Philippines,PHL,2010,IT.NET.BBND.P2,Fixed broadband subscriptions (per 100 people),,,https://api.worldbank.org/v2/country/IDN;MYS;VNM;THA;PHL;SGP;BRN;KHM;LAO;MMR;TLS/indicator/IT.NET.BBND.P2?format=json&date=2000:2025&per_page=20000,raw/worldbank/eca1e5e804a3_IT.NET.BBND.P2.json
Philippines,PHL,2009,IT.NET.BBND.P2,Fixed broadband subscriptions (per 100 people),1.82488815665749,,https://api.worldbank.org/v2/country/IDN;MYS;VNM;THA;PHL;SGP;BRN;KHM;LAO;MMR;TLS/indicator/IT.NET.BBND.P2?format=json&date=2000:2025&per_page=20000,raw/worldbank/eca1e5e804a3_IT.NET.BBND.P2.json
Philippines,PHL,2008,IT.NET.BBND.P2,Fixed broadband subscriptions (per 100 people),1.12807573795623,,https://api.worldbank.org/v2/country/IDN;MYS;VNM;THA;PHL;SGP;BRN;KHM;LAO;MMR;TLS/indicator/IT.NET.BBND.P2?format=json&date=2000:2025&per_page=20000,raw/worldbank/eca1e5e804a3_IT.NET.BBND.P2.json
Philippines,PHL,2007,IT.NET.BBND.P2,Fixed broadband subscriptions (per 100 people),0.544770790690909,,https://api.worldbank.org/v2/country/IDN;MYS;VNM;THA;PHL;SGP;BRN;KHM;LAO;MMR;TLS/indicator/IT.NET.BBND.P2?format=json&date=2000:2025&per_page=20000,raw/worldbank/eca1e5e804a3_IT.NET.BBND.P2.json
Philippines,PHL,2006,IT.NET.BBND.P2,Fixed broadband subscriptions (per 100 people),0.29609317661134,,https://api.worldbank.org/v2/country/IDN;MYS;VNM;THA;PHL;SGP;BRN;KHM;LAO;MMR;TLS/indicator/IT.NET.BBND.P2?format=json&date=2000:2025&per_page=20000,raw/worldbank/eca1e5e804a3_IT.NET.BBND.P2.json
Philippines,PHL,2005,IT.NET.BBND.P2,Fixed broadband subscriptions (per 100 people),0.139747379003822,,https://api.worldbank.org/v2/country/IDN;MYS;VNM;THA;PHL;SGP;BRN;KHM;LAO;MMR;TLS/indicator/IT.NET.BBND.P2?format=json&date=2000:2025&per_page=20000,raw/worldbank/eca1e5e804a3_IT.NET.BBND.P2.json
Philippines,PHL,2004,IT.NET.BBND.P2,Fixed broadband subscriptions (per 100 people),0.103015812209536,,https://api.worldbank.org/v2/country/IDN;MYS;VNM;THA;PHL;SGP;BRN;KHM;LAO;MMR;TLS/indicator/IT.NET.BBND.P2?format=json&date=2000:2025&per_page=20000,raw/worldbank/eca1e5e804a3_IT.NET.BBND.P2.json
Philippines,PHL,2003,IT.NET.BBND.P2,Fixed broadband subscriptions (per 100 people),0.064910667873533,,https://api.worldbank.org/v2/country/IDN;MYS;VNM;THA;PHL;SGP;BRN;KHM;LAO;MMR;TLS/indicator/IT.NET.BBND.P2?format=json&date=2000:2025&per_page=20000,raw/worldbank/eca1e5e804a3_IT.NET.BBND.P2.json
Philippines,PHL,2002,IT.NET.BBND.P2,Fixed broadband subscriptions (per 100 people),0.0252802225391506,,https://api.worldbank.org/v2/country/IDN;MYS;VNM;THA;PHL;SGP;BRN;KHM;LAO;MMR;TLS/indicator/IT.NET.BBND.P2?format=json&date=2000:2025&per_page=20000,raw/worldbank/eca1e5e804a3_IT.NET.BBND.P2.json
Philippines,PHL,2001,IT.NET.BBND.P2,Fixed broadband subscriptions (per 100 people),0.0122847877178855,,https://api.worldbank.org/v2/country/IDN;MYS;VNM;THA;PHL;SGP;BRN;KHM;LAO;MMR;TLS/indicator/IT.NET.BBND.P2?format=json&date=2000:2025&per_page=20000,raw/worldbank/eca1e5e804a3_IT.NET.BBND.P2.json
Philippines,PHL,2000,IT.NET.BBND.P2,Fixed broadband subscriptions (per 100 people),,,https://api.worldbank.org/v2/country/IDN;MYS;VNM;THA;PHL;SGP;BRN;KHM;LAO;MMR;TLS/indicator/IT.NET.BBND.P2?format=json&date=2000:2025&per_page=20000,raw/worldbank/eca1e5e804a3_IT.NET.BBND.P2.json
Singapore,SGP,2025,IT.NET.BBND.P2,Fixed broadband subscriptions (per 100 people),,,https://api.worldbank.org/v2/country/IDN;MYS;VNM;THA;PHL;SGP;BRN;KHM;LAO;MMR;TLS/indicator/IT.NET.BBND.P2?format=json&date=2000:2025&per_page=20000,raw/worldbank/eca1e5e804a3_IT.NET.BBND.P2.json
Singapore,SGP,2024,IT.NET.BBND.P2,Fixed broadband subscriptions (per 100 people),27.813655026664,,https://api.worldbank.org/v2/country/IDN;MYS;VNM;THA;PHL;SGP;BRN;KHM;LAO;MMR;TLS/indicator/IT.NET.BBND.P2?format=json&date=2000:2025&per_page=20000,raw/worldbank/eca1e5e804a3_IT.NET.BBND.P2.json
Singapore,SGP,2023,IT.NET.BBND.P2,Fixed broadband subscriptions (per 100 people),27.4343636046425,,https://api.worldbank.org/v2/country/IDN;MYS;VNM;THA;PHL;SGP;BRN;KHM;LAO;MMR;TLS/indicator/IT.NET.BBND.P2?format=json&date=2000:2025&per_page=20000,raw/worldbank/eca1e5e804a3_IT.NET.BBND.P2.json
Singapore,SGP,2022,IT.NET.BBND.P2,Fixed broadband subscriptions (per 100 people),27.5510032505086,,https://api.worldbank.org/v2/country/IDN;MYS;VNM;THA;PHL;SGP;BRN;KHM;LAO;MMR;TLS/indicator/IT.NET.BBND.P2?format=json&date=2000:2025&per_page=20000,raw/worldbank/eca1e5e804a3_IT.NET.BBND.P2.json
Singapore,SGP,2021,IT.NET.BBND.P2,Fixed broadband subscriptions (per 100 people),27.5210996900631,,https://api.worldbank.org/v2/country/IDN;MYS;VNM;THA;PHL;SGP;BRN;KHM;LAO;MMR;TLS/indicator/IT.NET.BBND.P2?format=json&date=2000:2025&per_page=20000,raw/worldbank/eca1e5e804a3_IT.NET.BBND.P2.json
Singapore,SGP,2020,IT.NET.BBND.P2,Fixed broadband subscriptions (per 100 people),26.8622723592787,,https://api.worldbank.org/v2/country/IDN;MYS;VNM;THA;PHL;SGP;BRN;KHM;LAO;MMR;TLS/indicator/IT.NET.BBND.P2?format=json&date=2000:2025&per_page=20000,raw/worldbank/eca1e5e804a3_IT.NET.BBND.P2.json
Singapore,SGP,2019,IT.NET.BBND.P2,Fixed broadband subscriptions (per 100 people),26.5276177370284,,https://api.worldbank.org/v2/country/IDN;MYS;VNM;THA;PHL;SGP;BRN;KHM;LAO;MMR;TLS/indicator/IT.NET.BBND.P2?format=json&date=2000:2025&per_page=20000,raw/worldbank/eca1e5e804a3_IT.NET.BBND.P2.json
Singapore,SGP,2018,IT.NET.BBND.P2,Fixed broadband subscriptions (per 100 people),26.50873593831,,https://api.worldbank.org/v2/country/IDN;MYS;VNM;THA;PHL;SGP;BRN;KHM;LAO;MMR;TLS/indicator/IT.NET.BBND.P2?format=json&date=2000:2025&per_page=20000,raw/worldbank/eca1e5e804a3_IT.NET.BBND.P2.json
Singapore,SGP,2017,IT.NET.BBND.P2,Fixed broadband subscriptions (per 100 people),26.3326099315534,,https://api.worldbank.org/v2/country/IDN;MYS;VNM;THA;PHL;SGP;BRN;KHM;LAO;MMR;TLS/indicator/IT.NET.BBND.P2?format=json&date=2000:2025&per_page=20000,raw/worldbank/eca1e5e804a3_IT.NET.BBND.P2.json
Singapore,SGP,2016,IT.NET.BBND.P2,Fixed broadband subscriptions (per 100 people),28.5392609803278,,https://api.worldbank.org/v2/country/IDN;MYS;VNM;THA;PHL;SGP;BRN;KHM;LAO;MMR;TLS/indicator/IT.NET.BBND.P2?format=json&date=2000:2025&per_page=20000,raw/worldbank/eca1e5e804a3_IT.NET.BBND.P2.json
Singapore,SGP,2015,IT.NET.BBND.P2,Fixed broadband subscriptions (per 100 people),26.8978922564041,,https://api.worldbank.org/v2/country/IDN;MYS;VNM;THA;PHL;SGP;BRN;KHM;LAO;MMR;TLS/indicator/IT.NET.BBND.P2?format=json&date=2000:2025&per_page=20000,raw/worldbank/eca1e5e804a3_IT.NET.BBND.P2.json
Singapore,SGP,2014,IT.NET.BBND.P2,Fixed broadband subscriptions (per 100 people),27.0067241979516,,https://api.worldbank.org/v2/country/IDN;MYS;VNM;THA;PHL;SGP;BRN;KHM;LAO;MMR;TLS/indicator/IT.NET.BBND.P2?format=json&date=2000:2025&per_page=20000,raw/worldbank/eca1e5e804a3_IT.NET.BBND.P2.json
Singapore,SGP,2013,IT.NET.BBND.P2,Fixed broadband subscriptions (per 100 people),27.7295626772787,,https://api.worldbank.org/v2/country/IDN;MYS;VNM;THA;PHL;SGP;BRN;KHM;LAO;MMR;TLS/indicator/IT.NET.BBND.P2?format=json&date=2000:2025&per_page=20000,raw/worldbank/eca1e5e804a3_IT.NET.BBND.P2.json
Singapore,SGP,2012,IT.NET.BBND.P2,Fixed broadband subscriptions (per 100 people),27.0679759849169,,https://api.worldbank.org/v2/country/IDN;MYS;VNM;THA;PHL;SGP;BRN;KHM;LAO;MMR;TLS/indicator/IT.NET.BBND.P2?format=json&date=2000:2025&per_page=20000,raw/worldbank/eca1e5e804a3_IT.NET.BBND.P2.json
Singapore,SGP,2011,IT.NET.BBND.P2,Fixed broadband subscriptions (per 100 people),27.1735826927318,,https://api.worldbank.org/v2/country/IDN;MYS;VNM;THA;PHL;SGP;BRN;KHM;LAO;MMR;TLS/indicator/IT.NET.BBND.P2?format=json&date=2000:2025&per_page=20000,raw/worldbank/eca1e5e804a3_IT.NET.BBND.P2.json
Singapore,SGP,2010,IT.NET.BBND.P2,Fixed broadband subscriptions (per 100 people),26.3619521238271,,https://api.worldbank.org/v2/country/IDN;MYS;VNM;THA;PHL;SGP;BRN;KHM;LAO;MMR;TLS/indicator/IT.NET.BBND.P2?format=json&date=2000:2025&per_page=20000,raw/worldbank/eca1e5e804a3_IT.NET.BBND.P2.json
Singapore,SGP,2009,IT.NET.BBND.P2,Fixed broadband subscriptions (per 100 people),24.8260665849798,,https://api.worldbank.org/v2/country/IDN;MYS;VNM;THA;PHL;SGP;BRN;KHM;LAO;MMR;TLS/indicator/IT.NET.BBND.P2?format=json&date=2000:2025&per_page=20000,raw/worldbank/eca1e5e804a3_IT.NET.BBND.P2.json
Singapore,SGP,2008,IT.NET.BBND.P2,Fixed broadband subscriptions (per 100 people),22.2853696506635,,https://api.worldbank.org/v2/country/IDN;MYS;VNM;THA;PHL;SGP;BRN;KHM;LAO;MMR;TLS/indicator/IT.NET.BBND.P2?format=json&date=2000:2025&per_page=20000,raw/worldbank/eca1e5e804a3_IT.NET.BBND.P2.json
Singapore,SGP,2007,IT.NET.BBND.P2,Fixed broadband subscriptions (per 100 people),20.145697338092,,https://api.worldbank.org/v2/country/IDN;MYS;VNM;THA;PHL;SGP;BRN;KHM;LAO;MMR;TLS/indicator/IT.NET.BBND.P2?format=json&date=2000:2025&per_page=20000,raw/worldbank/eca1e5e804a3_IT.NET.BBND.P2.json
Singapore,SGP,2006,IT.NET.BBND.P2,Fixed broadband subscriptions (per 100 people),17.8781400199407,,https://api.worldbank.org/v2/country/IDN;MYS;VNM;THA;PHL;SGP;BRN;KHM;LAO;MMR;TLS/indicator/IT.NET.BBND.P2?format=json&date=2000:2025&per_page=20000,raw/worldbank/eca1e5e804a3_IT.NET.BBND.P2.json
Singapore,SGP,2005,IT.NET.BBND.P2,Fixed broadband subscriptions (per 100 people),15.3735717010077,,https://api.worldbank.org/v2/country/IDN;MYS;VNM;THA;PHL;SGP;BRN;KHM;LAO;MMR;TLS/indicator/IT.NET.BBND.P2?format=json&date=2000:2025&per_page=20000,raw/worldbank/eca1e5e804a3_IT.NET.BBND.P2.json
Singapore,SGP,2004,IT.NET.BBND.P2,Fixed broadband subscriptions (per 100 people),13.0656708126766,,https://api.worldbank.org/v2/country/IDN;MYS;VNM;THA;PHL;SGP;BRN;KHM;LAO;MMR;TLS/indicator/IT.NET.BBND.P2?format=json&date=2000:2025&per_page=20000,raw/worldbank/eca1e5e804a3_IT.NET.BBND.P2.json
Singapore,SGP,2003,IT.NET.BBND.P2,Fixed broadband subscriptions (per 100 people),10.0791519110154,,https://api.worldbank.org/v2/country/IDN;MYS;VNM;THA;PHL;SGP;BRN;KHM;LAO;MMR;TLS/indicator/IT.NET.BBND.P2?format=json&date=2000:2025&per_page=20000,raw/worldbank/eca1e5e804a3_IT.NET.BBND.P2.json
Singapore,SGP,2002,IT.NET.BBND.P2,Fixed broadband subscriptions (per 100 people),6.51090021153191,,https://api.worldbank.org/v2/country/IDN;MYS;VNM;THA;PHL;SGP;BRN;KHM;LAO;MMR;TLS/indicator/IT.NET.BBND.P2?format=json&date=2000:2025&per_page=20000,raw/worldbank/eca1e5e804a3_IT.NET.BBND.P2.json
Singapore,SGP,2001,IT.NET.BBND.P2,Fixed broadband subscriptions (per 100 people),3.66846235064378,,https://api.worldbank.org/v2/country/IDN;MYS;VNM;THA;PHL;SGP;BRN;KHM;LAO;MMR;TLS/indicator/IT.NET.BBND.P2?format=json&date=2000:2025&per_page=20000,raw/worldbank/eca1e5e804a3_IT.NET.BBND.P2.json
Singapore,SGP,2000,IT.NET.BBND.P2,Fixed broadband subscriptions (per 100 people),1.70993334977182,,https://api.worldbank.org/v2/country/IDN;MYS;VNM;THA;PHL;SGP;BRN;KHM;LAO;MMR;TLS/indicator/IT.NET.BBND.P2?format=json&date=2000:2025&per_page=20000,raw/worldbank/eca1e5e804a3_IT.NET.BBND.P2.json
Thailand,THA,2025,IT.NET.BBND.P2,Fixed broadband subscriptions (per 100 people),,,https://api.worldbank.org/v2/country/IDN;MYS;VNM;THA;PHL;SGP;BRN;KHM;LAO;MMR;TLS/indicator/IT.NET.BBND.P2?format=json&date=2000:2025&per_page=20000,raw/worldbank/eca1e5e804a3_IT.NET.BBND.P2.json
Thailand,THA,2024,IT.NET.BBND.P2,Fixed broadband subscriptions (per 100 people),14.8870491187484,,https://api.worldbank.org/v2/country/IDN;MYS;VNM;THA;PHL;SGP;BRN;KHM;LAO;MMR;TLS/indicator/IT.NET.BBND.P2?format=json&date=2000:2025&per_page=20000,raw/worldbank/eca1e5e804a3_IT.NET.BBND.P2.json
Thailand,THA,2023,IT.NET.BBND.P2,Fixed broadband subscriptions (per 100 people),14.5089451983046,,https://api.worldbank.org/v2/country/IDN;MYS;VNM;THA;PHL;SGP;BRN;KHM;LAO;MMR;TLS/indicator/IT.NET.BBND.P2?format=json&date=2000:2025&per_page=20000,raw/worldbank/eca1e5e804a3_IT.NET.BBND.P2.json
Thailand,THA,2022,IT.NET.BBND.P2,Fixed broadband subscriptions (per 100 people),17.5125815621477,,https://api.worldbank.org/v2/country/IDN;MYS;VNM;THA;PHL;SGP;BRN;KHM;LAO;MMR;TLS/indicator/IT.NET.BBND.P2?format=json&date=2000:2025&per_page=20000,raw/worldbank/eca1e5e804a3_IT.NET.BBND.P2.json
Thailand,THA,2021,IT.NET.BBND.P2,Fixed broadband subscriptions (per 100 people),17.3168855632327,,https://api.worldbank.org/v2/country/IDN;MYS;VNM;THA;PHL;SGP;BRN;KHM;LAO;MMR;TLS/indicator/IT.NET.BBND.P2?format=json&date=2000:2025&per_page=20000,raw/worldbank/eca1e5e804a3_IT.NET.BBND.P2.json
Thailand,THA,2020,IT.NET.BBND.P2,Fixed broadband subscriptions (per 100 people),16.021813562656,,https://api.worldbank.org/v2/country/IDN;MYS;VNM;THA;PHL;SGP;BRN;KHM;LAO;MMR;TLS/indicator/IT.NET.BBND.P2?format=json&date=2000:2025&per_page=20000,raw/worldbank/eca1e5e804a3_IT.NET.BBND.P2.json
Thailand,THA,2019,IT.NET.BBND.P2,Fixed broadband subscriptions (per 100 people),14.1338059581469,,https://api.worldbank.org/v2/country/IDN;MYS;VNM;THA;PHL;SGP;BRN;KHM;LAO;MMR;TLS/indicator/IT.NET.BBND.P2?format=json&date=2000:2025&per_page=20000,raw/worldbank/eca1e5e804a3_IT.NET.BBND.P2.json
Thailand,THA,2018,IT.NET.BBND.P2,Fixed broadband subscriptions (per 100 people),12.8740610702362,,https://api.worldbank.org/v2/country/IDN;MYS;VNM;THA;PHL;SGP;BRN;KHM;LAO;MMR;TLS/indicator/IT.NET.BBND.P2?format=json&date=2000:2025&per_page=20000,raw/worldbank/eca1e5e804a3_IT.NET.BBND.P2.json
Thailand,THA,2017,IT.NET.BBND.P2,Fixed broadband subscriptions (per 100 people),11.5345396717409,,https://api.worldbank.org/v2/country/IDN;MYS;VNM;THA;PHL;SGP;BRN;KHM;LAO;MMR;TLS/indicator/IT.NET.BBND.P2?format=json&date=2000:2025&per_page=20000,raw/worldbank/eca1e5e804a3_IT.NET.BBND.P2.json
Thailand,THA,2016,IT.NET.BBND.P2,Fixed broadband subscriptions (per 100 people),10.187716904417,,https://api.worldbank.org/v2/country/IDN;MYS;VNM;THA;PHL;SGP;BRN;KHM;LAO;MMR;TLS/indicator/IT.NET.BBND.P2?format=json&date=2000:2025&per_page=20000,raw/worldbank/eca1e5e804a3_IT.NET.BBND.P2.json
Thailand,THA,2015,IT.NET.BBND.P2,Fixed broadband subscriptions (per 100 people),8.83035128821556,,https://api.worldbank.org/v2/country/IDN;MYS;VNM;THA;PHL;SGP;BRN;KHM;LAO;MMR;TLS/indicator/IT.NET.BBND.P2?format=json&date=2000:2025&per_page=20000,raw/worldbank/eca1e5e804a3_IT.NET.BBND.P2.json
Thailand,THA,2014,IT.NET.BBND.P2,Fixed broadband subscriptions (per 100 people),7.74748143833759,,https://api.worldbank.org/v2/country/IDN;MYS;VNM;THA;PHL;SGP;BRN;KHM;LAO;MMR;TLS/indicator/IT.NET.BBND.P2?format=json&date=2000:2025&per_page=20000,raw/worldbank/eca1e5e804a3_IT.NET.BBND.P2.json
Thailand,THA,2013,IT.NET.BBND.P2,Fixed broadband subscriptions (per 100 people),7.43359084502317,,https://api.worldbank.org/v2/country/IDN;MYS;VNM;THA;PHL;SGP;BRN;KHM;LAO;MMR;TLS/indicator/IT.NET.BBND.P2?format=json&date=2000:2025&per_page=20000,raw/worldbank/eca1e5e804a3_IT.NET.BBND.P2.json
Thailand,THA,2012,IT.NET.BBND.P2,Fixed broadband subscriptions (per 100 people),6.50814220580194,,https://api.worldbank.org/v2/country/IDN;MYS;VNM;THA;PHL;SGP;BRN;KHM;LAO;MMR;TLS/indicator/IT.NET.BBND.P2?format=json&date=2000:2025&per_page=20000,raw/worldbank/eca1e5e804a3_IT.NET.BBND.P2.json
Thailand,THA,2011,IT.NET.BBND.P2,Fixed broadband subscriptions (per 100 people),5.64433790742555,,https://api.worldbank.org/v2/country/IDN;MYS;VNM;THA;PHL;SGP;BRN;KHM;LAO;MMR;TLS/indicator/IT.NET.BBND.P2?format=json&date=2000:2025&per_page=20000,raw/worldbank/eca1e5e804a3_IT.NET.BBND.P2.json
Thailand,THA,2010,IT.NET.BBND.P2,Fixed broadband subscriptions (per 100 people),4.74172823236676,,https://api.worldbank.org/v2/country/IDN;MYS;VNM;THA;PHL;SGP;BRN;KHM;LAO;MMR;TLS/indicator/IT.NET.BBND.P2?format=json&date=2000:2025&per_page=20000,raw/worldbank/eca1e5e804a3_IT.NET.BBND.P2.json
Thailand,THA,2009,IT.NET.BBND.P2,Fixed broadband subscriptions (per 100 people),3.8523728631431,,https://api.worldbank.org/v2/country/IDN;MYS;VNM;THA;PHL;SGP;BRN;KHM;LAO;MMR;TLS/indicator/IT.NET.BBND.P2?format=json&date=2000:2025&per_page=20000,raw/worldbank/eca1e5e804a3_IT.NET.BBND.P2.json
Thailand,THA,2008,IT.NET.BBND.P2,Fixed broadband subscriptions (per 100 people),3.06537150418746,,https://api.worldbank.org/v2/country/IDN;MYS;VNM;THA;PHL;SGP;BRN;KHM;LAO;MMR;TLS/indicator/IT.NET.BBND.P2?format=json&date=2000:2025&per_page=20000,raw/worldbank/eca1e5e804a3_IT.NET.BBND.P2.json
Thailand,THA,2007,IT.NET.BBND.P2,Fixed broadband subscriptions (per 100 people),1.92741409494272,,https://api.worldbank.org/v2/country/IDN;MYS;VNM;THA;PHL;SGP;BRN;KHM;LAO;MMR;TLS/indicator/IT.NET.BBND.P2?format=json&date=2000:2025&per_page=20000,raw/worldbank/eca1e5e804a3_IT.NET.BBND.P2.json
Thailand,THA,2006,IT.NET.BBND.P2,Fixed broadband subscriptions (per 100 people),1.34231492826242,,https://api.worldbank.org/v2/country/IDN;MYS;VNM;THA;PHL;SGP;BRN;KHM;LAO;MMR;TLS/indicator/IT.NET.BBND.P2?format=json&date=2000:2025&per_page=20000,raw/worldbank/eca1e5e804a3_IT.NET.BBND.P2.json
Thailand,THA,2005,IT.NET.BBND.P2,Fixed broadband subscriptions (per 100 people),0.841437002536603,,https://api.worldbank.org/v2/country/IDN;MYS;VNM;THA;PHL;SGP;BRN;KHM;LAO;MMR;TLS/indicator/IT.NET.BBND.P2?format=json&date=2000:2025&per_page=20000,raw/worldbank/eca1e5e804a3_IT.NET.BBND.P2.json
Thailand,THA,2004,IT.NET.BBND.P2,Fixed broadband subscriptions (per 100 people),0.251749192809814,,https://api.worldbank.org/v2/country/IDN;MYS;VNM;THA;PHL;SGP;BRN;KHM;LAO;MMR;TLS/indicator/IT.NET.BBND.P2?format=json&date=2000:2025&per_page=20000,raw/worldbank/eca1e5e804a3_IT.NET.BBND.P2.json
Thailand,THA,2003,IT.NET.BBND.P2,Fixed broadband subscriptions (per 100 people),0.0178993807224333,,https://api.worldbank.org/v2/country/IDN;MYS;VNM;THA;PHL;SGP;BRN;KHM;LAO;MMR;TLS/indicator/IT.NET.BBND.P2?format=json&date=2000:2025&per_page=20000,raw/worldbank/eca1e5e804a3_IT.NET.BBND.P2.json
Thailand,THA,2002,IT.NET.BBND.P2,Fixed broadband subscriptions (per 100 people),,,https://api.worldbank.org/v2/country/IDN;MYS;VNM;THA;PHL;SGP;BRN;KHM;LAO;MMR;TLS/indicator/IT.NET.BBND.P2?format=json&date=2000:2025&per_page=20000,raw/worldbank/eca1e5e804a3_IT.NET.BBND.P2.json
Thailand,THA,2001,IT.NET.BBND.P2,Fixed broadband subscriptions (per 100 people),0.00253412582187647,,https://api.worldbank.org/v2/country/IDN;MYS;VNM;THA;PHL;SGP;BRN;KHM;LAO;MMR;TLS/indicator/IT.NET.BBND.P2?format=json&date=2000:2025&per_page=20000,raw/worldbank/eca1e5e804a3_IT.NET.BBND.P2.json
Thailand,THA,2000,IT.NET.BBND.P2,Fixed broadband subscriptions (per 100 people),,,https://api.worldbank.org/v2/country/IDN;MYS;VNM;THA;PHL;SGP;BRN;KHM;LAO;MMR;TLS/indicator/IT.NET.BBND.P2?format=json&date=2000:2025&per_page=20000,raw/worldbank/eca1e5e804a3_IT.NET.BBND.P2.json
Timor-Leste,TLS,2025,IT.NET.BBND.P2,Fixed broadband subscriptions (per 100 people),,,https://api.worldbank.org/v2/country/IDN;MYS;VNM;THA;PHL;SGP;BRN;KHM;LAO;MMR;TLS/indicator/IT.NET.BBND.P2?format=json&date=2000:2025&per_page=20000,raw/worldbank/eca1e5e804a3_IT.NET.BBND.P2.json
Timor-Leste,TLS,2024,IT.NET.BBND.P2,Fixed broadband subscriptions (per 100 people),0.00599726695977119,,https://api.worldbank.org/v2/country/IDN;MYS;VNM;THA;PHL;SGP;BRN;KHM;LAO;MMR;TLS/indicator/IT.NET.BBND.P2?format=json&date=2000:2025&per_page=20000,raw/worldbank/eca1e5e804a3_IT.NET.BBND.P2.json
Timor-Leste,TLS,2023,IT.NET.BBND.P2,Fixed broadband subscriptions (per 100 people),0.00577915257396232,,https://api.worldbank.org/v2/country/IDN;MYS;VNM;THA;PHL;SGP;BRN;KHM;LAO;MMR;TLS/indicator/IT.NET.BBND.P2?format=json&date=2000:2025&per_page=20000,raw/worldbank/eca1e5e804a3_IT.NET.BBND.P2.json
Timor-Leste,TLS,2022,IT.NET.BBND.P2,Fixed broadband subscriptions (per 100 people),0.0100051486348815,,https://api.worldbank.org/v2/country/IDN;MYS;VNM;THA;PHL;SGP;BRN;KHM;LAO;MMR;TLS/indicator/IT.NET.BBND.P2?format=json&date=2000:2025&per_page=20000,raw/worldbank/eca1e5e804a3_IT.NET.BBND.P2.json
Timor-Leste,TLS,2021,IT.NET.BBND.P2,Fixed broadband subscriptions (per 100 people),0.0101471033723194,,https://api.worldbank.org/v2/country/IDN;MYS;VNM;THA;PHL;SGP;BRN;KHM;LAO;MMR;TLS/indicator/IT.NET.BBND.P2?format=json&date=2000:2025&per_page=20000,raw/worldbank/eca1e5e804a3_IT.NET.BBND.P2.json
Timor-Leste,TLS,2020,IT.NET.BBND.P2,Fixed broadband subscriptions (per 100 people),0.00625917666940914,,https://api.worldbank.org/v2/country/IDN;MYS;VNM;THA;PHL;SGP;BRN;KHM;LAO;MMR;TLS/indicator/IT.NET.BBND.P2?format=json&date=2000:2025&per_page=20000,raw/worldbank/eca1e5e804a3_IT.NET.BBND.P2.json
Timor-Leste,TLS,2019,IT.NET.BBND.P2,Fixed broadband subscriptions (per 100 people),0.00684118083393226,,https://api.worldbank.org/v2/country/IDN;MYS;VNM;THA;PHL;SGP;BRN;KHM;LAO;MMR;TLS/indicator/IT.NET.BBND.P2?format=json&date=2000:2025&per_page=20000,raw/worldbank/eca1e5e804a3_IT.NET.BBND.P2.json
Timor-Leste,TLS,2018,IT.NET.BBND.P2,Fixed broadband subscriptions (per 100 people),0.00548606969346194,,https://api.worldbank.org/v2/country/IDN;MYS;VNM;THA;PHL;SGP;BRN;KHM;LAO;MMR;TLS/indicator/IT.NET.BBND.P2?format=json&date=2000:2025&per_page=20000,raw/worldbank/eca1e5e804a3_IT.NET.BBND.P2.json
Timor-Leste,TLS,2017,IT.NET.BBND.P2,Fixed broadband subscriptions (per 100 people),0.267315808941898,,https://api.worldbank.org/v2/country/IDN;MYS;VNM;THA;PHL;SGP;BRN;KHM;LAO;MMR;TLS/indicator/IT.NET.BBND.P2?format=json&date=2000:2025&per_page=20000,raw/worldbank/eca1e5e804a3_IT.NET.BBND.P2.json
Timor-Leste,TLS,2016,IT.NET.BBND.P2,Fixed broadband subscriptions (per 100 people),,,https://api.worldbank.org/v2/country/IDN;MYS;VNM;THA;PHL;SGP;BRN;KHM;LAO;MMR;TLS/indicator/IT.NET.BBND.P2?format=json&date=2000:2025&per_page=20000,raw/worldbank/eca1e5e804a3_IT.NET.BBND.P2.json
Timor-Leste,TLS,2015,IT.NET.BBND.P2,Fixed broadband subscriptions (per 100 people),0.0853019298316946,,https://api.worldbank.org/v2/country/IDN;MYS;VNM;THA;PHL;SGP;BRN;KHM;LAO;MMR;TLS/indicator/IT.NET.BBND.P2?format=json&date=2000:2025&per_page=20000,raw/worldbank/eca1e5e804a3_IT.NET.BBND.P2.json
Timor-Leste,TLS,2014,IT.NET.BBND.P2,Fixed broadband subscriptions (per 100 people),0.0869783730136906,,https://api.worldbank.org/v2/country/IDN;MYS;VNM;THA;PHL;SGP;BRN;KHM;LAO;MMR;TLS/indicator/IT.NET.BBND.P2?format=json&date=2000:2025&per_page=20000,raw/worldbank/eca1e5e804a3_IT.NET.BBND.P2.json
Timor-Leste,TLS,2013,IT.NET.BBND.P2,Fixed broadband subscriptions (per 100 people),0.0604127919771812,,https://api.worldbank.org/v2/country/IDN;MYS;VNM;THA;PHL;SGP;BRN;KHM;LAO;MMR;TLS/indicator/IT.NET.BBND.P2?format=json&date=2000:2025&per_page=20000,raw/worldbank/eca1e5e804a3_IT.NET.BBND.P2.json
Timor-Leste,TLS,2012,IT.NET.BBND.P2,Fixed broadband subscriptions (per 100 people),0.0528687928732867,,https://api.worldbank.org/v2/country/IDN;MYS;VNM;THA;PHL;SGP;BRN;KHM;LAO;MMR;TLS/indicator/IT.NET.BBND.P2?format=json&date=2000:2025&per_page=20000,raw/worldbank/eca1e5e804a3_IT.NET.BBND.P2.json
Timor-Leste,TLS,2011,IT.NET.BBND.P2,Fixed broadband subscriptions (per 100 people),0.0495403109510208,,https://api.worldbank.org/v2/country/IDN;MYS;VNM;THA;PHL;SGP;BRN;KHM;LAO;MMR;TLS/indicator/IT.NET.BBND.P2?format=json&date=2000:2025&per_page=20000,raw/worldbank/eca1e5e804a3_IT.NET.BBND.P2.json
Timor-Leste,TLS,2010,IT.NET.BBND.P2,Fixed broadband subscriptions (per 100 people),0.0460965871008842,,https://api.worldbank.org/v2/country/IDN;MYS;VNM;THA;PHL;SGP;BRN;KHM;LAO;MMR;TLS/indicator/IT.NET.BBND.P2?format=json&date=2000:2025&per_page=20000,raw/worldbank/eca1e5e804a3_IT.NET.BBND.P2.json
Timor-Leste,TLS,2009,IT.NET.BBND.P2,Fixed broadband subscriptions (per 100 people),0.0444850781369536,,https://api.worldbank.org/v2/country/IDN;MYS;VNM;THA;PHL;SGP;BRN;KHM;LAO;MMR;TLS/indicator/IT.NET.BBND.P2?format=json&date=2000:2025&per_page=20000,raw/worldbank/eca1e5e804a3_IT.NET.BBND.P2.json
Timor-Leste,TLS,2008,IT.NET.BBND.P2,Fixed broadband subscriptions (per 100 people),0.00687698621406412,,https://api.worldbank.org/v2/country/IDN;MYS;VNM;THA;PHL;SGP;BRN;KHM;LAO;MMR;TLS/indicator/IT.NET.BBND.P2?format=json&date=2000:2025&per_page=20000,raw/worldbank/eca1e5e804a3_IT.NET.BBND.P2.json
Timor-Leste,TLS,2007,IT.NET.BBND.P2,Fixed broadband subscriptions (per 100 people),0.00497567393015547,,https://api.worldbank.org/v2/country/IDN;MYS;VNM;THA;PHL;SGP;BRN;KHM;LAO;MMR;TLS/indicator/IT.NET.BBND.P2?format=json&date=2000:2025&per_page=20000,raw/worldbank/eca1e5e804a3_IT.NET.BBND.P2.json
Timor-Leste,TLS,2006,IT.NET.BBND.P2,Fixed broadband subscriptions (per 100 people),0.00296949509367733,,https://api.worldbank.org/v2/country/IDN;MYS;VNM;THA;PHL;SGP;BRN;KHM;LAO;MMR;TLS/indicator/IT.NET.BBND.P2?format=json&date=2000:2025&per_page=20000,raw/worldbank/eca1e5e804a3_IT.NET.BBND.P2.json
Timor-Leste,TLS,2005,IT.NET.BBND.P2,Fixed broadband subscriptions (per 100 people),0.00231991403663988,,https://api.worldbank.org/v2/country/IDN;MYS;VNM;THA;PHL;SGP;BRN;KHM;LAO;MMR;TLS/indicator/IT.NET.BBND.P2?format=json&date=2000:2025&per_page=20000,raw/worldbank/eca1e5e804a3_IT.NET.BBND.P2.json
Timor-Leste,TLS,2004,IT.NET.BBND.P2,Fixed broadband subscriptions (per 100 people),0.00139924268680428,,https://api.worldbank.org/v2/country/IDN;MYS;VNM;THA;PHL;SGP;BRN;KHM;LAO;MMR;TLS/indicator/IT.NET.BBND.P2?format=json&date=2000:2025&per_page=20000,raw/worldbank/eca1e5e804a3_IT.NET.BBND.P2.json
Timor-Leste,TLS,2003,IT.NET.BBND.P2,Fixed broadband subscriptions (per 100 people),0.000981591880271966,,https://api.worldbank.org/v2/country/IDN;MYS;VNM;THA;PHL;SGP;BRN;KHM;LAO;MMR;TLS/indicator/IT.NET.BBND.P2?format=json&date=2000:2025&per_page=20000,raw/worldbank/eca1e5e804a3_IT.NET.BBND.P2.json
Timor-Leste,TLS,2002,IT.NET.BBND.P2,Fixed broadband subscriptions (per 100 people),,,https://api.worldbank.org/v2/country/IDN;MYS;VNM;THA;PHL;SGP;BRN;KHM;LAO;MMR;TLS/indicator/IT.NET.BBND.P2?format=json&date=2000:2025&per_page=20000,raw/worldbank/eca1e5e804a3_IT.NET.BBND.P2.json
Timor-Leste,TLS,2001,IT.NET.BBND.P2,Fixed broadband subscriptions (per 100 people),,,https://api.worldbank.org/v2/country/IDN;MYS;VNM;THA;PHL;SGP;BRN;KHM;LAO;MMR;TLS/indicator/IT.NET.BBND.P2?format=json&date=2000:2025&per_page=20000,raw/worldbank/eca1e5e804a3_IT.NET.BBND.P2.json
Timor-Leste,TLS,2000,IT.NET.BBND.P2,Fixed broadband subscriptions (per 100 people),,,https://api.worldbank.org/v2/country/IDN;MYS;VNM;THA;PHL;SGP;BRN;KHM;LAO;MMR;TLS/indicator/IT.NET.BBND.P2?format=json&date=2000:2025&per_page=20000,raw/worldbank/eca1e5e804a3_IT.NET.BBND.P2.json
Viet Nam,VNM,2025,IT.NET.BBND.P2,Fixed broadband subscriptions (per 100 people),,,https://api.worldbank.org/v2/country/IDN;MYS;VNM;THA;PHL;SGP;BRN;KHM;LAO;MMR;TLS/indicator/IT.NET.BBND.P2?format=json&date=2000:2025&per_page=20000,raw/worldbank/eca1e5e804a3_IT.NET.BBND.P2.json
Viet Nam,VNM,2024,IT.NET.BBND.P2,Fixed broadband subscriptions (per 100 people),23.711259212336,,https://api.worldbank.org/v2/country/IDN;MYS;VNM;THA;PHL;SGP;BRN;KHM;LAO;MMR;TLS/indicator/IT.NET.BBND.P2?format=json&date=2000:2025&per_page=20000,raw/worldbank/eca1e5e804a3_IT.NET.BBND.P2.json
Viet Nam,VNM,2023,IT.NET.BBND.P2,Fixed broadband subscriptions (per 100 people),22.6806675035061,,https://api.worldbank.org/v2/country/IDN;MYS;VNM;THA;PHL;SGP;BRN;KHM;LAO;MMR;TLS/indicator/IT.NET.BBND.P2?format=json&date=2000:2025&per_page=20000,raw/worldbank/eca1e5e804a3_IT.NET.BBND.P2.json
Viet Nam,VNM,2022,IT.NET.BBND.P2,Fixed broadband subscriptions (per 100 people),21.3681380805533,,https://api.worldbank.org/v2/country/IDN;MYS;VNM;THA;PHL;SGP;BRN;KHM;LAO;MMR;TLS/indicator/IT.NET.BBND.P2?format=json&date=2000:2025&per_page=20000,raw/worldbank/eca1e5e804a3_IT.NET.BBND.P2.json
Viet Nam,VNM,2021,IT.NET.BBND.P2,Fixed broadband subscriptions (per 100 people),19.5362327330994,,https://api.worldbank.org/v2/country/IDN;MYS;VNM;THA;PHL;SGP;BRN;KHM;LAO;MMR;TLS/indicator/IT.NET.BBND.P2?format=json&date=2000:2025&per_page=20000,raw/worldbank/eca1e5e804a3_IT.NET.BBND.P2.json
Viet Nam,VNM,2020,IT.NET.BBND.P2,Fixed broadband subscriptions (per 100 people),17.0262915402718,,https://api.worldbank.org/v2/country/IDN;MYS;VNM;THA;PHL;SGP;BRN;KHM;LAO;MMR;TLS/indicator/IT.NET.BBND.P2?format=json&date=2000:2025&per_page=20000,raw/worldbank/eca1e5e804a3_IT.NET.BBND.P2.json
Viet Nam,VNM,2019,IT.NET.BBND.P2,Fixed broadband subscriptions (per 100 people),15.2328957557438,,https://api.worldbank.org/v2/country/IDN;MYS;VNM;THA;PHL;SGP;BRN;KHM;LAO;MMR;TLS/indicator/IT.NET.BBND.P2?format=json&date=2000:2025&per_page=20000,raw/worldbank/eca1e5e804a3_IT.NET.BBND.P2.json
Viet Nam,VNM,2018,IT.NET.BBND.P2,Fixed broadband subscriptions (per 100 people),13.5025072757898,,https://api.worldbank.org/v2/country/IDN;MYS;VNM;THA;PHL;SGP;BRN;KHM;LAO;MMR;TLS/indicator/IT.NET.BBND.P2?format=json&date=2000:2025&per_page=20000,raw/worldbank/eca1e5e804a3_IT.NET.BBND.P2.json
Viet Nam,VNM,2017,IT.NET.BBND.P2,Fixed broadband subscriptions (per 100 people),11.8410316814328,,https://api.worldbank.org/v2/country/IDN;MYS;VNM;THA;PHL;SGP;BRN;KHM;LAO;MMR;TLS/indicator/IT.NET.BBND.P2?format=json&date=2000:2025&per_page=20000,raw/worldbank/eca1e5e804a3_IT.NET.BBND.P2.json
Viet Nam,VNM,2016,IT.NET.BBND.P2,Fixed broadband subscriptions (per 100 people),9.679017739946,,https://api.worldbank.org/v2/country/IDN;MYS;VNM;THA;PHL;SGP;BRN;KHM;LAO;MMR;TLS/indicator/IT.NET.BBND.P2?format=json&date=2000:2025&per_page=20000,raw/worldbank/eca1e5e804a3_IT.NET.BBND.P2.json
Viet Nam,VNM,2015,IT.NET.BBND.P2,Fixed broadband subscriptions (per 100 people),8.24967739226207,,https://api.worldbank.org/v2/country/IDN;MYS;VNM;THA;PHL;SGP;BRN;KHM;LAO;MMR;TLS/indicator/IT.NET.BBND.P2?format=json&date=2000:2025&per_page=20000,raw/worldbank/eca1e5e804a3_IT.NET.BBND.P2.json
Viet Nam,VNM,2014,IT.NET.BBND.P2,Fixed broadband subscriptions (per 100 people),6.54510757019409,,https://api.worldbank.org/v2/country/IDN;MYS;VNM;THA;PHL;SGP;BRN;KHM;LAO;MMR;TLS/indicator/IT.NET.BBND.P2?format=json&date=2000:2025&per_page=20000,raw/worldbank/eca1e5e804a3_IT.NET.BBND.P2.json
Viet Nam,VNM,2013,IT.NET.BBND.P2,Fixed broadband subscriptions (per 100 people),5.68885880294,,https://api.worldbank.org/v2/country/IDN;MYS;VNM;THA;PHL;SGP;BRN;KHM;LAO;MMR;TLS/indicator/IT.NET.BBND.P2?format=json&date=2000:2025&per_page=20000,raw/worldbank/eca1e5e804a3_IT.NET.BBND.P2.json
Viet Nam,VNM,2012,IT.NET.BBND.P2,Fixed broadband subscriptions (per 100 people),5.33498939497012,,https://api.worldbank.org/v2/country/IDN;MYS;VNM;THA;PHL;SGP;BRN;KHM;LAO;MMR;TLS/indicator/IT.NET.BBND.P2?format=json&date=2000:2025&per_page=20000,raw/worldbank/eca1e5e804a3_IT.NET.BBND.P2.json
Viet Nam,VNM,2011,IT.NET.BBND.P2,Fixed broadband subscriptions (per 100 people),4.33850926558858,,https://api.worldbank.org/v2/country/IDN;MYS;VNM;THA;PHL;SGP;BRN;KHM;LAO;MMR;TLS/indicator/IT.NET.BBND.P2?format=json&date=2000:2025&per_page=20000,raw/worldbank/eca1e5e804a3_IT.NET.BBND.P2.json
Viet Nam,VNM,2010,IT.NET.BBND.P2,Fixed broadband subscriptions (per 100 people),4.19566019392431,,https://api.worldbank.org/v2/country/IDN;MYS;VNM;THA;PHL;SGP;BRN;KHM;LAO;MMR;TLS/indicator/IT.NET.BBND.P2?format=json&date=2000:2025&per_page=20000,raw/worldbank/eca1e5e804a3_IT.NET.BBND.P2.json
Viet Nam,VNM,2009,IT.NET.BBND.P2,Fixed broadband subscriptions (per 100 people),3.71753218927158,,https://api.worldbank.org/v2/country/IDN;MYS;VNM;THA;PHL;SGP;BRN;KHM;LAO;MMR;TLS/indicator/IT.NET.BBND.P2?format=json&date=2000:2025&per_page=20000,raw/worldbank/eca1e5e804a3_IT.NET.BBND.P2.json
Viet Nam,VNM,2008,IT.NET.BBND.P2,Fixed broadband subscriptions (per 100 people),2.40555802078403,,https://api.worldbank.org/v2/country/IDN;MYS;VNM;THA;PHL;SGP;BRN;KHM;LAO;MMR;TLS/indicator/IT.NET.BBND.P2?format=json&date=2000:2025&per_page=20000,raw/worldbank/eca1e5e804a3_IT.NET.BBND.P2.json
Viet Nam,VNM,2007,IT.NET.BBND.P2,Fixed broadband subscriptions (per 100 people),1.54736192339482,,https://api.worldbank.org/v2/country/IDN;MYS;VNM;THA;PHL;SGP;BRN;KHM;LAO;MMR;TLS/indicator/IT.NET.BBND.P2?format=json&date=2000:2025&per_page=20000,raw/worldbank/eca1e5e804a3_IT.NET.BBND.P2.json
Viet Nam,VNM,2006,IT.NET.BBND.P2,Fixed broadband subscriptions (per 100 people),0.628674967791862,,https://api.worldbank.org/v2/country/IDN;MYS;VNM;THA;PHL;SGP;BRN;KHM;LAO;MMR;TLS/indicator/IT.NET.BBND.P2?format=json&date=2000:2025&per_page=20000,raw/worldbank/eca1e5e804a3_IT.NET.BBND.P2.json
Viet Nam,VNM,2005,IT.NET.BBND.P2,Fixed broadband subscriptions (per 100 people),0.25900649826073,,https://api.worldbank.org/v2/country/IDN;MYS;VNM;THA;PHL;SGP;BRN;KHM;LAO;MMR;TLS/indicator/IT.NET.BBND.P2?format=json&date=2000:2025&per_page=20000,raw/worldbank/eca1e5e804a3_IT.NET.BBND.P2.json
Viet Nam,VNM,2004,IT.NET.BBND.P2,Fixed broadband subscriptions (per 100 people),0.0656082587863865,,https://api.worldbank.org/v2/country/IDN;MYS;VNM;THA;PHL;SGP;BRN;KHM;LAO;MMR;TLS/indicator/IT.NET.BBND.P2?format=json&date=2000:2025&per_page=20000,raw/worldbank/eca1e5e804a3_IT.NET.BBND.P2.json
Viet Nam,VNM,2003,IT.NET.BBND.P2,Fixed broadband subscriptions (per 100 people),0.0115379137921016,,https://api.worldbank.org/v2/country/IDN;MYS;VNM;THA;PHL;SGP;BRN;KHM;LAO;MMR;TLS/indicator/IT.NET.BBND.P2?format=json&date=2000:2025&per_page=20000,raw/worldbank/eca1e5e804a3_IT.NET.BBND.P2.json
Viet Nam,VNM,2002,IT.NET.BBND.P2,Fixed broadband subscriptions (per 100 people),0.0013659637183787,,https://api.worldbank.org/v2/country/IDN;MYS;VNM;THA;PHL;SGP;BRN;KHM;LAO;MMR;TLS/indicator/IT.NET.BBND.P2?format=json&date=2000:2025&per_page=20000,raw/worldbank/eca1e5e804a3_IT.NET.BBND.P2.json
Viet Nam,VNM,2001,IT.NET.BBND.P2,Fixed broadband subscriptions (per 100 people),,,https://api.worldbank.org/v2/country/IDN;MYS;VNM;THA;PHL;SGP;BRN;KHM;LAO;MMR;TLS/indicator/IT.NET.BBND.P2?format=json&date=2000:2025&per_page=20000,raw/worldbank/eca1e5e804a3_IT.NET.BBND.P2.json
Viet Nam,VNM,2000,IT.NET.BBND.P2,Fixed broadband subscriptions (per 100 people),,,https://api.worldbank.org/v2/country/IDN;MYS;VNM;THA;PHL;SGP;BRN;KHM;LAO;MMR;TLS/indicator/IT.NET.BBND.P2?format=json&date=2000:2025&per_page=20000,raw/worldbank/eca1e5e804a3_IT.NET.BBND.P2.json
Brunei Darussalam,BRN,2025,IT.CEL.SETS.P2,Mobile cellular subscriptions (per 100 people),,,https://api.worldbank.org/v2/country/IDN;MYS;VNM;THA;PHL;SGP;BRN;KHM;LAO;MMR;TLS/indicator/IT.CEL.SETS.P2?format=json&date=2000:2025&per_page=20000,raw/worldbank/9ec057ec1027_IT.CEL.SETS.P2.json
Brunei Darussalam,BRN,2024,IT.CEL.SETS.P2,Mobile cellular subscriptions (per 100 people),118.130579766209,,https://api.worldbank.org/v2/country/IDN;MYS;VNM;THA;PHL;SGP;BRN;KHM;LAO;MMR;TLS/indicator/IT.CEL.SETS.P2?format=json&date=2000:2025&per_page=20000,raw/worldbank/9ec057ec1027_IT.CEL.SETS.P2.json
Brunei Darussalam,BRN,2023,IT.CEL.SETS.P2,Mobile cellular subscriptions (per 100 people),118.673752421293,,https://api.worldbank.org/v2/country/IDN;MYS;VNM;THA;PHL;SGP;BRN;KHM;LAO;MMR;TLS/indicator/IT.CEL.SETS.P2?format=json&date=2000:2025&per_page=20000,raw/worldbank/9ec057ec1027_IT.CEL.SETS.P2.json
Brunei Darussalam,BRN,2022,IT.CEL.SETS.P2,Mobile cellular subscriptions (per 100 people),116.108439291126,,https://api.worldbank.org/v2/country/IDN;MYS;VNM;THA;PHL;SGP;BRN;KHM;LAO;MMR;TLS/indicator/IT.CEL.SETS.P2?format=json&date=2000:2025&per_page=20000,raw/worldbank/9ec057ec1027_IT.CEL.SETS.P2.json
Brunei Darussalam,BRN,2021,IT.CEL.SETS.P2,Mobile cellular subscriptions (per 100 people),133.597065445264,,https://api.worldbank.org/v2/country/IDN;MYS;VNM;THA;PHL;SGP;BRN;KHM;LAO;MMR;TLS/indicator/IT.CEL.SETS.P2?format=json&date=2000:2025&per_page=20000,raw/worldbank/9ec057ec1027_IT.CEL.SETS.P2.json
Brunei Darussalam,BRN,2020,IT.CEL.SETS.P2,Mobile cellular subscriptions (per 100 people),119.933885258067,,https://api.worldbank.org/v2/country/IDN;MYS;VNM;THA;PHL;SGP;BRN;KHM;LAO;MMR;TLS/indicator/IT.CEL.SETS.P2?format=json&date=2000:2025&per_page=20000,raw/worldbank/9ec057ec1027_IT.CEL.SETS.P2.json
Brunei Darussalam,BRN,2019,IT.CEL.SETS.P2,Mobile cellular subscriptions (per 100 people),129.845260684919,,https://api.worldbank.org/v2/country/IDN;MYS;VNM;THA;PHL;SGP;BRN;KHM;LAO;MMR;TLS/indicator/IT.CEL.SETS.P2?format=json&date=2000:2025&per_page=20000,raw/worldbank/9ec057ec1027_IT.CEL.SETS.P2.json
Brunei Darussalam,BRN,2018,IT.CEL.SETS.P2,Mobile cellular subscriptions (per 100 people),129.268175692652,,https://api.worldbank.org/v2/country/IDN;MYS;VNM;THA;PHL;SGP;BRN;KHM;LAO;MMR;TLS/indicator/IT.CEL.SETS.P2?format=json&date=2000:2025&per_page=20000,raw/worldbank/9ec057ec1027_IT.CEL.SETS.P2.json
Brunei Darussalam,BRN,2017,IT.CEL.SETS.P2,Mobile cellular subscriptions (per 100 people),125.870435240727,,https://api.worldbank.org/v2/country/IDN;MYS;VNM;THA;PHL;SGP;BRN;KHM;LAO;MMR;TLS/indicator/IT.CEL.SETS.P2?format=json&date=2000:2025&per_page=20000,raw/worldbank/9ec057ec1027_IT.CEL.SETS.P2.json
Brunei Darussalam,BRN,2016,IT.CEL.SETS.P2,Mobile cellular subscriptions (per 100 people),122.42681797345,,https://api.worldbank.org/v2/country/IDN;MYS;VNM;THA;PHL;SGP;BRN;KHM;LAO;MMR;TLS/indicator/IT.CEL.SETS.P2?format=json&date=2000:2025&per_page=20000,raw/worldbank/9ec057ec1027_IT.CEL.SETS.P2.json
Brunei Darussalam,BRN,2015,IT.CEL.SETS.P2,Mobile cellular subscriptions (per 100 people),109.751499246824,,https://api.worldbank.org/v2/country/IDN;MYS;VNM;THA;PHL;SGP;BRN;KHM;LAO;MMR;TLS/indicator/IT.CEL.SETS.P2?format=json&date=2000:2025&per_page=20000,raw/worldbank/9ec057ec1027_IT.CEL.SETS.P2.json
Brunei Darussalam,BRN,2014,IT.CEL.SETS.P2,Mobile cellular subscriptions (per 100 people),108.471265746851,,https://api.worldbank.org/v2/country/IDN;MYS;VNM;THA;PHL;SGP;BRN;KHM;LAO;MMR;TLS/indicator/IT.CEL.SETS.P2?format=json&date=2000:2025&per_page=20000,raw/worldbank/9ec057ec1027_IT.CEL.SETS.P2.json
Brunei Darussalam,BRN,2013,IT.CEL.SETS.P2,Mobile cellular subscriptions (per 100 people),114.010632244007,,https://api.worldbank.org/v2/country/IDN;MYS;VNM;THA;PHL;SGP;BRN;KHM;LAO;MMR;TLS/indicator/IT.CEL.SETS.P2?format=json&date=2000:2025&per_page=20000,raw/worldbank/9ec057ec1027_IT.CEL.SETS.P2.json
Brunei Darussalam,BRN,2012,IT.CEL.SETS.P2,Mobile cellular subscriptions (per 100 people),115.8258888393,,https://api.worldbank.org/v2/country/IDN;MYS;VNM;THA;PHL;SGP;BRN;KHM;LAO;MMR;TLS/indicator/IT.CEL.SETS.P2?format=json&date=2000:2025&per_page=20000,raw/worldbank/9ec057ec1027_IT.CEL.SETS.P2.json
Brunei Darussalam,BRN,2011,IT.CEL.SETS.P2,Mobile cellular subscriptions (per 100 people),110.959741004384,,https://api.worldbank.org/v2/country/IDN;MYS;VNM;THA;PHL;SGP;BRN;KHM;LAO;MMR;TLS/indicator/IT.CEL.SETS.P2?format=json&date=2000:2025&per_page=20000,raw/worldbank/9ec057ec1027_IT.CEL.SETS.P2.json
Brunei Darussalam,BRN,2010,IT.CEL.SETS.P2,Mobile cellular subscriptions (per 100 people),110.901991170743,,https://api.worldbank.org/v2/country/IDN;MYS;VNM;THA;PHL;SGP;BRN;KHM;LAO;MMR;TLS/indicator/IT.CEL.SETS.P2?format=json&date=2000:2025&per_page=20000,raw/worldbank/9ec057ec1027_IT.CEL.SETS.P2.json
Brunei Darussalam,BRN,2009,IT.CEL.SETS.P2,Mobile cellular subscriptions (per 100 people),107.255450030134,,https://api.worldbank.org/v2/country/IDN;MYS;VNM;THA;PHL;SGP;BRN;KHM;LAO;MMR;TLS/indicator/IT.CEL.SETS.P2?format=json&date=2000:2025&per_page=20000,raw/worldbank/9ec057ec1027_IT.CEL.SETS.P2.json
Brunei Darussalam,BRN,2008,IT.CEL.SETS.P2,Mobile cellular subscriptions (per 100 people),105.575540044416,,https://api.worldbank.org/v2/country/IDN;MYS;VNM;THA;PHL;SGP;BRN;KHM;LAO;MMR;TLS/indicator/IT.CEL.SETS.P2?format=json&date=2000:2025&per_page=20000,raw/worldbank/9ec057ec1027_IT.CEL.SETS.P2.json
Brunei Darussalam,BRN,2007,IT.CEL.SETS.P2,Mobile cellular subscriptions (per 100 people),98.7232826331386,,https://api.worldbank.org/v2/country/IDN;MYS;VNM;THA;PHL;SGP;BRN;KHM;LAO;MMR;TLS/indicator/IT.CEL.SETS.P2?format=json&date=2000:2025&per_page=20000,raw/worldbank/9ec057ec1027_IT.CEL.SETS.P2.json
Brunei Darussalam,BRN,2006,IT.CEL.SETS.P2,Mobile cellular subscriptions (per 100 people),82.6516537186389,,https://api.worldbank.org/v2/country/IDN;MYS;VNM;THA;PHL;SGP;BRN;KHM;LAO;MMR;TLS/indicator/IT.CEL.SETS.P2?format=json&date=2000:2025&per_page=20000,raw/worldbank/9ec057ec1027_IT.CEL.SETS.P2.json
Brunei Darussalam,BRN,2005,IT.CEL.SETS.P2,Mobile cellular subscriptions (per 100 people),64.8898349474529,,https://api.worldbank.org/v2/country/IDN;MYS;VNM;THA;PHL;SGP;BRN;KHM;LAO;MMR;TLS/indicator/IT.CEL.SETS.P2?format=json&date=2000:2025&per_page=20000,raw/worldbank/9ec057ec1027_IT.CEL.SETS.P2.json
Brunei Darussalam,BRN,2004,IT.CEL.SETS.P2,Mobile cellular subscriptions (per 100 people),57.3668715341828,,https://api.worldbank.org/v2/country/IDN;MYS;VNM;THA;PHL;SGP;BRN;KHM;LAO;MMR;TLS/indicator/IT.CEL.SETS.P2?format=json&date=2000:2025&per_page=20000,raw/worldbank/9ec057ec1027_IT.CEL.SETS.P2.json
Brunei Darussalam,BRN,2003,IT.CEL.SETS.P2,Mobile cellular subscriptions (per 100 people),51.16735951442,,https://api.worldbank.org/v2/country/IDN;MYS;VNM;THA;PHL;SGP;BRN;KHM;LAO;MMR;TLS/indicator/IT.CEL.SETS.P2?format=json&date=2000:2025&per_page=20000,raw/worldbank/9ec057ec1027_IT.CEL.SETS.P2.json
Brunei Darussalam,BRN,2002,IT.CEL.SETS.P2,Mobile cellular subscriptions (per 100 people),45.1771395975878,,https://api.worldbank.org/v2/country/IDN;MYS;VNM;THA;PHL;SGP;BRN;KHM;LAO;MMR;TLS/indicator/IT.CEL.SETS.P2?format=json&date=2000:2025&per_page=20000,raw/worldbank/9ec057ec1027_IT.CEL.SETS.P2.json
Brunei Darussalam,BRN,2001,IT.CEL.SETS.P2,Mobile cellular subscriptions (per 100 people),42.8996985105521,,https://api.worldbank.org/v2/country/IDN;MYS;VNM;THA;PHL;SGP;BRN;KHM;LAO;MMR;TLS/indicator/IT.CEL.SETS.P2?format=json&date=2000:2025&per_page=20000,raw/worldbank/9ec057ec1027_IT.CEL.SETS.P2.json
Brunei Darussalam,BRN,2000,IT.CEL.SETS.P2,Mobile cellular subscriptions (per 100 people),29.1032522118472,,https://api.worldbank.org/v2/country/IDN;MYS;VNM;THA;PHL;SGP;BRN;KHM;LAO;MMR;TLS/indicator/IT.CEL.SETS.P2?format=json&date=2000:2025&per_page=20000,raw/worldbank/9ec057ec1027_IT.CEL.SETS.P2.json
Indonesia,IDN,2025,IT.CEL.SETS.P2,Mobile cellular subscriptions (per 100 people),,,https://api.worldbank.org/v2/country/IDN;MYS;VNM;THA;PHL;SGP;BRN;KHM;LAO;MMR;TLS/indicator/IT.CEL.SETS.P2?format=json&date=2000:2025&per_page=20000,raw/worldbank/9ec057ec1027_IT.CEL.SETS.P2.json
Indonesia,IDN,2024,IT.CEL.SETS.P2,Mobile cellular subscriptions (per 100 people),122.514946500491,,https://api.worldbank.org/v2/country/IDN;MYS;VNM;THA;PHL;SGP;BRN;KHM;LAO;MMR;TLS/indicator/IT.CEL.SETS.P2?format=json&date=2000:2025&per_page=20000,raw/worldbank/9ec057ec1027_IT.CEL.SETS.P2.json
Indonesia,IDN,2023,IT.CEL.SETS.P2,Mobile cellular subscriptions (per 100 people),125.238194847046,,https://api.worldbank.org/v2/country/IDN;MYS;VNM;THA;PHL;SGP;BRN;KHM;LAO;MMR;TLS/indicator/IT.CEL.SETS.P2?format=json&date=2000:2025&per_page=20000,raw/worldbank/9ec057ec1027_IT.CEL.SETS.P2.json
Indonesia,IDN,2022,IT.CEL.SETS.P2,Mobile cellular subscriptions (per 100 people),122.873012230307,,https://api.worldbank.org/v2/country/IDN;MYS;VNM;THA;PHL;SGP;BRN;KHM;LAO;MMR;TLS/indicator/IT.CEL.SETS.P2?format=json&date=2000:2025&per_page=20000,raw/worldbank/9ec057ec1027_IT.CEL.SETS.P2.json
Indonesia,IDN,2021,IT.CEL.SETS.P2,Mobile cellular subscriptions (per 100 people),132.199444256099,,https://api.worldbank.org/v2/country/IDN;MYS;VNM;THA;PHL;SGP;BRN;KHM;LAO;MMR;TLS/indicator/IT.CEL.SETS.P2?format=json&date=2000:2025&per_page=20000,raw/worldbank/9ec057ec1027_IT.CEL.SETS.P2.json
Indonesia,IDN,2020,IT.CEL.SETS.P2,Mobile cellular subscriptions (per 100 people),129.40362112725,,https://api.worldbank.org/v2/country/IDN;MYS;VNM;THA;PHL;SGP;BRN;KHM;LAO;MMR;TLS/indicator/IT.CEL.SETS.P2?format=json&date=2000:2025&per_page=20000,raw/worldbank/9ec057ec1027_IT.CEL.SETS.P2.json
Indonesia,IDN,2019,IT.CEL.SETS.P2,Mobile cellular subscriptions (per 100 people),125.244348145809,,https://api.worldbank.org/v2/country/IDN;MYS;VNM;THA;PHL;SGP;BRN;KHM;LAO;MMR;TLS/indicator/IT.CEL.SETS.P2?format=json&date=2000:2025&per_page=20000,raw/worldbank/9ec057ec1027_IT.CEL.SETS.P2.json
Indonesia,IDN,2018,IT.CEL.SETS.P2,Mobile cellular subscriptions (per 100 people),118.330216938024,,https://api.worldbank.org/v2/country/IDN;MYS;VNM;THA;PHL;SGP;BRN;KHM;LAO;MMR;TLS/indicator/IT.CEL.SETS.P2?format=json&date=2000:2025&per_page=20000,raw/worldbank/9ec057ec1027_IT.CEL.SETS.P2.json
Indonesia,IDN,2017,IT.CEL.SETS.P2,Mobile cellular subscriptions (per 100 people),162.782511760443,,https://api.worldbank.org/v2/country/IDN;MYS;VNM;THA;PHL;SGP;BRN;KHM;LAO;MMR;TLS/indicator/IT.CEL.SETS.P2?format=json&date=2000:2025&per_page=20000,raw/worldbank/9ec057ec1027_IT.CEL.SETS.P2.json
Indonesia,IDN,2016,IT.CEL.SETS.P2,Mobile cellular subscriptions (per 100 people),145.704251250337,,https://api.worldbank.org/v2/country/IDN;MYS;VNM;THA;PHL;SGP;BRN;KHM;LAO;MMR;TLS/indicator/IT.CEL.SETS.P2?format=json&date=2000:2025&per_page=20000,raw/worldbank/9ec057ec1027_IT.CEL.SETS.P2.json
Indonesia,IDN,2015,IT.CEL.SETS.P2,Mobile cellular subscriptions (per 100 people),129.468797674053,,https://api.worldbank.org/v2/country/IDN;MYS;VNM;THA;PHL;SGP;BRN;KHM;LAO;MMR;TLS/indicator/IT.CEL.SETS.P2?format=json&date=2000:2025&per_page=20000,raw/worldbank/9ec057ec1027_IT.CEL.SETS.P2.json
Indonesia,IDN,2014,IT.CEL.SETS.P2,Mobile cellular subscriptions (per 100 people),125.767185647597,,https://api.worldbank.org/v2/country/IDN;MYS;VNM;THA;PHL;SGP;BRN;KHM;LAO;MMR;TLS/indicator/IT.CEL.SETS.P2?format=json&date=2000:2025&per_page=20000,raw/worldbank/9ec057ec1027_IT.CEL.SETS.P2.json
Indonesia,IDN,2013,IT.CEL.SETS.P2,Mobile cellular subscriptions (per 100 people),122.424816798816,,https://api.worldbank.org/v2/country/IDN;MYS;VNM;THA;PHL;SGP;BRN;KHM;LAO;MMR;TLS/indicator/IT.CEL.SETS.P2?format=json&date=2000:2025&per_page=20000,raw/worldbank/9ec057ec1027_IT.CEL.SETS.P2.json
Indonesia,IDN,2012,IT.CEL.SETS.P2,Mobile cellular subscriptions (per 100 people),111.581048999,,https://api.worldbank.org/v2/country/IDN;MYS;VNM;THA;PHL;SGP;BRN;KHM;LAO;MMR;TLS/indicator/IT.CEL.SETS.P2?format=json&date=2000:2025&per_page=20000,raw/worldbank/9ec057ec1027_IT.CEL.SETS.P2.json
Indonesia,IDN,2011,IT.CEL.SETS.P2,Mobile cellular subscriptions (per 100 people),100.134519965107,,https://api.worldbank.org/v2/country/IDN;MYS;VNM;THA;PHL;SGP;BRN;KHM;LAO;MMR;TLS/indicator/IT.CEL.SETS.P2?format=json&date=2000:2025&per_page=20000,raw/worldbank/9ec057ec1027_IT.CEL.SETS.P2.json
Indonesia,IDN,2010,IT.CEL.SETS.P2,Mobile cellular subscriptions (per 100 people),85.7838690956097,,https://api.worldbank.org/v2/country/IDN;MYS;VNM;THA;PHL;SGP;BRN;KHM;LAO;MMR;TLS/indicator/IT.CEL.SETS.P2?format=json&date=2000:2025&per_page=20000,raw/worldbank/9ec057ec1027_IT.CEL.SETS.P2.json
Indonesia,IDN,2009,IT.CEL.SETS.P2,Mobile cellular subscriptions (per 100 people),67.2958400448831,,https://api.worldbank.org/v2/country/IDN;MYS;VNM;THA;PHL;SGP;BRN;KHM;LAO;MMR;TLS/indicator/IT.CEL.SETS.P2?format=json&date=2000:2025&per_page=20000,raw/worldbank/9ec057ec1027_IT.CEL.SETS.P2.json
Indonesia,IDN,2008,IT.CEL.SETS.P2,Mobile cellular subscriptions (per 100 people),58.5357555358068,,https://api.worldbank.org/v2/country/IDN;MYS;VNM;THA;PHL;SGP;BRN;KHM;LAO;MMR;TLS/indicator/IT.CEL.SETS.P2?format=json&date=2000:2025&per_page=20000,raw/worldbank/9ec057ec1027_IT.CEL.SETS.P2.json
Indonesia,IDN,2007,IT.CEL.SETS.P2,Mobile cellular subscriptions (per 100 people),39.3933857996178,,https://api.worldbank.org/v2/country/IDN;MYS;VNM;THA;PHL;SGP;BRN;KHM;LAO;MMR;TLS/indicator/IT.CEL.SETS.P2?format=json&date=2000:2025&per_page=20000,raw/worldbank/9ec057ec1027_IT.CEL.SETS.P2.json
Indonesia,IDN,2006,IT.CEL.SETS.P2,Mobile cellular subscriptions (per 100 people),27.2718805165778,,https://api.worldbank.org/v2/country/IDN;MYS;VNM;THA;PHL;SGP;BRN;KHM;LAO;MMR;TLS/indicator/IT.CEL.SETS.P2?format=json&date=2000:2025&per_page=20000,raw/worldbank/9ec057ec1027_IT.CEL.SETS.P2.json
Indonesia,IDN,2005,IT.CEL.SETS.P2,Mobile cellular subscriptions (per 100 people),20.3186367836848,,https://api.worldbank.org/v2/country/IDN;MYS;VNM;THA;PHL;SGP;BRN;KHM;LAO;MMR;TLS/indicator/IT.CEL.SETS.P2?format=json&date=2000:2025&per_page=20000,raw/worldbank/9ec057ec1027_IT.CEL.SETS.P2.json
Indonesia,IDN,2004,IT.CEL.SETS.P2,Mobile cellular subscriptions (per 100 people),13.3098113507561,,https://api.worldbank.org/v2/country/IDN;MYS;VNM;THA;PHL;SGP;BRN;KHM;LAO;MMR;TLS/indicator/IT.CEL.SETS.P2?format=json&date=2000:2025&per_page=20000,raw/worldbank/9ec057ec1027_IT.CEL.SETS.P2.json
Indonesia,IDN,2003,IT.CEL.SETS.P2,Mobile cellular subscriptions (per 100 people),8.21835801363769,,https://api.worldbank.org/v2/country/IDN;MYS;VNM;THA;PHL;SGP;BRN;KHM;LAO;MMR;TLS/indicator/IT.CEL.SETS.P2?format=json&date=2000:2025&per_page=20000,raw/worldbank/9ec057ec1027_IT.CEL.SETS.P2.json
Indonesia,IDN,2002,IT.CEL.SETS.P2,Mobile cellular subscriptions (per 100 people),5.26817023997574,,https://api.worldbank.org/v2/country/IDN;MYS;VNM;THA;PHL;SGP;BRN;KHM;LAO;MMR;TLS/indicator/IT.CEL.SETS.P2?format=json&date=2000:2025&per_page=20000,raw/worldbank/9ec057ec1027_IT.CEL.SETS.P2.json
Indonesia,IDN,2001,IT.CEL.SETS.P2,Mobile cellular subscriptions (per 100 people),2.97627085447856,,https://api.worldbank.org/v2/country/IDN;MYS;VNM;THA;PHL;SGP;BRN;KHM;LAO;MMR;TLS/indicator/IT.CEL.SETS.P2?format=json&date=2000:2025&per_page=20000,raw/worldbank/9ec057ec1027_IT.CEL.SETS.P2.json
Indonesia,IDN,2000,IT.CEL.SETS.P2,Mobile cellular subscriptions (per 100 people),1.69815092981097,,https://api.worldbank.org/v2/country/IDN;MYS;VNM;THA;PHL;SGP;BRN;KHM;LAO;MMR;TLS/indicator/IT.CEL.SETS.P2?format=json&date=2000:2025&per_page=20000,raw/worldbank/9ec057ec1027_IT.CEL.SETS.P2.json
Cambodia,KHM,2025,IT.CEL.SETS.P2,Mobile cellular subscriptions (per 100 people),,,https://api.worldbank.org/v2/country/IDN;MYS;VNM;THA;PHL;SGP;BRN;KHM;LAO;MMR;TLS/indicator/IT.CEL.SETS.P2?format=json&date=2000:2025&per_page=20000,raw/worldbank/9ec057ec1027_IT.CEL.SETS.P2.json
Cambodia,KHM,2024,IT.CEL.SETS.P2,Mobile cellular subscriptions (per 100 people),116.091961125929,,https://api.worldbank.org/v2/country/IDN;MYS;VNM;THA;PHL;SGP;BRN;KHM;LAO;MMR;TLS/indicator/IT.CEL.SETS.P2?format=json&date=2000:2025&per_page=20000,raw/worldbank/9ec057ec1027_IT.CEL.SETS.P2.json
Cambodia,KHM,2023,IT.CEL.SETS.P2,Mobile cellular subscriptions (per 100 people),120.80911943838,,https://api.worldbank.org/v2/country/IDN;MYS;VNM;THA;PHL;SGP;BRN;KHM;LAO;MMR;TLS/indicator/IT.CEL.SETS.P2?format=json&date=2000:2025&per_page=20000,raw/worldbank/9ec057ec1027_IT.CEL.SETS.P2.json
Cambodia,KHM,2022,IT.CEL.SETS.P2,Mobile cellular subscriptions (per 100 people),113.391506572248,,https://api.worldbank.org/v2/country/IDN;MYS;VNM;THA;PHL;SGP;BRN;KHM;LAO;MMR;TLS/indicator/IT.CEL.SETS.P2?format=json&date=2000:2025&per_page=20000,raw/worldbank/9ec057ec1027_IT.CEL.SETS.P2.json
Cambodia,KHM,2021,IT.CEL.SETS.P2,Mobile cellular subscriptions (per 100 people),117.234785164989,,https://api.worldbank.org/v2/country/IDN;MYS;VNM;THA;PHL;SGP;BRN;KHM;LAO;MMR;TLS/indicator/IT.CEL.SETS.P2?format=json&date=2000:2025&per_page=20000,raw/worldbank/9ec057ec1027_IT.CEL.SETS.P2.json
Cambodia,KHM,2020,IT.CEL.SETS.P2,Mobile cellular subscriptions (per 100 people),126.075894769858,,https://api.worldbank.org/v2/country/IDN;MYS;VNM;THA;PHL;SGP;BRN;KHM;LAO;MMR;TLS/indicator/IT.CEL.SETS.P2?format=json&date=2000:2025&per_page=20000,raw/worldbank/9ec057ec1027_IT.CEL.SETS.P2.json
Cambodia,KHM,2019,IT.CEL.SETS.P2,Mobile cellular subscriptions (per 100 people),129.957441474291,,https://api.worldbank.org/v2/country/IDN;MYS;VNM;THA;PHL;SGP;BRN;KHM;LAO;MMR;TLS/indicator/IT.CEL.SETS.P2?format=json&date=2000:2025&per_page=20000,raw/worldbank/9ec057ec1027_IT.CEL.SETS.P2.json
Cambodia,KHM,2018,IT.CEL.SETS.P2,Mobile cellular subscriptions (per 100 people),119.309943480982,,https://api.worldbank.org/v2/country/IDN;MYS;VNM;THA;PHL;SGP;BRN;KHM;LAO;MMR;TLS/indicator/IT.CEL.SETS.P2?format=json&date=2000:2025&per_page=20000,raw/worldbank/9ec057ec1027_IT.CEL.SETS.P2.json
Cambodia,KHM,2017,IT.CEL.SETS.P2,Mobile cellular subscriptions (per 100 people),115.551192369591,,https://api.worldbank.org/v2/country/IDN;MYS;VNM;THA;PHL;SGP;BRN;KHM;LAO;MMR;TLS/indicator/IT.CEL.SETS.P2?format=json&date=2000:2025&per_page=20000,raw/worldbank/9ec057ec1027_IT.CEL.SETS.P2.json
Cambodia,KHM,2016,IT.CEL.SETS.P2,Mobile cellular subscriptions (per 100 people),125.627644524442,,https://api.worldbank.org/v2/country/IDN;MYS;VNM;THA;PHL;SGP;BRN;KHM;LAO;MMR;TLS/indicator/IT.CEL.SETS.P2?format=json&date=2000:2025&per_page=20000,raw/worldbank/9ec057ec1027_IT.CEL.SETS.P2.json
Cambodia,KHM,2015,IT.CEL.SETS.P2,Mobile cellular subscriptions (per 100 people),133.45841400103,,https://api.worldbank.org/v2/country/IDN;MYS;VNM;THA;PHL;SGP;BRN;KHM;LAO;MMR;TLS/indicator/IT.CEL.SETS.P2?format=json&date=2000:2025&per_page=20000,raw/worldbank/9ec057ec1027_IT.CEL.SETS.P2.json
Cambodia,KHM,2014,IT.CEL.SETS.P2,Mobile cellular subscriptions (per 100 people),132.832921082419,,https://api.worldbank.org/v2/country/IDN;MYS;VNM;THA;PHL;SGP;BRN;KHM;LAO;MMR;TLS/indicator/IT.CEL.SETS.P2?format=json&date=2000:2025&per_page=20000,raw/worldbank/9ec057ec1027_IT.CEL.SETS.P2.json
Cambodia,KHM,2013,IT.CEL.SETS.P2,Mobile cellular subscriptions (per 100 people),133.580989792625,,https://api.worldbank.org/v2/country/IDN;MYS;VNM;THA;PHL;SGP;BRN;KHM;LAO;MMR;TLS/indicator/IT.CEL.SETS.P2?format=json&date=2000:2025&per_page=20000,raw/worldbank/9ec057ec1027_IT.CEL.SETS.P2.json
Cambodia,KHM,2012,IT.CEL.SETS.P2,Mobile cellular subscriptions (per 100 people),127.835438875055,,https://api.worldbank.org/v2/country/IDN;MYS;VNM;THA;PHL;SGP;BRN;KHM;LAO;MMR;TLS/indicator/IT.CEL.SETS.P2?format=json&date=2000:2025&per_page=20000,raw/worldbank/9ec057ec1027_IT.CEL.SETS.P2.json
Cambodia,KHM,2011,IT.CEL.SETS.P2,Mobile cellular subscriptions (per 100 people),93.4414773928272,,https://api.worldbank.org/v2/country/IDN;MYS;VNM;THA;PHL;SGP;BRN;KHM;LAO;MMR;TLS/indicator/IT.CEL.SETS.P2?format=json&date=2000:2025&per_page=20000,raw/worldbank/9ec057ec1027_IT.CEL.SETS.P2.json
Cambodia,KHM,2010,IT.CEL.SETS.P2,Mobile cellular subscriptions (per 100 people),56.2093511731757,,https://api.worldbank.org/v2/country/IDN;MYS;VNM;THA;PHL;SGP;BRN;KHM;LAO;MMR;TLS/indicator/IT.CEL.SETS.P2?format=json&date=2000:2025&per_page=20000,raw/worldbank/9ec057ec1027_IT.CEL.SETS.P2.json
Cambodia,KHM,2009,IT.CEL.SETS.P2,Mobile cellular subscriptions (per 100 people),43.9033649673842,,https://api.worldbank.org/v2/country/IDN;MYS;VNM;THA;PHL;SGP;BRN;KHM;LAO;MMR;TLS/indicator/IT.CEL.SETS.P2?format=json&date=2000:2025&per_page=20000,raw/worldbank/9ec057ec1027_IT.CEL.SETS.P2.json
Cambodia,KHM,2008,IT.CEL.SETS.P2,Mobile cellular subscriptions (per 100 people),30.1491182361321,,https://api.worldbank.org/v2/country/IDN;MYS;VNM;THA;PHL;SGP;BRN;KHM;LAO;MMR;TLS/indicator/IT.CEL.SETS.P2?format=json&date=2000:2025&per_page=20000,raw/worldbank/9ec057ec1027_IT.CEL.SETS.P2.json
Cambodia,KHM,2007,IT.CEL.SETS.P2,Mobile cellular subscriptions (per 100 people),18.6632056449428,,https://api.worldbank.org/v2/country/IDN;MYS;VNM;THA;PHL;SGP;BRN;KHM;LAO;MMR;TLS/indicator/IT.CEL.SETS.P2?format=json&date=2000:2025&per_page=20000,raw/worldbank/9ec057ec1027_IT.CEL.SETS.P2.json
Cambodia,KHM,2006,IT.CEL.SETS.P2,Mobile cellular subscriptions (per 100 people),12.6229669738929,,https://api.worldbank.org/v2/country/IDN;MYS;VNM;THA;PHL;SGP;BRN;KHM;LAO;MMR;TLS/indicator/IT.CEL.SETS.P2?format=json&date=2000:2025&per_page=20000,raw/worldbank/9ec057ec1027_IT.CEL.SETS.P2.json
Cambodia,KHM,2005,IT.CEL.SETS.P2,Mobile cellular subscriptions (per 100 people),7.90225491067104,,https://api.worldbank.org/v2/country/IDN;MYS;VNM;THA;PHL;SGP;BRN;KHM;LAO;MMR;TLS/indicator/IT.CEL.SETS.P2?format=json&date=2000:2025&per_page=20000,raw/worldbank/9ec057ec1027_IT.CEL.SETS.P2.json
Cambodia,KHM,2004,IT.CEL.SETS.P2,Mobile cellular subscriptions (per 100 people),6.50447336378519,,https://api.worldbank.org/v2/country/IDN;MYS;VNM;THA;PHL;SGP;BRN;KHM;LAO;MMR;TLS/indicator/IT.CEL.SETS.P2?format=json&date=2000:2025&per_page=20000,raw/worldbank/9ec057ec1027_IT.CEL.SETS.P2.json
Cambodia,KHM,2003,IT.CEL.SETS.P2,Mobile cellular subscriptions (per 100 people),3.81878187119913,,https://api.worldbank.org/v2/country/IDN;MYS;VNM;THA;PHL;SGP;BRN;KHM;LAO;MMR;TLS/indicator/IT.CEL.SETS.P2?format=json&date=2000:2025&per_page=20000,raw/worldbank/9ec057ec1027_IT.CEL.SETS.P2.json
Cambodia,KHM,2002,IT.CEL.SETS.P2,Mobile cellular subscriptions (per 100 people),2.95599281258127,,https://api.worldbank.org/v2/country/IDN;MYS;VNM;THA;PHL;SGP;BRN;KHM;LAO;MMR;TLS/indicator/IT.CEL.SETS.P2?format=json&date=2000:2025&per_page=20000,raw/worldbank/9ec057ec1027_IT.CEL.SETS.P2.json
Cambodia,KHM,2001,IT.CEL.SETS.P2,Mobile cellular subscriptions (per 100 people),1.76528247774378,,https://api.worldbank.org/v2/country/IDN;MYS;VNM;THA;PHL;SGP;BRN;KHM;LAO;MMR;TLS/indicator/IT.CEL.SETS.P2?format=json&date=2000:2025&per_page=20000,raw/worldbank/9ec057ec1027_IT.CEL.SETS.P2.json
Cambodia,KHM,2000,IT.CEL.SETS.P2,Mobile cellular subscriptions (per 100 people),1.04753234064625,,https://api.worldbank.org/v2/country/IDN;MYS;VNM;THA;PHL;SGP;BRN;KHM;LAO;MMR;TLS/indicator/IT.CEL.SETS.P2?format=json&date=2000:2025&per_page=20000,raw/worldbank/9ec057ec1027_IT.CEL.SETS.P2.json
Lao PDR,LAO,2025,IT.CEL.SETS.P2,Mobile cellular subscriptions (per 100 people),,,https://api.worldbank.org/v2/country/IDN;MYS;VNM;THA;PHL;SGP;BRN;KHM;LAO;MMR;TLS/indicator/IT.CEL.SETS.P2?format=json&date=2000:2025&per_page=20000,raw/worldbank/9ec057ec1027_IT.CEL.SETS.P2.json
Lao PDR,LAO,2024,IT.CEL.SETS.P2,Mobile cellular subscriptions (per 100 people),,,https://api.worldbank.org/v2/country/IDN;MYS;VNM;THA;PHL;SGP;BRN;KHM;LAO;MMR;TLS/indicator/IT.CEL.SETS.P2?format=json&date=2000:2025&per_page=20000,raw/worldbank/9ec057ec1027_IT.CEL.SETS.P2.json
Lao PDR,LAO,2023,IT.CEL.SETS.P2,Mobile cellular subscriptions (per 100 people),64.7588066942788,,https://api.worldbank.org/v2/country/IDN;MYS;VNM;THA;PHL;SGP;BRN;KHM;LAO;MMR;TLS/indicator/IT.CEL.SETS.P2?format=json&date=2000:2025&per_page=20000,raw/worldbank/9ec057ec1027_IT.CEL.SETS.P2.json
Lao PDR,LAO,2022,IT.CEL.SETS.P2,Mobile cellular subscriptions (per 100 people),63.3546046458219,,https://api.worldbank.org/v2/country/IDN;MYS;VNM;THA;PHL;SGP;BRN;KHM;LAO;MMR;TLS/indicator/IT.CEL.SETS.P2?format=json&date=2000:2025&per_page=20000,raw/worldbank/9ec057ec1027_IT.CEL.SETS.P2.json
Lao PDR,LAO,2021,IT.CEL.SETS.P2,Mobile cellular subscriptions (per 100 people),64.7101497693472,,https://api.worldbank.org/v2/country/IDN;MYS;VNM;THA;PHL;SGP;BRN;KHM;LAO;MMR;TLS/indicator/IT.CEL.SETS.P2?format=json&date=2000:2025&per_page=20000,raw/worldbank/9ec057ec1027_IT.CEL.SETS.P2.json
Lao PDR,LAO,2020,IT.CEL.SETS.P2,Mobile cellular subscriptions (per 100 people),63.1139885984314,,https://api.worldbank.org/v2/country/IDN;MYS;VNM;THA;PHL;SGP;BRN;KHM;LAO;MMR;TLS/indicator/IT.CEL.SETS.P2?format=json&date=2000:2025&per_page=20000,raw/worldbank/9ec057ec1027_IT.CEL.SETS.P2.json
Lao PDR,LAO,2019,IT.CEL.SETS.P2,Mobile cellular subscriptions (per 100 people),64.0668582946144,,https://api.worldbank.org/v2/country/IDN;MYS;VNM;THA;PHL;SGP;BRN;KHM;LAO;MMR;TLS/indicator/IT.CEL.SETS.P2?format=json&date=2000:2025&per_page=20000,raw/worldbank/9ec057ec1027_IT.CEL.SETS.P2.json
Lao PDR,LAO,2018,IT.CEL.SETS.P2,Mobile cellular subscriptions (per 100 people),51.3792491489602,,https://api.worldbank.org/v2/country/IDN;MYS;VNM;THA;PHL;SGP;BRN;KHM;LAO;MMR;TLS/indicator/IT.CEL.SETS.P2?format=json&date=2000:2025&per_page=20000,raw/worldbank/9ec057ec1027_IT.CEL.SETS.P2.json
Lao PDR,LAO,2017,IT.CEL.SETS.P2,Mobile cellular subscriptions (per 100 people),52.8887895907566,,https://api.worldbank.org/v2/country/IDN;MYS;VNM;THA;PHL;SGP;BRN;KHM;LAO;MMR;TLS/indicator/IT.CEL.SETS.P2?format=json&date=2000:2025&per_page=20000,raw/worldbank/9ec057ec1027_IT.CEL.SETS.P2.json
Lao PDR,LAO,2016,IT.CEL.SETS.P2,Mobile cellular subscriptions (per 100 people),57.2966195875928,,https://api.worldbank.org/v2/country/IDN;MYS;VNM;THA;PHL;SGP;BRN;KHM;LAO;MMR;TLS/indicator/IT.CEL.SETS.P2?format=json&date=2000:2025&per_page=20000,raw/worldbank/9ec057ec1027_IT.CEL.SETS.P2.json
Lao PDR,LAO,2015,IT.CEL.SETS.P2,Mobile cellular subscriptions (per 100 people),54.7979496136596,,https://api.worldbank.org/v2/country/IDN;MYS;VNM;THA;PHL;SGP;BRN;KHM;LAO;MMR;TLS/indicator/IT.CEL.SETS.P2?format=json&date=2000:2025&per_page=20000,raw/worldbank/9ec057ec1027_IT.CEL.SETS.P2.json
Lao PDR,LAO,2014,IT.CEL.SETS.P2,Mobile cellular subscriptions (per 100 people),68.9014991708403,,https://api.worldbank.org/v2/country/IDN;MYS;VNM;THA;PHL;SGP;BRN;KHM;LAO;MMR;TLS/indicator/IT.CEL.SETS.P2?format=json&date=2000:2025&per_page=20000,raw/worldbank/9ec057ec1027_IT.CEL.SETS.P2.json
Lao PDR,LAO,2013,IT.CEL.SETS.P2,Mobile cellular subscriptions (per 100 people),69.7677113040611,,https://api.worldbank.org/v2/country/IDN;MYS;VNM;THA;PHL;SGP;BRN;KHM;LAO;MMR;TLS/indicator/IT.CEL.SETS.P2?format=json&date=2000:2025&per_page=20000,raw/worldbank/9ec057ec1027_IT.CEL.SETS.P2.json
Lao PDR,LAO,2012,IT.CEL.SETS.P2,Mobile cellular subscriptions (per 100 people),65.961259571669,,https://api.worldbank.org/v2/country/IDN;MYS;VNM;THA;PHL;SGP;BRN;KHM;LAO;MMR;TLS/indicator/IT.CEL.SETS.P2?format=json&date=2000:2025&per_page=20000,raw/worldbank/9ec057ec1027_IT.CEL.SETS.P2.json
Lao PDR,LAO,2011,IT.CEL.SETS.P2,Mobile cellular subscriptions (per 100 people),85.2839686365553,,https://api.worldbank.org/v2/country/IDN;MYS;VNM;THA;PHL;SGP;BRN;KHM;LAO;MMR;TLS/indicator/IT.CEL.SETS.P2?format=json&date=2000:2025&per_page=20000,raw/worldbank/9ec057ec1027_IT.CEL.SETS.P2.json
Lao PDR,LAO,2010,IT.CEL.SETS.P2,Mobile cellular subscriptions (per 100 people),63.2029110570342,,https://api.worldbank.org/v2/country/IDN;MYS;VNM;THA;PHL;SGP;BRN;KHM;LAO;MMR;TLS/indicator/IT.CEL.SETS.P2?format=json&date=2000:2025&per_page=20000,raw/worldbank/9ec057ec1027_IT.CEL.SETS.P2.json
Lao PDR,LAO,2009,IT.CEL.SETS.P2,Mobile cellular subscriptions (per 100 people),51.823574629881,,https://api.worldbank.org/v2/country/IDN;MYS;VNM;THA;PHL;SGP;BRN;KHM;LAO;MMR;TLS/indicator/IT.CEL.SETS.P2?format=json&date=2000:2025&per_page=20000,raw/worldbank/9ec057ec1027_IT.CEL.SETS.P2.json
Lao PDR,LAO,2008,IT.CEL.SETS.P2,Mobile cellular subscriptions (per 100 people),32.8857244198174,,https://api.worldbank.org/v2/country/IDN;MYS;VNM;THA;PHL;SGP;BRN;KHM;LAO;MMR;TLS/indicator/IT.CEL.SETS.P2?format=json&date=2000:2025&per_page=20000,raw/worldbank/9ec057ec1027_IT.CEL.SETS.P2.json
Lao PDR,LAO,2007,IT.CEL.SETS.P2,Mobile cellular subscriptions (per 100 people),24.4113505484264,,https://api.worldbank.org/v2/country/IDN;MYS;VNM;THA;PHL;SGP;BRN;KHM;LAO;MMR;TLS/indicator/IT.CEL.SETS.P2?format=json&date=2000:2025&per_page=20000,raw/worldbank/9ec057ec1027_IT.CEL.SETS.P2.json
Lao PDR,LAO,2006,IT.CEL.SETS.P2,Mobile cellular subscriptions (per 100 people),16.9299201770861,,https://api.worldbank.org/v2/country/IDN;MYS;VNM;THA;PHL;SGP;BRN;KHM;LAO;MMR;TLS/indicator/IT.CEL.SETS.P2?format=json&date=2000:2025&per_page=20000,raw/worldbank/9ec057ec1027_IT.CEL.SETS.P2.json
Lao PDR,LAO,2005,IT.CEL.SETS.P2,Mobile cellular subscriptions (per 100 people),11.2024094632562,,https://api.worldbank.org/v2/country/IDN;MYS;VNM;THA;PHL;SGP;BRN;KHM;LAO;MMR;TLS/indicator/IT.CEL.SETS.P2?format=json&date=2000:2025&per_page=20000,raw/worldbank/9ec057ec1027_IT.CEL.SETS.P2.json
Lao PDR,LAO,2004,IT.CEL.SETS.P2,Mobile cellular subscriptions (per 100 people),3.53172273682179,,https://api.worldbank.org/v2/country/IDN;MYS;VNM;THA;PHL;SGP;BRN;KHM;LAO;MMR;TLS/indicator/IT.CEL.SETS.P2?format=json&date=2000:2025&per_page=20000,raw/worldbank/9ec057ec1027_IT.CEL.SETS.P2.json
Lao PDR,LAO,2003,IT.CEL.SETS.P2,Mobile cellular subscriptions (per 100 people),1.97044724018923,,https://api.worldbank.org/v2/country/IDN;MYS;VNM;THA;PHL;SGP;BRN;KHM;LAO;MMR;TLS/indicator/IT.CEL.SETS.P2?format=json&date=2000:2025&per_page=20000,raw/worldbank/9ec057ec1027_IT.CEL.SETS.P2.json
Lao PDR,LAO,2002,IT.CEL.SETS.P2,Mobile cellular subscriptions (per 100 people),0.983088419678236,,https://api.worldbank.org/v2/country/IDN;MYS;VNM;THA;PHL;SGP;BRN;KHM;LAO;MMR;TLS/indicator/IT.CEL.SETS.P2?format=json&date=2000:2025&per_page=20000,raw/worldbank/9ec057ec1027_IT.CEL.SETS.P2.json
Lao PDR,LAO,2001,IT.CEL.SETS.P2,Mobile cellular subscriptions (per 100 people),0.535091846717965,,https://api.worldbank.org/v2/country/IDN;MYS;VNM;THA;PHL;SGP;BRN;KHM;LAO;MMR;TLS/indicator/IT.CEL.SETS.P2?format=json&date=2000:2025&per_page=20000,raw/worldbank/9ec057ec1027_IT.CEL.SETS.P2.json
Lao PDR,LAO,2000,IT.CEL.SETS.P2,Mobile cellular subscriptions (per 100 people),0.23348379698675,,https://api.worldbank.org/v2/country/IDN;MYS;VNM;THA;PHL;SGP;BRN;KHM;LAO;MMR;TLS/indicator/IT.CEL.SETS.P2?format=json&date=2000:2025&per_page=20000,raw/worldbank/9ec057ec1027_IT.CEL.SETS.P2.json
Myanmar,MMR,2025,IT.CEL.SETS.P2,Mobile cellular subscriptions (per 100 people),,,https://api.worldbank.org/v2/country/IDN;MYS;VNM;THA;PHL;SGP;BRN;KHM;LAO;MMR;TLS/indicator/IT.CEL.SETS.P2?format=json&date=2000:2025&per_page=20000,raw/worldbank/9ec057ec1027_IT.CEL.SETS.P2.json
Myanmar,MMR,2024,IT.CEL.SETS.P2,Mobile cellular subscriptions (per 100 people),114.329042129489,,https://api.worldbank.org/v2/country/IDN;MYS;VNM;THA;PHL;SGP;BRN;KHM;LAO;MMR;TLS/indicator/IT.CEL.SETS.P2?format=json&date=2000:2025&per_page=20000,raw/worldbank/9ec057ec1027_IT.CEL.SETS.P2.json
Myanmar,MMR,2023,IT.CEL.SETS.P2,Mobile cellular subscriptions (per 100 people),121.027626770248,,https://api.worldbank.org/v2/country/IDN;MYS;VNM;THA;PHL;SGP;BRN;KHM;LAO;MMR;TLS/indicator/IT.CEL.SETS.P2?format=json&date=2000:2025&per_page=20000,raw/worldbank/9ec057ec1027_IT.CEL.SETS.P2.json
Myanmar,MMR,2022,IT.CEL.SETS.P2,Mobile cellular subscriptions (per 100 people),107.535089476237,,https://api.worldbank.org/v2/country/IDN;MYS;VNM;THA;PHL;SGP;BRN;KHM;LAO;MMR;TLS/indicator/IT.CEL.SETS.P2?format=json&date=2000:2025&per_page=20000,raw/worldbank/9ec057ec1027_IT.CEL.SETS.P2.json
Myanmar,MMR,2021,IT.CEL.SETS.P2,Mobile cellular subscriptions (per 100 people),127.240645128106,,https://api.worldbank.org/v2/country/IDN;MYS;VNM;THA;PHL;SGP;BRN;KHM;LAO;MMR;TLS/indicator/IT.CEL.SETS.P2?format=json&date=2000:2025&per_page=20000,raw/worldbank/9ec057ec1027_IT.CEL.SETS.P2.json
Myanmar,MMR,2020,IT.CEL.SETS.P2,Mobile cellular subscriptions (per 100 people),148.158208114821,,https://api.worldbank.org/v2/country/IDN;MYS;VNM;THA;PHL;SGP;BRN;KHM;LAO;MMR;TLS/indicator/IT.CEL.SETS.P2?format=json&date=2000:2025&per_page=20000,raw/worldbank/9ec057ec1027_IT.CEL.SETS.P2.json
Myanmar,MMR,2019,IT.CEL.SETS.P2,Mobile cellular subscriptions (per 100 people),155.669416939698,,https://api.worldbank.org/v2/country/IDN;MYS;VNM;THA;PHL;SGP;BRN;KHM;LAO;MMR;TLS/indicator/IT.CEL.SETS.P2?format=json&date=2000:2025&per_page=20000,raw/worldbank/9ec057ec1027_IT.CEL.SETS.P2.json
Myanmar,MMR,2018,IT.CEL.SETS.P2,Mobile cellular subscriptions (per 100 people),116.972136284863,,https://api.worldbank.org/v2/country/IDN;MYS;VNM;THA;PHL;SGP;BRN;KHM;LAO;MMR;TLS/indicator/IT.CEL.SETS.P2?format=json&date=2000:2025&per_page=20000,raw/worldbank/9ec057ec1027_IT.CEL.SETS.P2.json
Myanmar,MMR,2017,IT.CEL.SETS.P2,Mobile cellular subscriptions (per 100 people),92.3917955157784,,https://api.worldbank.org/v2/country/IDN;MYS;VNM;THA;PHL;SGP;BRN;KHM;LAO;MMR;TLS/indicator/IT.CEL.SETS.P2?format=json&date=2000:2025&per_page=20000,raw/worldbank/9ec057ec1027_IT.CEL.SETS.P2.json
Myanmar,MMR,2016,IT.CEL.SETS.P2,Mobile cellular subscriptions (per 100 people),98.2342601991436,,https://api.worldbank.org/v2/country/IDN;MYS;VNM;THA;PHL;SGP;BRN;KHM;LAO;MMR;TLS/indicator/IT.CEL.SETS.P2?format=json&date=2000:2025&per_page=20000,raw/worldbank/9ec057ec1027_IT.CEL.SETS.P2.json
Myanmar,MMR,2015,IT.CEL.SETS.P2,Mobile cellular subscriptions (per 100 people),80.2397229653255,,https://api.worldbank.org/v2/country/IDN;MYS;VNM;THA;PHL;SGP;BRN;KHM;LAO;MMR;TLS/indicator/IT.CEL.SETS.P2?format=json&date=2000:2025&per_page=20000,raw/worldbank/9ec057ec1027_IT.CEL.SETS.P2.json
Myanmar,MMR,2014,IT.CEL.SETS.P2,Mobile cellular subscriptions (per 100 people),57.2778336231227,,https://api.worldbank.org/v2/country/IDN;MYS;VNM;THA;PHL;SGP;BRN;KHM;LAO;MMR;TLS/indicator/IT.CEL.SETS.P2?format=json&date=2000:2025&per_page=20000,raw/worldbank/9ec057ec1027_IT.CEL.SETS.P2.json
Myanmar,MMR,2013,IT.CEL.SETS.P2,Mobile cellular subscriptions (per 100 people),13.5933519472846,,https://api.worldbank.org/v2/country/IDN;MYS;VNM;THA;PHL;SGP;BRN;KHM;LAO;MMR;TLS/indicator/IT.CEL.SETS.P2?format=json&date=2000:2025&per_page=20000,raw/worldbank/9ec057ec1027_IT.CEL.SETS.P2.json
Myanmar,MMR,2012,IT.CEL.SETS.P2,Mobile cellular subscriptions (per 100 people),7.48356366415727,,https://api.worldbank.org/v2/country/IDN;MYS;VNM;THA;PHL;SGP;BRN;KHM;LAO;MMR;TLS/indicator/IT.CEL.SETS.P2?format=json&date=2000:2025&per_page=20000,raw/worldbank/9ec057ec1027_IT.CEL.SETS.P2.json
Myanmar,MMR,2011,IT.CEL.SETS.P2,Mobile cellular subscriptions (per 100 people),2.51643773692417,,https://api.worldbank.org/v2/country/IDN;MYS;VNM;THA;PHL;SGP;BRN;KHM;LAO;MMR;TLS/indicator/IT.CEL.SETS.P2?format=json&date=2000:2025&per_page=20000,raw/worldbank/9ec057ec1027_IT.CEL.SETS.P2.json
Myanmar,MMR,2010,IT.CEL.SETS.P2,Mobile cellular subscriptions (per 100 people),1.21164199479353,,https://api.worldbank.org/v2/country/IDN;MYS;VNM;THA;PHL;SGP;BRN;KHM;LAO;MMR;TLS/indicator/IT.CEL.SETS.P2?format=json&date=2000:2025&per_page=20000,raw/worldbank/9ec057ec1027_IT.CEL.SETS.P2.json
Myanmar,MMR,2009,IT.CEL.SETS.P2,Mobile cellular subscriptions (per 100 people),1.03164871502753,,https://api.worldbank.org/v2/country/IDN;MYS;VNM;THA;PHL;SGP;BRN;KHM;LAO;MMR;TLS/indicator/IT.CEL.SETS.P2?format=json&date=2000:2025&per_page=20000,raw/worldbank/9ec057ec1027_IT.CEL.SETS.P2.json
Myanmar,MMR,2008,IT.CEL.SETS.P2,Mobile cellular subscriptions (per 100 people),0.759210538252597,,https://api.worldbank.org/v2/country/IDN;MYS;VNM;THA;PHL;SGP;BRN;KHM;LAO;MMR;TLS/indicator/IT.CEL.SETS.P2?format=json&date=2000:2025&per_page=20000,raw/worldbank/9ec057ec1027_IT.CEL.SETS.P2.json
Myanmar,MMR,2007,IT.CEL.SETS.P2,Mobile cellular subscriptions (per 100 people),0.514578241519701,,https://api.worldbank.org/v2/country/IDN;MYS;VNM;THA;PHL;SGP;BRN;KHM;LAO;MMR;TLS/indicator/IT.CEL.SETS.P2?format=json&date=2000:2025&per_page=20000,raw/worldbank/9ec057ec1027_IT.CEL.SETS.P2.json
Myanmar,MMR,2006,IT.CEL.SETS.P2,Mobile cellular subscriptions (per 100 people),0.448285852912208,,https://api.worldbank.org/v2/country/IDN;MYS;VNM;THA;PHL;SGP;BRN;KHM;LAO;MMR;TLS/indicator/IT.CEL.SETS.P2?format=json&date=2000:2025&per_page=20000,raw/worldbank/9ec057ec1027_IT.CEL.SETS.P2.json
Myanmar,MMR,2005,IT.CEL.SETS.P2,Mobile cellular subscriptions (per 100 people),0.27129940081198,,https://api.worldbank.org/v2/country/IDN;MYS;VNM;THA;PHL;SGP;BRN;KHM;LAO;MMR;TLS/indicator/IT.CEL.SETS.P2?format=json&date=2000:2025&per_page=20000,raw/worldbank/9ec057ec1027_IT.CEL.SETS.P2.json
Myanmar,MMR,2004,IT.CEL.SETS.P2,Mobile cellular subscriptions (per 100 people),0.196418976046369,,https://api.worldbank.org/v2/country/IDN;MYS;VNM;THA;PHL;SGP;BRN;KHM;LAO;MMR;TLS/indicator/IT.CEL.SETS.P2?format=json&date=2000:2025&per_page=20000,raw/worldbank/9ec057ec1027_IT.CEL.SETS.P2.json
Myanmar,MMR,2003,IT.CEL.SETS.P2,Mobile cellular subscriptions (per 100 people),0.142534824036552,,https://api.worldbank.org/v2/country/IDN;MYS;VNM;THA;PHL;SGP;BRN;KHM;LAO;MMR;TLS/indicator/IT.CEL.SETS.P2?format=json&date=2000:2025&per_page=20000,raw/worldbank/9ec057ec1027_IT.CEL.SETS.P2.json
Myanmar,MMR,2002,IT.CEL.SETS.P2,Mobile cellular subscriptions (per 100 people),0.103783791079435,,https://api.worldbank.org/v2/country/IDN;MYS;VNM;THA;PHL;SGP;BRN;KHM;LAO;MMR;TLS/indicator/IT.CEL.SETS.P2?format=json&date=2000:2025&per_page=20000,raw/worldbank/9ec057ec1027_IT.CEL.SETS.P2.json
Myanmar,MMR,2001,IT.CEL.SETS.P2,Mobile cellular subscriptions (per 100 people),0.04953121223398,,https://api.worldbank.org/v2/country/IDN;MYS;VNM;THA;PHL;SGP;BRN;KHM;LAO;MMR;TLS/indicator/IT.CEL.SETS.P2?format=json&date=2000:2025&per_page=20000,raw/worldbank/9ec057ec1027_IT.CEL.SETS.P2.json
Myanmar,MMR,2000,IT.CEL.SETS.P2,Mobile cellular subscriptions (per 100 people),0.0295799320661765,,https://api.worldbank.org/v2/country/IDN;MYS;VNM;THA;PHL;SGP;BRN;KHM;LAO;MMR;TLS/indicator/IT.CEL.SETS.P2?format=json&date=2000:2025&per_page=20000,raw/worldbank/9ec057ec1027_IT.CEL.SETS.P2.json
Malaysia,MYS,2025,IT.CEL.SETS.P2,Mobile cellular subscriptions (per 100 people),,,https://api.worldbank.org/v2/country/IDN;MYS;VNM;THA;PHL;SGP;BRN;KHM;LAO;MMR;TLS/indicator/IT.CEL.SETS.P2?format=json&date=2000:2025&per_page=20000,raw/worldbank/9ec057ec1027_IT.CEL.SETS.P2.json
Malaysia,MYS,2024,IT.CEL.SETS.P2,Mobile cellular subscriptions (per 100 people),139.664651283564,,https://api.worldbank.org/v2/country/IDN;MYS;VNM;THA;PHL;SGP;BRN;KHM;LAO;MMR;TLS/indicator/IT.CEL.SETS.P2?format=json&date=2000:2025&per_page=20000,raw/worldbank/9ec057ec1027_IT.CEL.SETS.P2.json
Malaysia,MYS,2023,IT.CEL.SETS.P2,Mobile cellular subscriptions (per 100 people),142.7320920639,,https://api.worldbank.org/v2/country/IDN;MYS;VNM;THA;PHL;SGP;BRN;KHM;LAO;MMR;TLS/indicator/IT.CEL.SETS.P2?format=json&date=2000:2025&per_page=20000,raw/worldbank/9ec057ec1027_IT.CEL.SETS.P2.json
Malaysia,MYS,2022,IT.CEL.SETS.P2,Mobile cellular subscriptions (per 100 people),138.208441079076,,https://api.worldbank.org/v2/country/IDN;MYS;VNM;THA;PHL;SGP;BRN;KHM;LAO;MMR;TLS/indicator/IT.CEL.SETS.P2?format=json&date=2000:2025&per_page=20000,raw/worldbank/9ec057ec1027_IT.CEL.SETS.P2.json
Malaysia,MYS,2021,IT.CEL.SETS.P2,Mobile cellular subscriptions (per 100 people),137.684938559871,,https://api.worldbank.org/v2/country/IDN;MYS;VNM;THA;PHL;SGP;BRN;KHM;LAO;MMR;TLS/indicator/IT.CEL.SETS.P2?format=json&date=2000:2025&per_page=20000,raw/worldbank/9ec057ec1027_IT.CEL.SETS.P2.json
Malaysia,MYS,2020,IT.CEL.SETS.P2,Mobile cellular subscriptions (per 100 people),129.017911652905,,https://api.worldbank.org/v2/country/IDN;MYS;VNM;THA;PHL;SGP;BRN;KHM;LAO;MMR;TLS/indicator/IT.CEL.SETS.P2?format=json&date=2000:2025&per_page=20000,raw/worldbank/9ec057ec1027_IT.CEL.SETS.P2.json
Malaysia,MYS,2019,IT.CEL.SETS.P2,Mobile cellular subscriptions (per 100 people),133.372921941941,,https://api.worldbank.org/v2/country/IDN;MYS;VNM;THA;PHL;SGP;BRN;KHM;LAO;MMR;TLS/indicator/IT.CEL.SETS.P2?format=json&date=2000:2025&per_page=20000,raw/worldbank/9ec057ec1027_IT.CEL.SETS.P2.json
Malaysia,MYS,2018,IT.CEL.SETS.P2,Mobile cellular subscriptions (per 100 people),128.873150399987,,https://api.worldbank.org/v2/country/IDN;MYS;VNM;THA;PHL;SGP;BRN;KHM;LAO;MMR;TLS/indicator/IT.CEL.SETS.P2?format=json&date=2000:2025&per_page=20000,raw/worldbank/9ec057ec1027_IT.CEL.SETS.P2.json
Malaysia,MYS,2017,IT.CEL.SETS.P2,Mobile cellular subscriptions (per 100 people),130.853522804244,,https://api.worldbank.org/v2/country/IDN;MYS;VNM;THA;PHL;SGP;BRN;KHM;LAO;MMR;TLS/indicator/IT.CEL.SETS.P2?format=json&date=2000:2025&per_page=20000,raw/worldbank/9ec057ec1027_IT.CEL.SETS.P2.json
Malaysia,MYS,2016,IT.CEL.SETS.P2,Mobile cellular subscriptions (per 100 people),136.725167298764,,https://api.worldbank.org/v2/country/IDN;MYS;VNM;THA;PHL;SGP;BRN;KHM;LAO;MMR;TLS/indicator/IT.CEL.SETS.P2?format=json&date=2000:2025&per_page=20000,raw/worldbank/9ec057ec1027_IT.CEL.SETS.P2.json
Malaysia,MYS,2015,IT.CEL.SETS.P2,Mobile cellular subscriptions (per 100 people),141.210531313909,,https://api.worldbank.org/v2/country/IDN;MYS;VNM;THA;PHL;SGP;BRN;KHM;LAO;MMR;TLS/indicator/IT.CEL.SETS.P2?format=json&date=2000:2025&per_page=20000,raw/worldbank/9ec057ec1027_IT.CEL.SETS.P2.json
Malaysia,MYS,2014,IT.CEL.SETS.P2,Mobile cellular subscriptions (per 100 people),146.3656485505,,https://api.worldbank.org/v2/country/IDN;MYS;VNM;THA;PHL;SGP;BRN;KHM;LAO;MMR;TLS/indicator/IT.CEL.SETS.P2?format=json&date=2000:2025&per_page=20000,raw/worldbank/9ec057ec1027_IT.CEL.SETS.P2.json
Malaysia,MYS,2013,IT.CEL.SETS.P2,Mobile cellular subscriptions (per 100 people),142.522112800428,,https://api.worldbank.org/v2/country/IDN;MYS;VNM;THA;PHL;SGP;BRN;KHM;LAO;MMR;TLS/indicator/IT.CEL.SETS.P2?format=json&date=2000:2025&per_page=20000,raw/worldbank/9ec057ec1027_IT.CEL.SETS.P2.json
Malaysia,MYS,2012,IT.CEL.SETS.P2,Mobile cellular subscriptions (per 100 people),139.314753874976,,https://api.worldbank.org/v2/country/IDN;MYS;VNM;THA;PHL;SGP;BRN;KHM;LAO;MMR;TLS/indicator/IT.CEL.SETS.P2?format=json&date=2000:2025&per_page=20000,raw/worldbank/9ec057ec1027_IT.CEL.SETS.P2.json
Malaysia,MYS,2011,IT.CEL.SETS.P2,Mobile cellular subscriptions (per 100 people),125.715832147402,,https://api.worldbank.org/v2/country/IDN;MYS;VNM;THA;PHL;SGP;BRN;KHM;LAO;MMR;TLS/indicator/IT.CEL.SETS.P2?format=json&date=2000:2025&per_page=20000,raw/worldbank/9ec057ec1027_IT.CEL.SETS.P2.json
Malaysia,MYS,2010,IT.CEL.SETS.P2,Mobile cellular subscriptions (per 100 people),118.156632715164,,https://api.worldbank.org/v2/country/IDN;MYS;VNM;THA;PHL;SGP;BRN;KHM;LAO;MMR;TLS/indicator/IT.CEL.SETS.P2?format=json&date=2000:2025&per_page=20000,raw/worldbank/9ec057ec1027_IT.CEL.SETS.P2.json
Malaysia,MYS,2009,IT.CEL.SETS.P2,Mobile cellular subscriptions (per 100 people),107.179512670287,,https://api.worldbank.org/v2/country/IDN;MYS;VNM;THA;PHL;SGP;BRN;KHM;LAO;MMR;TLS/indicator/IT.CEL.SETS.P2?format=json&date=2000:2025&per_page=20000,raw/worldbank/9ec057ec1027_IT.CEL.SETS.P2.json
Malaysia,MYS,2008,IT.CEL.SETS.P2,Mobile cellular subscriptions (per 100 people),100.518464614095,,https://api.worldbank.org/v2/country/IDN;MYS;VNM;THA;PHL;SGP;BRN;KHM;LAO;MMR;TLS/indicator/IT.CEL.SETS.P2?format=json&date=2000:2025&per_page=20000,raw/worldbank/9ec057ec1027_IT.CEL.SETS.P2.json
Malaysia,MYS,2007,IT.CEL.SETS.P2,Mobile cellular subscriptions (per 100 people),86.4755300769983,,https://api.worldbank.org/v2/country/IDN;MYS;VNM;THA;PHL;SGP;BRN;KHM;LAO;MMR;TLS/indicator/IT.CEL.SETS.P2?format=json&date=2000:2025&per_page=20000,raw/worldbank/9ec057ec1027_IT.CEL.SETS.P2.json
Malaysia,MYS,2006,IT.CEL.SETS.P2,Mobile cellular subscriptions (per 100 people),73.6762398568335,,https://api.worldbank.org/v2/country/IDN;MYS;VNM;THA;PHL;SGP;BRN;KHM;LAO;MMR;TLS/indicator/IT.CEL.SETS.P2?format=json&date=2000:2025&per_page=20000,raw/worldbank/9ec057ec1027_IT.CEL.SETS.P2.json
Malaysia,MYS,2005,IT.CEL.SETS.P2,Mobile cellular subscriptions (per 100 people),75.6500475633466,,https://api.worldbank.org/v2/country/IDN;MYS;VNM;THA;PHL;SGP;BRN;KHM;LAO;MMR;TLS/indicator/IT.CEL.SETS.P2?format=json&date=2000:2025&per_page=20000,raw/worldbank/9ec057ec1027_IT.CEL.SETS.P2.json
Malaysia,MYS,2004,IT.CEL.SETS.P2,Mobile cellular subscriptions (per 100 people),57.8498313244464,,https://api.worldbank.org/v2/country/IDN;MYS;VNM;THA;PHL;SGP;BRN;KHM;LAO;MMR;TLS/indicator/IT.CEL.SETS.P2?format=json&date=2000:2025&per_page=20000,raw/worldbank/9ec057ec1027_IT.CEL.SETS.P2.json
Malaysia,MYS,2003,IT.CEL.SETS.P2,Mobile cellular subscriptions (per 100 people),45.0736604261284,,https://api.worldbank.org/v2/country/IDN;MYS;VNM;THA;PHL;SGP;BRN;KHM;LAO;MMR;TLS/indicator/IT.CEL.SETS.P2?format=json&date=2000:2025&per_page=20000,raw/worldbank/9ec057ec1027_IT.CEL.SETS.P2.json
Malaysia,MYS,2002,IT.CEL.SETS.P2,Mobile cellular subscriptions (per 100 people),37.5604548860269,,https://api.worldbank.org/v2/country/IDN;MYS;VNM;THA;PHL;SGP;BRN;KHM;LAO;MMR;TLS/indicator/IT.CEL.SETS.P2?format=json&date=2000:2025&per_page=20000,raw/worldbank/9ec057ec1027_IT.CEL.SETS.P2.json
Malaysia,MYS,2001,IT.CEL.SETS.P2,Mobile cellular subscriptions (per 100 people),31.3900838278883,,https://api.worldbank.org/v2/country/IDN;MYS;VNM;THA;PHL;SGP;BRN;KHM;LAO;MMR;TLS/indicator/IT.CEL.SETS.P2?format=json&date=2000:2025&per_page=20000,raw/worldbank/9ec057ec1027_IT.CEL.SETS.P2.json
Malaysia,MYS,2000,IT.CEL.SETS.P2,Mobile cellular subscriptions (per 100 people),22.2996735954346,,https://api.worldbank.org/v2/country/IDN;MYS;VNM;THA;PHL;SGP;BRN;KHM;LAO;MMR;TLS/indicator/IT.CEL.SETS.P2?format=json&date=2000:2025&per_page=20000,raw/worldbank/9ec057ec1027_IT.CEL.SETS.P2.json
Philippines,PHL,2025,IT.CEL.SETS.P2,Mobile cellular subscriptions (per 100 people),,,https://api.worldbank.org/v2/country/IDN;MYS;VNM;THA;PHL;SGP;BRN;KHM;LAO;MMR;TLS/indicator/IT.CEL.SETS.P2?format=json&date=2000:2025&per_page=20000,raw/worldbank/9ec057ec1027_IT.CEL.SETS.P2.json
Philippines,PHL,2024,IT.CEL.SETS.P2,Mobile cellular subscriptions (per 100 people),115.298749599352,,https://api.worldbank.org/v2/country/IDN;MYS;VNM;THA;PHL;SGP;BRN;KHM;LAO;MMR;TLS/indicator/IT.CEL.SETS.P2?format=json&date=2000:2025&per_page=20000,raw/worldbank/9ec057ec1027_IT.CEL.SETS.P2.json
Philippines,PHL,2023,IT.CEL.SETS.P2,Mobile cellular subscriptions (per 100 people),117.275521687262,,https://api.worldbank.org/v2/country/IDN;MYS;VNM;THA;PHL;SGP;BRN;KHM;LAO;MMR;TLS/indicator/IT.CEL.SETS.P2?format=json&date=2000:2025&per_page=20000,raw/worldbank/9ec057ec1027_IT.CEL.SETS.P2.json
Philippines,PHL,2022,IT.CEL.SETS.P2,Mobile cellular subscriptions (per 100 people),147.428926406785,,https://api.worldbank.org/v2/country/IDN;MYS;VNM;THA;PHL;SGP;BRN;KHM;LAO;MMR;TLS/indicator/IT.CEL.SETS.P2?format=json&date=2000:2025&per_page=20000,raw/worldbank/9ec057ec1027_IT.CEL.SETS.P2.json
Philippines,PHL,2021,IT.CEL.SETS.P2,Mobile cellular subscriptions (per 100 people),144.424289981649,,https://api.worldbank.org/v2/country/IDN;MYS;VNM;THA;PHL;SGP;BRN;KHM;LAO;MMR;TLS/indicator/IT.CEL.SETS.P2?format=json&date=2000:2025&per_page=20000,raw/worldbank/9ec057ec1027_IT.CEL.SETS.P2.json
Philippines,PHL,2020,IT.CEL.SETS.P2,Mobile cellular subscriptions (per 100 people),133.45620905917,,https://api.worldbank.org/v2/country/IDN;MYS;VNM;THA;PHL;SGP;BRN;KHM;LAO;MMR;TLS/indicator/IT.CEL.SETS.P2?format=json&date=2000:2025&per_page=20000,raw/worldbank/9ec057ec1027_IT.CEL.SETS.P2.json
Philippines,PHL,2019,IT.CEL.SETS.P2,Mobile cellular subscriptions (per 100 people),151.006642923206,,https://api.worldbank.org/v2/country/IDN;MYS;VNM;THA;PHL;SGP;BRN;KHM;LAO;MMR;TLS/indicator/IT.CEL.SETS.P2?format=json&date=2000:2025&per_page=20000,raw/worldbank/9ec057ec1027_IT.CEL.SETS.P2.json
Philippines,PHL,2018,IT.CEL.SETS.P2,Mobile cellular subscriptions (per 100 people),122.960456861544,,https://api.worldbank.org/v2/country/IDN;MYS;VNM;THA;PHL;SGP;BRN;KHM;LAO;MMR;TLS/indicator/IT.CEL.SETS.P2?format=json&date=2000:2025&per_page=20000,raw/worldbank/9ec057ec1027_IT.CEL.SETS.P2.json
Philippines,PHL,2017,IT.CEL.SETS.P2,Mobile cellular subscriptions (per 100 people),110.962137119646,,https://api.worldbank.org/v2/country/IDN;MYS;VNM;THA;PHL;SGP;BRN;KHM;LAO;MMR;TLS/indicator/IT.CEL.SETS.P2?format=json&date=2000:2025&per_page=20000,raw/worldbank/9ec057ec1027_IT.CEL.SETS.P2.json
Philippines,PHL,2016,IT.CEL.SETS.P2,Mobile cellular subscriptions (per 100 people),112.517998777897,,https://api.worldbank.org/v2/country/IDN;MYS;VNM;THA;PHL;SGP;BRN;KHM;LAO;MMR;TLS/indicator/IT.CEL.SETS.P2?format=json&date=2000:2025&per_page=20000,raw/worldbank/9ec057ec1027_IT.CEL.SETS.P2.json
Philippines,PHL,2015,IT.CEL.SETS.P2,Mobile cellular subscriptions (per 100 people),111.893197374926,,https://api.worldbank.org/v2/country/IDN;MYS;VNM;THA;PHL;SGP;BRN;KHM;LAO;MMR;TLS/indicator/IT.CEL.SETS.P2?format=json&date=2000:2025&per_page=20000,raw/worldbank/9ec057ec1027_IT.CEL.SETS.P2.json
Philippines,PHL,2014,IT.CEL.SETS.P2,Mobile cellular subscriptions (per 100 people),107.284498472686,,https://api.worldbank.org/v2/country/IDN;MYS;VNM;THA;PHL;SGP;BRN;KHM;LAO;MMR;TLS/indicator/IT.CEL.SETS.P2?format=json&date=2000:2025&per_page=20000,raw/worldbank/9ec057ec1027_IT.CEL.SETS.P2.json
Philippines,PHL,2013,IT.CEL.SETS.P2,Mobile cellular subscriptions (per 100 people),100.732033524401,,https://api.worldbank.org/v2/country/IDN;MYS;VNM;THA;PHL;SGP;BRN;KHM;LAO;MMR;TLS/indicator/IT.CEL.SETS.P2?format=json&date=2000:2025&per_page=20000,raw/worldbank/9ec057ec1027_IT.CEL.SETS.P2.json
Philippines,PHL,2012,IT.CEL.SETS.P2,Mobile cellular subscriptions (per 100 people),101.799674355545,,https://api.worldbank.org/v2/country/IDN;MYS;VNM;THA;PHL;SGP;BRN;KHM;LAO;MMR;TLS/indicator/IT.CEL.SETS.P2?format=json&date=2000:2025&per_page=20000,raw/worldbank/9ec057ec1027_IT.CEL.SETS.P2.json
Philippines,PHL,2011,IT.CEL.SETS.P2,Mobile cellular subscriptions (per 100 people),95.8688282360909,,https://api.worldbank.org/v2/country/IDN;MYS;VNM;THA;PHL;SGP;BRN;KHM;LAO;MMR;TLS/indicator/IT.CEL.SETS.P2?format=json&date=2000:2025&per_page=20000,raw/worldbank/9ec057ec1027_IT.CEL.SETS.P2.json
Philippines,PHL,2010,IT.CEL.SETS.P2,Mobile cellular subscriptions (per 100 people),86.3116249317177,,https://api.worldbank.org/v2/country/IDN;MYS;VNM;THA;PHL;SGP;BRN;KHM;LAO;MMR;TLS/indicator/IT.CEL.SETS.P2?format=json&date=2000:2025&per_page=20000,raw/worldbank/9ec057ec1027_IT.CEL.SETS.P2.json
Philippines,PHL,2009,IT.CEL.SETS.P2,Mobile cellular subscriptions (per 100 people),80.083961042229,,https://api.worldbank.org/v2/country/IDN;MYS;VNM;THA;PHL;SGP;BRN;KHM;LAO;MMR;TLS/indicator/IT.CEL.SETS.P2?format=json&date=2000:2025&per_page=20000,raw/worldbank/9ec057ec1027_IT.CEL.SETS.P2.json
Philippines,PHL,2008,IT.CEL.SETS.P2,Mobile cellular subscriptions (per 100 people),73.4820194307183,,https://api.worldbank.org/v2/country/IDN;MYS;VNM;THA;PHL;SGP;BRN;KHM;LAO;MMR;TLS/indicator/IT.CEL.SETS.P2?format=json&date=2000:2025&per_page=20000,raw/worldbank/9ec057ec1027_IT.CEL.SETS.P2.json
Philippines,PHL,2007,IT.CEL.SETS.P2,Mobile cellular subscriptions (per 100 people),62.9642592871402,,https://api.worldbank.org/v2/country/IDN;MYS;VNM;THA;PHL;SGP;BRN;KHM;LAO;MMR;TLS/indicator/IT.CEL.SETS.P2?format=json&date=2000:2025&per_page=20000,raw/worldbank/9ec057ec1027_IT.CEL.SETS.P2.json
Philippines,PHL,2006,IT.CEL.SETS.P2,Mobile cellular subscriptions (per 100 people),47.8934159750173,,https://api.worldbank.org/v2/country/IDN;MYS;VNM;THA;PHL;SGP;BRN;KHM;LAO;MMR;TLS/indicator/IT.CEL.SETS.P2?format=json&date=2000:2025&per_page=20000,raw/worldbank/9ec057ec1027_IT.CEL.SETS.P2.json
Philippines,PHL,2005,IT.CEL.SETS.P2,Mobile cellular subscriptions (per 100 people),39.5144178507076,,https://api.worldbank.org/v2/country/IDN;MYS;VNM;THA;PHL;SGP;BRN;KHM;LAO;MMR;TLS/indicator/IT.CEL.SETS.P2?format=json&date=2000:2025&per_page=20000,raw/worldbank/9ec057ec1027_IT.CEL.SETS.P2.json
Philippines,PHL,2004,IT.CEL.SETS.P2,Mobile cellular subscriptions (per 100 people),38.1226507186152,,https://api.worldbank.org/v2/country/IDN;MYS;VNM;THA;PHL;SGP;BRN;KHM;LAO;MMR;TLS/indicator/IT.CEL.SETS.P2?format=json&date=2000:2025&per_page=20000,raw/worldbank/9ec057ec1027_IT.CEL.SETS.P2.json
Philippines,PHL,2003,IT.CEL.SETS.P2,Mobile cellular subscriptions (per 100 people),26.5656467843521,,https://api.worldbank.org/v2/country/IDN;MYS;VNM;THA;PHL;SGP;BRN;KHM;LAO;MMR;TLS/indicator/IT.CEL.SETS.P2?format=json&date=2000:2025&per_page=20000,raw/worldbank/9ec057ec1027_IT.CEL.SETS.P2.json
Philippines,PHL,2002,IT.CEL.SETS.P2,Mobile cellular subscriptions (per 100 people),18.5183661238084,,https://api.worldbank.org/v2/country/IDN;MYS;VNM;THA;PHL;SGP;BRN;KHM;LAO;MMR;TLS/indicator/IT.CEL.SETS.P2?format=json&date=2000:2025&per_page=20000,raw/worldbank/9ec057ec1027_IT.CEL.SETS.P2.json
Philippines,PHL,2001,IT.CEL.SETS.P2,Mobile cellular subscriptions (per 100 people),14.9372736282167,,https://api.worldbank.org/v2/country/IDN;MYS;VNM;THA;PHL;SGP;BRN;KHM;LAO;MMR;TLS/indicator/IT.CEL.SETS.P2?format=json&date=2000:2025&per_page=20000,raw/worldbank/9ec057ec1027_IT.CEL.SETS.P2.json
Philippines,PHL,2000,IT.CEL.SETS.P2,Mobile cellular subscriptions (per 100 people),8.10590495391816,,https://api.worldbank.org/v2/country/IDN;MYS;VNM;THA;PHL;SGP;BRN;KHM;LAO;MMR;TLS/indicator/IT.CEL.SETS.P2?format=json&date=2000:2025&per_page=20000,raw/worldbank/9ec057ec1027_IT.CEL.SETS.P2.json
Singapore,SGP,2025,IT.CEL.SETS.P2,Mobile cellular subscriptions (per 100 people),,,https://api.worldbank.org/v2/country/IDN;MYS;VNM;THA;PHL;SGP;BRN;KHM;LAO;MMR;TLS/indicator/IT.CEL.SETS.P2?format=json&date=2000:2025&per_page=20000,raw/worldbank/9ec057ec1027_IT.CEL.SETS.P2.json
Singapore,SGP,2024,IT.CEL.SETS.P2,Mobile cellular subscriptions (per 100 people),170.78256295407,,https://api.worldbank.org/v2/country/IDN;MYS;VNM;THA;PHL;SGP;BRN;KHM;LAO;MMR;TLS/indicator/IT.CEL.SETS.P2?format=json&date=2000:2025&per_page=20000,raw/worldbank/9ec057ec1027_IT.CEL.SETS.P2.json
Singapore,SGP,2023,IT.CEL.SETS.P2,Mobile cellular subscriptions (per 100 people),173.199932977376,,https://api.worldbank.org/v2/country/IDN;MYS;VNM;THA;PHL;SGP;BRN;KHM;LAO;MMR;TLS/indicator/IT.CEL.SETS.P2?format=json&date=2000:2025&per_page=20000,raw/worldbank/9ec057ec1027_IT.CEL.SETS.P2.json
Singapore,SGP,2022,IT.CEL.SETS.P2,Mobile cellular subscriptions (per 100 people),173.005291258141,,https://api.worldbank.org/v2/country/IDN;MYS;VNM;THA;PHL;SGP;BRN;KHM;LAO;MMR;TLS/indicator/IT.CEL.SETS.P2?format=json&date=2000:2025&per_page=20000,raw/worldbank/9ec057ec1027_IT.CEL.SETS.P2.json
Singapore,SGP,2021,IT.CEL.SETS.P2,Mobile cellular subscriptions (per 100 people),157.977675166643,,https://api.worldbank.org/v2/country/IDN;MYS;VNM;THA;PHL;SGP;BRN;KHM;LAO;MMR;TLS/indicator/IT.CEL.SETS.P2?format=json&date=2000:2025&per_page=20000,raw/worldbank/9ec057ec1027_IT.CEL.SETS.P2.json
Singapore,SGP,2020,IT.CEL.SETS.P2,Mobile cellular subscriptions (per 100 people),150.259334715266,,https://api.worldbank.org/v2/country/IDN;MYS;VNM;THA;PHL;SGP;BRN;KHM;LAO;MMR;TLS/indicator/IT.CEL.SETS.P2?format=json&date=2000:2025&per_page=20000,raw/worldbank/9ec057ec1027_IT.CEL.SETS.P2.json
Singapore,SGP,2019,IT.CEL.SETS.P2,Mobile cellular subscriptions (per 100 people),159.347378272364,,https://api.worldbank.org/v2/country/IDN;MYS;VNM;THA;PHL;SGP;BRN;KHM;LAO;MMR;TLS/indicator/IT.CEL.SETS.P2?format=json&date=2000:2025&per_page=20000,raw/worldbank/9ec057ec1027_IT.CEL.SETS.P2.json
Singapore,SGP,2018,IT.CEL.SETS.P2,Mobile cellular subscriptions (per 100 people),152.07381696158,,https://api.worldbank.org/v2/country/IDN;MYS;VNM;THA;PHL;SGP;BRN;KHM;LAO;MMR;TLS/indicator/IT.CEL.SETS.P2?format=json&date=2000:2025&per_page=20000,raw/worldbank/9ec057ec1027_IT.CEL.SETS.P2.json
Singapore,SGP,2017,IT.CEL.SETS.P2,Mobile cellular subscriptions (per 100 people),149.567868255938,,https://api.worldbank.org/v2/country/IDN;MYS;VNM;THA;PHL;SGP;BRN;KHM;LAO;MMR;TLS/indicator/IT.CEL.SETS.P2?format=json&date=2000:2025&per_page=20000,raw/worldbank/9ec057ec1027_IT.CEL.SETS.P2.json
Singapore,SGP,2016,IT.CEL.SETS.P2,Mobile cellular subscriptions (per 100 people),151.681717052742,,https://api.worldbank.org/v2/country/IDN;MYS;VNM;THA;PHL;SGP;BRN;KHM;LAO;MMR;TLS/indicator/IT.CEL.SETS.P2?format=json&date=2000:2025&per_page=20000,raw/worldbank/9ec057ec1027_IT.CEL.SETS.P2.json
Singapore,SGP,2015,IT.CEL.SETS.P2,Mobile cellular subscriptions (per 100 people),149.006215002154,,https://api.worldbank.org/v2/country/IDN;MYS;VNM;THA;PHL;SGP;BRN;KHM;LAO;MMR;TLS/indicator/IT.CEL.SETS.P2?format=json&date=2000:2025&per_page=20000,raw/worldbank/9ec057ec1027_IT.CEL.SETS.P2.json
Singapore,SGP,2014,IT.CEL.SETS.P2,Mobile cellular subscriptions (per 100 people),148.478352479892,,https://api.worldbank.org/v2/country/IDN;MYS;VNM;THA;PHL;SGP;BRN;KHM;LAO;MMR;TLS/indicator/IT.CEL.SETS.P2?format=json&date=2000:2025&per_page=20000,raw/worldbank/9ec057ec1027_IT.CEL.SETS.P2.json
Singapore,SGP,2013,IT.CEL.SETS.P2,Mobile cellular subscriptions (per 100 people),156.679270675737,,https://api.worldbank.org/v2/country/IDN;MYS;VNM;THA;PHL;SGP;BRN;KHM;LAO;MMR;TLS/indicator/IT.CEL.SETS.P2?format=json&date=2000:2025&per_page=20000,raw/worldbank/9ec057ec1027_IT.CEL.SETS.P2.json
Singapore,SGP,2012,IT.CEL.SETS.P2,Mobile cellular subscriptions (per 100 people),152.410387392459,,https://api.worldbank.org/v2/country/IDN;MYS;VNM;THA;PHL;SGP;BRN;KHM;LAO;MMR;TLS/indicator/IT.CEL.SETS.P2?format=json&date=2000:2025&per_page=20000,raw/worldbank/9ec057ec1027_IT.CEL.SETS.P2.json
Singapore,SGP,2011,IT.CEL.SETS.P2,Mobile cellular subscriptions (per 100 people),150.404101393239,,https://api.worldbank.org/v2/country/IDN;MYS;VNM;THA;PHL;SGP;BRN;KHM;LAO;MMR;TLS/indicator/IT.CEL.SETS.P2?format=json&date=2000:2025&per_page=20000,raw/worldbank/9ec057ec1027_IT.CEL.SETS.P2.json
Singapore,SGP,2010,IT.CEL.SETS.P2,Mobile cellular subscriptions (per 100 people),145.451637517643,,https://api.worldbank.org/v2/country/IDN;MYS;VNM;THA;PHL;SGP;BRN;KHM;LAO;MMR;TLS/indicator/IT.CEL.SETS.P2?format=json&date=2000:2025&per_page=20000,raw/worldbank/9ec057ec1027_IT.CEL.SETS.P2.json
Singapore,SGP,2009,IT.CEL.SETS.P2,Mobile cellular subscriptions (per 100 people),138.567088142902,,https://api.worldbank.org/v2/country/IDN;MYS;VNM;THA;PHL;SGP;BRN;KHM;LAO;MMR;TLS/indicator/IT.CEL.SETS.P2?format=json&date=2000:2025&per_page=20000,raw/worldbank/9ec057ec1027_IT.CEL.SETS.P2.json
Singapore,SGP,2008,IT.CEL.SETS.P2,Mobile cellular subscriptions (per 100 people),133.454246858734,,https://api.worldbank.org/v2/country/IDN;MYS;VNM;THA;PHL;SGP;BRN;KHM;LAO;MMR;TLS/indicator/IT.CEL.SETS.P2?format=json&date=2000:2025&per_page=20000,raw/worldbank/9ec057ec1027_IT.CEL.SETS.P2.json
Singapore,SGP,2007,IT.CEL.SETS.P2,Mobile cellular subscriptions (per 100 people),128.882425054634,,https://api.worldbank.org/v2/country/IDN;MYS;VNM;THA;PHL;SGP;BRN;KHM;LAO;MMR;TLS/indicator/IT.CEL.SETS.P2?format=json&date=2000:2025&per_page=20000,raw/worldbank/9ec057ec1027_IT.CEL.SETS.P2.json
Singapore,SGP,2006,IT.CEL.SETS.P2,Mobile cellular subscriptions (per 100 people),108.657521639152,,https://api.worldbank.org/v2/country/IDN;MYS;VNM;THA;PHL;SGP;BRN;KHM;LAO;MMR;TLS/indicator/IT.CEL.SETS.P2?format=json&date=2000:2025&per_page=20000,raw/worldbank/9ec057ec1027_IT.CEL.SETS.P2.json
Singapore,SGP,2005,IT.CEL.SETS.P2,Mobile cellular subscriptions (per 100 people),102.723197927824,,https://api.worldbank.org/v2/country/IDN;MYS;VNM;THA;PHL;SGP;BRN;KHM;LAO;MMR;TLS/indicator/IT.CEL.SETS.P2?format=json&date=2000:2025&per_page=20000,raw/worldbank/9ec057ec1027_IT.CEL.SETS.P2.json
Singapore,SGP,2004,IT.CEL.SETS.P2,Mobile cellular subscriptions (per 100 people),95.6367801029868,,https://api.worldbank.org/v2/country/IDN;MYS;VNM;THA;PHL;SGP;BRN;KHM;LAO;MMR;TLS/indicator/IT.CEL.SETS.P2?format=json&date=2000:2025&per_page=20000,raw/worldbank/9ec057ec1027_IT.CEL.SETS.P2.json
Singapore,SGP,2003,IT.CEL.SETS.P2,Mobile cellular subscriptions (per 100 people),86.4376082131435,,https://api.worldbank.org/v2/country/IDN;MYS;VNM;THA;PHL;SGP;BRN;KHM;LAO;MMR;TLS/indicator/IT.CEL.SETS.P2?format=json&date=2000:2025&per_page=20000,raw/worldbank/9ec057ec1027_IT.CEL.SETS.P2.json
Singapore,SGP,2002,IT.CEL.SETS.P2,Mobile cellular subscriptions (per 100 people),79.8911570400194,,https://api.worldbank.org/v2/country/IDN;MYS;VNM;THA;PHL;SGP;BRN;KHM;LAO;MMR;TLS/indicator/IT.CEL.SETS.P2?format=json&date=2000:2025&per_page=20000,raw/worldbank/9ec057ec1027_IT.CEL.SETS.P2.json
Singapore,SGP,2001,IT.CEL.SETS.P2,Mobile cellular subscriptions (per 100 people),72.6792845575227,,https://api.worldbank.org/v2/country/IDN;MYS;VNM;THA;PHL;SGP;BRN;KHM;LAO;MMR;TLS/indicator/IT.CEL.SETS.P2?format=json&date=2000:2025&per_page=20000,raw/worldbank/9ec057ec1027_IT.CEL.SETS.P2.json
Singapore,SGP,2000,IT.CEL.SETS.P2,Mobile cellular subscriptions (per 100 people),68.0850852922189,,https://api.worldbank.org/v2/country/IDN;MYS;VNM;THA;PHL;SGP;BRN;KHM;LAO;MMR;TLS/indicator/IT.CEL.SETS.P2?format=json&date=2000:2025&per_page=20000,raw/worldbank/9ec057ec1027_IT.CEL.SETS.P2.json
Thailand,THA,2025,IT.CEL.SETS.P2,Mobile cellular subscriptions (per 100 people),,,https://api.worldbank.org/v2/country/IDN;MYS;VNM;THA;PHL;SGP;BRN;KHM;LAO;MMR;TLS/indicator/IT.CEL.SETS.P2?format=json&date=2000:2025&per_page=20000,raw/worldbank/9ec057ec1027_IT.CEL.SETS.P2.json
Thailand,THA,2024,IT.CEL.SETS.P2,Mobile cellular subscriptions (per 100 people),160.639312286761,,https://api.worldbank.org/v2/country/IDN;MYS;VNM;THA;PHL;SGP;BRN;KHM;LAO;MMR;TLS/indicator/IT.CEL.SETS.P2?format=json&date=2000:2025&per_page=20000,raw/worldbank/9ec057ec1027_IT.CEL.SETS.P2.json
Thailand,THA,2023,IT.CEL.SETS.P2,Mobile cellular subscriptions (per 100 people),168.642808295144,,https://api.worldbank.org/v2/country/IDN;MYS;VNM;THA;PHL;SGP;BRN;KHM;LAO;MMR;TLS/indicator/IT.CEL.SETS.P2?format=json&date=2000:2025&per_page=20000,raw/worldbank/9ec057ec1027_IT.CEL.SETS.P2.json
Thailand,THA,2022,IT.CEL.SETS.P2,Mobile cellular subscriptions (per 100 people),176.22279253783,,https://api.worldbank.org/v2/country/IDN;MYS;VNM;THA;PHL;SGP;BRN;KHM;LAO;MMR;TLS/indicator/IT.CEL.SETS.P2?format=json&date=2000:2025&per_page=20000,raw/worldbank/9ec057ec1027_IT.CEL.SETS.P2.json
Thailand,THA,2021,IT.CEL.SETS.P2,Mobile cellular subscriptions (per 100 people),168.485285358167,,https://api.worldbank.org/v2/country/IDN;MYS;VNM;THA;PHL;SGP;BRN;KHM;LAO;MMR;TLS/indicator/IT.CEL.SETS.P2?format=json&date=2000:2025&per_page=20000,raw/worldbank/9ec057ec1027_IT.CEL.SETS.P2.json
Thailand,THA,2020,IT.CEL.SETS.P2,Mobile cellular subscriptions (per 100 people),162.327737376294,,https://api.worldbank.org/v2/country/IDN;MYS;VNM;THA;PHL;SGP;BRN;KHM;LAO;MMR;TLS/indicator/IT.CEL.SETS.P2?format=json&date=2000:2025&per_page=20000,raw/worldbank/9ec057ec1027_IT.CEL.SETS.P2.json
Thailand,THA,2019,IT.CEL.SETS.P2,Mobile cellular subscriptions (per 100 people),181.221874232713,,https://api.worldbank.org/v2/country/IDN;MYS;VNM;THA;PHL;SGP;BRN;KHM;LAO;MMR;TLS/indicator/IT.CEL.SETS.P2?format=json&date=2000:2025&per_page=20000,raw/worldbank/9ec057ec1027_IT.CEL.SETS.P2.json
Thailand,THA,2018,IT.CEL.SETS.P2,Mobile cellular subscriptions (per 100 people),175.266001933225,,https://api.worldbank.org/v2/country/IDN;MYS;VNM;THA;PHL;SGP;BRN;KHM;LAO;MMR;TLS/indicator/IT.CEL.SETS.P2?format=json&date=2000:2025&per_page=20000,raw/worldbank/9ec057ec1027_IT.CEL.SETS.P2.json
Thailand,THA,2017,IT.CEL.SETS.P2,Mobile cellular subscriptions (per 100 people),170.783699598766,,https://api.worldbank.org/v2/country/IDN;MYS;VNM;THA;PHL;SGP;BRN;KHM;LAO;MMR;TLS/indicator/IT.CEL.SETS.P2?format=json&date=2000:2025&per_page=20000,raw/worldbank/9ec057ec1027_IT.CEL.SETS.P2.json
Thailand,THA,2016,IT.CEL.SETS.P2,Mobile cellular subscriptions (per 100 people),168.88127084564,,https://api.worldbank.org/v2/country/IDN;MYS;VNM;THA;PHL;SGP;BRN;KHM;LAO;MMR;TLS/indicator/IT.CEL.SETS.P2?format=json&date=2000:2025&per_page=20000,raw/worldbank/9ec057ec1027_IT.CEL.SETS.P2.json
Thailand,THA,2015,IT.CEL.SETS.P2,Mobile cellular subscriptions (per 100 people),145.932577028654,,https://api.worldbank.org/v2/country/IDN;MYS;VNM;THA;PHL;SGP;BRN;KHM;LAO;MMR;TLS/indicator/IT.CEL.SETS.P2?format=json&date=2000:2025&per_page=20000,raw/worldbank/9ec057ec1027_IT.CEL.SETS.P2.json
Thailand,THA,2014,IT.CEL.SETS.P2,Mobile cellular subscriptions (per 100 people),138.28115031927,,https://api.worldbank.org/v2/country/IDN;MYS;VNM;THA;PHL;SGP;BRN;KHM;LAO;MMR;TLS/indicator/IT.CEL.SETS.P2?format=json&date=2000:2025&per_page=20000,raw/worldbank/9ec057ec1027_IT.CEL.SETS.P2.json
Thailand,THA,2013,IT.CEL.SETS.P2,Mobile cellular subscriptions (per 100 people),134.367308785551,,https://api.worldbank.org/v2/country/IDN;MYS;VNM;THA;PHL;SGP;BRN;KHM;LAO;MMR;TLS/indicator/IT.CEL.SETS.P2?format=json&date=2000:2025&per_page=20000,raw/worldbank/9ec057ec1027_IT.CEL.SETS.P2.json
Thailand,THA,2012,IT.CEL.SETS.P2,Mobile cellular subscriptions (per 100 people),122.431994954555,,https://api.worldbank.org/v2/country/IDN;MYS;VNM;THA;PHL;SGP;BRN;KHM;LAO;MMR;TLS/indicator/IT.CEL.SETS.P2?format=json&date=2000:2025&per_page=20000,raw/worldbank/9ec057ec1027_IT.CEL.SETS.P2.json
Thailand,THA,2011,IT.CEL.SETS.P2,Mobile cellular subscriptions (per 100 people),112.233203232914,,https://api.worldbank.org/v2/country/IDN;MYS;VNM;THA;PHL;SGP;BRN;KHM;LAO;MMR;TLS/indicator/IT.CEL.SETS.P2?format=json&date=2000:2025&per_page=20000,raw/worldbank/9ec057ec1027_IT.CEL.SETS.P2.json
Thailand,THA,2010,IT.CEL.SETS.P2,Mobile cellular subscriptions (per 100 people),104.588624052335,,https://api.worldbank.org/v2/country/IDN;MYS;VNM;THA;PHL;SGP;BRN;KHM;LAO;MMR;TLS/indicator/IT.CEL.SETS.P2?format=json&date=2000:2025&per_page=20000,raw/worldbank/9ec057ec1027_IT.CEL.SETS.P2.json
Thailand,THA,2009,IT.CEL.SETS.P2,Mobile cellular subscriptions (per 100 people),96.8163056134753,,https://api.worldbank.org/v2/country/IDN;MYS;VNM;THA;PHL;SGP;BRN;KHM;LAO;MMR;TLS/indicator/IT.CEL.SETS.P2?format=json&date=2000:2025&per_page=20000,raw/worldbank/9ec057ec1027_IT.CEL.SETS.P2.json
Thailand,THA,2008,IT.CEL.SETS.P2,Mobile cellular subscriptions (per 100 people),91.4482689471417,,https://api.worldbank.org/v2/country/IDN;MYS;VNM;THA;PHL;SGP;BRN;KHM;LAO;MMR;TLS/indicator/IT.CEL.SETS.P2?format=json&date=2000:2025&per_page=20000,raw/worldbank/9ec057ec1027_IT.CEL.SETS.P2.json
Thailand,THA,2007,IT.CEL.SETS.P2,Mobile cellular subscriptions (per 100 people),78.9450134968359,,https://api.worldbank.org/v2/country/IDN;MYS;VNM;THA;PHL;SGP;BRN;KHM;LAO;MMR;TLS/indicator/IT.CEL.SETS.P2?format=json&date=2000:2025&per_page=20000,raw/worldbank/9ec057ec1027_IT.CEL.SETS.P2.json
Thailand,THA,2006,IT.CEL.SETS.P2,Mobile cellular subscriptions (per 100 people),60.2776989983143,,https://api.worldbank.org/v2/country/IDN;MYS;VNM;THA;PHL;SGP;BRN;KHM;LAO;MMR;TLS/indicator/IT.CEL.SETS.P2?format=json&date=2000:2025&per_page=20000,raw/worldbank/9ec057ec1027_IT.CEL.SETS.P2.json
Thailand,THA,2005,IT.CEL.SETS.P2,Mobile cellular subscriptions (per 100 people),46.1396976737352,,https://api.worldbank.org/v2/country/IDN;MYS;VNM;THA;PHL;SGP;BRN;KHM;LAO;MMR;TLS/indicator/IT.CEL.SETS.P2?format=json&date=2000:2025&per_page=20000,raw/worldbank/9ec057ec1027_IT.CEL.SETS.P2.json
Thailand,THA,2004,IT.CEL.SETS.P2,Mobile cellular subscriptions (per 100 people),41.1989375977806,,https://api.worldbank.org/v2/country/IDN;MYS;VNM;THA;PHL;SGP;BRN;KHM;LAO;MMR;TLS/indicator/IT.CEL.SETS.P2?format=json&date=2000:2025&per_page=20000,raw/worldbank/9ec057ec1027_IT.CEL.SETS.P2.json
Thailand,THA,2003,IT.CEL.SETS.P2,Mobile cellular subscriptions (per 100 people),33.3243736226487,,https://api.worldbank.org/v2/country/IDN;MYS;VNM;THA;PHL;SGP;BRN;KHM;LAO;MMR;TLS/indicator/IT.CEL.SETS.P2?format=json&date=2000:2025&per_page=20000,raw/worldbank/9ec057ec1027_IT.CEL.SETS.P2.json
Thailand,THA,2002,IT.CEL.SETS.P2,Mobile cellular subscriptions (per 100 people),27.1524154979994,,https://api.worldbank.org/v2/country/IDN;MYS;VNM;THA;PHL;SGP;BRN;KHM;LAO;MMR;TLS/indicator/IT.CEL.SETS.P2?format=json&date=2000:2025&per_page=20000,raw/worldbank/9ec057ec1027_IT.CEL.SETS.P2.json
Thailand,THA,2001,IT.CEL.SETS.P2,Mobile cellular subscriptions (per 100 people),11.8615312803269,,https://api.worldbank.org/v2/country/IDN;MYS;VNM;THA;PHL;SGP;BRN;KHM;LAO;MMR;TLS/indicator/IT.CEL.SETS.P2?format=json&date=2000:2025&per_page=20000,raw/worldbank/9ec057ec1027_IT.CEL.SETS.P2.json
Thailand,THA,2000,IT.CEL.SETS.P2,Mobile cellular subscriptions (per 100 people),4.85019199602462,,https://api.worldbank.org/v2/country/IDN;MYS;VNM;THA;PHL;SGP;BRN;KHM;LAO;MMR;TLS/indicator/IT.CEL.SETS.P2?format=json&date=2000:2025&per_page=20000,raw/worldbank/9ec057ec1027_IT.CEL.SETS.P2.json
Timor-Leste,TLS,2025,IT.CEL.SETS.P2,Mobile cellular subscriptions (per 100 people),,,https://api.worldbank.org/v2/country/IDN;MYS;VNM;THA;PHL;SGP;BRN;KHM;LAO;MMR;TLS/indicator/IT.CEL.SETS.P2?format=json&date=2000:2025&per_page=20000,raw/worldbank/9ec057ec1027_IT.CEL.SETS.P2.json
Timor-Leste,TLS,2024,IT.CEL.SETS.P2,Mobile cellular subscriptions (per 100 people),116.382391453038,,https://api.worldbank.org/v2/country/IDN;MYS;VNM;THA;PHL;SGP;BRN;KHM;LAO;MMR;TLS/indicator/IT.CEL.SETS.P2?format=json&date=2000:2025&per_page=20000,raw/worldbank/9ec057ec1027_IT.CEL.SETS.P2.json
Timor-Leste,TLS,2023,IT.CEL.SETS.P2,Mobile cellular subscriptions (per 100 people),112.647241971673,,https://api.worldbank.org/v2/country/IDN;MYS;VNM;THA;PHL;SGP;BRN;KHM;LAO;MMR;TLS/indicator/IT.CEL.SETS.P2?format=json&date=2000:2025&per_page=20000,raw/worldbank/9ec057ec1027_IT.CEL.SETS.P2.json
Timor-Leste,TLS,2022,IT.CEL.SETS.P2,Mobile cellular subscriptions (per 100 people),108.158358863503,,https://api.worldbank.org/v2/country/IDN;MYS;VNM;THA;PHL;SGP;BRN;KHM;LAO;MMR;TLS/indicator/IT.CEL.SETS.P2?format=json&date=2000:2025&per_page=20000,raw/worldbank/9ec057ec1027_IT.CEL.SETS.P2.json
Timor-Leste,TLS,2021,IT.CEL.SETS.P2,Mobile cellular subscriptions (per 100 people),102.668836319816,,https://api.worldbank.org/v2/country/IDN;MYS;VNM;THA;PHL;SGP;BRN;KHM;LAO;MMR;TLS/indicator/IT.CEL.SETS.P2?format=json&date=2000:2025&per_page=20000,raw/worldbank/9ec057ec1027_IT.CEL.SETS.P2.json
Timor-Leste,TLS,2020,IT.CEL.SETS.P2,Mobile cellular subscriptions (per 100 people),103.911005065408,,https://api.worldbank.org/v2/country/IDN;MYS;VNM;THA;PHL;SGP;BRN;KHM;LAO;MMR;TLS/indicator/IT.CEL.SETS.P2?format=json&date=2000:2025&per_page=20000,raw/worldbank/9ec057ec1027_IT.CEL.SETS.P2.json
Timor-Leste,TLS,2019,IT.CEL.SETS.P2,Mobile cellular subscriptions (per 100 people),109.555438546595,,https://api.worldbank.org/v2/country/IDN;MYS;VNM;THA;PHL;SGP;BRN;KHM;LAO;MMR;TLS/indicator/IT.CEL.SETS.P2?format=json&date=2000:2025&per_page=20000,raw/worldbank/9ec057ec1027_IT.CEL.SETS.P2.json
Timor-Leste,TLS,2018,IT.CEL.SETS.P2,Mobile cellular subscriptions (per 100 people),115.089356319443,,https://api.worldbank.org/v2/country/IDN;MYS;VNM;THA;PHL;SGP;BRN;KHM;LAO;MMR;TLS/indicator/IT.CEL.SETS.P2?format=json&date=2000:2025&per_page=20000,raw/worldbank/9ec057ec1027_IT.CEL.SETS.P2.json
Timor-Leste,TLS,2017,IT.CEL.SETS.P2,Mobile cellular subscriptions (per 100 people),124.360491266698,,https://api.worldbank.org/v2/country/IDN;MYS;VNM;THA;PHL;SGP;BRN;KHM;LAO;MMR;TLS/indicator/IT.CEL.SETS.P2?format=json&date=2000:2025&per_page=20000,raw/worldbank/9ec057ec1027_IT.CEL.SETS.P2.json
Timor-Leste,TLS,2016,IT.CEL.SETS.P2,Mobile cellular subscriptions (per 100 people),121.477605038459,,https://api.worldbank.org/v2/country/IDN;MYS;VNM;THA;PHL;SGP;BRN;KHM;LAO;MMR;TLS/indicator/IT.CEL.SETS.P2?format=json&date=2000:2025&per_page=20000,raw/worldbank/9ec057ec1027_IT.CEL.SETS.P2.json
Timor-Leste,TLS,2015,IT.CEL.SETS.P2,Mobile cellular subscriptions (per 100 people),114.23397124462,,https://api.worldbank.org/v2/country/IDN;MYS;VNM;THA;PHL;SGP;BRN;KHM;LAO;MMR;TLS/indicator/IT.CEL.SETS.P2?format=json&date=2000:2025&per_page=20000,raw/worldbank/9ec057ec1027_IT.CEL.SETS.P2.json
Timor-Leste,TLS,2014,IT.CEL.SETS.P2,Mobile cellular subscriptions (per 100 people),116.401176746315,,https://api.worldbank.org/v2/country/IDN;MYS;VNM;THA;PHL;SGP;BRN;KHM;LAO;MMR;TLS/indicator/IT.CEL.SETS.P2?format=json&date=2000:2025&per_page=20000,raw/worldbank/9ec057ec1027_IT.CEL.SETS.P2.json
Timor-Leste,TLS,2013,IT.CEL.SETS.P2,Mobile cellular subscriptions (per 100 people),56.0975925502397,,https://api.worldbank.org/v2/country/IDN;MYS;VNM;THA;PHL;SGP;BRN;KHM;LAO;MMR;TLS/indicator/IT.CEL.SETS.P2?format=json&date=2000:2025&per_page=20000,raw/worldbank/9ec057ec1027_IT.CEL.SETS.P2.json
Timor-Leste,TLS,2012,IT.CEL.SETS.P2,Mobile cellular subscriptions (per 100 people),54.7192006238518,,https://api.worldbank.org/v2/country/IDN;MYS;VNM;THA;PHL;SGP;BRN;KHM;LAO;MMR;TLS/indicator/IT.CEL.SETS.P2?format=json&date=2000:2025&per_page=20000,raw/worldbank/9ec057ec1027_IT.CEL.SETS.P2.json
Timor-Leste,TLS,2011,IT.CEL.SETS.P2,Mobile cellular subscriptions (per 100 people),55.3186027470553,,https://api.worldbank.org/v2/country/IDN;MYS;VNM;THA;PHL;SGP;BRN;KHM;LAO;MMR;TLS/indicator/IT.CEL.SETS.P2?format=json&date=2000:2025&per_page=20000,raw/worldbank/9ec057ec1027_IT.CEL.SETS.P2.json
Timor-Leste,TLS,2010,IT.CEL.SETS.P2,Mobile cellular subscriptions (per 100 people),43.6092152609205,,https://api.worldbank.org/v2/country/IDN;MYS;VNM;THA;PHL;SGP;BRN;KHM;LAO;MMR;TLS/indicator/IT.CEL.SETS.P2?format=json&date=2000:2025&per_page=20000,raw/worldbank/9ec057ec1027_IT.CEL.SETS.P2.json
Timor-Leste,TLS,2009,IT.CEL.SETS.P2,Mobile cellular subscriptions (per 100 people),33.1410054194348,,https://api.worldbank.org/v2/country/IDN;MYS;VNM;THA;PHL;SGP;BRN;KHM;LAO;MMR;TLS/indicator/IT.CEL.SETS.P2?format=json&date=2000:2025&per_page=20000,raw/worldbank/9ec057ec1027_IT.CEL.SETS.P2.json
Timor-Leste,TLS,2008,IT.CEL.SETS.P2,Mobile cellular subscriptions (per 100 people),12.1075638131048,,https://api.worldbank.org/v2/country/IDN;MYS;VNM;THA;PHL;SGP;BRN;KHM;LAO;MMR;TLS/indicator/IT.CEL.SETS.P2?format=json&date=2000:2025&per_page=20000,raw/worldbank/9ec057ec1027_IT.CEL.SETS.P2.json
Timor-Leste,TLS,2007,IT.CEL.SETS.P2,Mobile cellular subscriptions (per 100 people),7.7834467289422,,https://api.worldbank.org/v2/country/IDN;MYS;VNM;THA;PHL;SGP;BRN;KHM;LAO;MMR;TLS/indicator/IT.CEL.SETS.P2?format=json&date=2000:2025&per_page=20000,raw/worldbank/9ec057ec1027_IT.CEL.SETS.P2.json
Timor-Leste,TLS,2006,IT.CEL.SETS.P2,Mobile cellular subscriptions (per 100 people),5.02766238274334,,https://api.worldbank.org/v2/country/IDN;MYS;VNM;THA;PHL;SGP;BRN;KHM;LAO;MMR;TLS/indicator/IT.CEL.SETS.P2?format=json&date=2000:2025&per_page=20000,raw/worldbank/9ec057ec1027_IT.CEL.SETS.P2.json
Timor-Leste,TLS,2005,IT.CEL.SETS.P2,Mobile cellular subscriptions (per 100 people),3.48746350089791,,https://api.worldbank.org/v2/country/IDN;MYS;VNM;THA;PHL;SGP;BRN;KHM;LAO;MMR;TLS/indicator/IT.CEL.SETS.P2?format=json&date=2000:2025&per_page=20000,raw/worldbank/9ec057ec1027_IT.CEL.SETS.P2.json
Timor-Leste,TLS,2004,IT.CEL.SETS.P2,Mobile cellular subscriptions (per 100 people),2.76856310692152,,https://api.worldbank.org/v2/country/IDN;MYS;VNM;THA;PHL;SGP;BRN;KHM;LAO;MMR;TLS/indicator/IT.CEL.SETS.P2?format=json&date=2000:2025&per_page=20000,raw/worldbank/9ec057ec1027_IT.CEL.SETS.P2.json
Timor-Leste,TLS,2003,IT.CEL.SETS.P2,Mobile cellular subscriptions (per 100 people),2.18764110383279,,https://api.worldbank.org/v2/country/IDN;MYS;VNM;THA;PHL;SGP;BRN;KHM;LAO;MMR;TLS/indicator/IT.CEL.SETS.P2?format=json&date=2000:2025&per_page=20000,raw/worldbank/9ec057ec1027_IT.CEL.SETS.P2.json
Timor-Leste,TLS,2002,IT.CEL.SETS.P2,Mobile cellular subscriptions (per 100 people),,,https://api.worldbank.org/v2/country/IDN;MYS;VNM;THA;PHL;SGP;BRN;KHM;LAO;MMR;TLS/indicator/IT.CEL.SETS.P2?format=json&date=2000:2025&per_page=20000,raw/worldbank/9ec057ec1027_IT.CEL.SETS.P2.json
Timor-Leste,TLS,2001,IT.CEL.SETS.P2,Mobile cellular subscriptions (per 100 people),,,https://api.worldbank.org/v2/country/IDN;MYS;VNM;THA;PHL;SGP;BRN;KHM;LAO;MMR;TLS/indicator/IT.CEL.SETS.P2?format=json&date=2000:2025&per_page=20000,raw/worldbank/9ec057ec1027_IT.CEL.SETS.P2.json
Timor-Leste,TLS,2000,IT.CEL.SETS.P2,Mobile cellular subscriptions (per 100 people),,,https://api.worldbank.org/v2/country/IDN;MYS;VNM;THA;PHL;SGP;BRN;KHM;LAO;MMR;TLS/indicator/IT.CEL.SETS.P2?format=json&date=2000:2025&per_page=20000,raw/worldbank/9ec057ec1027_IT.CEL.SETS.P2.json
Viet Nam,VNM,2025,IT.CEL.SETS.P2,Mobile cellular subscriptions (per 100 people),,,https://api.worldbank.org/v2/country/IDN;MYS;VNM;THA;PHL;SGP;BRN;KHM;LAO;MMR;TLS/indicator/IT.CEL.SETS.P2?format=json&date=2000:2025&per_page=20000,raw/worldbank/9ec057ec1027_IT.CEL.SETS.P2.json
Viet Nam,VNM,2024,IT.CEL.SETS.P2,Mobile cellular subscriptions (per 100 people),127.606471743496,,https://api.worldbank.org/v2/country/IDN;MYS;VNM;THA;PHL;SGP;BRN;KHM;LAO;MMR;TLS/indicator/IT.CEL.SETS.P2?format=json&date=2000:2025&per_page=20000,raw/worldbank/9ec057ec1027_IT.CEL.SETS.P2.json
Viet Nam,VNM,2023,IT.CEL.SETS.P2,Mobile cellular subscriptions (per 100 people),130.991428667547,,https://api.worldbank.org/v2/country/IDN;MYS;VNM;THA;PHL;SGP;BRN;KHM;LAO;MMR;TLS/indicator/IT.CEL.SETS.P2?format=json&date=2000:2025&per_page=20000,raw/worldbank/9ec057ec1027_IT.CEL.SETS.P2.json
Viet Nam,VNM,2022,IT.CEL.SETS.P2,Mobile cellular subscriptions (per 100 people),137.852422819653,,https://api.worldbank.org/v2/country/IDN;MYS;VNM;THA;PHL;SGP;BRN;KHM;LAO;MMR;TLS/indicator/IT.CEL.SETS.P2?format=json&date=2000:2025&per_page=20000,raw/worldbank/9ec057ec1027_IT.CEL.SETS.P2.json
Viet Nam,VNM,2021,IT.CEL.SETS.P2,Mobile cellular subscriptions (per 100 people),136.806313165021,,https://api.worldbank.org/v2/country/IDN;MYS;VNM;THA;PHL;SGP;BRN;KHM;LAO;MMR;TLS/indicator/IT.CEL.SETS.P2?format=json&date=2000:2025&per_page=20000,raw/worldbank/9ec057ec1027_IT.CEL.SETS.P2.json
Viet Nam,VNM,2020,IT.CEL.SETS.P2,Mobile cellular subscriptions (per 100 people),141.655558720912,,https://api.worldbank.org/v2/country/IDN;MYS;VNM;THA;PHL;SGP;BRN;KHM;LAO;MMR;TLS/indicator/IT.CEL.SETS.P2?format=json&date=2000:2025&per_page=20000,raw/worldbank/9ec057ec1027_IT.CEL.SETS.P2.json
Viet Nam,VNM,2019,IT.CEL.SETS.P2,Mobile cellular subscriptions (per 100 people),140.192561828615,,https://api.worldbank.org/v2/country/IDN;MYS;VNM;THA;PHL;SGP;BRN;KHM;LAO;MMR;TLS/indicator/IT.CEL.SETS.P2?format=json&date=2000:2025&per_page=20000,raw/worldbank/9ec057ec1027_IT.CEL.SETS.P2.json
Viet Nam,VNM,2018,IT.CEL.SETS.P2,Mobile cellular subscriptions (per 100 people),146.137840768403,,https://api.worldbank.org/v2/country/IDN;MYS;VNM;THA;PHL;SGP;BRN;KHM;LAO;MMR;TLS/indicator/IT.CEL.SETS.P2?format=json&date=2000:2025&per_page=20000,raw/worldbank/9ec057ec1027_IT.CEL.SETS.P2.json
Viet Nam,VNM,2017,IT.CEL.SETS.P2,Mobile cellular subscriptions (per 100 people),126.097912313395,,https://api.worldbank.org/v2/country/IDN;MYS;VNM;THA;PHL;SGP;BRN;KHM;LAO;MMR;TLS/indicator/IT.CEL.SETS.P2?format=json&date=2000:2025&per_page=20000,raw/worldbank/9ec057ec1027_IT.CEL.SETS.P2.json
Viet Nam,VNM,2016,IT.CEL.SETS.P2,Mobile cellular subscriptions (per 100 people),128.297962650408,,https://api.worldbank.org/v2/country/IDN;MYS;VNM;THA;PHL;SGP;BRN;KHM;LAO;MMR;TLS/indicator/IT.CEL.SETS.P2?format=json&date=2000:2025&per_page=20000,raw/worldbank/9ec057ec1027_IT.CEL.SETS.P2.json
Viet Nam,VNM,2015,IT.CEL.SETS.P2,Mobile cellular subscriptions (per 100 people),129.627056599416,,https://api.worldbank.org/v2/country/IDN;MYS;VNM;THA;PHL;SGP;BRN;KHM;LAO;MMR;TLS/indicator/IT.CEL.SETS.P2?format=json&date=2000:2025&per_page=20000,raw/worldbank/9ec057ec1027_IT.CEL.SETS.P2.json
Viet Nam,VNM,2014,IT.CEL.SETS.P2,Mobile cellular subscriptions (per 100 people),148.504309214861,,https://api.worldbank.org/v2/country/IDN;MYS;VNM;THA;PHL;SGP;BRN;KHM;LAO;MMR;TLS/indicator/IT.CEL.SETS.P2?format=json&date=2000:2025&per_page=20000,raw/worldbank/9ec057ec1027_IT.CEL.SETS.P2.json
Viet Nam,VNM,2013,IT.CEL.SETS.P2,Mobile cellular subscriptions (per 100 people),136.614018439735,,https://api.worldbank.org/v2/country/IDN;MYS;VNM;THA;PHL;SGP;BRN;KHM;LAO;MMR;TLS/indicator/IT.CEL.SETS.P2?format=json&date=2000:2025&per_page=20000,raw/worldbank/9ec057ec1027_IT.CEL.SETS.P2.json
Viet Nam,VNM,2012,IT.CEL.SETS.P2,Mobile cellular subscriptions (per 100 people),147.104457946743,,https://api.worldbank.org/v2/country/IDN;MYS;VNM;THA;PHL;SGP;BRN;KHM;LAO;MMR;TLS/indicator/IT.CEL.SETS.P2?format=json&date=2000:2025&per_page=20000,raw/worldbank/9ec057ec1027_IT.CEL.SETS.P2.json
Viet Nam,VNM,2011,IT.CEL.SETS.P2,Mobile cellular subscriptions (per 100 people),143.91372373164,,https://api.worldbank.org/v2/country/IDN;MYS;VNM;THA;PHL;SGP;BRN;KHM;LAO;MMR;TLS/indicator/IT.CEL.SETS.P2?format=json&date=2000:2025&per_page=20000,raw/worldbank/9ec057ec1027_IT.CEL.SETS.P2.json
Viet Nam,VNM,2010,IT.CEL.SETS.P2,Mobile cellular subscriptions (per 100 people),127.574189111237,,https://api.worldbank.org/v2/country/IDN;MYS;VNM;THA;PHL;SGP;BRN;KHM;LAO;MMR;TLS/indicator/IT.CEL.SETS.P2?format=json&date=2000:2025&per_page=20000,raw/worldbank/9ec057ec1027_IT.CEL.SETS.P2.json
Viet Nam,VNM,2009,IT.CEL.SETS.P2,Mobile cellular subscriptions (per 100 people),113.606245143275,,https://api.worldbank.org/v2/country/IDN;MYS;VNM;THA;PHL;SGP;BRN;KHM;LAO;MMR;TLS/indicator/IT.CEL.SETS.P2?format=json&date=2000:2025&per_page=20000,raw/worldbank/9ec057ec1027_IT.CEL.SETS.P2.json
Viet Nam,VNM,2008,IT.CEL.SETS.P2,Mobile cellular subscriptions (per 100 people),87.903278335388,,https://api.worldbank.org/v2/country/IDN;MYS;VNM;THA;PHL;SGP;BRN;KHM;LAO;MMR;TLS/indicator/IT.CEL.SETS.P2?format=json&date=2000:2025&per_page=20000,raw/worldbank/9ec057ec1027_IT.CEL.SETS.P2.json
Viet Nam,VNM,2007,IT.CEL.SETS.P2,Mobile cellular subscriptions (per 100 people),53.8350245939495,,https://api.worldbank.org/v2/country/IDN;MYS;VNM;THA;PHL;SGP;BRN;KHM;LAO;MMR;TLS/indicator/IT.CEL.SETS.P2?format=json&date=2000:2025&per_page=20000,raw/worldbank/9ec057ec1027_IT.CEL.SETS.P2.json
Viet Nam,VNM,2006,IT.CEL.SETS.P2,Mobile cellular subscriptions (per 100 people),22.9925319860626,,https://api.worldbank.org/v2/country/IDN;MYS;VNM;THA;PHL;SGP;BRN;KHM;LAO;MMR;TLS/indicator/IT.CEL.SETS.P2?format=json&date=2000:2025&per_page=20000,raw/worldbank/9ec057ec1027_IT.CEL.SETS.P2.json
Viet Nam,VNM,2005,IT.CEL.SETS.P2,Mobile cellular subscriptions (per 100 people),11.8305581224757,,https://api.worldbank.org/v2/country/IDN;MYS;VNM;THA;PHL;SGP;BRN;KHM;LAO;MMR;TLS/indicator/IT.CEL.SETS.P2?format=json&date=2000:2025&per_page=20000,raw/worldbank/9ec057ec1027_IT.CEL.SETS.P2.json
Viet Nam,VNM,2004,IT.CEL.SETS.P2,Mobile cellular subscriptions (per 100 people),6.17384058852335,,https://api.worldbank.org/v2/country/IDN;MYS;VNM;THA;PHL;SGP;BRN;KHM;LAO;MMR;TLS/indicator/IT.CEL.SETS.P2?format=json&date=2000:2025&per_page=20000,raw/worldbank/9ec057ec1027_IT.CEL.SETS.P2.json
Viet Nam,VNM,2003,IT.CEL.SETS.P2,Mobile cellular subscriptions (per 100 people),3.44629189737938,,https://api.worldbank.org/v2/country/IDN;MYS;VNM;THA;PHL;SGP;BRN;KHM;LAO;MMR;TLS/indicator/IT.CEL.SETS.P2?format=json&date=2000:2025&per_page=20000,raw/worldbank/9ec057ec1027_IT.CEL.SETS.P2.json
Viet Nam,VNM,2002,IT.CEL.SETS.P2,Mobile cellular subscriptions (per 100 people),2.41504924375374,,https://api.worldbank.org/v2/country/IDN;MYS;VNM;THA;PHL;SGP;BRN;KHM;LAO;MMR;TLS/indicator/IT.CEL.SETS.P2?format=json&date=2000:2025&per_page=20000,raw/worldbank/9ec057ec1027_IT.CEL.SETS.P2.json
Viet Nam,VNM,2001,IT.CEL.SETS.P2,Mobile cellular subscriptions (per 100 people),1.60472650276049,,https://api.worldbank.org/v2/country/IDN;MYS;VNM;THA;PHL;SGP;BRN;KHM;LAO;MMR;TLS/indicator/IT.CEL.SETS.P2?format=json&date=2000:2025&per_page=20000,raw/worldbank/9ec057ec1027_IT.CEL.SETS.P2.json
Viet Nam,VNM,2000,IT.CEL.SETS.P2,Mobile cellular subscriptions (per 100 people),1.02205833472481,,https://api.worldbank.org/v2/country/IDN;MYS;VNM;THA;PHL;SGP;BRN;KHM;LAO;MMR;TLS/indicator/IT.CEL.SETS.P2?format=json&date=2000:2025&per_page=20000,raw/worldbank/9ec057ec1027_IT.CEL.SETS.P2.json
Brunei Darussalam,BRN,2025,NE.CON.PRVT.CD,Households and NPISHs Final consumption expenditure (current US$),4406333388.09618,,https://api.worldbank.org/v2/country/IDN;MYS;VNM;THA;PHL;SGP;BRN;KHM;LAO;MMR;TLS/indicator/NE.CON.PRVT.CD?format=json&date=2000:2025&per_page=20000,raw/worldbank/a27bd6242409_NE.CON.PRVT.CD.json
Brunei Darussalam,BRN,2024,NE.CON.PRVT.CD,Households and NPISHs Final consumption expenditure (current US$),4411828824.58742,,https://api.worldbank.org/v2/country/IDN;MYS;VNM;THA;PHL;SGP;BRN;KHM;LAO;MMR;TLS/indicator/NE.CON.PRVT.CD?format=json&date=2000:2025&per_page=20000,raw/worldbank/a27bd6242409_NE.CON.PRVT.CD.json
Brunei Darussalam,BRN,2023,NE.CON.PRVT.CD,Households and NPISHs Final consumption expenditure (current US$),4165446659.91601,,https://api.worldbank.org/v2/country/IDN;MYS;VNM;THA;PHL;SGP;BRN;KHM;LAO;MMR;TLS/indicator/NE.CON.PRVT.CD?format=json&date=2000:2025&per_page=20000,raw/worldbank/a27bd6242409_NE.CON.PRVT.CD.json
Brunei Darussalam,BRN,2022,NE.CON.PRVT.CD,Households and NPISHs Final consumption expenditure (current US$),3879335888.88986,,https://api.worldbank.org/v2/country/IDN;MYS;VNM;THA;PHL;SGP;BRN;KHM;LAO;MMR;TLS/indicator/NE.CON.PRVT.CD?format=json&date=2000:2025&per_page=20000,raw/worldbank/a27bd6242409_NE.CON.PRVT.CD.json
Brunei Darussalam,BRN,2021,NE.CON.PRVT.CD,Households and NPISHs Final consumption expenditure (current US$),3480874485.69623,,https://api.worldbank.org/v2/country/IDN;MYS;VNM;THA;PHL;SGP;BRN;KHM;LAO;MMR;TLS/indicator/NE.CON.PRVT.CD?format=json&date=2000:2025&per_page=20000,raw/worldbank/a27bd6242409_NE.CON.PRVT.CD.json
Brunei Darussalam,BRN,2020,NE.CON.PRVT.CD,Households and NPISHs Final consumption expenditure (current US$),2855170931.71501,,https://api.worldbank.org/v2/country/IDN;MYS;VNM;THA;PHL;SGP;BRN;KHM;LAO;MMR;TLS/indicator/NE.CON.PRVT.CD?format=json&date=2000:2025&per_page=20000,raw/worldbank/a27bd6242409_NE.CON.PRVT.CD.json
Brunei Darussalam,BRN,2019,NE.CON.PRVT.CD,Households and NPISHs Final consumption expenditure (current US$),2757562532.11544,,https://api.worldbank.org/v2/country/IDN;MYS;VNM;THA;PHL;SGP;BRN;KHM;LAO;MMR;TLS/indicator/NE.CON.PRVT.CD?format=json&date=2000:2025&per_page=20000,raw/worldbank/a27bd6242409_NE.CON.PRVT.CD.json
Brunei Darussalam,BRN,2018,NE.CON.PRVT.CD,Households and NPISHs Final consumption expenditure (current US$),2649961339.41326,,https://api.worldbank.org/v2/country/IDN;MYS;VNM;THA;PHL;SGP;BRN;KHM;LAO;MMR;TLS/indicator/NE.CON.PRVT.CD?format=json&date=2000:2025&per_page=20000,raw/worldbank/a27bd6242409_NE.CON.PRVT.CD.json
Brunei Darussalam,BRN,2017,NE.CON.PRVT.CD,Households and NPISHs Final consumption expenditure (current US$),2483314179.03368,,https://api.worldbank.org/v2/country/IDN;MYS;VNM;THA;PHL;SGP;BRN;KHM;LAO;MMR;TLS/indicator/NE.CON.PRVT.CD?format=json&date=2000:2025&per_page=20000,raw/worldbank/a27bd6242409_NE.CON.PRVT.CD.json
Brunei Darussalam,BRN,2016,NE.CON.PRVT.CD,Households and NPISHs Final consumption expenditure (current US$),2411198706.76955,,https://api.worldbank.org/v2/country/IDN;MYS;VNM;THA;PHL;SGP;BRN;KHM;LAO;MMR;TLS/indicator/NE.CON.PRVT.CD?format=json&date=2000:2025&per_page=20000,raw/worldbank/a27bd6242409_NE.CON.PRVT.CD.json
Brunei Darussalam,BRN,2015,NE.CON.PRVT.CD,Households and NPISHs Final consumption expenditure (current US$),2558336285.03954,,https://api.worldbank.org/v2/country/IDN;MYS;VNM;THA;PHL;SGP;BRN;KHM;LAO;MMR;TLS/indicator/NE.CON.PRVT.CD?format=json&date=2000:2025&per_page=20000,raw/worldbank/a27bd6242409_NE.CON.PRVT.CD.json
Brunei Darussalam,BRN,2014,NE.CON.PRVT.CD,Households and NPISHs Final consumption expenditure (current US$),2651680767.77371,,https://api.worldbank.org/v2/country/IDN;MYS;VNM;THA;PHL;SGP;BRN;KHM;LAO;MMR;TLS/indicator/NE.CON.PRVT.CD?format=json&date=2000:2025&per_page=20000,raw/worldbank/a27bd6242409_NE.CON.PRVT.CD.json
Brunei Darussalam,BRN,2013,NE.CON.PRVT.CD,Households and NPISHs Final consumption expenditure (current US$),2761642180.17433,,https://api.worldbank.org/v2/country/IDN;MYS;VNM;THA;PHL;SGP;BRN;KHM;LAO;MMR;TLS/indicator/NE.CON.PRVT.CD?format=json&date=2000:2025&per_page=20000,raw/worldbank/a27bd6242409_NE.CON.PRVT.CD.json
Brunei Darussalam,BRN,2012,NE.CON.PRVT.CD,Households and NPISHs Final consumption expenditure (current US$),2621329228.44473,,https://api.worldbank.org/v2/country/IDN;MYS;VNM;THA;PHL;SGP;BRN;KHM;LAO;MMR;TLS/indicator/NE.CON.PRVT.CD?format=json&date=2000:2025&per_page=20000,raw/worldbank/a27bd6242409_NE.CON.PRVT.CD.json
Brunei Darussalam,BRN,2011,NE.CON.PRVT.CD,Households and NPISHs Final consumption expenditure (current US$),2366239000.63041,,https://api.worldbank.org/v2/country/IDN;MYS;VNM;THA;PHL;SGP;BRN;KHM;LAO;MMR;TLS/indicator/NE.CON.PRVT.CD?format=json&date=2000:2025&per_page=20000,raw/worldbank/a27bd6242409_NE.CON.PRVT.CD.json
Brunei Darussalam,BRN,2010,NE.CON.PRVT.CD,Households and NPISHs Final consumption expenditure (current US$),2016707920.51978,,https://api.worldbank.org/v2/country/IDN;MYS;VNM;THA;PHL;SGP;BRN;KHM;LAO;MMR;TLS/indicator/NE.CON.PRVT.CD?format=json&date=2000:2025&per_page=20000,raw/worldbank/a27bd6242409_NE.CON.PRVT.CD.json
Brunei Darussalam,BRN,2009,NE.CON.PRVT.CD,Households and NPISHs Final consumption expenditure (current US$),1839379018.80213,,https://api.worldbank.org/v2/country/IDN;MYS;VNM;THA;PHL;SGP;BRN;KHM;LAO;MMR;TLS/indicator/NE.CON.PRVT.CD?format=json&date=2000:2025&per_page=20000,raw/worldbank/a27bd6242409_NE.CON.PRVT.CD.json
Brunei Darussalam,BRN,2008,NE.CON.PRVT.CD,Households and NPISHs Final consumption expenditure (current US$),1791118195.66784,,https://api.worldbank.org/v2/country/IDN;MYS;VNM;THA;PHL;SGP;BRN;KHM;LAO;MMR;TLS/indicator/NE.CON.PRVT.CD?format=json&date=2000:2025&per_page=20000,raw/worldbank/a27bd6242409_NE.CON.PRVT.CD.json
Brunei Darussalam,BRN,2007,NE.CON.PRVT.CD,Households and NPISHs Final consumption expenditure (current US$),1737429384.3416,,https://api.worldbank.org/v2/country/IDN;MYS;VNM;THA;PHL;SGP;BRN;KHM;LAO;MMR;TLS/indicator/NE.CON.PRVT.CD?format=json&date=2000:2025&per_page=20000,raw/worldbank/a27bd6242409_NE.CON.PRVT.CD.json
Brunei Darussalam,BRN,2006,NE.CON.PRVT.CD,Households and NPISHs Final consumption expenditure (current US$),1598581312.11322,,https://api.worldbank.org/v2/country/IDN;MYS;VNM;THA;PHL;SGP;BRN;KHM;LAO;MMR;TLS/indicator/NE.CON.PRVT.CD?format=json&date=2000:2025&per_page=20000,raw/worldbank/a27bd6242409_NE.CON.PRVT.CD.json
Brunei Darussalam,BRN,2005,NE.CON.PRVT.CD,Households and NPISHs Final consumption expenditure (current US$),1506146189.88138,,https://api.worldbank.org/v2/country/IDN;MYS;VNM;THA;PHL;SGP;BRN;KHM;LAO;MMR;TLS/indicator/NE.CON.PRVT.CD?format=json&date=2000:2025&per_page=20000,raw/worldbank/a27bd6242409_NE.CON.PRVT.CD.json
Brunei Darussalam,BRN,2004,NE.CON.PRVT.CD,Households and NPISHs Final consumption expenditure (current US$),1471125197.31066,,https://api.worldbank.org/v2/country/IDN;MYS;VNM;THA;PHL;SGP;BRN;KHM;LAO;MMR;TLS/indicator/NE.CON.PRVT.CD?format=json&date=2000:2025&per_page=20000,raw/worldbank/a27bd6242409_NE.CON.PRVT.CD.json
Brunei Darussalam,BRN,2003,NE.CON.PRVT.CD,Households and NPISHs Final consumption expenditure (current US$),1260315305.56778,,https://api.worldbank.org/v2/country/IDN;MYS;VNM;THA;PHL;SGP;BRN;KHM;LAO;MMR;TLS/indicator/NE.CON.PRVT.CD?format=json&date=2000:2025&per_page=20000,raw/worldbank/a27bd6242409_NE.CON.PRVT.CD.json
Brunei Darussalam,BRN,2002,NE.CON.PRVT.CD,Households and NPISHs Final consumption expenditure (current US$),1052582782.86239,,https://api.worldbank.org/v2/country/IDN;MYS;VNM;THA;PHL;SGP;BRN;KHM;LAO;MMR;TLS/indicator/NE.CON.PRVT.CD?format=json&date=2000:2025&per_page=20000,raw/worldbank/a27bd6242409_NE.CON.PRVT.CD.json
Brunei Darussalam,BRN,2001,NE.CON.PRVT.CD,Households and NPISHs Final consumption expenditure (current US$),1038173199.76358,,https://api.worldbank.org/v2/country/IDN;MYS;VNM;THA;PHL;SGP;BRN;KHM;LAO;MMR;TLS/indicator/NE.CON.PRVT.CD?format=json&date=2000:2025&per_page=20000,raw/worldbank/a27bd6242409_NE.CON.PRVT.CD.json
Brunei Darussalam,BRN,2000,NE.CON.PRVT.CD,Households and NPISHs Final consumption expenditure (current US$),1048371919.81498,,https://api.worldbank.org/v2/country/IDN;MYS;VNM;THA;PHL;SGP;BRN;KHM;LAO;MMR;TLS/indicator/NE.CON.PRVT.CD?format=json&date=2000:2025&per_page=20000,raw/worldbank/a27bd6242409_NE.CON.PRVT.CD.json
Indonesia,IDN,2025,NE.CON.PRVT.CD,Households and NPISHs Final consumption expenditure (current US$),798424917156.092,,https://api.worldbank.org/v2/country/IDN;MYS;VNM;THA;PHL;SGP;BRN;KHM;LAO;MMR;TLS/indicator/NE.CON.PRVT.CD?format=json&date=2000:2025&per_page=20000,raw/worldbank/a27bd6242409_NE.CON.PRVT.CD.json
Indonesia,IDN,2024,NE.CON.PRVT.CD,Households and NPISHs Final consumption expenditure (current US$),773583409659.876,,https://api.worldbank.org/v2/country/IDN;MYS;VNM;THA;PHL;SGP;BRN;KHM;LAO;MMR;TLS/indicator/NE.CON.PRVT.CD?format=json&date=2000:2025&per_page=20000,raw/worldbank/a27bd6242409_NE.CON.PRVT.CD.json
Indonesia,IDN,2023,NE.CON.PRVT.CD,Households and NPISHs Final consumption expenditure (current US$),746328378694.142,,https://api.worldbank.org/v2/country/IDN;MYS;VNM;THA;PHL;SGP;BRN;KHM;LAO;MMR;TLS/indicator/NE.CON.PRVT.CD?format=json&date=2000:2025&per_page=20000,raw/worldbank/a27bd6242409_NE.CON.PRVT.CD.json
Indonesia,IDN,2022,NE.CON.PRVT.CD,Households and NPISHs Final consumption expenditure (current US$),699718159840.626,,https://api.worldbank.org/v2/country/IDN;MYS;VNM;THA;PHL;SGP;BRN;KHM;LAO;MMR;TLS/indicator/NE.CON.PRVT.CD?format=json&date=2000:2025&per_page=20000,raw/worldbank/a27bd6242409_NE.CON.PRVT.CD.json
Indonesia,IDN,2021,NE.CON.PRVT.CD,Households and NPISHs Final consumption expenditure (current US$),660041259479.635,,https://api.worldbank.org/v2/country/IDN;MYS;VNM;THA;PHL;SGP;BRN;KHM;LAO;MMR;TLS/indicator/NE.CON.PRVT.CD?format=json&date=2000:2025&per_page=20000,raw/worldbank/a27bd6242409_NE.CON.PRVT.CD.json
Indonesia,IDN,2020,NE.CON.PRVT.CD,Households and NPISHs Final consumption expenditure (current US$),624142240218.418,,https://api.worldbank.org/v2/country/IDN;MYS;VNM;THA;PHL;SGP;BRN;KHM;LAO;MMR;TLS/indicator/NE.CON.PRVT.CD?format=json&date=2000:2025&per_page=20000,raw/worldbank/a27bd6242409_NE.CON.PRVT.CD.json
Indonesia,IDN,2019,NE.CON.PRVT.CD,Households and NPISHs Final consumption expenditure (current US$),648299754543.782,,https://api.worldbank.org/v2/country/IDN;MYS;VNM;THA;PHL;SGP;BRN;KHM;LAO;MMR;TLS/indicator/NE.CON.PRVT.CD?format=json&date=2000:2025&per_page=20000,raw/worldbank/a27bd6242409_NE.CON.PRVT.CD.json
Indonesia,IDN,2018,NE.CON.PRVT.CD,Households and NPISHs Final consumption expenditure (current US$),593885231701.263,,https://api.worldbank.org/v2/country/IDN;MYS;VNM;THA;PHL;SGP;BRN;KHM;LAO;MMR;TLS/indicator/NE.CON.PRVT.CD?format=json&date=2000:2025&per_page=20000,raw/worldbank/a27bd6242409_NE.CON.PRVT.CD.json
Indonesia,IDN,2017,NE.CON.PRVT.CD,Households and NPISHs Final consumption expenditure (current US$),581701454950.332,,https://api.worldbank.org/v2/country/IDN;MYS;VNM;THA;PHL;SGP;BRN;KHM;LAO;MMR;TLS/indicator/NE.CON.PRVT.CD?format=json&date=2000:2025&per_page=20000,raw/worldbank/a27bd6242409_NE.CON.PRVT.CD.json
Indonesia,IDN,2016,NE.CON.PRVT.CD,Households and NPISHs Final consumption expenditure (current US$),538874867132.174,,https://api.worldbank.org/v2/country/IDN;MYS;VNM;THA;PHL;SGP;BRN;KHM;LAO;MMR;TLS/indicator/NE.CON.PRVT.CD?format=json&date=2000:2025&per_page=20000,raw/worldbank/a27bd6242409_NE.CON.PRVT.CD.json
Indonesia,IDN,2015,NE.CON.PRVT.CD,Households and NPISHs Final consumption expenditure (current US$),494560910751.042,,https://api.worldbank.org/v2/country/IDN;MYS;VNM;THA;PHL;SGP;BRN;KHM;LAO;MMR;TLS/indicator/NE.CON.PRVT.CD?format=json&date=2000:2025&per_page=20000,raw/worldbank/a27bd6242409_NE.CON.PRVT.CD.json
Indonesia,IDN,2014,NE.CON.PRVT.CD,Households and NPISHs Final consumption expenditure (current US$),509003681729.74,,https://api.worldbank.org/v2/country/IDN;MYS;VNM;THA;PHL;SGP;BRN;KHM;LAO;MMR;TLS/indicator/NE.CON.PRVT.CD?format=json&date=2000:2025&per_page=20000,raw/worldbank/a27bd6242409_NE.CON.PRVT.CD.json
Indonesia,IDN,2013,NE.CON.PRVT.CD,Households and NPISHs Final consumption expenditure (current US$),518582560789.161,,https://api.worldbank.org/v2/country/IDN;MYS;VNM;THA;PHL;SGP;BRN;KHM;LAO;MMR;TLS/indicator/NE.CON.PRVT.CD?format=json&date=2000:2025&per_page=20000,raw/worldbank/a27bd6242409_NE.CON.PRVT.CD.json
Indonesia,IDN,2012,NE.CON.PRVT.CD,Households and NPISHs Final consumption expenditure (current US$),517579927882.518,,https://api.worldbank.org/v2/country/IDN;MYS;VNM;THA;PHL;SGP;BRN;KHM;LAO;MMR;TLS/indicator/NE.CON.PRVT.CD?format=json&date=2000:2025&per_page=20000,raw/worldbank/a27bd6242409_NE.CON.PRVT.CD.json
Indonesia,IDN,2011,NE.CON.PRVT.CD,Households and NPISHs Final consumption expenditure (current US$),494913450648.859,,https://api.worldbank.org/v2/country/IDN;MYS;VNM;THA;PHL;SGP;BRN;KHM;LAO;MMR;TLS/indicator/NE.CON.PRVT.CD?format=json&date=2000:2025&per_page=20000,raw/worldbank/a27bd6242409_NE.CON.PRVT.CD.json
Indonesia,IDN,2010,NE.CON.PRVT.CD,Households and NPISHs Final consumption expenditure (current US$),424492610024.92,,https://api.worldbank.org/v2/country/IDN;MYS;VNM;THA;PHL;SGP;BRN;KHM;LAO;MMR;TLS/indicator/NE.CON.PRVT.CD?format=json&date=2000:2025&per_page=20000,raw/worldbank/a27bd6242409_NE.CON.PRVT.CD.json
Indonesia,IDN,2009,NE.CON.PRVT.CD,Households and NPISHs Final consumption expenditure (current US$),316748382750.137,,https://api.worldbank.org/v2/country/IDN;MYS;VNM;THA;PHL;SGP;BRN;KHM;LAO;MMR;TLS/indicator/NE.CON.PRVT.CD?format=json&date=2000:2025&per_page=20000,raw/worldbank/a27bd6242409_NE.CON.PRVT.CD.json
Indonesia,IDN,2008,NE.CON.PRVT.CD,Households and NPISHs Final consumption expenditure (current US$),309306990309.531,,https://api.worldbank.org/v2/country/IDN;MYS;VNM;THA;PHL;SGP;BRN;KHM;LAO;MMR;TLS/indicator/NE.CON.PRVT.CD?format=json&date=2000:2025&per_page=20000,raw/worldbank/a27bd6242409_NE.CON.PRVT.CD.json
Indonesia,IDN,2007,NE.CON.PRVT.CD,Households and NPISHs Final consumption expenditure (current US$),274642139809.649,,https://api.worldbank.org/v2/country/IDN;MYS;VNM;THA;PHL;SGP;BRN;KHM;LAO;MMR;TLS/indicator/NE.CON.PRVT.CD?format=json&date=2000:2025&per_page=20000,raw/worldbank/a27bd6242409_NE.CON.PRVT.CD.json
Indonesia,IDN,2006,NE.CON.PRVT.CD,Households and NPISHs Final consumption expenditure (current US$),228472903174.055,,https://api.worldbank.org/v2/country/IDN;MYS;VNM;THA;PHL;SGP;BRN;KHM;LAO;MMR;TLS/indicator/NE.CON.PRVT.CD?format=json&date=2000:2025&per_page=20000,raw/worldbank/a27bd6242409_NE.CON.PRVT.CD.json
Indonesia,IDN,2005,NE.CON.PRVT.CD,Households and NPISHs Final consumption expenditure (current US$),183992161900.789,,https://api.worldbank.org/v2/country/IDN;MYS;VNM;THA;PHL;SGP;BRN;KHM;LAO;MMR;TLS/indicator/NE.CON.PRVT.CD?format=json&date=2000:2025&per_page=20000,raw/worldbank/a27bd6242409_NE.CON.PRVT.CD.json
Indonesia,IDN,2004,NE.CON.PRVT.CD,Households and NPISHs Final consumption expenditure (current US$),171486082504.397,,https://api.worldbank.org/v2/country/IDN;MYS;VNM;THA;PHL;SGP;BRN;KHM;LAO;MMR;TLS/indicator/NE.CON.PRVT.CD?format=json&date=2000:2025&per_page=20000,raw/worldbank/a27bd6242409_NE.CON.PRVT.CD.json
Indonesia,IDN,2003,NE.CON.PRVT.CD,Households and NPISHs Final consumption expenditure (current US$),159969308158.549,,https://api.worldbank.org/v2/country/IDN;MYS;VNM;THA;PHL;SGP;BRN;KHM;LAO;MMR;TLS/indicator/NE.CON.PRVT.CD?format=json&date=2000:2025&per_page=20000,raw/worldbank/a27bd6242409_NE.CON.PRVT.CD.json
Indonesia,IDN,2002,NE.CON.PRVT.CD,Households and NPISHs Final consumption expenditure (current US$),132310082252.202,,https://api.worldbank.org/v2/country/IDN;MYS;VNM;THA;PHL;SGP;BRN;KHM;LAO;MMR;TLS/indicator/NE.CON.PRVT.CD?format=json&date=2000:2025&per_page=20000,raw/worldbank/a27bd6242409_NE.CON.PRVT.CD.json
Indonesia,IDN,2001,NE.CON.PRVT.CD,Households and NPISHs Final consumption expenditure (current US$),101322506471.589,,https://api.worldbank.org/v2/country/IDN;MYS;VNM;THA;PHL;SGP;BRN;KHM;LAO;MMR;TLS/indicator/NE.CON.PRVT.CD?format=json&date=2000:2025&per_page=20000,raw/worldbank/a27bd6242409_NE.CON.PRVT.CD.json
Indonesia,IDN,2000,NE.CON.PRVT.CD,Households and NPISHs Final consumption expenditure (current US$),101736066245.604,,https://api.worldbank.org/v2/country/IDN;MYS;VNM;THA;PHL;SGP;BRN;KHM;LAO;MMR;TLS/indicator/NE.CON.PRVT.CD?format=json&date=2000:2025&per_page=20000,raw/worldbank/a27bd6242409_NE.CON.PRVT.CD.json
Cambodia,KHM,2025,NE.CON.PRVT.CD,Households and NPISHs Final consumption expenditure (current US$),29864391799.241,,https://api.worldbank.org/v2/country/IDN;MYS;VNM;THA;PHL;SGP;BRN;KHM;LAO;MMR;TLS/indicator/NE.CON.PRVT.CD?format=json&date=2000:2025&per_page=20000,raw/worldbank/a27bd6242409_NE.CON.PRVT.CD.json
Cambodia,KHM,2024,NE.CON.PRVT.CD,Households and NPISHs Final consumption expenditure (current US$),27708720520.351,,https://api.worldbank.org/v2/country/IDN;MYS;VNM;THA;PHL;SGP;BRN;KHM;LAO;MMR;TLS/indicator/NE.CON.PRVT.CD?format=json&date=2000:2025&per_page=20000,raw/worldbank/a27bd6242409_NE.CON.PRVT.CD.json
Cambodia,KHM,2023,NE.CON.PRVT.CD,Households and NPISHs Final consumption expenditure (current US$),25539852954.0739,,https://api.worldbank.org/v2/country/IDN;MYS;VNM;THA;PHL;SGP;BRN;KHM;LAO;MMR;TLS/indicator/NE.CON.PRVT.CD?format=json&date=2000:2025&per_page=20000,raw/worldbank/a27bd6242409_NE.CON.PRVT.CD.json
Cambodia,KHM,2022,NE.CON.PRVT.CD,Households and NPISHs Final consumption expenditure (current US$),24003768085.3782,,https://api.worldbank.org/v2/country/IDN;MYS;VNM;THA;PHL;SGP;BRN;KHM;LAO;MMR;TLS/indicator/NE.CON.PRVT.CD?format=json&date=2000:2025&per_page=20000,raw/worldbank/a27bd6242409_NE.CON.PRVT.CD.json
Cambodia,KHM,2021,NE.CON.PRVT.CD,Households and NPISHs Final consumption expenditure (current US$),23107806075.4289,,https://api.worldbank.org/v2/country/IDN;MYS;VNM;THA;PHL;SGP;BRN;KHM;LAO;MMR;TLS/indicator/NE.CON.PRVT.CD?format=json&date=2000:2025&per_page=20000,raw/worldbank/a27bd6242409_NE.CON.PRVT.CD.json
Cambodia,KHM,2020,NE.CON.PRVT.CD,Households and NPISHs Final consumption expenditure (current US$),22401742182.0112,,https://api.worldbank.org/v2/country/IDN;MYS;VNM;THA;PHL;SGP;BRN;KHM;LAO;MMR;TLS/indicator/NE.CON.PRVT.CD?format=json&date=2000:2025&per_page=20000,raw/worldbank/a27bd6242409_NE.CON.PRVT.CD.json
Cambodia,KHM,2019,NE.CON.PRVT.CD,Households and NPISHs Final consumption expenditure (current US$),24478343152.1963,,https://api.worldbank.org/v2/country/IDN;MYS;VNM;THA;PHL;SGP;BRN;KHM;LAO;MMR;TLS/indicator/NE.CON.PRVT.CD?format=json&date=2000:2025&per_page=20000,raw/worldbank/a27bd6242409_NE.CON.PRVT.CD.json
Cambodia,KHM,2018,NE.CON.PRVT.CD,Households and NPISHs Final consumption expenditure (current US$),23459024343.5293,,https://api.worldbank.org/v2/country/IDN;MYS;VNM;THA;PHL;SGP;BRN;KHM;LAO;MMR;TLS/indicator/NE.CON.PRVT.CD?format=json&date=2000:2025&per_page=20000,raw/worldbank/a27bd6242409_NE.CON.PRVT.CD.json
Cambodia,KHM,2017,NE.CON.PRVT.CD,Households and NPISHs Final consumption expenditure (current US$),21062185689.2521,,https://api.worldbank.org/v2/country/IDN;MYS;VNM;THA;PHL;SGP;BRN;KHM;LAO;MMR;TLS/indicator/NE.CON.PRVT.CD?format=json&date=2000:2025&per_page=20000,raw/worldbank/a27bd6242409_NE.CON.PRVT.CD.json
Cambodia,KHM,2016,NE.CON.PRVT.CD,Households and NPISHs Final consumption expenditure (current US$),19599257060.727,,https://api.worldbank.org/v2/country/IDN;MYS;VNM;THA;PHL;SGP;BRN;KHM;LAO;MMR;TLS/indicator/NE.CON.PRVT.CD?format=json&date=2000:2025&per_page=20000,raw/worldbank/a27bd6242409_NE.CON.PRVT.CD.json
Cambodia,KHM,2015,NE.CON.PRVT.CD,Households and NPISHs Final consumption expenditure (current US$),17948576865.3678,,https://api.worldbank.org/v2/country/IDN;MYS;VNM;THA;PHL;SGP;BRN;KHM;LAO;MMR;TLS/indicator/NE.CON.PRVT.CD?format=json&date=2000:2025&per_page=20000,raw/worldbank/a27bd6242409_NE.CON.PRVT.CD.json
Cambodia,KHM,2014,NE.CON.PRVT.CD,Households and NPISHs Final consumption expenditure (current US$),16786898226.0062,,https://api.worldbank.org/v2/country/IDN;MYS;VNM;THA;PHL;SGP;BRN;KHM;LAO;MMR;TLS/indicator/NE.CON.PRVT.CD?format=json&date=2000:2025&per_page=20000,raw/worldbank/a27bd6242409_NE.CON.PRVT.CD.json
Cambodia,KHM,2013,NE.CON.PRVT.CD,Households and NPISHs Final consumption expenditure (current US$),15513857929.2818,,https://api.worldbank.org/v2/country/IDN;MYS;VNM;THA;PHL;SGP;BRN;KHM;LAO;MMR;TLS/indicator/NE.CON.PRVT.CD?format=json&date=2000:2025&per_page=20000,raw/worldbank/a27bd6242409_NE.CON.PRVT.CD.json
Cambodia,KHM,2012,NE.CON.PRVT.CD,Households and NPISHs Final consumption expenditure (current US$),14109890857.1039,,https://api.worldbank.org/v2/country/IDN;MYS;VNM;THA;PHL;SGP;BRN;KHM;LAO;MMR;TLS/indicator/NE.CON.PRVT.CD?format=json&date=2000:2025&per_page=20000,raw/worldbank/a27bd6242409_NE.CON.PRVT.CD.json
Cambodia,KHM,2011,NE.CON.PRVT.CD,Households and NPISHs Final consumption expenditure (current US$),13092065706.9853,,https://api.worldbank.org/v2/country/IDN;MYS;VNM;THA;PHL;SGP;BRN;KHM;LAO;MMR;TLS/indicator/NE.CON.PRVT.CD?format=json&date=2000:2025&per_page=20000,raw/worldbank/a27bd6242409_NE.CON.PRVT.CD.json
Cambodia,KHM,2010,NE.CON.PRVT.CD,Households and NPISHs Final consumption expenditure (current US$),11074899755.943,,https://api.worldbank.org/v2/country/IDN;MYS;VNM;THA;PHL;SGP;BRN;KHM;LAO;MMR;TLS/indicator/NE.CON.PRVT.CD?format=json&date=2000:2025&per_page=20000,raw/worldbank/a27bd6242409_NE.CON.PRVT.CD.json
Cambodia,KHM,2009,NE.CON.PRVT.CD,Households and NPISHs Final consumption expenditure (current US$),9965662696.1963,,https://api.worldbank.org/v2/country/IDN;MYS;VNM;THA;PHL;SGP;BRN;KHM;LAO;MMR;TLS/indicator/NE.CON.PRVT.CD?format=json&date=2000:2025&per_page=20000,raw/worldbank/a27bd6242409_NE.CON.PRVT.CD.json
Cambodia,KHM,2008,NE.CON.PRVT.CD,Households and NPISHs Final consumption expenditure (current US$),9625490447.80058,,https://api.worldbank.org/v2/country/IDN;MYS;VNM;THA;PHL;SGP;BRN;KHM;LAO;MMR;TLS/indicator/NE.CON.PRVT.CD?format=json&date=2000:2025&per_page=20000,raw/worldbank/a27bd6242409_NE.CON.PRVT.CD.json
Cambodia,KHM,2007,NE.CON.PRVT.CD,Households and NPISHs Final consumption expenditure (current US$),8010561255.27299,,https://api.worldbank.org/v2/country/IDN;MYS;VNM;THA;PHL;SGP;BRN;KHM;LAO;MMR;TLS/indicator/NE.CON.PRVT.CD?format=json&date=2000:2025&per_page=20000,raw/worldbank/a27bd6242409_NE.CON.PRVT.CD.json
Cambodia,KHM,2006,NE.CON.PRVT.CD,Households and NPISHs Final consumption expenditure (current US$),6767847011.7346,,https://api.worldbank.org/v2/country/IDN;MYS;VNM;THA;PHL;SGP;BRN;KHM;LAO;MMR;TLS/indicator/NE.CON.PRVT.CD?format=json&date=2000:2025&per_page=20000,raw/worldbank/a27bd6242409_NE.CON.PRVT.CD.json
Cambodia,KHM,2005,NE.CON.PRVT.CD,Households and NPISHs Final consumption expenditure (current US$),5868571248.18571,,https://api.worldbank.org/v2/country/IDN;MYS;VNM;THA;PHL;SGP;BRN;KHM;LAO;MMR;TLS/indicator/NE.CON.PRVT.CD?format=json&date=2000:2025&per_page=20000,raw/worldbank/a27bd6242409_NE.CON.PRVT.CD.json
Cambodia,KHM,2004,NE.CON.PRVT.CD,Households and NPISHs Final consumption expenditure (current US$),4816247672.50952,,https://api.worldbank.org/v2/country/IDN;MYS;VNM;THA;PHL;SGP;BRN;KHM;LAO;MMR;TLS/indicator/NE.CON.PRVT.CD?format=json&date=2000:2025&per_page=20000,raw/worldbank/a27bd6242409_NE.CON.PRVT.CD.json
Cambodia,KHM,2003,NE.CON.PRVT.CD,Households and NPISHs Final consumption expenditure (current US$),4151986147.65016,,https://api.worldbank.org/v2/country/IDN;MYS;VNM;THA;PHL;SGP;BRN;KHM;LAO;MMR;TLS/indicator/NE.CON.PRVT.CD?format=json&date=2000:2025&per_page=20000,raw/worldbank/a27bd6242409_NE.CON.PRVT.CD.json
Cambodia,KHM,2002,NE.CON.PRVT.CD,Households and NPISHs Final consumption expenditure (current US$),3632870509.82895,,https://api.worldbank.org/v2/country/IDN;MYS;VNM;THA;PHL;SGP;BRN;KHM;LAO;MMR;TLS/indicator/NE.CON.PRVT.CD?format=json&date=2000:2025&per_page=20000,raw/worldbank/a27bd6242409_NE.CON.PRVT.CD.json
Cambodia,KHM,2001,NE.CON.PRVT.CD,Households and NPISHs Final consumption expenditure (current US$),3466570480.68298,,https://api.worldbank.org/v2/country/IDN;MYS;VNM;THA;PHL;SGP;BRN;KHM;LAO;MMR;TLS/indicator/NE.CON.PRVT.CD?format=json&date=2000:2025&per_page=20000,raw/worldbank/a27bd6242409_NE.CON.PRVT.CD.json
Cambodia,KHM,2000,NE.CON.PRVT.CD,Households and NPISHs Final consumption expenditure (current US$),3265153087.70109,,https://api.worldbank.org/v2/country/IDN;MYS;VNM;THA;PHL;SGP;BRN;KHM;LAO;MMR;TLS/indicator/NE.CON.PRVT.CD?format=json&date=2000:2025&per_page=20000,raw/worldbank/a27bd6242409_NE.CON.PRVT.CD.json
Lao PDR,LAO,2025,NE.CON.PRVT.CD,Households and NPISHs Final consumption expenditure (current US$),,,https://api.worldbank.org/v2/country/IDN;MYS;VNM;THA;PHL;SGP;BRN;KHM;LAO;MMR;TLS/indicator/NE.CON.PRVT.CD?format=json&date=2000:2025&per_page=20000,raw/worldbank/a27bd6242409_NE.CON.PRVT.CD.json
Lao PDR,LAO,2024,NE.CON.PRVT.CD,Households and NPISHs Final consumption expenditure (current US$),,,https://api.worldbank.org/v2/country/IDN;MYS;VNM;THA;PHL;SGP;BRN;KHM;LAO;MMR;TLS/indicator/NE.CON.PRVT.CD?format=json&date=2000:2025&per_page=20000,raw/worldbank/a27bd6242409_NE.CON.PRVT.CD.json
Lao PDR,LAO,2023,NE.CON.PRVT.CD,Households and NPISHs Final consumption expenditure (current US$),,,https://api.worldbank.org/v2/country/IDN;MYS;VNM;THA;PHL;SGP;BRN;KHM;LAO;MMR;TLS/indicator/NE.CON.PRVT.CD?format=json&date=2000:2025&per_page=20000,raw/worldbank/a27bd6242409_NE.CON.PRVT.CD.json
Lao PDR,LAO,2022,NE.CON.PRVT.CD,Households and NPISHs Final consumption expenditure (current US$),,,https://api.worldbank.org/v2/country/IDN;MYS;VNM;THA;PHL;SGP;BRN;KHM;LAO;MMR;TLS/indicator/NE.CON.PRVT.CD?format=json&date=2000:2025&per_page=20000,raw/worldbank/a27bd6242409_NE.CON.PRVT.CD.json
Lao PDR,LAO,2021,NE.CON.PRVT.CD,Households and NPISHs Final consumption expenditure (current US$),,,https://api.worldbank.org/v2/country/IDN;MYS;VNM;THA;PHL;SGP;BRN;KHM;LAO;MMR;TLS/indicator/NE.CON.PRVT.CD?format=json&date=2000:2025&per_page=20000,raw/worldbank/a27bd6242409_NE.CON.PRVT.CD.json
Lao PDR,LAO,2020,NE.CON.PRVT.CD,Households and NPISHs Final consumption expenditure (current US$),,,https://api.worldbank.org/v2/country/IDN;MYS;VNM;THA;PHL;SGP;BRN;KHM;LAO;MMR;TLS/indicator/NE.CON.PRVT.CD?format=json&date=2000:2025&per_page=20000,raw/worldbank/a27bd6242409_NE.CON.PRVT.CD.json
Lao PDR,LAO,2019,NE.CON.PRVT.CD,Households and NPISHs Final consumption expenditure (current US$),,,https://api.worldbank.org/v2/country/IDN;MYS;VNM;THA;PHL;SGP;BRN;KHM;LAO;MMR;TLS/indicator/NE.CON.PRVT.CD?format=json&date=2000:2025&per_page=20000,raw/worldbank/a27bd6242409_NE.CON.PRVT.CD.json
Lao PDR,LAO,2018,NE.CON.PRVT.CD,Households and NPISHs Final consumption expenditure (current US$),,,https://api.worldbank.org/v2/country/IDN;MYS;VNM;THA;PHL;SGP;BRN;KHM;LAO;MMR;TLS/indicator/NE.CON.PRVT.CD?format=json&date=2000:2025&per_page=20000,raw/worldbank/a27bd6242409_NE.CON.PRVT.CD.json
Lao PDR,LAO,2017,NE.CON.PRVT.CD,Households and NPISHs Final consumption expenditure (current US$),,,https://api.worldbank.org/v2/country/IDN;MYS;VNM;THA;PHL;SGP;BRN;KHM;LAO;MMR;TLS/indicator/NE.CON.PRVT.CD?format=json&date=2000:2025&per_page=20000,raw/worldbank/a27bd6242409_NE.CON.PRVT.CD.json
Lao PDR,LAO,2016,NE.CON.PRVT.CD,Households and NPISHs Final consumption expenditure (current US$),10453643444.5525,,https://api.worldbank.org/v2/country/IDN;MYS;VNM;THA;PHL;SGP;BRN;KHM;LAO;MMR;TLS/indicator/NE.CON.PRVT.CD?format=json&date=2000:2025&per_page=20000,raw/worldbank/a27bd6242409_NE.CON.PRVT.CD.json
Lao PDR,LAO,2015,NE.CON.PRVT.CD,Households and NPISHs Final consumption expenditure (current US$),10275931664.7813,,https://api.worldbank.org/v2/country/IDN;MYS;VNM;THA;PHL;SGP;BRN;KHM;LAO;MMR;TLS/indicator/NE.CON.PRVT.CD?format=json&date=2000:2025&per_page=20000,raw/worldbank/a27bd6242409_NE.CON.PRVT.CD.json
Lao PDR,LAO,2014,NE.CON.PRVT.CD,Households and NPISHs Final consumption expenditure (current US$),9636582076.23652,,https://api.worldbank.org/v2/country/IDN;MYS;VNM;THA;PHL;SGP;BRN;KHM;LAO;MMR;TLS/indicator/NE.CON.PRVT.CD?format=json&date=2000:2025&per_page=20000,raw/worldbank/a27bd6242409_NE.CON.PRVT.CD.json
Lao PDR,LAO,2013,NE.CON.PRVT.CD,Households and NPISHs Final consumption expenditure (current US$),8880988764.12539,,https://api.worldbank.org/v2/country/IDN;MYS;VNM;THA;PHL;SGP;BRN;KHM;LAO;MMR;TLS/indicator/NE.CON.PRVT.CD?format=json&date=2000:2025&per_page=20000,raw/worldbank/a27bd6242409_NE.CON.PRVT.CD.json
Lao PDR,LAO,2012,NE.CON.PRVT.CD,Households and NPISHs Final consumption expenditure (current US$),7798618152.97017,,https://api.worldbank.org/v2/country/IDN;MYS;VNM;THA;PHL;SGP;BRN;KHM;LAO;MMR;TLS/indicator/NE.CON.PRVT.CD?format=json&date=2000:2025&per_page=20000,raw/worldbank/a27bd6242409_NE.CON.PRVT.CD.json
Lao PDR,LAO,2011,NE.CON.PRVT.CD,Households and NPISHs Final consumption expenditure (current US$),5757819600.28333,,https://api.worldbank.org/v2/country/IDN;MYS;VNM;THA;PHL;SGP;BRN;KHM;LAO;MMR;TLS/indicator/NE.CON.PRVT.CD?format=json&date=2000:2025&per_page=20000,raw/worldbank/a27bd6242409_NE.CON.PRVT.CD.json
Lao PDR,LAO,2010,NE.CON.PRVT.CD,Households and NPISHs Final consumption expenditure (current US$),5319700250.69883,,https://api.worldbank.org/v2/country/IDN;MYS;VNM;THA;PHL;SGP;BRN;KHM;LAO;MMR;TLS/indicator/NE.CON.PRVT.CD?format=json&date=2000:2025&per_page=20000,raw/worldbank/a27bd6242409_NE.CON.PRVT.CD.json
Lao PDR,LAO,2009,NE.CON.PRVT.CD,Households and NPISHs Final consumption expenditure (current US$),4053010159.18147,,https://api.worldbank.org/v2/country/IDN;MYS;VNM;THA;PHL;SGP;BRN;KHM;LAO;MMR;TLS/indicator/NE.CON.PRVT.CD?format=json&date=2000:2025&per_page=20000,raw/worldbank/a27bd6242409_NE.CON.PRVT.CD.json
Lao PDR,LAO,2008,NE.CON.PRVT.CD,Households and NPISHs Final consumption expenditure (current US$),4143992441.91522,,https://api.worldbank.org/v2/country/IDN;MYS;VNM;THA;PHL;SGP;BRN;KHM;LAO;MMR;TLS/indicator/NE.CON.PRVT.CD?format=json&date=2000:2025&per_page=20000,raw/worldbank/a27bd6242409_NE.CON.PRVT.CD.json
Lao PDR,LAO,2007,NE.CON.PRVT.CD,Households and NPISHs Final consumption expenditure (current US$),3030353782.08886,,https://api.worldbank.org/v2/country/IDN;MYS;VNM;THA;PHL;SGP;BRN;KHM;LAO;MMR;TLS/indicator/NE.CON.PRVT.CD?format=json&date=2000:2025&per_page=20000,raw/worldbank/a27bd6242409_NE.CON.PRVT.CD.json
Lao PDR,LAO,2006,NE.CON.PRVT.CD,Households and NPISHs Final consumption expenditure (current US$),2349743609.15563,,https://api.worldbank.org/v2/country/IDN;MYS;VNM;THA;PHL;SGP;BRN;KHM;LAO;MMR;TLS/indicator/NE.CON.PRVT.CD?format=json&date=2000:2025&per_page=20000,raw/worldbank/a27bd6242409_NE.CON.PRVT.CD.json
Lao PDR,LAO,2005,NE.CON.PRVT.CD,Households and NPISHs Final consumption expenditure (current US$),1959798113.21707,,https://api.worldbank.org/v2/country/IDN;MYS;VNM;THA;PHL;SGP;BRN;KHM;LAO;MMR;TLS/indicator/NE.CON.PRVT.CD?format=json&date=2000:2025&per_page=20000,raw/worldbank/a27bd6242409_NE.CON.PRVT.CD.json
Lao PDR,LAO,2004,NE.CON.PRVT.CD,Households and NPISHs Final consumption expenditure (current US$),1816357449.41145,,https://api.worldbank.org/v2/country/IDN;MYS;VNM;THA;PHL;SGP;BRN;KHM;LAO;MMR;TLS/indicator/NE.CON.PRVT.CD?format=json&date=2000:2025&per_page=20000,raw/worldbank/a27bd6242409_NE.CON.PRVT.CD.json
Lao PDR,LAO,2003,NE.CON.PRVT.CD,Households and NPISHs Final consumption expenditure (current US$),1581049455.49639,,https://api.worldbank.org/v2/country/IDN;MYS;VNM;THA;PHL;SGP;BRN;KHM;LAO;MMR;TLS/indicator/NE.CON.PRVT.CD?format=json&date=2000:2025&per_page=20000,raw/worldbank/a27bd6242409_NE.CON.PRVT.CD.json
Lao PDR,LAO,2002,NE.CON.PRVT.CD,Households and NPISHs Final consumption expenditure (current US$),1262479353.3857,,https://api.worldbank.org/v2/country/IDN;MYS;VNM;THA;PHL;SGP;BRN;KHM;LAO;MMR;TLS/indicator/NE.CON.PRVT.CD?format=json&date=2000:2025&per_page=20000,raw/worldbank/a27bd6242409_NE.CON.PRVT.CD.json
Lao PDR,LAO,2001,NE.CON.PRVT.CD,Households and NPISHs Final consumption expenditure (current US$),1593923112.52534,,https://api.worldbank.org/v2/country/IDN;MYS;VNM;THA;PHL;SGP;BRN;KHM;LAO;MMR;TLS/indicator/NE.CON.PRVT.CD?format=json&date=2000:2025&per_page=20000,raw/worldbank/a27bd6242409_NE.CON.PRVT.CD.json
Lao PDR,LAO,2000,NE.CON.PRVT.CD,Households and NPISHs Final consumption expenditure (current US$),1517153863.41711,,https://api.worldbank.org/v2/country/IDN;MYS;VNM;THA;PHL;SGP;BRN;KHM;LAO;MMR;TLS/indicator/NE.CON.PRVT.CD?format=json&date=2000:2025&per_page=20000,raw/worldbank/a27bd6242409_NE.CON.PRVT.CD.json
Myanmar,MMR,2025,NE.CON.PRVT.CD,Households and NPISHs Final consumption expenditure (current US$),,,https://api.worldbank.org/v2/country/IDN;MYS;VNM;THA;PHL;SGP;BRN;KHM;LAO;MMR;TLS/indicator/NE.CON.PRVT.CD?format=json&date=2000:2025&per_page=20000,raw/worldbank/a27bd6242409_NE.CON.PRVT.CD.json
Myanmar,MMR,2024,NE.CON.PRVT.CD,Households and NPISHs Final consumption expenditure (current US$),,,https://api.worldbank.org/v2/country/IDN;MYS;VNM;THA;PHL;SGP;BRN;KHM;LAO;MMR;TLS/indicator/NE.CON.PRVT.CD?format=json&date=2000:2025&per_page=20000,raw/worldbank/a27bd6242409_NE.CON.PRVT.CD.json
Myanmar,MMR,2023,NE.CON.PRVT.CD,Households and NPISHs Final consumption expenditure (current US$),,,https://api.worldbank.org/v2/country/IDN;MYS;VNM;THA;PHL;SGP;BRN;KHM;LAO;MMR;TLS/indicator/NE.CON.PRVT.CD?format=json&date=2000:2025&per_page=20000,raw/worldbank/a27bd6242409_NE.CON.PRVT.CD.json
Myanmar,MMR,2022,NE.CON.PRVT.CD,Households and NPISHs Final consumption expenditure (current US$),,,https://api.worldbank.org/v2/country/IDN;MYS;VNM;THA;PHL;SGP;BRN;KHM;LAO;MMR;TLS/indicator/NE.CON.PRVT.CD?format=json&date=2000:2025&per_page=20000,raw/worldbank/a27bd6242409_NE.CON.PRVT.CD.json
Myanmar,MMR,2021,NE.CON.PRVT.CD,Households and NPISHs Final consumption expenditure (current US$),,,https://api.worldbank.org/v2/country/IDN;MYS;VNM;THA;PHL;SGP;BRN;KHM;LAO;MMR;TLS/indicator/NE.CON.PRVT.CD?format=json&date=2000:2025&per_page=20000,raw/worldbank/a27bd6242409_NE.CON.PRVT.CD.json
Myanmar,MMR,2020,NE.CON.PRVT.CD,Households and NPISHs Final consumption expenditure (current US$),,,https://api.worldbank.org/v2/country/IDN;MYS;VNM;THA;PHL;SGP;BRN;KHM;LAO;MMR;TLS/indicator/NE.CON.PRVT.CD?format=json&date=2000:2025&per_page=20000,raw/worldbank/a27bd6242409_NE.CON.PRVT.CD.json
Myanmar,MMR,2019,NE.CON.PRVT.CD,Households and NPISHs Final consumption expenditure (current US$),,,https://api.worldbank.org/v2/country/IDN;MYS;VNM;THA;PHL;SGP;BRN;KHM;LAO;MMR;TLS/indicator/NE.CON.PRVT.CD?format=json&date=2000:2025&per_page=20000,raw/worldbank/a27bd6242409_NE.CON.PRVT.CD.json
Myanmar,MMR,2018,NE.CON.PRVT.CD,Households and NPISHs Final consumption expenditure (current US$),,,https://api.worldbank.org/v2/country/IDN;MYS;VNM;THA;PHL;SGP;BRN;KHM;LAO;MMR;TLS/indicator/NE.CON.PRVT.CD?format=json&date=2000:2025&per_page=20000,raw/worldbank/a27bd6242409_NE.CON.PRVT.CD.json
Myanmar,MMR,2017,NE.CON.PRVT.CD,Households and NPISHs Final consumption expenditure (current US$),,,https://api.worldbank.org/v2/country/IDN;MYS;VNM;THA;PHL;SGP;BRN;KHM;LAO;MMR;TLS/indicator/NE.CON.PRVT.CD?format=json&date=2000:2025&per_page=20000,raw/worldbank/a27bd6242409_NE.CON.PRVT.CD.json
Myanmar,MMR,2016,NE.CON.PRVT.CD,Households and NPISHs Final consumption expenditure (current US$),,,https://api.worldbank.org/v2/country/IDN;MYS;VNM;THA;PHL;SGP;BRN;KHM;LAO;MMR;TLS/indicator/NE.CON.PRVT.CD?format=json&date=2000:2025&per_page=20000,raw/worldbank/a27bd6242409_NE.CON.PRVT.CD.json
Myanmar,MMR,2015,NE.CON.PRVT.CD,Households and NPISHs Final consumption expenditure (current US$),,,https://api.worldbank.org/v2/country/IDN;MYS;VNM;THA;PHL;SGP;BRN;KHM;LAO;MMR;TLS/indicator/NE.CON.PRVT.CD?format=json&date=2000:2025&per_page=20000,raw/worldbank/a27bd6242409_NE.CON.PRVT.CD.json
Myanmar,MMR,2014,NE.CON.PRVT.CD,Households and NPISHs Final consumption expenditure (current US$),,,https://api.worldbank.org/v2/country/IDN;MYS;VNM;THA;PHL;SGP;BRN;KHM;LAO;MMR;TLS/indicator/NE.CON.PRVT.CD?format=json&date=2000:2025&per_page=20000,raw/worldbank/a27bd6242409_NE.CON.PRVT.CD.json
Myanmar,MMR,2013,NE.CON.PRVT.CD,Households and NPISHs Final consumption expenditure (current US$),,,https://api.worldbank.org/v2/country/IDN;MYS;VNM;THA;PHL;SGP;BRN;KHM;LAO;MMR;TLS/indicator/NE.CON.PRVT.CD?format=json&date=2000:2025&per_page=20000,raw/worldbank/a27bd6242409_NE.CON.PRVT.CD.json
Myanmar,MMR,2012,NE.CON.PRVT.CD,Households and NPISHs Final consumption expenditure (current US$),,,https://api.worldbank.org/v2/country/IDN;MYS;VNM;THA;PHL;SGP;BRN;KHM;LAO;MMR;TLS/indicator/NE.CON.PRVT.CD?format=json&date=2000:2025&per_page=20000,raw/worldbank/a27bd6242409_NE.CON.PRVT.CD.json
Myanmar,MMR,2011,NE.CON.PRVT.CD,Households and NPISHs Final consumption expenditure (current US$),,,https://api.worldbank.org/v2/country/IDN;MYS;VNM;THA;PHL;SGP;BRN;KHM;LAO;MMR;TLS/indicator/NE.CON.PRVT.CD?format=json&date=2000:2025&per_page=20000,raw/worldbank/a27bd6242409_NE.CON.PRVT.CD.json
Myanmar,MMR,2010,NE.CON.PRVT.CD,Households and NPISHs Final consumption expenditure (current US$),,,https://api.worldbank.org/v2/country/IDN;MYS;VNM;THA;PHL;SGP;BRN;KHM;LAO;MMR;TLS/indicator/NE.CON.PRVT.CD?format=json&date=2000:2025&per_page=20000,raw/worldbank/a27bd6242409_NE.CON.PRVT.CD.json
Myanmar,MMR,2009,NE.CON.PRVT.CD,Households and NPISHs Final consumption expenditure (current US$),,,https://api.worldbank.org/v2/country/IDN;MYS;VNM;THA;PHL;SGP;BRN;KHM;LAO;MMR;TLS/indicator/NE.CON.PRVT.CD?format=json&date=2000:2025&per_page=20000,raw/worldbank/a27bd6242409_NE.CON.PRVT.CD.json
Myanmar,MMR,2008,NE.CON.PRVT.CD,Households and NPISHs Final consumption expenditure (current US$),,,https://api.worldbank.org/v2/country/IDN;MYS;VNM;THA;PHL;SGP;BRN;KHM;LAO;MMR;TLS/indicator/NE.CON.PRVT.CD?format=json&date=2000:2025&per_page=20000,raw/worldbank/a27bd6242409_NE.CON.PRVT.CD.json
Myanmar,MMR,2007,NE.CON.PRVT.CD,Households and NPISHs Final consumption expenditure (current US$),,,https://api.worldbank.org/v2/country/IDN;MYS;VNM;THA;PHL;SGP;BRN;KHM;LAO;MMR;TLS/indicator/NE.CON.PRVT.CD?format=json&date=2000:2025&per_page=20000,raw/worldbank/a27bd6242409_NE.CON.PRVT.CD.json
Myanmar,MMR,2006,NE.CON.PRVT.CD,Households and NPISHs Final consumption expenditure (current US$),,,https://api.worldbank.org/v2/country/IDN;MYS;VNM;THA;PHL;SGP;BRN;KHM;LAO;MMR;TLS/indicator/NE.CON.PRVT.CD?format=json&date=2000:2025&per_page=20000,raw/worldbank/a27bd6242409_NE.CON.PRVT.CD.json
Myanmar,MMR,2005,NE.CON.PRVT.CD,Households and NPISHs Final consumption expenditure (current US$),,,https://api.worldbank.org/v2/country/IDN;MYS;VNM;THA;PHL;SGP;BRN;KHM;LAO;MMR;TLS/indicator/NE.CON.PRVT.CD?format=json&date=2000:2025&per_page=20000,raw/worldbank/a27bd6242409_NE.CON.PRVT.CD.json
Myanmar,MMR,2004,NE.CON.PRVT.CD,Households and NPISHs Final consumption expenditure (current US$),,,https://api.worldbank.org/v2/country/IDN;MYS;VNM;THA;PHL;SGP;BRN;KHM;LAO;MMR;TLS/indicator/NE.CON.PRVT.CD?format=json&date=2000:2025&per_page=20000,raw/worldbank/a27bd6242409_NE.CON.PRVT.CD.json
Myanmar,MMR,2003,NE.CON.PRVT.CD,Households and NPISHs Final consumption expenditure (current US$),,,https://api.worldbank.org/v2/country/IDN;MYS;VNM;THA;PHL;SGP;BRN;KHM;LAO;MMR;TLS/indicator/NE.CON.PRVT.CD?format=json&date=2000:2025&per_page=20000,raw/worldbank/a27bd6242409_NE.CON.PRVT.CD.json
Myanmar,MMR,2002,NE.CON.PRVT.CD,Households and NPISHs Final consumption expenditure (current US$),,,https://api.worldbank.org/v2/country/IDN;MYS;VNM;THA;PHL;SGP;BRN;KHM;LAO;MMR;TLS/indicator/NE.CON.PRVT.CD?format=json&date=2000:2025&per_page=20000,raw/worldbank/a27bd6242409_NE.CON.PRVT.CD.json
Myanmar,MMR,2001,NE.CON.PRVT.CD,Households and NPISHs Final consumption expenditure (current US$),,,https://api.worldbank.org/v2/country/IDN;MYS;VNM;THA;PHL;SGP;BRN;KHM;LAO;MMR;TLS/indicator/NE.CON.PRVT.CD?format=json&date=2000:2025&per_page=20000,raw/worldbank/a27bd6242409_NE.CON.PRVT.CD.json
Myanmar,MMR,2000,NE.CON.PRVT.CD,Households and NPISHs Final consumption expenditure (current US$),,,https://api.worldbank.org/v2/country/IDN;MYS;VNM;THA;PHL;SGP;BRN;KHM;LAO;MMR;TLS/indicator/NE.CON.PRVT.CD?format=json&date=2000:2025&per_page=20000,raw/worldbank/a27bd6242409_NE.CON.PRVT.CD.json
Malaysia,MYS,2025,NE.CON.PRVT.CD,Households and NPISHs Final consumption expenditure (current US$),291011520801.863,,https://api.worldbank.org/v2/country/IDN;MYS;VNM;THA;PHL;SGP;BRN;KHM;LAO;MMR;TLS/indicator/NE.CON.PRVT.CD?format=json&date=2000:2025&per_page=20000,raw/worldbank/a27bd6242409_NE.CON.PRVT.CD.json
Malaysia,MYS,2024,NE.CON.PRVT.CD,Households and NPISHs Final consumption expenditure (current US$),256552030754.117,,https://api.worldbank.org/v2/country/IDN;MYS;VNM;THA;PHL;SGP;BRN;KHM;LAO;MMR;TLS/indicator/NE.CON.PRVT.CD?format=json&date=2000:2025&per_page=20000,raw/worldbank/a27bd6242409_NE.CON.PRVT.CD.json
Malaysia,MYS,2023,NE.CON.PRVT.CD,Households and NPISHs Final consumption expenditure (current US$),241825507173.033,,https://api.worldbank.org/v2/country/IDN;MYS;VNM;THA;PHL;SGP;BRN;KHM;LAO;MMR;TLS/indicator/NE.CON.PRVT.CD?format=json&date=2000:2025&per_page=20000,raw/worldbank/a27bd6242409_NE.CON.PRVT.CD.json
Malaysia,MYS,2022,NE.CON.PRVT.CD,Households and NPISHs Final consumption expenditure (current US$),234948922036.338,,https://api.worldbank.org/v2/country/IDN;MYS;VNM;THA;PHL;SGP;BRN;KHM;LAO;MMR;TLS/indicator/NE.CON.PRVT.CD?format=json&date=2000:2025&per_page=20000,raw/worldbank/a27bd6242409_NE.CON.PRVT.CD.json
Malaysia,MYS,2021,NE.CON.PRVT.CD,Households and NPISHs Final consumption expenditure (current US$),216822304116.19,,https://api.worldbank.org/v2/country/IDN;MYS;VNM;THA;PHL;SGP;BRN;KHM;LAO;MMR;TLS/indicator/NE.CON.PRVT.CD?format=json&date=2000:2025&per_page=20000,raw/worldbank/a27bd6242409_NE.CON.PRVT.CD.json
Malaysia,MYS,2020,NE.CON.PRVT.CD,Households and NPISHs Final consumption expenditure (current US$),205888852146.863,,https://api.worldbank.org/v2/country/IDN;MYS;VNM;THA;PHL;SGP;BRN;KHM;LAO;MMR;TLS/indicator/NE.CON.PRVT.CD?format=json&date=2000:2025&per_page=20000,raw/worldbank/a27bd6242409_NE.CON.PRVT.CD.json
Malaysia,MYS,2019,NE.CON.PRVT.CD,Households and NPISHs Final consumption expenditure (current US$),218272887190.493,,https://api.worldbank.org/v2/country/IDN;MYS;VNM;THA;PHL;SGP;BRN;KHM;LAO;MMR;TLS/indicator/NE.CON.PRVT.CD?format=json&date=2000:2025&per_page=20000,raw/worldbank/a27bd6242409_NE.CON.PRVT.CD.json
Malaysia,MYS,2018,NE.CON.PRVT.CD,Households and NPISHs Final consumption expenditure (current US$),206037423825.255,,https://api.worldbank.org/v2/country/IDN;MYS;VNM;THA;PHL;SGP;BRN;KHM;LAO;MMR;TLS/indicator/NE.CON.PRVT.CD?format=json&date=2000:2025&per_page=20000,raw/worldbank/a27bd6242409_NE.CON.PRVT.CD.json
Malaysia,MYS,2017,NE.CON.PRVT.CD,Households and NPISHs Final consumption expenditure (current US$),176760121345.695,,https://api.worldbank.org/v2/country/IDN;MYS;VNM;THA;PHL;SGP;BRN;KHM;LAO;MMR;TLS/indicator/NE.CON.PRVT.CD?format=json&date=2000:2025&per_page=20000,raw/worldbank/a27bd6242409_NE.CON.PRVT.CD.json
Malaysia,MYS,2016,NE.CON.PRVT.CD,Households and NPISHs Final consumption expenditure (current US$),165051280153.683,,https://api.worldbank.org/v2/country/IDN;MYS;VNM;THA;PHL;SGP;BRN;KHM;LAO;MMR;TLS/indicator/NE.CON.PRVT.CD?format=json&date=2000:2025&per_page=20000,raw/worldbank/a27bd6242409_NE.CON.PRVT.CD.json
Malaysia,MYS,2015,NE.CON.PRVT.CD,Households and NPISHs Final consumption expenditure (current US$),162616927333.648,,https://api.worldbank.org/v2/country/IDN;MYS;VNM;THA;PHL;SGP;BRN;KHM;LAO;MMR;TLS/indicator/NE.CON.PRVT.CD?format=json&date=2000:2025&per_page=20000,raw/worldbank/a27bd6242409_NE.CON.PRVT.CD.json
Malaysia,MYS,2014,NE.CON.PRVT.CD,Households and NPISHs Final consumption expenditure (current US$),177210452020.557,,https://api.worldbank.org/v2/country/IDN;MYS;VNM;THA;PHL;SGP;BRN;KHM;LAO;MMR;TLS/indicator/NE.CON.PRVT.CD?format=json&date=2000:2025&per_page=20000,raw/worldbank/a27bd6242409_NE.CON.PRVT.CD.json
Malaysia,MYS,2013,NE.CON.PRVT.CD,Households and NPISHs Final consumption expenditure (current US$),167491031953.001,,https://api.worldbank.org/v2/country/IDN;MYS;VNM;THA;PHL;SGP;BRN;KHM;LAO;MMR;TLS/indicator/NE.CON.PRVT.CD?format=json&date=2000:2025&per_page=20000,raw/worldbank/a27bd6242409_NE.CON.PRVT.CD.json
Malaysia,MYS,2012,NE.CON.PRVT.CD,Households and NPISHs Final consumption expenditure (current US$),156124658079.3,,https://api.worldbank.org/v2/country/IDN;MYS;VNM;THA;PHL;SGP;BRN;KHM;LAO;MMR;TLS/indicator/NE.CON.PRVT.CD?format=json&date=2000:2025&per_page=20000,raw/worldbank/a27bd6242409_NE.CON.PRVT.CD.json
Malaysia,MYS,2011,NE.CON.PRVT.CD,Households and NPISHs Final consumption expenditure (current US$),142921428508.403,,https://api.worldbank.org/v2/country/IDN;MYS;VNM;THA;PHL;SGP;BRN;KHM;LAO;MMR;TLS/indicator/NE.CON.PRVT.CD?format=json&date=2000:2025&per_page=20000,raw/worldbank/a27bd6242409_NE.CON.PRVT.CD.json
Malaysia,MYS,2010,NE.CON.PRVT.CD,Households and NPISHs Final consumption expenditure (current US$),122705782240.591,,https://api.worldbank.org/v2/country/IDN;MYS;VNM;THA;PHL;SGP;BRN;KHM;LAO;MMR;TLS/indicator/NE.CON.PRVT.CD?format=json&date=2000:2025&per_page=20000,raw/worldbank/a27bd6242409_NE.CON.PRVT.CD.json
Malaysia,MYS,2009,NE.CON.PRVT.CD,Households and NPISHs Final consumption expenditure (current US$),98784991813.0301,,https://api.worldbank.org/v2/country/IDN;MYS;VNM;THA;PHL;SGP;BRN;KHM;LAO;MMR;TLS/indicator/NE.CON.PRVT.CD?format=json&date=2000:2025&per_page=20000,raw/worldbank/a27bd6242409_NE.CON.PRVT.CD.json
Malaysia,MYS,2008,NE.CON.PRVT.CD,Households and NPISHs Final consumption expenditure (current US$),103187119978.728,,https://api.worldbank.org/v2/country/IDN;MYS;VNM;THA;PHL;SGP;BRN;KHM;LAO;MMR;TLS/indicator/NE.CON.PRVT.CD?format=json&date=2000:2025&per_page=20000,raw/worldbank/a27bd6242409_NE.CON.PRVT.CD.json
Malaysia,MYS,2007,NE.CON.PRVT.CD,Households and NPISHs Final consumption expenditure (current US$),87392573065.4425,,https://api.worldbank.org/v2/country/IDN;MYS;VNM;THA;PHL;SGP;BRN;KHM;LAO;MMR;TLS/indicator/NE.CON.PRVT.CD?format=json&date=2000:2025&per_page=20000,raw/worldbank/a27bd6242409_NE.CON.PRVT.CD.json
Malaysia,MYS,2006,NE.CON.PRVT.CD,Households and NPISHs Final consumption expenditure (current US$),72129561905.0008,,https://api.worldbank.org/v2/country/IDN;MYS;VNM;THA;PHL;SGP;BRN;KHM;LAO;MMR;TLS/indicator/NE.CON.PRVT.CD?format=json&date=2000:2025&per_page=20000,raw/worldbank/a27bd6242409_NE.CON.PRVT.CD.json
Malaysia,MYS,2005,NE.CON.PRVT.CD,Households and NPISHs Final consumption expenditure (current US$),63422805677.813,,https://api.worldbank.org/v2/country/IDN;MYS;VNM;THA;PHL;SGP;BRN;KHM;LAO;MMR;TLS/indicator/NE.CON.PRVT.CD?format=json&date=2000:2025&per_page=20000,raw/worldbank/a27bd6242409_NE.CON.PRVT.CD.json
Malaysia,MYS,2004,NE.CON.PRVT.CD,Households and NPISHs Final consumption expenditure (current US$),54887105263.1579,,https://api.worldbank.org/v2/country/IDN;MYS;VNM;THA;PHL;SGP;BRN;KHM;LAO;MMR;TLS/indicator/NE.CON.PRVT.CD?format=json&date=2000:2025&per_page=20000,raw/worldbank/a27bd6242409_NE.CON.PRVT.CD.json
Malaysia,MYS,2003,NE.CON.PRVT.CD,Households and NPISHs Final consumption expenditure (current US$),49124736842.1053,,https://api.worldbank.org/v2/country/IDN;MYS;VNM;THA;PHL;SGP;BRN;KHM;LAO;MMR;TLS/indicator/NE.CON.PRVT.CD?format=json&date=2000:2025&per_page=20000,raw/worldbank/a27bd6242409_NE.CON.PRVT.CD.json
Malaysia,MYS,2002,NE.CON.PRVT.CD,Households and NPISHs Final consumption expenditure (current US$),45390789473.6842,,https://api.worldbank.org/v2/country/IDN;MYS;VNM;THA;PHL;SGP;BRN;KHM;LAO;MMR;TLS/indicator/NE.CON.PRVT.CD?format=json&date=2000:2025&per_page=20000,raw/worldbank/a27bd6242409_NE.CON.PRVT.CD.json
Malaysia,MYS,2001,NE.CON.PRVT.CD,Households and NPISHs Final consumption expenditure (current US$),42794210526.3158,,https://api.worldbank.org/v2/country/IDN;MYS;VNM;THA;PHL;SGP;BRN;KHM;LAO;MMR;TLS/indicator/NE.CON.PRVT.CD?format=json&date=2000:2025&per_page=20000,raw/worldbank/a27bd6242409_NE.CON.PRVT.CD.json
Malaysia,MYS,2000,NE.CON.PRVT.CD,Households and NPISHs Final consumption expenditure (current US$),41037105263.1579,,https://api.worldbank.org/v2/country/IDN;MYS;VNM;THA;PHL;SGP;BRN;KHM;LAO;MMR;TLS/indicator/NE.CON.PRVT.CD?format=json&date=2000:2025&per_page=20000,raw/worldbank/a27bd6242409_NE.CON.PRVT.CD.json
Philippines,PHL,2025,NE.CON.PRVT.CD,Households and NPISHs Final consumption expenditure (current US$),372178564180.864,,https://api.worldbank.org/v2/country/IDN;MYS;VNM;THA;PHL;SGP;BRN;KHM;LAO;MMR;TLS/indicator/NE.CON.PRVT.CD?format=json&date=2000:2025&per_page=20000,raw/worldbank/a27bd6242409_NE.CON.PRVT.CD.json
Philippines,PHL,2024,NE.CON.PRVT.CD,Households and NPISHs Final consumption expenditure (current US$),351556524153.107,,https://api.worldbank.org/v2/country/IDN;MYS;VNM;THA;PHL;SGP;BRN;KHM;LAO;MMR;TLS/indicator/NE.CON.PRVT.CD?format=json&date=2000:2025&per_page=20000,raw/worldbank/a27bd6242409_NE.CON.PRVT.CD.json
Philippines,PHL,2023,NE.CON.PRVT.CD,Households and NPISHs Final consumption expenditure (current US$),334429914559.98,,https://api.worldbank.org/v2/country/IDN;MYS;VNM;THA;PHL;SGP;BRN;KHM;LAO;MMR;TLS/indicator/NE.CON.PRVT.CD?format=json&date=2000:2025&per_page=20000,raw/worldbank/a27bd6242409_NE.CON.PRVT.CD.json
Philippines,PHL,2022,NE.CON.PRVT.CD,Households and NPISHs Final consumption expenditure (current US$),307006689363.257,,https://api.worldbank.org/v2/country/IDN;MYS;VNM;THA;PHL;SGP;BRN;KHM;LAO;MMR;TLS/indicator/NE.CON.PRVT.CD?format=json&date=2000:2025&per_page=20000,raw/worldbank/a27bd6242409_NE.CON.PRVT.CD.json
Philippines,PHL,2021,NE.CON.PRVT.CD,Households and NPISHs Final consumption expenditure (current US$),296592543563.141,,https://api.worldbank.org/v2/country/IDN;MYS;VNM;THA;PHL;SGP;BRN;KHM;LAO;MMR;TLS/indicator/NE.CON.PRVT.CD?format=json&date=2000:2025&per_page=20000,raw/worldbank/a27bd6242409_NE.CON.PRVT.CD.json
Philippines,PHL,2020,NE.CON.PRVT.CD,Households and NPISHs Final consumption expenditure (current US$),271563141259.037,,https://api.worldbank.org/v2/country/IDN;MYS;VNM;THA;PHL;SGP;BRN;KHM;LAO;MMR;TLS/indicator/NE.CON.PRVT.CD?format=json&date=2000:2025&per_page=20000,raw/worldbank/a27bd6242409_NE.CON.PRVT.CD.json
Philippines,PHL,2019,NE.CON.PRVT.CD,Households and NPISHs Final consumption expenditure (current US$),275858995374.199,,https://api.worldbank.org/v2/country/IDN;MYS;VNM;THA;PHL;SGP;BRN;KHM;LAO;MMR;TLS/indicator/NE.CON.PRVT.CD?format=json&date=2000:2025&per_page=20000,raw/worldbank/a27bd6242409_NE.CON.PRVT.CD.json
Philippines,PHL,2018,NE.CON.PRVT.CD,Households and NPISHs Final consumption expenditure (current US$),251608899173.456,,https://api.worldbank.org/v2/country/IDN;MYS;VNM;THA;PHL;SGP;BRN;KHM;LAO;MMR;TLS/indicator/NE.CON.PRVT.CD?format=json&date=2000:2025&per_page=20000,raw/worldbank/a27bd6242409_NE.CON.PRVT.CD.json
Philippines,PHL,2017,NE.CON.PRVT.CD,Households and NPISHs Final consumption expenditure (current US$),237102808739.117,,https://api.worldbank.org/v2/country/IDN;MYS;VNM;THA;PHL;SGP;BRN;KHM;LAO;MMR;TLS/indicator/NE.CON.PRVT.CD?format=json&date=2000:2025&per_page=20000,raw/worldbank/a27bd6242409_NE.CON.PRVT.CD.json
Philippines,PHL,2016,NE.CON.PRVT.CD,Households and NPISHs Final consumption expenditure (current US$),231175324213.543,,https://api.worldbank.org/v2/country/IDN;MYS;VNM;THA;PHL;SGP;BRN;KHM;LAO;MMR;TLS/indicator/NE.CON.PRVT.CD?format=json&date=2000:2025&per_page=20000,raw/worldbank/a27bd6242409_NE.CON.PRVT.CD.json
Philippines,PHL,2015,NE.CON.PRVT.CD,Households and NPISHs Final consumption expenditure (current US$),222090173334.236,,https://api.worldbank.org/v2/country/IDN;MYS;VNM;THA;PHL;SGP;BRN;KHM;LAO;MMR;TLS/indicator/NE.CON.PRVT.CD?format=json&date=2000:2025&per_page=20000,raw/worldbank/a27bd6242409_NE.CON.PRVT.CD.json
Philippines,PHL,2014,NE.CON.PRVT.CD,Households and NPISHs Final consumption expenditure (current US$),212028490469.928,,https://api.worldbank.org/v2/country/IDN;MYS;VNM;THA;PHL;SGP;BRN;KHM;LAO;MMR;TLS/indicator/NE.CON.PRVT.CD?format=json&date=2000:2025&per_page=20000,raw/worldbank/a27bd6242409_NE.CON.PRVT.CD.json
Philippines,PHL,2013,NE.CON.PRVT.CD,Households and NPISHs Final consumption expenditure (current US$),204440591591.447,,https://api.worldbank.org/v2/country/IDN;MYS;VNM;THA;PHL;SGP;BRN;KHM;LAO;MMR;TLS/indicator/NE.CON.PRVT.CD?format=json&date=2000:2025&per_page=20000,raw/worldbank/a27bd6242409_NE.CON.PRVT.CD.json
Philippines,PHL,2012,NE.CON.PRVT.CD,Households and NPISHs Final consumption expenditure (current US$),190036403236.228,,https://api.worldbank.org/v2/country/IDN;MYS;VNM;THA;PHL;SGP;BRN;KHM;LAO;MMR;TLS/indicator/NE.CON.PRVT.CD?format=json&date=2000:2025&per_page=20000,raw/worldbank/a27bd6242409_NE.CON.PRVT.CD.json
Philippines,PHL,2011,NE.CON.PRVT.CD,Households and NPISHs Final consumption expenditure (current US$),168943830475.728,,https://api.worldbank.org/v2/country/IDN;MYS;VNM;THA;PHL;SGP;BRN;KHM;LAO;MMR;TLS/indicator/NE.CON.PRVT.CD?format=json&date=2000:2025&per_page=20000,raw/worldbank/a27bd6242409_NE.CON.PRVT.CD.json
Philippines,PHL,2010,NE.CON.PRVT.CD,Households and NPISHs Final consumption expenditure (current US$),146259236887.688,,https://api.worldbank.org/v2/country/IDN;MYS;VNM;THA;PHL;SGP;BRN;KHM;LAO;MMR;TLS/indicator/NE.CON.PRVT.CD?format=json&date=2000:2025&per_page=20000,raw/worldbank/a27bd6242409_NE.CON.PRVT.CD.json
Philippines,PHL,2009,NE.CON.PRVT.CD,Households and NPISHs Final consumption expenditure (current US$),128794550895.551,,https://api.worldbank.org/v2/country/IDN;MYS;VNM;THA;PHL;SGP;BRN;KHM;LAO;MMR;TLS/indicator/NE.CON.PRVT.CD?format=json&date=2000:2025&per_page=20000,raw/worldbank/a27bd6242409_NE.CON.PRVT.CD.json
Philippines,PHL,2008,NE.CON.PRVT.CD,Households and NPISHs Final consumption expenditure (current US$),132923480306.786,,https://api.worldbank.org/v2/country/IDN;MYS;VNM;THA;PHL;SGP;BRN;KHM;LAO;MMR;TLS/indicator/NE.CON.PRVT.CD?format=json&date=2000:2025&per_page=20000,raw/worldbank/a27bd6242409_NE.CON.PRVT.CD.json
Philippines,PHL,2007,NE.CON.PRVT.CD,Households and NPISHs Final consumption expenditure (current US$),112705793478.26,,https://api.worldbank.org/v2/country/IDN;MYS;VNM;THA;PHL;SGP;BRN;KHM;LAO;MMR;TLS/indicator/NE.CON.PRVT.CD?format=json&date=2000:2025&per_page=20000,raw/worldbank/a27bd6242409_NE.CON.PRVT.CD.json
Philippines,PHL,2006,NE.CON.PRVT.CD,Households and NPISHs Final consumption expenditure (current US$),93540728013.4321,,https://api.worldbank.org/v2/country/IDN;MYS;VNM;THA;PHL;SGP;BRN;KHM;LAO;MMR;TLS/indicator/NE.CON.PRVT.CD?format=json&date=2000:2025&per_page=20000,raw/worldbank/a27bd6242409_NE.CON.PRVT.CD.json
Philippines,PHL,2005,NE.CON.PRVT.CD,Households and NPISHs Final consumption expenditure (current US$),79441241675.7574,,https://api.worldbank.org/v2/country/IDN;MYS;VNM;THA;PHL;SGP;BRN;KHM;LAO;MMR;TLS/indicator/NE.CON.PRVT.CD?format=json&date=2000:2025&per_page=20000,raw/worldbank/a27bd6242409_NE.CON.PRVT.CD.json
Philippines,PHL,2004,NE.CON.PRVT.CD,Households and NPISHs Final consumption expenditure (current US$),69921159244.4007,,https://api.worldbank.org/v2/country/IDN;MYS;VNM;THA;PHL;SGP;BRN;KHM;LAO;MMR;TLS/indicator/NE.CON.PRVT.CD?format=json&date=2000:2025&per_page=20000,raw/worldbank/a27bd6242409_NE.CON.PRVT.CD.json
Philippines,PHL,2003,NE.CON.PRVT.CD,Households and NPISHs Final consumption expenditure (current US$),63977788233.0594,,https://api.worldbank.org/v2/country/IDN;MYS;VNM;THA;PHL;SGP;BRN;KHM;LAO;MMR;TLS/indicator/NE.CON.PRVT.CD?format=json&date=2000:2025&per_page=20000,raw/worldbank/a27bd6242409_NE.CON.PRVT.CD.json
Philippines,PHL,2002,NE.CON.PRVT.CD,Households and NPISHs Final consumption expenditure (current US$),61632271265.279,,https://api.worldbank.org/v2/country/IDN;MYS;VNM;THA;PHL;SGP;BRN;KHM;LAO;MMR;TLS/indicator/NE.CON.PRVT.CD?format=json&date=2000:2025&per_page=20000,raw/worldbank/a27bd6242409_NE.CON.PRVT.CD.json
Philippines,PHL,2001,NE.CON.PRVT.CD,Households and NPISHs Final consumption expenditure (current US$),57535524146.6409,,https://api.worldbank.org/v2/country/IDN;MYS;VNM;THA;PHL;SGP;BRN;KHM;LAO;MMR;TLS/indicator/NE.CON.PRVT.CD?format=json&date=2000:2025&per_page=20000,raw/worldbank/a27bd6242409_NE.CON.PRVT.CD.json
Philippines,PHL,2000,NE.CON.PRVT.CD,Households and NPISHs Final consumption expenditure (current US$),60006199043.95,,https://api.worldbank.org/v2/country/IDN;MYS;VNM;THA;PHL;SGP;BRN;KHM;LAO;MMR;TLS/indicator/NE.CON.PRVT.CD?format=json&date=2000:2025&per_page=20000,raw/worldbank/a27bd6242409_NE.CON.PRVT.CD.json
Singapore,SGP,2025,NE.CON.PRVT.CD,Households and NPISHs Final consumption expenditure (current US$),187736280546.101,,https://api.worldbank.org/v2/country/IDN;MYS;VNM;THA;PHL;SGP;BRN;KHM;LAO;MMR;TLS/indicator/NE.CON.PRVT.CD?format=json&date=2000:2025&per_page=20000,raw/worldbank/a27bd6242409_NE.CON.PRVT.CD.json
Singapore,SGP,2024,NE.CON.PRVT.CD,Households and NPISHs Final consumption expenditure (current US$),175783265343.694,,https://api.worldbank.org/v2/country/IDN;MYS;VNM;THA;PHL;SGP;BRN;KHM;LAO;MMR;TLS/indicator/NE.CON.PRVT.CD?format=json&date=2000:2025&per_page=20000,raw/worldbank/a27bd6242409_NE.CON.PRVT.CD.json
Singapore,SGP,2023,NE.CON.PRVT.CD,Households and NPISHs Final consumption expenditure (current US$),161089302909.589,,https://api.worldbank.org/v2/country/IDN;MYS;VNM;THA;PHL;SGP;BRN;KHM;LAO;MMR;TLS/indicator/NE.CON.PRVT.CD?format=json&date=2000:2025&per_page=20000,raw/worldbank/a27bd6242409_NE.CON.PRVT.CD.json
Singapore,SGP,2022,NE.CON.PRVT.CD,Households and NPISHs Final consumption expenditure (current US$),144500376087.917,,https://api.worldbank.org/v2/country/IDN;MYS;VNM;THA;PHL;SGP;BRN;KHM;LAO;MMR;TLS/indicator/NE.CON.PRVT.CD?format=json&date=2000:2025&per_page=20000,raw/worldbank/a27bd6242409_NE.CON.PRVT.CD.json
Singapore,SGP,2021,NE.CON.PRVT.CD,Households and NPISHs Final consumption expenditure (current US$),126952778710.263,,https://api.worldbank.org/v2/country/IDN;MYS;VNM;THA;PHL;SGP;BRN;KHM;LAO;MMR;TLS/indicator/NE.CON.PRVT.CD?format=json&date=2000:2025&per_page=20000,raw/worldbank/a27bd6242409_NE.CON.PRVT.CD.json
Singapore,SGP,2020,NE.CON.PRVT.CD,Households and NPISHs Final consumption expenditure (current US$),112910312217.791,,https://api.worldbank.org/v2/country/IDN;MYS;VNM;THA;PHL;SGP;BRN;KHM;LAO;MMR;TLS/indicator/NE.CON.PRVT.CD?format=json&date=2000:2025&per_page=20000,raw/worldbank/a27bd6242409_NE.CON.PRVT.CD.json
Singapore,SGP,2019,NE.CON.PRVT.CD,Households and NPISHs Final consumption expenditure (current US$),135075262542.902,,https://api.worldbank.org/v2/country/IDN;MYS;VNM;THA;PHL;SGP;BRN;KHM;LAO;MMR;TLS/indicator/NE.CON.PRVT.CD?format=json&date=2000:2025&per_page=20000,raw/worldbank/a27bd6242409_NE.CON.PRVT.CD.json
Singapore,SGP,2018,NE.CON.PRVT.CD,Households and NPISHs Final consumption expenditure (current US$),130834597380.568,,https://api.worldbank.org/v2/country/IDN;MYS;VNM;THA;PHL;SGP;BRN;KHM;LAO;MMR;TLS/indicator/NE.CON.PRVT.CD?format=json&date=2000:2025&per_page=20000,raw/worldbank/a27bd6242409_NE.CON.PRVT.CD.json
Singapore,SGP,2017,NE.CON.PRVT.CD,Households and NPISHs Final consumption expenditure (current US$),121315205387.693,,https://api.worldbank.org/v2/country/IDN;MYS;VNM;THA;PHL;SGP;BRN;KHM;LAO;MMR;TLS/indicator/NE.CON.PRVT.CD?format=json&date=2000:2025&per_page=20000,raw/worldbank/a27bd6242409_NE.CON.PRVT.CD.json
Singapore,SGP,2016,NE.CON.PRVT.CD,Households and NPISHs Final consumption expenditure (current US$),116553484284.997,,https://api.worldbank.org/v2/country/IDN;MYS;VNM;THA;PHL;SGP;BRN;KHM;LAO;MMR;TLS/indicator/NE.CON.PRVT.CD?format=json&date=2000:2025&per_page=20000,raw/worldbank/a27bd6242409_NE.CON.PRVT.CD.json
Singapore,SGP,2015,NE.CON.PRVT.CD,Households and NPISHs Final consumption expenditure (current US$),114446347716.982,,https://api.worldbank.org/v2/country/IDN;MYS;VNM;THA;PHL;SGP;BRN;KHM;LAO;MMR;TLS/indicator/NE.CON.PRVT.CD?format=json&date=2000:2025&per_page=20000,raw/worldbank/a27bd6242409_NE.CON.PRVT.CD.json
Singapore,SGP,2014,NE.CON.PRVT.CD,Households and NPISHs Final consumption expenditure (current US$),118339528826.802,,https://api.worldbank.org/v2/country/IDN;MYS;VNM;THA;PHL;SGP;BRN;KHM;LAO;MMR;TLS/indicator/NE.CON.PRVT.CD?format=json&date=2000:2025&per_page=20000,raw/worldbank/a27bd6242409_NE.CON.PRVT.CD.json
Singapore,SGP,2013,NE.CON.PRVT.CD,Households and NPISHs Final consumption expenditure (current US$),114828897946.136,,https://api.worldbank.org/v2/country/IDN;MYS;VNM;THA;PHL;SGP;BRN;KHM;LAO;MMR;TLS/indicator/NE.CON.PRVT.CD?format=json&date=2000:2025&per_page=20000,raw/worldbank/a27bd6242409_NE.CON.PRVT.CD.json
Singapore,SGP,2012,NE.CON.PRVT.CD,Households and NPISHs Final consumption expenditure (current US$),110087494678.621,,https://api.worldbank.org/v2/country/IDN;MYS;VNM;THA;PHL;SGP;BRN;KHM;LAO;MMR;TLS/indicator/NE.CON.PRVT.CD?format=json&date=2000:2025&per_page=20000,raw/worldbank/a27bd6242409_NE.CON.PRVT.CD.json
Singapore,SGP,2011,NE.CON.PRVT.CD,Households and NPISHs Final consumption expenditure (current US$),102288086272.913,,https://api.worldbank.org/v2/country/IDN;MYS;VNM;THA;PHL;SGP;BRN;KHM;LAO;MMR;TLS/indicator/NE.CON.PRVT.CD?format=json&date=2000:2025&per_page=20000,raw/worldbank/a27bd6242409_NE.CON.PRVT.CD.json
Singapore,SGP,2010,NE.CON.PRVT.CD,Households and NPISHs Final consumption expenditure (current US$),87141036209.5419,,https://api.worldbank.org/v2/country/IDN;MYS;VNM;THA;PHL;SGP;BRN;KHM;LAO;MMR;TLS/indicator/NE.CON.PRVT.CD?format=json&date=2000:2025&per_page=20000,raw/worldbank/a27bd6242409_NE.CON.PRVT.CD.json
Singapore,SGP,2009,NE.CON.PRVT.CD,Households and NPISHs Final consumption expenditure (current US$),75918433292.1971,,https://api.worldbank.org/v2/country/IDN;MYS;VNM;THA;PHL;SGP;BRN;KHM;LAO;MMR;TLS/indicator/NE.CON.PRVT.CD?format=json&date=2000:2025&per_page=20000,raw/worldbank/a27bd6242409_NE.CON.PRVT.CD.json
Singapore,SGP,2008,NE.CON.PRVT.CD,Households and NPISHs Final consumption expenditure (current US$),77351909480.8607,,https://api.worldbank.org/v2/country/IDN;MYS;VNM;THA;PHL;SGP;BRN;KHM;LAO;MMR;TLS/indicator/NE.CON.PRVT.CD?format=json&date=2000:2025&per_page=20000,raw/worldbank/a27bd6242409_NE.CON.PRVT.CD.json
Singapore,SGP,2007,NE.CON.PRVT.CD,Households and NPISHs Final consumption expenditure (current US$),66524959823.5554,,https://api.worldbank.org/v2/country/IDN;MYS;VNM;THA;PHL;SGP;BRN;KHM;LAO;MMR;TLS/indicator/NE.CON.PRVT.CD?format=json&date=2000:2025&per_page=20000,raw/worldbank/a27bd6242409_NE.CON.PRVT.CD.json
Singapore,SGP,2006,NE.CON.PRVT.CD,Households and NPISHs Final consumption expenditure (current US$),56636057026.9483,,https://api.worldbank.org/v2/country/IDN;MYS;VNM;THA;PHL;SGP;BRN;KHM;LAO;MMR;TLS/indicator/NE.CON.PRVT.CD?format=json&date=2000:2025&per_page=20000,raw/worldbank/a27bd6242409_NE.CON.PRVT.CD.json
Singapore,SGP,2005,NE.CON.PRVT.CD,Households and NPISHs Final consumption expenditure (current US$),50928714723.7108,,https://api.worldbank.org/v2/country/IDN;MYS;VNM;THA;PHL;SGP;BRN;KHM;LAO;MMR;TLS/indicator/NE.CON.PRVT.CD?format=json&date=2000:2025&per_page=20000,raw/worldbank/a27bd6242409_NE.CON.PRVT.CD.json
Singapore,SGP,2004,NE.CON.PRVT.CD,Households and NPISHs Final consumption expenditure (current US$),48312298695.7972,,https://api.worldbank.org/v2/country/IDN;MYS;VNM;THA;PHL;SGP;BRN;KHM;LAO;MMR;TLS/indicator/NE.CON.PRVT.CD?format=json&date=2000:2025&per_page=20000,raw/worldbank/a27bd6242409_NE.CON.PRVT.CD.json
Singapore,SGP,2003,NE.CON.PRVT.CD,Households and NPISHs Final consumption expenditure (current US$),44463641305.1901,,https://api.worldbank.org/v2/country/IDN;MYS;VNM;THA;PHL;SGP;BRN;KHM;LAO;MMR;TLS/indicator/NE.CON.PRVT.CD?format=json&date=2000:2025&per_page=20000,raw/worldbank/a27bd6242409_NE.CON.PRVT.CD.json
Singapore,SGP,2002,NE.CON.PRVT.CD,Households and NPISHs Final consumption expenditure (current US$),42736520070.502,,https://api.worldbank.org/v2/country/IDN;MYS;VNM;THA;PHL;SGP;BRN;KHM;LAO;MMR;TLS/indicator/NE.CON.PRVT.CD?format=json&date=2000:2025&per_page=20000,raw/worldbank/a27bd6242409_NE.CON.PRVT.CD.json
Singapore,SGP,2001,NE.CON.PRVT.CD,Households and NPISHs Final consumption expenditure (current US$),41525112977.8431,,https://api.worldbank.org/v2/country/IDN;MYS;VNM;THA;PHL;SGP;BRN;KHM;LAO;MMR;TLS/indicator/NE.CON.PRVT.CD?format=json&date=2000:2025&per_page=20000,raw/worldbank/a27bd6242409_NE.CON.PRVT.CD.json
Singapore,SGP,2000,NE.CON.PRVT.CD,Households and NPISHs Final consumption expenditure (current US$),40213044015.4458,,https://api.worldbank.org/v2/country/IDN;MYS;VNM;THA;PHL;SGP;BRN;KHM;LAO;MMR;TLS/indicator/NE.CON.PRVT.CD?format=json&date=2000:2025&per_page=20000,raw/worldbank/a27bd6242409_NE.CON.PRVT.CD.json
Thailand,THA,2025,NE.CON.PRVT.CD,Households and NPISHs Final consumption expenditure (current US$),337319874345.285,,https://api.worldbank.org/v2/country/IDN;MYS;VNM;THA;PHL;SGP;BRN;KHM;LAO;MMR;TLS/indicator/NE.CON.PRVT.CD?format=json&date=2000:2025&per_page=20000,raw/worldbank/a27bd6242409_NE.CON.PRVT.CD.json
Thailand,THA,2024,NE.CON.PRVT.CD,Households and NPISHs Final consumption expenditure (current US$),306165961598.976,,https://api.worldbank.org/v2/country/IDN;MYS;VNM;THA;PHL;SGP;BRN;KHM;LAO;MMR;TLS/indicator/NE.CON.PRVT.CD?format=json&date=2000:2025&per_page=20000,raw/worldbank/a27bd6242409_NE.CON.PRVT.CD.json
Thailand,THA,2023,NE.CON.PRVT.CD,Households and NPISHs Final consumption expenditure (current US$),295970808043.138,,https://api.worldbank.org/v2/country/IDN;MYS;VNM;THA;PHL;SGP;BRN;KHM;LAO;MMR;TLS/indicator/NE.CON.PRVT.CD?format=json&date=2000:2025&per_page=20000,raw/worldbank/a27bd6242409_NE.CON.PRVT.CD.json
Thailand,THA,2022,NE.CON.PRVT.CD,Households and NPISHs Final consumption expenditure (current US$),270572239802.518,,https://api.worldbank.org/v2/country/IDN;MYS;VNM;THA;PHL;SGP;BRN;KHM;LAO;MMR;TLS/indicator/NE.CON.PRVT.CD?format=json&date=2000:2025&per_page=20000,raw/worldbank/a27bd6242409_NE.CON.PRVT.CD.json
Thailand,THA,2021,NE.CON.PRVT.CD,Households and NPISHs Final consumption expenditure (current US$),264434481270.702,,https://api.worldbank.org/v2/country/IDN;MYS;VNM;THA;PHL;SGP;BRN;KHM;LAO;MMR;TLS/indicator/NE.CON.PRVT.CD?format=json&date=2000:2025&per_page=20000,raw/worldbank/a27bd6242409_NE.CON.PRVT.CD.json
Thailand,THA,2020,NE.CON.PRVT.CD,Households and NPISHs Final consumption expenditure (current US$),265483025913.896,,https://api.worldbank.org/v2/country/IDN;MYS;VNM;THA;PHL;SGP;BRN;KHM;LAO;MMR;TLS/indicator/NE.CON.PRVT.CD?format=json&date=2000:2025&per_page=20000,raw/worldbank/a27bd6242409_NE.CON.PRVT.CD.json
Thailand,THA,2019,NE.CON.PRVT.CD,Households and NPISHs Final consumption expenditure (current US$),270757912864.522,,https://api.worldbank.org/v2/country/IDN;MYS;VNM;THA;PHL;SGP;BRN;KHM;LAO;MMR;TLS/indicator/NE.CON.PRVT.CD?format=json&date=2000:2025&per_page=20000,raw/worldbank/a27bd6242409_NE.CON.PRVT.CD.json
Thailand,THA,2018,NE.CON.PRVT.CD,Households and NPISHs Final consumption expenditure (current US$),247744599496.147,,https://api.worldbank.org/v2/country/IDN;MYS;VNM;THA;PHL;SGP;BRN;KHM;LAO;MMR;TLS/indicator/NE.CON.PRVT.CD?format=json&date=2000:2025&per_page=20000,raw/worldbank/a27bd6242409_NE.CON.PRVT.CD.json
Thailand,THA,2017,NE.CON.PRVT.CD,Households and NPISHs Final consumption expenditure (current US$),223299328331.557,,https://api.worldbank.org/v2/country/IDN;MYS;VNM;THA;PHL;SGP;BRN;KHM;LAO;MMR;TLS/indicator/NE.CON.PRVT.CD?format=json&date=2000:2025&per_page=20000,raw/worldbank/a27bd6242409_NE.CON.PRVT.CD.json
Thailand,THA,2016,NE.CON.PRVT.CD,Households and NPISHs Final consumption expenditure (current US$),206722258198.524,,https://api.worldbank.org/v2/country/IDN;MYS;VNM;THA;PHL;SGP;BRN;KHM;LAO;MMR;TLS/indicator/NE.CON.PRVT.CD?format=json&date=2000:2025&per_page=20000,raw/worldbank/a27bd6242409_NE.CON.PRVT.CD.json
Thailand,THA,2015,NE.CON.PRVT.CD,Households and NPISHs Final consumption expenditure (current US$),206044362022.73,,https://api.worldbank.org/v2/country/IDN;MYS;VNM;THA;PHL;SGP;BRN;KHM;LAO;MMR;TLS/indicator/NE.CON.PRVT.CD?format=json&date=2000:2025&per_page=20000,raw/worldbank/a27bd6242409_NE.CON.PRVT.CD.json
Thailand,THA,2014,NE.CON.PRVT.CD,Households and NPISHs Final consumption expenditure (current US$),214244913143.488,,https://api.worldbank.org/v2/country/IDN;MYS;VNM;THA;PHL;SGP;BRN;KHM;LAO;MMR;TLS/indicator/NE.CON.PRVT.CD?format=json&date=2000:2025&per_page=20000,raw/worldbank/a27bd6242409_NE.CON.PRVT.CD.json
Thailand,THA,2013,NE.CON.PRVT.CD,Households and NPISHs Final consumption expenditure (current US$),220894789088.33,,https://api.worldbank.org/v2/country/IDN;MYS;VNM;THA;PHL;SGP;BRN;KHM;LAO;MMR;TLS/indicator/NE.CON.PRVT.CD?format=json&date=2000:2025&per_page=20000,raw/worldbank/a27bd6242409_NE.CON.PRVT.CD.json
Thailand,THA,2012,NE.CON.PRVT.CD,Households and NPISHs Final consumption expenditure (current US$),211772947170.121,,https://api.worldbank.org/v2/country/IDN;MYS;VNM;THA;PHL;SGP;BRN;KHM;LAO;MMR;TLS/indicator/NE.CON.PRVT.CD?format=json&date=2000:2025&per_page=20000,raw/worldbank/a27bd6242409_NE.CON.PRVT.CD.json
Thailand,THA,2011,NE.CON.PRVT.CD,Households and NPISHs Final consumption expenditure (current US$),196389099957.028,,https://api.worldbank.org/v2/country/IDN;MYS;VNM;THA;PHL;SGP;BRN;KHM;LAO;MMR;TLS/indicator/NE.CON.PRVT.CD?format=json&date=2000:2025&per_page=20000,raw/worldbank/a27bd6242409_NE.CON.PRVT.CD.json
Thailand,THA,2010,NE.CON.PRVT.CD,Households and NPISHs Final consumption expenditure (current US$),177973221678.356,,https://api.worldbank.org/v2/country/IDN;MYS;VNM;THA;PHL;SGP;BRN;KHM;LAO;MMR;TLS/indicator/NE.CON.PRVT.CD?format=json&date=2000:2025&per_page=20000,raw/worldbank/a27bd6242409_NE.CON.PRVT.CD.json
Thailand,THA,2009,NE.CON.PRVT.CD,Households and NPISHs Final consumption expenditure (current US$),149491943801.531,,https://api.worldbank.org/v2/country/IDN;MYS;VNM;THA;PHL;SGP;BRN;KHM;LAO;MMR;TLS/indicator/NE.CON.PRVT.CD?format=json&date=2000:2025&per_page=20000,raw/worldbank/a27bd6242409_NE.CON.PRVT.CD.json
Thailand,THA,2008,NE.CON.PRVT.CD,Households and NPISHs Final consumption expenditure (current US$),156296069248.736,,https://api.worldbank.org/v2/country/IDN;MYS;VNM;THA;PHL;SGP;BRN;KHM;LAO;MMR;TLS/indicator/NE.CON.PRVT.CD?format=json&date=2000:2025&per_page=20000,raw/worldbank/a27bd6242409_NE.CON.PRVT.CD.json
Thailand,THA,2007,NE.CON.PRVT.CD,Households and NPISHs Final consumption expenditure (current US$),138172141805.502,,https://api.worldbank.org/v2/country/IDN;MYS;VNM;THA;PHL;SGP;BRN;KHM;LAO;MMR;TLS/indicator/NE.CON.PRVT.CD?format=json&date=2000:2025&per_page=20000,raw/worldbank/a27bd6242409_NE.CON.PRVT.CD.json
Thailand,THA,2006,NE.CON.PRVT.CD,Households and NPISHs Final consumption expenditure (current US$),120749961795.823,,https://api.worldbank.org/v2/country/IDN;MYS;VNM;THA;PHL;SGP;BRN;KHM;LAO;MMR;TLS/indicator/NE.CON.PRVT.CD?format=json&date=2000:2025&per_page=20000,raw/worldbank/a27bd6242409_NE.CON.PRVT.CD.json
Thailand,THA,2005,NE.CON.PRVT.CD,Households and NPISHs Final consumption expenditure (current US$),105715172974.329,,https://api.worldbank.org/v2/country/IDN;MYS;VNM;THA;PHL;SGP;BRN;KHM;LAO;MMR;TLS/indicator/NE.CON.PRVT.CD?format=json&date=2000:2025&per_page=20000,raw/worldbank/a27bd6242409_NE.CON.PRVT.CD.json
Thailand,THA,2004,NE.CON.PRVT.CD,Households and NPISHs Final consumption expenditure (current US$),96605213784.4035,,https://api.worldbank.org/v2/country/IDN;MYS;VNM;THA;PHL;SGP;BRN;KHM;LAO;MMR;TLS/indicator/NE.CON.PRVT.CD?format=json&date=2000:2025&per_page=20000,raw/worldbank/a27bd6242409_NE.CON.PRVT.CD.json
Thailand,THA,2003,NE.CON.PRVT.CD,Households and NPISHs Final consumption expenditure (current US$),84715642909.2741,,https://api.worldbank.org/v2/country/IDN;MYS;VNM;THA;PHL;SGP;BRN;KHM;LAO;MMR;TLS/indicator/NE.CON.PRVT.CD?format=json&date=2000:2025&per_page=20000,raw/worldbank/a27bd6242409_NE.CON.PRVT.CD.json
Thailand,THA,2002,NE.CON.PRVT.CD,Households and NPISHs Final consumption expenditure (current US$),74748505490.5504,,https://api.worldbank.org/v2/country/IDN;MYS;VNM;THA;PHL;SGP;BRN;KHM;LAO;MMR;TLS/indicator/NE.CON.PRVT.CD?format=json&date=2000:2025&per_page=20000,raw/worldbank/a27bd6242409_NE.CON.PRVT.CD.json
Thailand,THA,2001,NE.CON.PRVT.CD,Households and NPISHs Final consumption expenditure (current US$),67369390010.3304,,https://api.worldbank.org/v2/country/IDN;MYS;VNM;THA;PHL;SGP;BRN;KHM;LAO;MMR;TLS/indicator/NE.CON.PRVT.CD?format=json&date=2000:2025&per_page=20000,raw/worldbank/a27bd6242409_NE.CON.PRVT.CD.json
Thailand,THA,2000,NE.CON.PRVT.CD,Households and NPISHs Final consumption expenditure (current US$),68420833638.4181,,https://api.worldbank.org/v2/country/IDN;MYS;VNM;THA;PHL;SGP;BRN;KHM;LAO;MMR;TLS/indicator/NE.CON.PRVT.CD?format=json&date=2000:2025&per_page=20000,raw/worldbank/a27bd6242409_NE.CON.PRVT.CD.json
Timor-Leste,TLS,2025,NE.CON.PRVT.CD,Households and NPISHs Final consumption expenditure (current US$),,,https://api.worldbank.org/v2/country/IDN;MYS;VNM;THA;PHL;SGP;BRN;KHM;LAO;MMR;TLS/indicator/NE.CON.PRVT.CD?format=json&date=2000:2025&per_page=20000,raw/worldbank/a27bd6242409_NE.CON.PRVT.CD.json
Timor-Leste,TLS,2024,NE.CON.PRVT.CD,Households and NPISHs Final consumption expenditure (current US$),1560318400,,https://api.worldbank.org/v2/country/IDN;MYS;VNM;THA;PHL;SGP;BRN;KHM;LAO;MMR;TLS/indicator/NE.CON.PRVT.CD?format=json&date=2000:2025&per_page=20000,raw/worldbank/a27bd6242409_NE.CON.PRVT.CD.json
Timor-Leste,TLS,2023,NE.CON.PRVT.CD,Households and NPISHs Final consumption expenditure (current US$),1456861000,,https://api.worldbank.org/v2/country/IDN;MYS;VNM;THA;PHL;SGP;BRN;KHM;LAO;MMR;TLS/indicator/NE.CON.PRVT.CD?format=json&date=2000:2025&per_page=20000,raw/worldbank/a27bd6242409_NE.CON.PRVT.CD.json
Timor-Leste,TLS,2022,NE.CON.PRVT.CD,Households and NPISHs Final consumption expenditure (current US$),1369491200,,https://api.worldbank.org/v2/country/IDN;MYS;VNM;THA;PHL;SGP;BRN;KHM;LAO;MMR;TLS/indicator/NE.CON.PRVT.CD?format=json&date=2000:2025&per_page=20000,raw/worldbank/a27bd6242409_NE.CON.PRVT.CD.json
Timor-Leste,TLS,2021,NE.CON.PRVT.CD,Households and NPISHs Final consumption expenditure (current US$),1096212700,,https://api.worldbank.org/v2/country/IDN;MYS;VNM;THA;PHL;SGP;BRN;KHM;LAO;MMR;TLS/indicator/NE.CON.PRVT.CD?format=json&date=2000:2025&per_page=20000,raw/worldbank/a27bd6242409_NE.CON.PRVT.CD.json
Timor-Leste,TLS,2020,NE.CON.PRVT.CD,Households and NPISHs Final consumption expenditure (current US$),1091554300,,https://api.worldbank.org/v2/country/IDN;MYS;VNM;THA;PHL;SGP;BRN;KHM;LAO;MMR;TLS/indicator/NE.CON.PRVT.CD?format=json&date=2000:2025&per_page=20000,raw/worldbank/a27bd6242409_NE.CON.PRVT.CD.json
Timor-Leste,TLS,2019,NE.CON.PRVT.CD,Households and NPISHs Final consumption expenditure (current US$),1101377600,,https://api.worldbank.org/v2/country/IDN;MYS;VNM;THA;PHL;SGP;BRN;KHM;LAO;MMR;TLS/indicator/NE.CON.PRVT.CD?format=json&date=2000:2025&per_page=20000,raw/worldbank/a27bd6242409_NE.CON.PRVT.CD.json
Timor-Leste,TLS,2018,NE.CON.PRVT.CD,Households and NPISHs Final consumption expenditure (current US$),1032447900,,https://api.worldbank.org/v2/country/IDN;MYS;VNM;THA;PHL;SGP;BRN;KHM;LAO;MMR;TLS/indicator/NE.CON.PRVT.CD?format=json&date=2000:2025&per_page=20000,raw/worldbank/a27bd6242409_NE.CON.PRVT.CD.json
Timor-Leste,TLS,2017,NE.CON.PRVT.CD,Households and NPISHs Final consumption expenditure (current US$),998466900,,https://api.worldbank.org/v2/country/IDN;MYS;VNM;THA;PHL;SGP;BRN;KHM;LAO;MMR;TLS/indicator/NE.CON.PRVT.CD?format=json&date=2000:2025&per_page=20000,raw/worldbank/a27bd6242409_NE.CON.PRVT.CD.json
Timor-Leste,TLS,2016,NE.CON.PRVT.CD,Households and NPISHs Final consumption expenditure (current US$),960343400,,https://api.worldbank.org/v2/country/IDN;MYS;VNM;THA;PHL;SGP;BRN;KHM;LAO;MMR;TLS/indicator/NE.CON.PRVT.CD?format=json&date=2000:2025&per_page=20000,raw/worldbank/a27bd6242409_NE.CON.PRVT.CD.json
Timor-Leste,TLS,2015,NE.CON.PRVT.CD,Households and NPISHs Final consumption expenditure (current US$),923691800,,https://api.worldbank.org/v2/country/IDN;MYS;VNM;THA;PHL;SGP;BRN;KHM;LAO;MMR;TLS/indicator/NE.CON.PRVT.CD?format=json&date=2000:2025&per_page=20000,raw/worldbank/a27bd6242409_NE.CON.PRVT.CD.json
Timor-Leste,TLS,2014,NE.CON.PRVT.CD,Households and NPISHs Final consumption expenditure (current US$),937692900,,https://api.worldbank.org/v2/country/IDN;MYS;VNM;THA;PHL;SGP;BRN;KHM;LAO;MMR;TLS/indicator/NE.CON.PRVT.CD?format=json&date=2000:2025&per_page=20000,raw/worldbank/a27bd6242409_NE.CON.PRVT.CD.json
Timor-Leste,TLS,2013,NE.CON.PRVT.CD,Households and NPISHs Final consumption expenditure (current US$),898001900,,https://api.worldbank.org/v2/country/IDN;MYS;VNM;THA;PHL;SGP;BRN;KHM;LAO;MMR;TLS/indicator/NE.CON.PRVT.CD?format=json&date=2000:2025&per_page=20000,raw/worldbank/a27bd6242409_NE.CON.PRVT.CD.json
Timor-Leste,TLS,2012,NE.CON.PRVT.CD,Households and NPISHs Final consumption expenditure (current US$),812762300,,https://api.worldbank.org/v2/country/IDN;MYS;VNM;THA;PHL;SGP;BRN;KHM;LAO;MMR;TLS/indicator/NE.CON.PRVT.CD?format=json&date=2000:2025&per_page=20000,raw/worldbank/a27bd6242409_NE.CON.PRVT.CD.json
Timor-Leste,TLS,2011,NE.CON.PRVT.CD,Households and NPISHs Final consumption expenditure (current US$),708023400,,https://api.worldbank.org/v2/country/IDN;MYS;VNM;THA;PHL;SGP;BRN;KHM;LAO;MMR;TLS/indicator/NE.CON.PRVT.CD?format=json&date=2000:2025&per_page=20000,raw/worldbank/a27bd6242409_NE.CON.PRVT.CD.json
Timor-Leste,TLS,2010,NE.CON.PRVT.CD,Households and NPISHs Final consumption expenditure (current US$),629594300,,https://api.worldbank.org/v2/country/IDN;MYS;VNM;THA;PHL;SGP;BRN;KHM;LAO;MMR;TLS/indicator/NE.CON.PRVT.CD?format=json&date=2000:2025&per_page=20000,raw/worldbank/a27bd6242409_NE.CON.PRVT.CD.json
Timor-Leste,TLS,2009,NE.CON.PRVT.CD,Households and NPISHs Final consumption expenditure (current US$),542049700,,https://api.worldbank.org/v2/country/IDN;MYS;VNM;THA;PHL;SGP;BRN;KHM;LAO;MMR;TLS/indicator/NE.CON.PRVT.CD?format=json&date=2000:2025&per_page=20000,raw/worldbank/a27bd6242409_NE.CON.PRVT.CD.json
Timor-Leste,TLS,2008,NE.CON.PRVT.CD,Households and NPISHs Final consumption expenditure (current US$),477528100,,https://api.worldbank.org/v2/country/IDN;MYS;VNM;THA;PHL;SGP;BRN;KHM;LAO;MMR;TLS/indicator/NE.CON.PRVT.CD?format=json&date=2000:2025&per_page=20000,raw/worldbank/a27bd6242409_NE.CON.PRVT.CD.json
Timor-Leste,TLS,2007,NE.CON.PRVT.CD,Households and NPISHs Final consumption expenditure (current US$),460894000,,https://api.worldbank.org/v2/country/IDN;MYS;VNM;THA;PHL;SGP;BRN;KHM;LAO;MMR;TLS/indicator/NE.CON.PRVT.CD?format=json&date=2000:2025&per_page=20000,raw/worldbank/a27bd6242409_NE.CON.PRVT.CD.json
Timor-Leste,TLS,2006,NE.CON.PRVT.CD,Households and NPISHs Final consumption expenditure (current US$),389643700,,https://api.worldbank.org/v2/country/IDN;MYS;VNM;THA;PHL;SGP;BRN;KHM;LAO;MMR;TLS/indicator/NE.CON.PRVT.CD?format=json&date=2000:2025&per_page=20000,raw/worldbank/a27bd6242409_NE.CON.PRVT.CD.json
Timor-Leste,TLS,2005,NE.CON.PRVT.CD,Households and NPISHs Final consumption expenditure (current US$),425134500,,https://api.worldbank.org/v2/country/IDN;MYS;VNM;THA;PHL;SGP;BRN;KHM;LAO;MMR;TLS/indicator/NE.CON.PRVT.CD?format=json&date=2000:2025&per_page=20000,raw/worldbank/a27bd6242409_NE.CON.PRVT.CD.json
Timor-Leste,TLS,2004,NE.CON.PRVT.CD,Households and NPISHs Final consumption expenditure (current US$),429424300,,https://api.worldbank.org/v2/country/IDN;MYS;VNM;THA;PHL;SGP;BRN;KHM;LAO;MMR;TLS/indicator/NE.CON.PRVT.CD?format=json&date=2000:2025&per_page=20000,raw/worldbank/a27bd6242409_NE.CON.PRVT.CD.json
Timor-Leste,TLS,2003,NE.CON.PRVT.CD,Households and NPISHs Final consumption expenditure (current US$),412034600,,https://api.worldbank.org/v2/country/IDN;MYS;VNM;THA;PHL;SGP;BRN;KHM;LAO;MMR;TLS/indicator/NE.CON.PRVT.CD?format=json&date=2000:2025&per_page=20000,raw/worldbank/a27bd6242409_NE.CON.PRVT.CD.json
Timor-Leste,TLS,2002,NE.CON.PRVT.CD,Households and NPISHs Final consumption expenditure (current US$),418521400,,https://api.worldbank.org/v2/country/IDN;MYS;VNM;THA;PHL;SGP;BRN;KHM;LAO;MMR;TLS/indicator/NE.CON.PRVT.CD?format=json&date=2000:2025&per_page=20000,raw/worldbank/a27bd6242409_NE.CON.PRVT.CD.json
Timor-Leste,TLS,2001,NE.CON.PRVT.CD,Households and NPISHs Final consumption expenditure (current US$),392460500,,https://api.worldbank.org/v2/country/IDN;MYS;VNM;THA;PHL;SGP;BRN;KHM;LAO;MMR;TLS/indicator/NE.CON.PRVT.CD?format=json&date=2000:2025&per_page=20000,raw/worldbank/a27bd6242409_NE.CON.PRVT.CD.json
Timor-Leste,TLS,2000,NE.CON.PRVT.CD,Households and NPISHs Final consumption expenditure (current US$),321279100,,https://api.worldbank.org/v2/country/IDN;MYS;VNM;THA;PHL;SGP;BRN;KHM;LAO;MMR;TLS/indicator/NE.CON.PRVT.CD?format=json&date=2000:2025&per_page=20000,raw/worldbank/a27bd6242409_NE.CON.PRVT.CD.json
Viet Nam,VNM,2025,NE.CON.PRVT.CD,Households and NPISHs Final consumption expenditure (current US$),273878118593.295,,https://api.worldbank.org/v2/country/IDN;MYS;VNM;THA;PHL;SGP;BRN;KHM;LAO;MMR;TLS/indicator/NE.CON.PRVT.CD?format=json&date=2000:2025&per_page=20000,raw/worldbank/a27bd6242409_NE.CON.PRVT.CD.json
Viet Nam,VNM,2024,NE.CON.PRVT.CD,Households and NPISHs Final consumption expenditure (current US$),255106205920.207,,https://api.worldbank.org/v2/country/IDN;MYS;VNM;THA;PHL;SGP;BRN;KHM;LAO;MMR;TLS/indicator/NE.CON.PRVT.CD?format=json&date=2000:2025&per_page=20000,raw/worldbank/a27bd6242409_NE.CON.PRVT.CD.json
Viet Nam,VNM,2023,NE.CON.PRVT.CD,Households and NPISHs Final consumption expenditure (current US$),234323207726.677,,https://api.worldbank.org/v2/country/IDN;MYS;VNM;THA;PHL;SGP;BRN;KHM;LAO;MMR;TLS/indicator/NE.CON.PRVT.CD?format=json&date=2000:2025&per_page=20000,raw/worldbank/a27bd6242409_NE.CON.PRVT.CD.json
Viet Nam,VNM,2022,NE.CON.PRVT.CD,Households and NPISHs Final consumption expenditure (current US$),226068833757.588,,https://api.worldbank.org/v2/country/IDN;MYS;VNM;THA;PHL;SGP;BRN;KHM;LAO;MMR;TLS/indicator/NE.CON.PRVT.CD?format=json&date=2000:2025&per_page=20000,raw/worldbank/a27bd6242409_NE.CON.PRVT.CD.json
Viet Nam,VNM,2021,NE.CON.PRVT.CD,Households and NPISHs Final consumption expenditure (current US$),203463215115.648,,https://api.worldbank.org/v2/country/IDN;MYS;VNM;THA;PHL;SGP;BRN;KHM;LAO;MMR;TLS/indicator/NE.CON.PRVT.CD?format=json&date=2000:2025&per_page=20000,raw/worldbank/a27bd6242409_NE.CON.PRVT.CD.json
Viet Nam,VNM,2020,NE.CON.PRVT.CD,Households and NPISHs Final consumption expenditure (current US$),193990716426.122,,https://api.worldbank.org/v2/country/IDN;MYS;VNM;THA;PHL;SGP;BRN;KHM;LAO;MMR;TLS/indicator/NE.CON.PRVT.CD?format=json&date=2000:2025&per_page=20000,raw/worldbank/a27bd6242409_NE.CON.PRVT.CD.json
Viet Nam,VNM,2019,NE.CON.PRVT.CD,Households and NPISHs Final consumption expenditure (current US$),190013330350.512,,https://api.worldbank.org/v2/country/IDN;MYS;VNM;THA;PHL;SGP;BRN;KHM;LAO;MMR;TLS/indicator/NE.CON.PRVT.CD?format=json&date=2000:2025&per_page=20000,raw/worldbank/a27bd6242409_NE.CON.PRVT.CD.json
Viet Nam,VNM,2018,NE.CON.PRVT.CD,Households and NPISHs Final consumption expenditure (current US$),176999133892.917,,https://api.worldbank.org/v2/country/IDN;MYS;VNM;THA;PHL;SGP;BRN;KHM;LAO;MMR;TLS/indicator/NE.CON.PRVT.CD?format=json&date=2000:2025&per_page=20000,raw/worldbank/a27bd6242409_NE.CON.PRVT.CD.json
Viet Nam,VNM,2017,NE.CON.PRVT.CD,Households and NPISHs Final consumption expenditure (current US$),163179276483.274,,https://api.worldbank.org/v2/country/IDN;MYS;VNM;THA;PHL;SGP;BRN;KHM;LAO;MMR;TLS/indicator/NE.CON.PRVT.CD?format=json&date=2000:2025&per_page=20000,raw/worldbank/a27bd6242409_NE.CON.PRVT.CD.json
Viet Nam,VNM,2016,NE.CON.PRVT.CD,Households and NPISHs Final consumption expenditure (current US$),151010489245.505,,https://api.worldbank.org/v2/country/IDN;MYS;VNM;THA;PHL;SGP;BRN;KHM;LAO;MMR;TLS/indicator/NE.CON.PRVT.CD?format=json&date=2000:2025&per_page=20000,raw/worldbank/a27bd6242409_NE.CON.PRVT.CD.json
Viet Nam,VNM,2015,NE.CON.PRVT.CD,Households and NPISHs Final consumption expenditure (current US$),141958257041.8,,https://api.worldbank.org/v2/country/IDN;MYS;VNM;THA;PHL;SGP;BRN;KHM;LAO;MMR;TLS/indicator/NE.CON.PRVT.CD?format=json&date=2000:2025&per_page=20000,raw/worldbank/a27bd6242409_NE.CON.PRVT.CD.json
Viet Nam,VNM,2014,NE.CON.PRVT.CD,Households and NPISHs Final consumption expenditure (current US$),133107276297.371,,https://api.worldbank.org/v2/country/IDN;MYS;VNM;THA;PHL;SGP;BRN;KHM;LAO;MMR;TLS/indicator/NE.CON.PRVT.CD?format=json&date=2000:2025&per_page=20000,raw/worldbank/a27bd6242409_NE.CON.PRVT.CD.json
Viet Nam,VNM,2013,NE.CON.PRVT.CD,Households and NPISHs Final consumption expenditure (current US$),121566006829.777,,https://api.worldbank.org/v2/country/IDN;MYS;VNM;THA;PHL;SGP;BRN;KHM;LAO;MMR;TLS/indicator/NE.CON.PRVT.CD?format=json&date=2000:2025&per_page=20000,raw/worldbank/a27bd6242409_NE.CON.PRVT.CD.json
Viet Nam,VNM,2012,NE.CON.PRVT.CD,Households and NPISHs Final consumption expenditure (current US$),108951134209.07,,https://api.worldbank.org/v2/country/IDN;MYS;VNM;THA;PHL;SGP;BRN;KHM;LAO;MMR;TLS/indicator/NE.CON.PRVT.CD?format=json&date=2000:2025&per_page=20000,raw/worldbank/a27bd6242409_NE.CON.PRVT.CD.json
Viet Nam,VNM,2011,NE.CON.PRVT.CD,Households and NPISHs Final consumption expenditure (current US$),97489448121.9225,,https://api.worldbank.org/v2/country/IDN;MYS;VNM;THA;PHL;SGP;BRN;KHM;LAO;MMR;TLS/indicator/NE.CON.PRVT.CD?format=json&date=2000:2025&per_page=20000,raw/worldbank/a27bd6242409_NE.CON.PRVT.CD.json
Viet Nam,VNM,2010,NE.CON.PRVT.CD,Households and NPISHs Final consumption expenditure (current US$),86016397397.6116,,https://api.worldbank.org/v2/country/IDN;MYS;VNM;THA;PHL;SGP;BRN;KHM;LAO;MMR;TLS/indicator/NE.CON.PRVT.CD?format=json&date=2000:2025&per_page=20000,raw/worldbank/a27bd6242409_NE.CON.PRVT.CD.json
Viet Nam,VNM,2009,NE.CON.PRVT.CD,Households and NPISHs Final consumption expenditure (current US$),72613240487.5963,,https://api.worldbank.org/v2/country/IDN;MYS;VNM;THA;PHL;SGP;BRN;KHM;LAO;MMR;TLS/indicator/NE.CON.PRVT.CD?format=json&date=2000:2025&per_page=20000,raw/worldbank/a27bd6242409_NE.CON.PRVT.CD.json
Viet Nam,VNM,2008,NE.CON.PRVT.CD,Households and NPISHs Final consumption expenditure (current US$),70257847843.0891,,https://api.worldbank.org/v2/country/IDN;MYS;VNM;THA;PHL;SGP;BRN;KHM;LAO;MMR;TLS/indicator/NE.CON.PRVT.CD?format=json&date=2000:2025&per_page=20000,raw/worldbank/a27bd6242409_NE.CON.PRVT.CD.json
Viet Nam,VNM,2007,NE.CON.PRVT.CD,Households and NPISHs Final consumption expenditure (current US$),52724893473.3509,,https://api.worldbank.org/v2/country/IDN;MYS;VNM;THA;PHL;SGP;BRN;KHM;LAO;MMR;TLS/indicator/NE.CON.PRVT.CD?format=json&date=2000:2025&per_page=20000,raw/worldbank/a27bd6242409_NE.CON.PRVT.CD.json
Viet Nam,VNM,2006,NE.CON.PRVT.CD,Households and NPISHs Final consumption expenditure (current US$),43200150053.9256,,https://api.worldbank.org/v2/country/IDN;MYS;VNM;THA;PHL;SGP;BRN;KHM;LAO;MMR;TLS/indicator/NE.CON.PRVT.CD?format=json&date=2000:2025&per_page=20000,raw/worldbank/a27bd6242409_NE.CON.PRVT.CD.json
Viet Nam,VNM,2005,NE.CON.PRVT.CD,Households and NPISHs Final consumption expenditure (current US$),37743246437.8558,,https://api.worldbank.org/v2/country/IDN;MYS;VNM;THA;PHL;SGP;BRN;KHM;LAO;MMR;TLS/indicator/NE.CON.PRVT.CD?format=json&date=2000:2025&per_page=20000,raw/worldbank/a27bd6242409_NE.CON.PRVT.CD.json
Viet Nam,VNM,2004,NE.CON.PRVT.CD,Households and NPISHs Final consumption expenditure (current US$),29563444684.3643,,https://api.worldbank.org/v2/country/IDN;MYS;VNM;THA;PHL;SGP;BRN;KHM;LAO;MMR;TLS/indicator/NE.CON.PRVT.CD?format=json&date=2000:2025&per_page=20000,raw/worldbank/a27bd6242409_NE.CON.PRVT.CD.json
Viet Nam,VNM,2003,NE.CON.PRVT.CD,Households and NPISHs Final consumption expenditure (current US$),26206442254.0087,,https://api.worldbank.org/v2/country/IDN;MYS;VNM;THA;PHL;SGP;BRN;KHM;LAO;MMR;TLS/indicator/NE.CON.PRVT.CD?format=json&date=2000:2025&per_page=20000,raw/worldbank/a27bd6242409_NE.CON.PRVT.CD.json
Viet Nam,VNM,2002,NE.CON.PRVT.CD,Households and NPISHs Final consumption expenditure (current US$),22824503419.6145,,https://api.worldbank.org/v2/country/IDN;MYS;VNM;THA;PHL;SGP;BRN;KHM;LAO;MMR;TLS/indicator/NE.CON.PRVT.CD?format=json&date=2000:2025&per_page=20000,raw/worldbank/a27bd6242409_NE.CON.PRVT.CD.json
Viet Nam,VNM,2001,NE.CON.PRVT.CD,Households and NPISHs Final consumption expenditure (current US$),21197994362.9116,,https://api.worldbank.org/v2/country/IDN;MYS;VNM;THA;PHL;SGP;BRN;KHM;LAO;MMR;TLS/indicator/NE.CON.PRVT.CD?format=json&date=2000:2025&per_page=20000,raw/worldbank/a27bd6242409_NE.CON.PRVT.CD.json
Viet Nam,VNM,2000,NE.CON.PRVT.CD,Households and NPISHs Final consumption expenditure (current US$),20716484150.2066,,https://api.worldbank.org/v2/country/IDN;MYS;VNM;THA;PHL;SGP;BRN;KHM;LAO;MMR;TLS/indicator/NE.CON.PRVT.CD?format=json&date=2000:2025&per_page=20000,raw/worldbank/a27bd6242409_NE.CON.PRVT.CD.json
Brunei Darussalam,BRN,2025,NV.SRV.TOTL.ZS,"Services, value added (% of GDP)",40.2422619019723,,https://api.worldbank.org/v2/country/IDN;MYS;VNM;THA;PHL;SGP;BRN;KHM;LAO;MMR;TLS/indicator/NV.SRV.TOTL.ZS?format=json&date=2000:2025&per_page=20000,raw/worldbank/af7e2d434315_NV.SRV.TOTL.ZS.json
Brunei Darussalam,BRN,2024,NV.SRV.TOTL.ZS,"Services, value added (% of GDP)",38.9532912458051,,https://api.worldbank.org/v2/country/IDN;MYS;VNM;THA;PHL;SGP;BRN;KHM;LAO;MMR;TLS/indicator/NV.SRV.TOTL.ZS?format=json&date=2000:2025&per_page=20000,raw/worldbank/af7e2d434315_NV.SRV.TOTL.ZS.json
Brunei Darussalam,BRN,2023,NV.SRV.TOTL.ZS,"Services, value added (% of GDP)",38.8386100018623,,https://api.worldbank.org/v2/country/IDN;MYS;VNM;THA;PHL;SGP;BRN;KHM;LAO;MMR;TLS/indicator/NV.SRV.TOTL.ZS?format=json&date=2000:2025&per_page=20000,raw/worldbank/af7e2d434315_NV.SRV.TOTL.ZS.json
Brunei Darussalam,BRN,2022,NV.SRV.TOTL.ZS,"Services, value added (% of GDP)",32.5201826668198,,https://api.worldbank.org/v2/country/IDN;MYS;VNM;THA;PHL;SGP;BRN;KHM;LAO;MMR;TLS/indicator/NV.SRV.TOTL.ZS?format=json&date=2000:2025&per_page=20000,raw/worldbank/af7e2d434315_NV.SRV.TOTL.ZS.json
Brunei Darussalam,BRN,2021,NV.SRV.TOTL.ZS,"Services, value added (% of GDP)",37.6286451425038,,https://api.worldbank.org/v2/country/IDN;MYS;VNM;THA;PHL;SGP;BRN;KHM;LAO;MMR;TLS/indicator/NV.SRV.TOTL.ZS?format=json&date=2000:2025&per_page=20000,raw/worldbank/af7e2d434315_NV.SRV.TOTL.ZS.json
Brunei Darussalam,BRN,2020,NV.SRV.TOTL.ZS,"Services, value added (% of GDP)",41.4503545662141,,https://api.worldbank.org/v2/country/IDN;MYS;VNM;THA;PHL;SGP;BRN;KHM;LAO;MMR;TLS/indicator/NV.SRV.TOTL.ZS?format=json&date=2000:2025&per_page=20000,raw/worldbank/af7e2d434315_NV.SRV.TOTL.ZS.json
Brunei Darussalam,BRN,2019,NV.SRV.TOTL.ZS,"Services, value added (% of GDP)",38.1775985820028,,https://api.worldbank.org/v2/country/IDN;MYS;VNM;THA;PHL;SGP;BRN;KHM;LAO;MMR;TLS/indicator/NV.SRV.TOTL.ZS?format=json&date=2000:2025&per_page=20000,raw/worldbank/af7e2d434315_NV.SRV.TOTL.ZS.json
Brunei Darussalam,BRN,2018,NV.SRV.TOTL.ZS,"Services, value added (% of GDP)",37.3375698653062,,https://api.worldbank.org/v2/country/IDN;MYS;VNM;THA;PHL;SGP;BRN;KHM;LAO;MMR;TLS/indicator/NV.SRV.TOTL.ZS?format=json&date=2000:2025&per_page=20000,raw/worldbank/af7e2d434315_NV.SRV.TOTL.ZS.json
Brunei Darussalam,BRN,2017,NV.SRV.TOTL.ZS,"Services, value added (% of GDP)",40.8510759470592,,https://api.worldbank.org/v2/country/IDN;MYS;VNM;THA;PHL;SGP;BRN;KHM;LAO;MMR;TLS/indicator/NV.SRV.TOTL.ZS?format=json&date=2000:2025&per_page=20000,raw/worldbank/af7e2d434315_NV.SRV.TOTL.ZS.json
Brunei Darussalam,BRN,2016,NV.SRV.TOTL.ZS,"Services, value added (% of GDP)",42.9760421304837,,https://api.worldbank.org/v2/country/IDN;MYS;VNM;THA;PHL;SGP;BRN;KHM;LAO;MMR;TLS/indicator/NV.SRV.TOTL.ZS?format=json&date=2000:2025&per_page=20000,raw/worldbank/af7e2d434315_NV.SRV.TOTL.ZS.json
Brunei Darussalam,BRN,2015,NV.SRV.TOTL.ZS,"Services, value added (% of GDP)",39.4304335816622,,https://api.worldbank.org/v2/country/IDN;MYS;VNM;THA;PHL;SGP;BRN;KHM;LAO;MMR;TLS/indicator/NV.SRV.TOTL.ZS?format=json&date=2000:2025&per_page=20000,raw/worldbank/af7e2d434315_NV.SRV.TOTL.ZS.json
Brunei Darussalam,BRN,2014,NV.SRV.TOTL.ZS,"Services, value added (% of GDP)",32.8360352519913,,https://api.worldbank.org/v2/country/IDN;MYS;VNM;THA;PHL;SGP;BRN;KHM;LAO;MMR;TLS/indicator/NV.SRV.TOTL.ZS?format=json&date=2000:2025&per_page=20000,raw/worldbank/af7e2d434315_NV.SRV.TOTL.ZS.json
Brunei Darussalam,BRN,2013,NV.SRV.TOTL.ZS,"Services, value added (% of GDP)",31.2458789469641,,https://api.worldbank.org/v2/country/IDN;MYS;VNM;THA;PHL;SGP;BRN;KHM;LAO;MMR;TLS/indicator/NV.SRV.TOTL.ZS?format=json&date=2000:2025&per_page=20000,raw/worldbank/af7e2d434315_NV.SRV.TOTL.ZS.json
Brunei Darussalam,BRN,2012,NV.SRV.TOTL.ZS,"Services, value added (% of GDP)",28.2803646984425,,https://api.worldbank.org/v2/country/IDN;MYS;VNM;THA;PHL;SGP;BRN;KHM;LAO;MMR;TLS/indicator/NV.SRV.TOTL.ZS?format=json&date=2000:2025&per_page=20000,raw/worldbank/af7e2d434315_NV.SRV.TOTL.ZS.json
Brunei Darussalam,BRN,2011,NV.SRV.TOTL.ZS,"Services, value added (% of GDP)",27.3573206532471,,https://api.worldbank.org/v2/country/IDN;MYS;VNM;THA;PHL;SGP;BRN;KHM;LAO;MMR;TLS/indicator/NV.SRV.TOTL.ZS?format=json&date=2000:2025&per_page=20000,raw/worldbank/af7e2d434315_NV.SRV.TOTL.ZS.json
Brunei Darussalam,BRN,2010,NV.SRV.TOTL.ZS,"Services, value added (% of GDP)",32.5030436816898,,https://api.worldbank.org/v2/country/IDN;MYS;VNM;THA;PHL;SGP;BRN;KHM;LAO;MMR;TLS/indicator/NV.SRV.TOTL.ZS?format=json&date=2000:2025&per_page=20000,raw/worldbank/af7e2d434315_NV.SRV.TOTL.ZS.json
Brunei Darussalam,BRN,2009,NV.SRV.TOTL.ZS,"Services, value added (% of GDP)",33.6143461570051,,https://api.worldbank.org/v2/country/IDN;MYS;VNM;THA;PHL;SGP;BRN;KHM;LAO;MMR;TLS/indicator/NV.SRV.TOTL.ZS?format=json&date=2000:2025&per_page=20000,raw/worldbank/af7e2d434315_NV.SRV.TOTL.ZS.json
Brunei Darussalam,BRN,2008,NV.SRV.TOTL.ZS,"Services, value added (% of GDP)",24.7654962427286,,https://api.worldbank.org/v2/country/IDN;MYS;VNM;THA;PHL;SGP;BRN;KHM;LAO;MMR;TLS/indicator/NV.SRV.TOTL.ZS?format=json&date=2000:2025&per_page=20000,raw/worldbank/af7e2d434315_NV.SRV.TOTL.ZS.json
Brunei Darussalam,BRN,2007,NV.SRV.TOTL.ZS,"Services, value added (% of GDP)",27.7682953911214,,https://api.worldbank.org/v2/country/IDN;MYS;VNM;THA;PHL;SGP;BRN;KHM;LAO;MMR;TLS/indicator/NV.SRV.TOTL.ZS?format=json&date=2000:2025&per_page=20000,raw/worldbank/af7e2d434315_NV.SRV.TOTL.ZS.json
Brunei Darussalam,BRN,2006,NV.SRV.TOTL.ZS,"Services, value added (% of GDP)",26.2087407606151,,https://api.worldbank.org/v2/country/IDN;MYS;VNM;THA;PHL;SGP;BRN;KHM;LAO;MMR;TLS/indicator/NV.SRV.TOTL.ZS?format=json&date=2000:2025&per_page=20000,raw/worldbank/af7e2d434315_NV.SRV.TOTL.ZS.json
Brunei Darussalam,BRN,2005,NV.SRV.TOTL.ZS,"Services, value added (% of GDP)",27.7621281199365,,https://api.worldbank.org/v2/country/IDN;MYS;VNM;THA;PHL;SGP;BRN;KHM;LAO;MMR;TLS/indicator/NV.SRV.TOTL.ZS?format=json&date=2000:2025&per_page=20000,raw/worldbank/af7e2d434315_NV.SRV.TOTL.ZS.json
Brunei Darussalam,BRN,2004,NV.SRV.TOTL.ZS,"Services, value added (% of GDP)",30.528204400637,,https://api.worldbank.org/v2/country/IDN;MYS;VNM;THA;PHL;SGP;BRN;KHM;LAO;MMR;TLS/indicator/NV.SRV.TOTL.ZS?format=json&date=2000:2025&per_page=20000,raw/worldbank/af7e2d434315_NV.SRV.TOTL.ZS.json
Brunei Darussalam,BRN,2003,NV.SRV.TOTL.ZS,"Services, value added (% of GDP)",34.1679873818669,,https://api.worldbank.org/v2/country/IDN;MYS;VNM;THA;PHL;SGP;BRN;KHM;LAO;MMR;TLS/indicator/NV.SRV.TOTL.ZS?format=json&date=2000:2025&per_page=20000,raw/worldbank/af7e2d434315_NV.SRV.TOTL.ZS.json
Brunei Darussalam,BRN,2002,NV.SRV.TOTL.ZS,"Services, value added (% of GDP)",37.6540737570955,,https://api.worldbank.org/v2/country/IDN;MYS;VNM;THA;PHL;SGP;BRN;KHM;LAO;MMR;TLS/indicator/NV.SRV.TOTL.ZS?format=json&date=2000:2025&per_page=20000,raw/worldbank/af7e2d434315_NV.SRV.TOTL.ZS.json
Brunei Darussalam,BRN,2001,NV.SRV.TOTL.ZS,"Services, value added (% of GDP)",37.9539611480668,,https://api.worldbank.org/v2/country/IDN;MYS;VNM;THA;PHL;SGP;BRN;KHM;LAO;MMR;TLS/indicator/NV.SRV.TOTL.ZS?format=json&date=2000:2025&per_page=20000,raw/worldbank/af7e2d434315_NV.SRV.TOTL.ZS.json
Brunei Darussalam,BRN,2000,NV.SRV.TOTL.ZS,"Services, value added (% of GDP)",34.5543710706822,,https://api.worldbank.org/v2/country/IDN;MYS;VNM;THA;PHL;SGP;BRN;KHM;LAO;MMR;TLS/indicator/NV.SRV.TOTL.ZS?format=json&date=2000:2025&per_page=20000,raw/worldbank/af7e2d434315_NV.SRV.TOTL.ZS.json
Indonesia,IDN,2025,NV.SRV.TOTL.ZS,"Services, value added (% of GDP)",43.941698402252,,https://api.worldbank.org/v2/country/IDN;MYS;VNM;THA;PHL;SGP;BRN;KHM;LAO;MMR;TLS/indicator/NV.SRV.TOTL.ZS?format=json&date=2000:2025&per_page=20000,raw/worldbank/af7e2d434315_NV.SRV.TOTL.ZS.json
Indonesia,IDN,2024,NV.SRV.TOTL.ZS,"Services, value added (% of GDP)",43.7709161521491,,https://api.worldbank.org/v2/country/IDN;MYS;VNM;THA;PHL;SGP;BRN;KHM;LAO;MMR;TLS/indicator/NV.SRV.TOTL.ZS?format=json&date=2000:2025&per_page=20000,raw/worldbank/af7e2d434315_NV.SRV.TOTL.ZS.json
Indonesia,IDN,2023,NV.SRV.TOTL.ZS,"Services, value added (% of GDP)",42.8792527670573,,https://api.worldbank.org/v2/country/IDN;MYS;VNM;THA;PHL;SGP;BRN;KHM;LAO;MMR;TLS/indicator/NV.SRV.TOTL.ZS?format=json&date=2000:2025&per_page=20000,raw/worldbank/af7e2d434315_NV.SRV.TOTL.ZS.json
Indonesia,IDN,2022,NV.SRV.TOTL.ZS,"Services, value added (% of GDP)",41.7909255847112,,https://api.worldbank.org/v2/country/IDN;MYS;VNM;THA;PHL;SGP;BRN;KHM;LAO;MMR;TLS/indicator/NV.SRV.TOTL.ZS?format=json&date=2000:2025&per_page=20000,raw/worldbank/af7e2d434315_NV.SRV.TOTL.ZS.json
Indonesia,IDN,2021,NV.SRV.TOTL.ZS,"Services, value added (% of GDP)",42.8228206251521,,https://api.worldbank.org/v2/country/IDN;MYS;VNM;THA;PHL;SGP;BRN;KHM;LAO;MMR;TLS/indicator/NV.SRV.TOTL.ZS?format=json&date=2000:2025&per_page=20000,raw/worldbank/af7e2d434315_NV.SRV.TOTL.ZS.json
Indonesia,IDN,2020,NV.SRV.TOTL.ZS,"Services, value added (% of GDP)",44.4134399516292,,https://api.worldbank.org/v2/country/IDN;MYS;VNM;THA;PHL;SGP;BRN;KHM;LAO;MMR;TLS/indicator/NV.SRV.TOTL.ZS?format=json&date=2000:2025&per_page=20000,raw/worldbank/af7e2d434315_NV.SRV.TOTL.ZS.json
Indonesia,IDN,2019,NV.SRV.TOTL.ZS,"Services, value added (% of GDP)",44.220745839176,,https://api.worldbank.org/v2/country/IDN;MYS;VNM;THA;PHL;SGP;BRN;KHM;LAO;MMR;TLS/indicator/NV.SRV.TOTL.ZS?format=json&date=2000:2025&per_page=20000,raw/worldbank/af7e2d434315_NV.SRV.TOTL.ZS.json
Indonesia,IDN,2018,NV.SRV.TOTL.ZS,"Services, value added (% of GDP)",43.4048373057688,,https://api.worldbank.org/v2/country/IDN;MYS;VNM;THA;PHL;SGP;BRN;KHM;LAO;MMR;TLS/indicator/NV.SRV.TOTL.ZS?format=json&date=2000:2025&per_page=20000,raw/worldbank/af7e2d434315_NV.SRV.TOTL.ZS.json
Indonesia,IDN,2017,NV.SRV.TOTL.ZS,"Services, value added (% of GDP)",43.6140553296427,,https://api.worldbank.org/v2/country/IDN;MYS;VNM;THA;PHL;SGP;BRN;KHM;LAO;MMR;TLS/indicator/NV.SRV.TOTL.ZS?format=json&date=2000:2025&per_page=20000,raw/worldbank/af7e2d434315_NV.SRV.TOTL.ZS.json
Indonesia,IDN,2016,NV.SRV.TOTL.ZS,"Services, value added (% of GDP)",43.6417488094502,,https://api.worldbank.org/v2/country/IDN;MYS;VNM;THA;PHL;SGP;BRN;KHM;LAO;MMR;TLS/indicator/NV.SRV.TOTL.ZS?format=json&date=2000:2025&per_page=20000,raw/worldbank/af7e2d434315_NV.SRV.TOTL.ZS.json
Indonesia,IDN,2015,NV.SRV.TOTL.ZS,"Services, value added (% of GDP)",43.3090809246806,,https://api.worldbank.org/v2/country/IDN;MYS;VNM;THA;PHL;SGP;BRN;KHM;LAO;MMR;TLS/indicator/NV.SRV.TOTL.ZS?format=json&date=2000:2025&per_page=20000,raw/worldbank/af7e2d434315_NV.SRV.TOTL.ZS.json
Indonesia,IDN,2014,NV.SRV.TOTL.ZS,"Services, value added (% of GDP)",42.2421853142869,,https://api.worldbank.org/v2/country/IDN;MYS;VNM;THA;PHL;SGP;BRN;KHM;LAO;MMR;TLS/indicator/NV.SRV.TOTL.ZS?format=json&date=2000:2025&per_page=20000,raw/worldbank/af7e2d434315_NV.SRV.TOTL.ZS.json
Indonesia,IDN,2013,NV.SRV.TOTL.ZS,"Services, value added (% of GDP)",41.5165374799893,,https://api.worldbank.org/v2/country/IDN;MYS;VNM;THA;PHL;SGP;BRN;KHM;LAO;MMR;TLS/indicator/NV.SRV.TOTL.ZS?format=json&date=2000:2025&per_page=20000,raw/worldbank/af7e2d434315_NV.SRV.TOTL.ZS.json
Indonesia,IDN,2012,NV.SRV.TOTL.ZS,"Services, value added (% of GDP)",40.8733748934867,,https://api.worldbank.org/v2/country/IDN;MYS;VNM;THA;PHL;SGP;BRN;KHM;LAO;MMR;TLS/indicator/NV.SRV.TOTL.ZS?format=json&date=2000:2025&per_page=20000,raw/worldbank/af7e2d434315_NV.SRV.TOTL.ZS.json
Indonesia,IDN,2011,NV.SRV.TOTL.ZS,"Services, value added (% of GDP)",40.5846042111279,,https://api.worldbank.org/v2/country/IDN;MYS;VNM;THA;PHL;SGP;BRN;KHM;LAO;MMR;TLS/indicator/NV.SRV.TOTL.ZS?format=json&date=2000:2025&per_page=20000,raw/worldbank/af7e2d434315_NV.SRV.TOTL.ZS.json
Indonesia,IDN,2010,NV.SRV.TOTL.ZS,"Services, value added (% of GDP)",40.6659902908934,,https://api.worldbank.org/v2/country/IDN;MYS;VNM;THA;PHL;SGP;BRN;KHM;LAO;MMR;TLS/indicator/NV.SRV.TOTL.ZS?format=json&date=2000:2025&per_page=20000,raw/worldbank/af7e2d434315_NV.SRV.TOTL.ZS.json
Indonesia,IDN,2009,NV.SRV.TOTL.ZS,"Services, value added (% of GDP)",37.0577298834625,,https://api.worldbank.org/v2/country/IDN;MYS;VNM;THA;PHL;SGP;BRN;KHM;LAO;MMR;TLS/indicator/NV.SRV.TOTL.ZS?format=json&date=2000:2025&per_page=20000,raw/worldbank/af7e2d434315_NV.SRV.TOTL.ZS.json
Indonesia,IDN,2008,NV.SRV.TOTL.ZS,"Services, value added (% of GDP)",37.457515026462,,https://api.worldbank.org/v2/country/IDN;MYS;VNM;THA;PHL;SGP;BRN;KHM;LAO;MMR;TLS/indicator/NV.SRV.TOTL.ZS?format=json&date=2000:2025&per_page=20000,raw/worldbank/af7e2d434315_NV.SRV.TOTL.ZS.json
Indonesia,IDN,2007,NV.SRV.TOTL.ZS,"Services, value added (% of GDP)",39.4841753758365,,https://api.worldbank.org/v2/country/IDN;MYS;VNM;THA;PHL;SGP;BRN;KHM;LAO;MMR;TLS/indicator/NV.SRV.TOTL.ZS?format=json&date=2000:2025&per_page=20000,raw/worldbank/af7e2d434315_NV.SRV.TOTL.ZS.json
Indonesia,IDN,2006,NV.SRV.TOTL.ZS,"Services, value added (% of GDP)",40.0826385396719,,https://api.worldbank.org/v2/country/IDN;MYS;VNM;THA;PHL;SGP;BRN;KHM;LAO;MMR;TLS/indicator/NV.SRV.TOTL.ZS?format=json&date=2000:2025&per_page=20000,raw/worldbank/af7e2d434315_NV.SRV.TOTL.ZS.json
Indonesia,IDN,2005,NV.SRV.TOTL.ZS,"Services, value added (% of GDP)",40.3323224888783,,https://api.worldbank.org/v2/country/IDN;MYS;VNM;THA;PHL;SGP;BRN;KHM;LAO;MMR;TLS/indicator/NV.SRV.TOTL.ZS?format=json&date=2000:2025&per_page=20000,raw/worldbank/af7e2d434315_NV.SRV.TOTL.ZS.json
Indonesia,IDN,2004,NV.SRV.TOTL.ZS,"Services, value added (% of GDP)",41.0366037289756,,https://api.worldbank.org/v2/country/IDN;MYS;VNM;THA;PHL;SGP;BRN;KHM;LAO;MMR;TLS/indicator/NV.SRV.TOTL.ZS?format=json&date=2000:2025&per_page=20000,raw/worldbank/af7e2d434315_NV.SRV.TOTL.ZS.json
Indonesia,IDN,2003,NV.SRV.TOTL.ZS,"Services, value added (% of GDP)",41.0650856896144,,https://api.worldbank.org/v2/country/IDN;MYS;VNM;THA;PHL;SGP;BRN;KHM;LAO;MMR;TLS/indicator/NV.SRV.TOTL.ZS?format=json&date=2000:2025&per_page=20000,raw/worldbank/af7e2d434315_NV.SRV.TOTL.ZS.json
Indonesia,IDN,2002,NV.SRV.TOTL.ZS,"Services, value added (% of GDP)",40.104784004948,,https://api.worldbank.org/v2/country/IDN;MYS;VNM;THA;PHL;SGP;BRN;KHM;LAO;MMR;TLS/indicator/NV.SRV.TOTL.ZS?format=json&date=2000:2025&per_page=20000,raw/worldbank/af7e2d434315_NV.SRV.TOTL.ZS.json
Indonesia,IDN,2001,NV.SRV.TOTL.ZS,"Services, value added (% of GDP)",38.4172452290621,,https://api.worldbank.org/v2/country/IDN;MYS;VNM;THA;PHL;SGP;BRN;KHM;LAO;MMR;TLS/indicator/NV.SRV.TOTL.ZS?format=json&date=2000:2025&per_page=20000,raw/worldbank/af7e2d434315_NV.SRV.TOTL.ZS.json
Indonesia,IDN,2000,NV.SRV.TOTL.ZS,"Services, value added (% of GDP)",33.3686365074031,,https://api.worldbank.org/v2/country/IDN;MYS;VNM;THA;PHL;SGP;BRN;KHM;LAO;MMR;TLS/indicator/NV.SRV.TOTL.ZS?format=json&date=2000:2025&per_page=20000,raw/worldbank/af7e2d434315_NV.SRV.TOTL.ZS.json
Cambodia,KHM,2025,NV.SRV.TOTL.ZS,"Services, value added (% of GDP)",34.9797740770508,,https://api.worldbank.org/v2/country/IDN;MYS;VNM;THA;PHL;SGP;BRN;KHM;LAO;MMR;TLS/indicator/NV.SRV.TOTL.ZS?format=json&date=2000:2025&per_page=20000,raw/worldbank/af7e2d434315_NV.SRV.TOTL.ZS.json
Cambodia,KHM,2024,NV.SRV.TOTL.ZS,"Services, value added (% of GDP)",35.5947222438947,,https://api.worldbank.org/v2/country/IDN;MYS;VNM;THA;PHL;SGP;BRN;KHM;LAO;MMR;TLS/indicator/NV.SRV.TOTL.ZS?format=json&date=2000:2025&per_page=20000,raw/worldbank/af7e2d434315_NV.SRV.TOTL.ZS.json
Cambodia,KHM,2023,NV.SRV.TOTL.ZS,"Services, value added (% of GDP)",36.1518032053909,,https://api.worldbank.org/v2/country/IDN;MYS;VNM;THA;PHL;SGP;BRN;KHM;LAO;MMR;TLS/indicator/NV.SRV.TOTL.ZS?format=json&date=2000:2025&per_page=20000,raw/worldbank/af7e2d434315_NV.SRV.TOTL.ZS.json
Cambodia,KHM,2022,NV.SRV.TOTL.ZS,"Services, value added (% of GDP)",36.3854761335897,,https://api.worldbank.org/v2/country/IDN;MYS;VNM;THA;PHL;SGP;BRN;KHM;LAO;MMR;TLS/indicator/NV.SRV.TOTL.ZS?format=json&date=2000:2025&per_page=20000,raw/worldbank/af7e2d434315_NV.SRV.TOTL.ZS.json
Cambodia,KHM,2021,NV.SRV.TOTL.ZS,"Services, value added (% of GDP)",36.4869248742341,,https://api.worldbank.org/v2/country/IDN;MYS;VNM;THA;PHL;SGP;BRN;KHM;LAO;MMR;TLS/indicator/NV.SRV.TOTL.ZS?format=json&date=2000:2025&per_page=20000,raw/worldbank/af7e2d434315_NV.SRV.TOTL.ZS.json
Cambodia,KHM,2020,NV.SRV.TOTL.ZS,"Services, value added (% of GDP)",39.1436352494164,,https://api.worldbank.org/v2/country/IDN;MYS;VNM;THA;PHL;SGP;BRN;KHM;LAO;MMR;TLS/indicator/NV.SRV.TOTL.ZS?format=json&date=2000:2025&per_page=20000,raw/worldbank/af7e2d434315_NV.SRV.TOTL.ZS.json
Cambodia,KHM,2019,NV.SRV.TOTL.ZS,"Services, value added (% of GDP)",39.1377249484506,,https://api.worldbank.org/v2/country/IDN;MYS;VNM;THA;PHL;SGP;BRN;KHM;LAO;MMR;TLS/indicator/NV.SRV.TOTL.ZS?format=json&date=2000:2025&per_page=20000,raw/worldbank/af7e2d434315_NV.SRV.TOTL.ZS.json
Cambodia,KHM,2018,NV.SRV.TOTL.ZS,"Services, value added (% of GDP)",40.2202510794724,,https://api.worldbank.org/v2/country/IDN;MYS;VNM;THA;PHL;SGP;BRN;KHM;LAO;MMR;TLS/indicator/NV.SRV.TOTL.ZS?format=json&date=2000:2025&per_page=20000,raw/worldbank/af7e2d434315_NV.SRV.TOTL.ZS.json
Cambodia,KHM,2017,NV.SRV.TOTL.ZS,"Services, value added (% of GDP)",41.4183127540152,,https://api.worldbank.org/v2/country/IDN;MYS;VNM;THA;PHL;SGP;BRN;KHM;LAO;MMR;TLS/indicator/NV.SRV.TOTL.ZS?format=json&date=2000:2025&per_page=20000,raw/worldbank/af7e2d434315_NV.SRV.TOTL.ZS.json
Cambodia,KHM,2016,NV.SRV.TOTL.ZS,"Services, value added (% of GDP)",41.7636314521345,,https://api.worldbank.org/v2/country/IDN;MYS;VNM;THA;PHL;SGP;BRN;KHM;LAO;MMR;TLS/indicator/NV.SRV.TOTL.ZS?format=json&date=2000:2025&per_page=20000,raw/worldbank/af7e2d434315_NV.SRV.TOTL.ZS.json
Cambodia,KHM,2015,NV.SRV.TOTL.ZS,"Services, value added (% of GDP)",42.2063048789912,,https://api.worldbank.org/v2/country/IDN;MYS;VNM;THA;PHL;SGP;BRN;KHM;LAO;MMR;TLS/indicator/NV.SRV.TOTL.ZS?format=json&date=2000:2025&per_page=20000,raw/worldbank/af7e2d434315_NV.SRV.TOTL.ZS.json
Cambodia,KHM,2014,NV.SRV.TOTL.ZS,"Services, value added (% of GDP)",41.6886643787156,,https://api.worldbank.org/v2/country/IDN;MYS;VNM;THA;PHL;SGP;BRN;KHM;LAO;MMR;TLS/indicator/NV.SRV.TOTL.ZS?format=json&date=2000:2025&per_page=20000,raw/worldbank/af7e2d434315_NV.SRV.TOTL.ZS.json
Cambodia,KHM,2013,NV.SRV.TOTL.ZS,"Services, value added (% of GDP)",40.4061547515332,,https://api.worldbank.org/v2/country/IDN;MYS;VNM;THA;PHL;SGP;BRN;KHM;LAO;MMR;TLS/indicator/NV.SRV.TOTL.ZS?format=json&date=2000:2025&per_page=20000,raw/worldbank/af7e2d434315_NV.SRV.TOTL.ZS.json
Cambodia,KHM,2012,NV.SRV.TOTL.ZS,"Services, value added (% of GDP)",39.4003358287519,,https://api.worldbank.org/v2/country/IDN;MYS;VNM;THA;PHL;SGP;BRN;KHM;LAO;MMR;TLS/indicator/NV.SRV.TOTL.ZS?format=json&date=2000:2025&per_page=20000,raw/worldbank/af7e2d434315_NV.SRV.TOTL.ZS.json
Cambodia,KHM,2011,NV.SRV.TOTL.ZS,"Services, value added (% of GDP)",39.0826288683331,,https://api.worldbank.org/v2/country/IDN;MYS;VNM;THA;PHL;SGP;BRN;KHM;LAO;MMR;TLS/indicator/NV.SRV.TOTL.ZS?format=json&date=2000:2025&per_page=20000,raw/worldbank/af7e2d434315_NV.SRV.TOTL.ZS.json
Cambodia,KHM,2010,NV.SRV.TOTL.ZS,"Services, value added (% of GDP)",39.7207719064236,,https://api.worldbank.org/v2/country/IDN;MYS;VNM;THA;PHL;SGP;BRN;KHM;LAO;MMR;TLS/indicator/NV.SRV.TOTL.ZS?format=json&date=2000:2025&per_page=20000,raw/worldbank/af7e2d434315_NV.SRV.TOTL.ZS.json
Cambodia,KHM,2009,NV.SRV.TOTL.ZS,"Services, value added (% of GDP)",39.7876010219043,,https://api.worldbank.org/v2/country/IDN;MYS;VNM;THA;PHL;SGP;BRN;KHM;LAO;MMR;TLS/indicator/NV.SRV.TOTL.ZS?format=json&date=2000:2025&per_page=20000,raw/worldbank/af7e2d434315_NV.SRV.TOTL.ZS.json
Cambodia,KHM,2008,NV.SRV.TOTL.ZS,"Services, value added (% of GDP)",39.4864614805622,,https://api.worldbank.org/v2/country/IDN;MYS;VNM;THA;PHL;SGP;BRN;KHM;LAO;MMR;TLS/indicator/NV.SRV.TOTL.ZS?format=json&date=2000:2025&per_page=20000,raw/worldbank/af7e2d434315_NV.SRV.TOTL.ZS.json
Cambodia,KHM,2007,NV.SRV.TOTL.ZS,"Services, value added (% of GDP)",39.1671077567889,,https://api.worldbank.org/v2/country/IDN;MYS;VNM;THA;PHL;SGP;BRN;KHM;LAO;MMR;TLS/indicator/NV.SRV.TOTL.ZS?format=json&date=2000:2025&per_page=20000,raw/worldbank/af7e2d434315_NV.SRV.TOTL.ZS.json
Cambodia,KHM,2006,NV.SRV.TOTL.ZS,"Services, value added (% of GDP)",39.1127580064829,,https://api.worldbank.org/v2/country/IDN;MYS;VNM;THA;PHL;SGP;BRN;KHM;LAO;MMR;TLS/indicator/NV.SRV.TOTL.ZS?format=json&date=2000:2025&per_page=20000,raw/worldbank/af7e2d434315_NV.SRV.TOTL.ZS.json
Cambodia,KHM,2005,NV.SRV.TOTL.ZS,"Services, value added (% of GDP)",39.3541365970232,,https://api.worldbank.org/v2/country/IDN;MYS;VNM;THA;PHL;SGP;BRN;KHM;LAO;MMR;TLS/indicator/NV.SRV.TOTL.ZS?format=json&date=2000:2025&per_page=20000,raw/worldbank/af7e2d434315_NV.SRV.TOTL.ZS.json
Cambodia,KHM,2004,NV.SRV.TOTL.ZS,"Services, value added (% of GDP)",39.4440355684958,,https://api.worldbank.org/v2/country/IDN;MYS;VNM;THA;PHL;SGP;BRN;KHM;LAO;MMR;TLS/indicator/NV.SRV.TOTL.ZS?format=json&date=2000:2025&per_page=20000,raw/worldbank/af7e2d434315_NV.SRV.TOTL.ZS.json
Cambodia,KHM,2003,NV.SRV.TOTL.ZS,"Services, value added (% of GDP)",38.7302502795091,,https://api.worldbank.org/v2/country/IDN;MYS;VNM;THA;PHL;SGP;BRN;KHM;LAO;MMR;TLS/indicator/NV.SRV.TOTL.ZS?format=json&date=2000:2025&per_page=20000,raw/worldbank/af7e2d434315_NV.SRV.TOTL.ZS.json
Cambodia,KHM,2002,NV.SRV.TOTL.ZS,"Services, value added (% of GDP)",38.9991210756479,,https://api.worldbank.org/v2/country/IDN;MYS;VNM;THA;PHL;SGP;BRN;KHM;LAO;MMR;TLS/indicator/NV.SRV.TOTL.ZS?format=json&date=2000:2025&per_page=20000,raw/worldbank/af7e2d434315_NV.SRV.TOTL.ZS.json
Cambodia,KHM,2001,NV.SRV.TOTL.ZS,"Services, value added (% of GDP)",38.0576690261835,,https://api.worldbank.org/v2/country/IDN;MYS;VNM;THA;PHL;SGP;BRN;KHM;LAO;MMR;TLS/indicator/NV.SRV.TOTL.ZS?format=json&date=2000:2025&per_page=20000,raw/worldbank/af7e2d434315_NV.SRV.TOTL.ZS.json
Cambodia,KHM,2000,NV.SRV.TOTL.ZS,"Services, value added (% of GDP)",36.7145633549895,,https://api.worldbank.org/v2/country/IDN;MYS;VNM;THA;PHL;SGP;BRN;KHM;LAO;MMR;TLS/indicator/NV.SRV.TOTL.ZS?format=json&date=2000:2025&per_page=20000,raw/worldbank/af7e2d434315_NV.SRV.TOTL.ZS.json
Lao PDR,LAO,2025,NV.SRV.TOTL.ZS,"Services, value added (% of GDP)",43.5657698488215,,https://api.worldbank.org/v2/country/IDN;MYS;VNM;THA;PHL;SGP;BRN;KHM;LAO;MMR;TLS/indicator/NV.SRV.TOTL.ZS?format=json&date=2000:2025&per_page=20000,raw/worldbank/af7e2d434315_NV.SRV.TOTL.ZS.json
Lao PDR,LAO,2024,NV.SRV.TOTL.ZS,"Services, value added (% of GDP)",43.534650358474,,https://api.worldbank.org/v2/country/IDN;MYS;VNM;THA;PHL;SGP;BRN;KHM;LAO;MMR;TLS/indicator/NV.SRV.TOTL.ZS?format=json&date=2000:2025&per_page=20000,raw/worldbank/af7e2d434315_NV.SRV.TOTL.ZS.json
Lao PDR,LAO,2023,NV.SRV.TOTL.ZS,"Services, value added (% of GDP)",43.9974165114598,,https://api.worldbank.org/v2/country/IDN;MYS;VNM;THA;PHL;SGP;BRN;KHM;LAO;MMR;TLS/indicator/NV.SRV.TOTL.ZS?format=json&date=2000:2025&per_page=20000,raw/worldbank/af7e2d434315_NV.SRV.TOTL.ZS.json
Lao PDR,LAO,2022,NV.SRV.TOTL.ZS,"Services, value added (% of GDP)",40.2787651580097,,https://api.worldbank.org/v2/country/IDN;MYS;VNM;THA;PHL;SGP;BRN;KHM;LAO;MMR;TLS/indicator/NV.SRV.TOTL.ZS?format=json&date=2000:2025&per_page=20000,raw/worldbank/af7e2d434315_NV.SRV.TOTL.ZS.json
Lao PDR,LAO,2021,NV.SRV.TOTL.ZS,"Services, value added (% of GDP)",38.8487055906363,,https://api.worldbank.org/v2/country/IDN;MYS;VNM;THA;PHL;SGP;BRN;KHM;LAO;MMR;TLS/indicator/NV.SRV.TOTL.ZS?format=json&date=2000:2025&per_page=20000,raw/worldbank/af7e2d434315_NV.SRV.TOTL.ZS.json
Lao PDR,LAO,2020,NV.SRV.TOTL.ZS,"Services, value added (% of GDP)",41.0498993391489,,https://api.worldbank.org/v2/country/IDN;MYS;VNM;THA;PHL;SGP;BRN;KHM;LAO;MMR;TLS/indicator/NV.SRV.TOTL.ZS?format=json&date=2000:2025&per_page=20000,raw/worldbank/af7e2d434315_NV.SRV.TOTL.ZS.json
Lao PDR,LAO,2019,NV.SRV.TOTL.ZS,"Services, value added (% of GDP)",41.5143522873285,,https://api.worldbank.org/v2/country/IDN;MYS;VNM;THA;PHL;SGP;BRN;KHM;LAO;MMR;TLS/indicator/NV.SRV.TOTL.ZS?format=json&date=2000:2025&per_page=20000,raw/worldbank/af7e2d434315_NV.SRV.TOTL.ZS.json
Lao PDR,LAO,2018,NV.SRV.TOTL.ZS,"Services, value added (% of GDP)",41.60838243206,,https://api.worldbank.org/v2/country/IDN;MYS;VNM;THA;PHL;SGP;BRN;KHM;LAO;MMR;TLS/indicator/NV.SRV.TOTL.ZS?format=json&date=2000:2025&per_page=20000,raw/worldbank/af7e2d434315_NV.SRV.TOTL.ZS.json
Lao PDR,LAO,2017,NV.SRV.TOTL.ZS,"Services, value added (% of GDP)",41.5278261302034,,https://api.worldbank.org/v2/country/IDN;MYS;VNM;THA;PHL;SGP;BRN;KHM;LAO;MMR;TLS/indicator/NV.SRV.TOTL.ZS?format=json&date=2000:2025&per_page=20000,raw/worldbank/af7e2d434315_NV.SRV.TOTL.ZS.json
Lao PDR,LAO,2016,NV.SRV.TOTL.ZS,"Services, value added (% of GDP)",42.4771231213113,,https://api.worldbank.org/v2/country/IDN;MYS;VNM;THA;PHL;SGP;BRN;KHM;LAO;MMR;TLS/indicator/NV.SRV.TOTL.ZS?format=json&date=2000:2025&per_page=20000,raw/worldbank/af7e2d434315_NV.SRV.TOTL.ZS.json
Lao PDR,LAO,2015,NV.SRV.TOTL.ZS,"Services, value added (% of GDP)",44.1689693992427,,https://api.worldbank.org/v2/country/IDN;MYS;VNM;THA;PHL;SGP;BRN;KHM;LAO;MMR;TLS/indicator/NV.SRV.TOTL.ZS?format=json&date=2000:2025&per_page=20000,raw/worldbank/af7e2d434315_NV.SRV.TOTL.ZS.json
Lao PDR,LAO,2014,NV.SRV.TOTL.ZS,"Services, value added (% of GDP)",44.1576786053302,,https://api.worldbank.org/v2/country/IDN;MYS;VNM;THA;PHL;SGP;BRN;KHM;LAO;MMR;TLS/indicator/NV.SRV.TOTL.ZS?format=json&date=2000:2025&per_page=20000,raw/worldbank/af7e2d434315_NV.SRV.TOTL.ZS.json
Lao PDR,LAO,2013,NV.SRV.TOTL.ZS,"Services, value added (% of GDP)",42.4921486144815,,https://api.worldbank.org/v2/country/IDN;MYS;VNM;THA;PHL;SGP;BRN;KHM;LAO;MMR;TLS/indicator/NV.SRV.TOTL.ZS?format=json&date=2000:2025&per_page=20000,raw/worldbank/af7e2d434315_NV.SRV.TOTL.ZS.json
Lao PDR,LAO,2012,NV.SRV.TOTL.ZS,"Services, value added (% of GDP)",40.1523222378494,,https://api.worldbank.org/v2/country/IDN;MYS;VNM;THA;PHL;SGP;BRN;KHM;LAO;MMR;TLS/indicator/NV.SRV.TOTL.ZS?format=json&date=2000:2025&per_page=20000,raw/worldbank/af7e2d434315_NV.SRV.TOTL.ZS.json
Lao PDR,LAO,2011,NV.SRV.TOTL.ZS,"Services, value added (% of GDP)",41.7741927844051,,https://api.worldbank.org/v2/country/IDN;MYS;VNM;THA;PHL;SGP;BRN;KHM;LAO;MMR;TLS/indicator/NV.SRV.TOTL.ZS?format=json&date=2000:2025&per_page=20000,raw/worldbank/af7e2d434315_NV.SRV.TOTL.ZS.json
Lao PDR,LAO,2010,NV.SRV.TOTL.ZS,"Services, value added (% of GDP)",43.5714766178165,,https://api.worldbank.org/v2/country/IDN;MYS;VNM;THA;PHL;SGP;BRN;KHM;LAO;MMR;TLS/indicator/NV.SRV.TOTL.ZS?format=json&date=2000:2025&per_page=20000,raw/worldbank/af7e2d434315_NV.SRV.TOTL.ZS.json
Lao PDR,LAO,2009,NV.SRV.TOTL.ZS,"Services, value added (% of GDP)",45.6988801729367,,https://api.worldbank.org/v2/country/IDN;MYS;VNM;THA;PHL;SGP;BRN;KHM;LAO;MMR;TLS/indicator/NV.SRV.TOTL.ZS?format=json&date=2000:2025&per_page=20000,raw/worldbank/af7e2d434315_NV.SRV.TOTL.ZS.json
Lao PDR,LAO,2008,NV.SRV.TOTL.ZS,"Services, value added (% of GDP)",44.1080874597489,,https://api.worldbank.org/v2/country/IDN;MYS;VNM;THA;PHL;SGP;BRN;KHM;LAO;MMR;TLS/indicator/NV.SRV.TOTL.ZS?format=json&date=2000:2025&per_page=20000,raw/worldbank/af7e2d434315_NV.SRV.TOTL.ZS.json
Lao PDR,LAO,2007,NV.SRV.TOTL.ZS,"Services, value added (% of GDP)",41.6699062812217,,https://api.worldbank.org/v2/country/IDN;MYS;VNM;THA;PHL;SGP;BRN;KHM;LAO;MMR;TLS/indicator/NV.SRV.TOTL.ZS?format=json&date=2000:2025&per_page=20000,raw/worldbank/af7e2d434315_NV.SRV.TOTL.ZS.json
Lao PDR,LAO,2006,NV.SRV.TOTL.ZS,"Services, value added (% of GDP)",38.1438717266097,,https://api.worldbank.org/v2/country/IDN;MYS;VNM;THA;PHL;SGP;BRN;KHM;LAO;MMR;TLS/indicator/NV.SRV.TOTL.ZS?format=json&date=2000:2025&per_page=20000,raw/worldbank/af7e2d434315_NV.SRV.TOTL.ZS.json
Lao PDR,LAO,2005,NV.SRV.TOTL.ZS,"Services, value added (% of GDP)",43.3904134909633,,https://api.worldbank.org/v2/country/IDN;MYS;VNM;THA;PHL;SGP;BRN;KHM;LAO;MMR;TLS/indicator/NV.SRV.TOTL.ZS?format=json&date=2000:2025&per_page=20000,raw/worldbank/af7e2d434315_NV.SRV.TOTL.ZS.json
Lao PDR,LAO,2004,NV.SRV.TOTL.ZS,"Services, value added (% of GDP)",44.0601141074548,,https://api.worldbank.org/v2/country/IDN;MYS;VNM;THA;PHL;SGP;BRN;KHM;LAO;MMR;TLS/indicator/NV.SRV.TOTL.ZS?format=json&date=2000:2025&per_page=20000,raw/worldbank/af7e2d434315_NV.SRV.TOTL.ZS.json
Lao PDR,LAO,2003,NV.SRV.TOTL.ZS,"Services, value added (% of GDP)",41.9337781300384,,https://api.worldbank.org/v2/country/IDN;MYS;VNM;THA;PHL;SGP;BRN;KHM;LAO;MMR;TLS/indicator/NV.SRV.TOTL.ZS?format=json&date=2000:2025&per_page=20000,raw/worldbank/af7e2d434315_NV.SRV.TOTL.ZS.json
Lao PDR,LAO,2002,NV.SRV.TOTL.ZS,"Services, value added (% of GDP)",42.0529397212505,,https://api.worldbank.org/v2/country/IDN;MYS;VNM;THA;PHL;SGP;BRN;KHM;LAO;MMR;TLS/indicator/NV.SRV.TOTL.ZS?format=json&date=2000:2025&per_page=20000,raw/worldbank/af7e2d434315_NV.SRV.TOTL.ZS.json
Lao PDR,LAO,2001,NV.SRV.TOTL.ZS,"Services, value added (% of GDP)",41.8364260116675,,https://api.worldbank.org/v2/country/IDN;MYS;VNM;THA;PHL;SGP;BRN;KHM;LAO;MMR;TLS/indicator/NV.SRV.TOTL.ZS?format=json&date=2000:2025&per_page=20000,raw/worldbank/af7e2d434315_NV.SRV.TOTL.ZS.json
Lao PDR,LAO,2000,NV.SRV.TOTL.ZS,"Services, value added (% of GDP)",42.2317010822793,,https://api.worldbank.org/v2/country/IDN;MYS;VNM;THA;PHL;SGP;BRN;KHM;LAO;MMR;TLS/indicator/NV.SRV.TOTL.ZS?format=json&date=2000:2025&per_page=20000,raw/worldbank/af7e2d434315_NV.SRV.TOTL.ZS.json
Myanmar,MMR,2025,NV.SRV.TOTL.ZS,"Services, value added (% of GDP)",38.5,,https://api.worldbank.org/v2/country/IDN;MYS;VNM;THA;PHL;SGP;BRN;KHM;LAO;MMR;TLS/indicator/NV.SRV.TOTL.ZS?format=json&date=2000:2025&per_page=20000,raw/worldbank/af7e2d434315_NV.SRV.TOTL.ZS.json
Myanmar,MMR,2024,NV.SRV.TOTL.ZS,"Services, value added (% of GDP)",38.5,,https://api.worldbank.org/v2/country/IDN;MYS;VNM;THA;PHL;SGP;BRN;KHM;LAO;MMR;TLS/indicator/NV.SRV.TOTL.ZS?format=json&date=2000:2025&per_page=20000,raw/worldbank/af7e2d434315_NV.SRV.TOTL.ZS.json
Myanmar,MMR,2023,NV.SRV.TOTL.ZS,"Services, value added (% of GDP)",39.6848439911869,,https://api.worldbank.org/v2/country/IDN;MYS;VNM;THA;PHL;SGP;BRN;KHM;LAO;MMR;TLS/indicator/NV.SRV.TOTL.ZS?format=json&date=2000:2025&per_page=20000,raw/worldbank/af7e2d434315_NV.SRV.TOTL.ZS.json
Myanmar,MMR,2022,NV.SRV.TOTL.ZS,"Services, value added (% of GDP)",39.4185141578482,,https://api.worldbank.org/v2/country/IDN;MYS;VNM;THA;PHL;SGP;BRN;KHM;LAO;MMR;TLS/indicator/NV.SRV.TOTL.ZS?format=json&date=2000:2025&per_page=20000,raw/worldbank/af7e2d434315_NV.SRV.TOTL.ZS.json
Myanmar,MMR,2021,NV.SRV.TOTL.ZS,"Services, value added (% of GDP)",39.9038198496963,,https://api.worldbank.org/v2/country/IDN;MYS;VNM;THA;PHL;SGP;BRN;KHM;LAO;MMR;TLS/indicator/NV.SRV.TOTL.ZS?format=json&date=2000:2025&per_page=20000,raw/worldbank/af7e2d434315_NV.SRV.TOTL.ZS.json
Myanmar,MMR,2020,NV.SRV.TOTL.ZS,"Services, value added (% of GDP)",40.0374319115209,,https://api.worldbank.org/v2/country/IDN;MYS;VNM;THA;PHL;SGP;BRN;KHM;LAO;MMR;TLS/indicator/NV.SRV.TOTL.ZS?format=json&date=2000:2025&per_page=20000,raw/worldbank/af7e2d434315_NV.SRV.TOTL.ZS.json
Myanmar,MMR,2019,NV.SRV.TOTL.ZS,"Services, value added (% of GDP)",40.7452311327275,,https://api.worldbank.org/v2/country/IDN;MYS;VNM;THA;PHL;SGP;BRN;KHM;LAO;MMR;TLS/indicator/NV.SRV.TOTL.ZS?format=json&date=2000:2025&per_page=20000,raw/worldbank/af7e2d434315_NV.SRV.TOTL.ZS.json
Myanmar,MMR,2018,NV.SRV.TOTL.ZS,"Services, value added (% of GDP)",40.960932093708,,https://api.worldbank.org/v2/country/IDN;MYS;VNM;THA;PHL;SGP;BRN;KHM;LAO;MMR;TLS/indicator/NV.SRV.TOTL.ZS?format=json&date=2000:2025&per_page=20000,raw/worldbank/af7e2d434315_NV.SRV.TOTL.ZS.json
Myanmar,MMR,2017,NV.SRV.TOTL.ZS,"Services, value added (% of GDP)",39.7949507833698,,https://api.worldbank.org/v2/country/IDN;MYS;VNM;THA;PHL;SGP;BRN;KHM;LAO;MMR;TLS/indicator/NV.SRV.TOTL.ZS?format=json&date=2000:2025&per_page=20000,raw/worldbank/af7e2d434315_NV.SRV.TOTL.ZS.json
Myanmar,MMR,2016,NV.SRV.TOTL.ZS,"Services, value added (% of GDP)",39.5618722429461,,https://api.worldbank.org/v2/country/IDN;MYS;VNM;THA;PHL;SGP;BRN;KHM;LAO;MMR;TLS/indicator/NV.SRV.TOTL.ZS?format=json&date=2000:2025&per_page=20000,raw/worldbank/af7e2d434315_NV.SRV.TOTL.ZS.json
Myanmar,MMR,2015,NV.SRV.TOTL.ZS,"Services, value added (% of GDP)",38.7594000921142,,https://api.worldbank.org/v2/country/IDN;MYS;VNM;THA;PHL;SGP;BRN;KHM;LAO;MMR;TLS/indicator/NV.SRV.TOTL.ZS?format=json&date=2000:2025&per_page=20000,raw/worldbank/af7e2d434315_NV.SRV.TOTL.ZS.json
Myanmar,MMR,2014,NV.SRV.TOTL.ZS,"Services, value added (% of GDP)",37.6804826288063,,https://api.worldbank.org/v2/country/IDN;MYS;VNM;THA;PHL;SGP;BRN;KHM;LAO;MMR;TLS/indicator/NV.SRV.TOTL.ZS?format=json&date=2000:2025&per_page=20000,raw/worldbank/af7e2d434315_NV.SRV.TOTL.ZS.json
Myanmar,MMR,2013,NV.SRV.TOTL.ZS,"Services, value added (% of GDP)",38.1040550388986,,https://api.worldbank.org/v2/country/IDN;MYS;VNM;THA;PHL;SGP;BRN;KHM;LAO;MMR;TLS/indicator/NV.SRV.TOTL.ZS?format=json&date=2000:2025&per_page=20000,raw/worldbank/af7e2d434315_NV.SRV.TOTL.ZS.json
Myanmar,MMR,2012,NV.SRV.TOTL.ZS,"Services, value added (% of GDP)",37.0367795009136,,https://api.worldbank.org/v2/country/IDN;MYS;VNM;THA;PHL;SGP;BRN;KHM;LAO;MMR;TLS/indicator/NV.SRV.TOTL.ZS?format=json&date=2000:2025&per_page=20000,raw/worldbank/af7e2d434315_NV.SRV.TOTL.ZS.json
Myanmar,MMR,2011,NV.SRV.TOTL.ZS,"Services, value added (% of GDP)",36.2121686668943,,https://api.worldbank.org/v2/country/IDN;MYS;VNM;THA;PHL;SGP;BRN;KHM;LAO;MMR;TLS/indicator/NV.SRV.TOTL.ZS?format=json&date=2000:2025&per_page=20000,raw/worldbank/af7e2d434315_NV.SRV.TOTL.ZS.json
Myanmar,MMR,2010,NV.SRV.TOTL.ZS,"Services, value added (% of GDP)",36.6788599743565,,https://api.worldbank.org/v2/country/IDN;MYS;VNM;THA;PHL;SGP;BRN;KHM;LAO;MMR;TLS/indicator/NV.SRV.TOTL.ZS?format=json&date=2000:2025&per_page=20000,raw/worldbank/af7e2d434315_NV.SRV.TOTL.ZS.json
Myanmar,MMR,2009,NV.SRV.TOTL.ZS,"Services, value added (% of GDP)",37.3598731111395,,https://api.worldbank.org/v2/country/IDN;MYS;VNM;THA;PHL;SGP;BRN;KHM;LAO;MMR;TLS/indicator/NV.SRV.TOTL.ZS?format=json&date=2000:2025&per_page=20000,raw/worldbank/af7e2d434315_NV.SRV.TOTL.ZS.json
Myanmar,MMR,2008,NV.SRV.TOTL.ZS,"Services, value added (% of GDP)",37.0590889399783,,https://api.worldbank.org/v2/country/IDN;MYS;VNM;THA;PHL;SGP;BRN;KHM;LAO;MMR;TLS/indicator/NV.SRV.TOTL.ZS?format=json&date=2000:2025&per_page=20000,raw/worldbank/af7e2d434315_NV.SRV.TOTL.ZS.json
Myanmar,MMR,2007,NV.SRV.TOTL.ZS,"Services, value added (% of GDP)",,,https://api.worldbank.org/v2/country/IDN;MYS;VNM;THA;PHL;SGP;BRN;KHM;LAO;MMR;TLS/indicator/NV.SRV.TOTL.ZS?format=json&date=2000:2025&per_page=20000,raw/worldbank/af7e2d434315_NV.SRV.TOTL.ZS.json
Myanmar,MMR,2006,NV.SRV.TOTL.ZS,"Services, value added (% of GDP)",,,https://api.worldbank.org/v2/country/IDN;MYS;VNM;THA;PHL;SGP;BRN;KHM;LAO;MMR;TLS/indicator/NV.SRV.TOTL.ZS?format=json&date=2000:2025&per_page=20000,raw/worldbank/af7e2d434315_NV.SRV.TOTL.ZS.json
Myanmar,MMR,2005,NV.SRV.TOTL.ZS,"Services, value added (% of GDP)",,,https://api.worldbank.org/v2/country/IDN;MYS;VNM;THA;PHL;SGP;BRN;KHM;LAO;MMR;TLS/indicator/NV.SRV.TOTL.ZS?format=json&date=2000:2025&per_page=20000,raw/worldbank/af7e2d434315_NV.SRV.TOTL.ZS.json
Myanmar,MMR,2004,NV.SRV.TOTL.ZS,"Services, value added (% of GDP)",,,https://api.worldbank.org/v2/country/IDN;MYS;VNM;THA;PHL;SGP;BRN;KHM;LAO;MMR;TLS/indicator/NV.SRV.TOTL.ZS?format=json&date=2000:2025&per_page=20000,raw/worldbank/af7e2d434315_NV.SRV.TOTL.ZS.json
Myanmar,MMR,2003,NV.SRV.TOTL.ZS,"Services, value added (% of GDP)",,,https://api.worldbank.org/v2/country/IDN;MYS;VNM;THA;PHL;SGP;BRN;KHM;LAO;MMR;TLS/indicator/NV.SRV.TOTL.ZS?format=json&date=2000:2025&per_page=20000,raw/worldbank/af7e2d434315_NV.SRV.TOTL.ZS.json
Myanmar,MMR,2002,NV.SRV.TOTL.ZS,"Services, value added (% of GDP)",,,https://api.worldbank.org/v2/country/IDN;MYS;VNM;THA;PHL;SGP;BRN;KHM;LAO;MMR;TLS/indicator/NV.SRV.TOTL.ZS?format=json&date=2000:2025&per_page=20000,raw/worldbank/af7e2d434315_NV.SRV.TOTL.ZS.json
Myanmar,MMR,2001,NV.SRV.TOTL.ZS,"Services, value added (% of GDP)",,,https://api.worldbank.org/v2/country/IDN;MYS;VNM;THA;PHL;SGP;BRN;KHM;LAO;MMR;TLS/indicator/NV.SRV.TOTL.ZS?format=json&date=2000:2025&per_page=20000,raw/worldbank/af7e2d434315_NV.SRV.TOTL.ZS.json
Myanmar,MMR,2000,NV.SRV.TOTL.ZS,"Services, value added (% of GDP)",,,https://api.worldbank.org/v2/country/IDN;MYS;VNM;THA;PHL;SGP;BRN;KHM;LAO;MMR;TLS/indicator/NV.SRV.TOTL.ZS?format=json&date=2000:2025&per_page=20000,raw/worldbank/af7e2d434315_NV.SRV.TOTL.ZS.json
Malaysia,MYS,2025,NV.SRV.TOTL.ZS,"Services, value added (% of GDP)",54.8285781709648,,https://api.worldbank.org/v2/country/IDN;MYS;VNM;THA;PHL;SGP;BRN;KHM;LAO;MMR;TLS/indicator/NV.SRV.TOTL.ZS?format=json&date=2000:2025&per_page=20000,raw/worldbank/af7e2d434315_NV.SRV.TOTL.ZS.json
Malaysia,MYS,2024,NV.SRV.TOTL.ZS,"Services, value added (% of GDP)",53.7203005018668,,https://api.worldbank.org/v2/country/IDN;MYS;VNM;THA;PHL;SGP;BRN;KHM;LAO;MMR;TLS/indicator/NV.SRV.TOTL.ZS?format=json&date=2000:2025&per_page=20000,raw/worldbank/af7e2d434315_NV.SRV.TOTL.ZS.json
Malaysia,MYS,2023,NV.SRV.TOTL.ZS,"Services, value added (% of GDP)",53.5466505609237,,https://api.worldbank.org/v2/country/IDN;MYS;VNM;THA;PHL;SGP;BRN;KHM;LAO;MMR;TLS/indicator/NV.SRV.TOTL.ZS?format=json&date=2000:2025&per_page=20000,raw/worldbank/af7e2d434315_NV.SRV.TOTL.ZS.json
Malaysia,MYS,2022,NV.SRV.TOTL.ZS,"Services, value added (% of GDP)",51.0158173538955,,https://api.worldbank.org/v2/country/IDN;MYS;VNM;THA;PHL;SGP;BRN;KHM;LAO;MMR;TLS/indicator/NV.SRV.TOTL.ZS?format=json&date=2000:2025&per_page=20000,raw/worldbank/af7e2d434315_NV.SRV.TOTL.ZS.json
Malaysia,MYS,2021,NV.SRV.TOTL.ZS,"Services, value added (% of GDP)",51.651935586827,,https://api.worldbank.org/v2/country/IDN;MYS;VNM;THA;PHL;SGP;BRN;KHM;LAO;MMR;TLS/indicator/NV.SRV.TOTL.ZS?format=json&date=2000:2025&per_page=20000,raw/worldbank/af7e2d434315_NV.SRV.TOTL.ZS.json
Malaysia,MYS,2020,NV.SRV.TOTL.ZS,"Services, value added (% of GDP)",54.7885939890947,,https://api.worldbank.org/v2/country/IDN;MYS;VNM;THA;PHL;SGP;BRN;KHM;LAO;MMR;TLS/indicator/NV.SRV.TOTL.ZS?format=json&date=2000:2025&per_page=20000,raw/worldbank/af7e2d434315_NV.SRV.TOTL.ZS.json
Malaysia,MYS,2019,NV.SRV.TOTL.ZS,"Services, value added (% of GDP)",54.1548750822015,,https://api.worldbank.org/v2/country/IDN;MYS;VNM;THA;PHL;SGP;BRN;KHM;LAO;MMR;TLS/indicator/NV.SRV.TOTL.ZS?format=json&date=2000:2025&per_page=20000,raw/worldbank/af7e2d434315_NV.SRV.TOTL.ZS.json
Malaysia,MYS,2018,NV.SRV.TOTL.ZS,"Services, value added (% of GDP)",52.9909917677737,,https://api.worldbank.org/v2/country/IDN;MYS;VNM;THA;PHL;SGP;BRN;KHM;LAO;MMR;TLS/indicator/NV.SRV.TOTL.ZS?format=json&date=2000:2025&per_page=20000,raw/worldbank/af7e2d434315_NV.SRV.TOTL.ZS.json
Malaysia,MYS,2017,NV.SRV.TOTL.ZS,"Services, value added (% of GDP)",51.8821117066805,,https://api.worldbank.org/v2/country/IDN;MYS;VNM;THA;PHL;SGP;BRN;KHM;LAO;MMR;TLS/indicator/NV.SRV.TOTL.ZS?format=json&date=2000:2025&per_page=20000,raw/worldbank/af7e2d434315_NV.SRV.TOTL.ZS.json
Malaysia,MYS,2016,NV.SRV.TOTL.ZS,"Services, value added (% of GDP)",52.531571127313,,https://api.worldbank.org/v2/country/IDN;MYS;VNM;THA;PHL;SGP;BRN;KHM;LAO;MMR;TLS/indicator/NV.SRV.TOTL.ZS?format=json&date=2000:2025&per_page=20000,raw/worldbank/af7e2d434315_NV.SRV.TOTL.ZS.json
Malaysia,MYS,2015,NV.SRV.TOTL.ZS,"Services, value added (% of GDP)",52.0138720406596,,https://api.worldbank.org/v2/country/IDN;MYS;VNM;THA;PHL;SGP;BRN;KHM;LAO;MMR;TLS/indicator/NV.SRV.TOTL.ZS?format=json&date=2000:2025&per_page=20000,raw/worldbank/af7e2d434315_NV.SRV.TOTL.ZS.json
Malaysia,MYS,2014,NV.SRV.TOTL.ZS,"Services, value added (% of GDP)",50.1226904594272,,https://api.worldbank.org/v2/country/IDN;MYS;VNM;THA;PHL;SGP;BRN;KHM;LAO;MMR;TLS/indicator/NV.SRV.TOTL.ZS?format=json&date=2000:2025&per_page=20000,raw/worldbank/af7e2d434315_NV.SRV.TOTL.ZS.json
Malaysia,MYS,2013,NV.SRV.TOTL.ZS,"Services, value added (% of GDP)",49.9447288177857,,https://api.worldbank.org/v2/country/IDN;MYS;VNM;THA;PHL;SGP;BRN;KHM;LAO;MMR;TLS/indicator/NV.SRV.TOTL.ZS?format=json&date=2000:2025&per_page=20000,raw/worldbank/af7e2d434315_NV.SRV.TOTL.ZS.json
Malaysia,MYS,2012,NV.SRV.TOTL.ZS,"Services, value added (% of GDP)",49.0223958354783,,https://api.worldbank.org/v2/country/IDN;MYS;VNM;THA;PHL;SGP;BRN;KHM;LAO;MMR;TLS/indicator/NV.SRV.TOTL.ZS?format=json&date=2000:2025&per_page=20000,raw/worldbank/af7e2d434315_NV.SRV.TOTL.ZS.json
Malaysia,MYS,2011,NV.SRV.TOTL.ZS,"Services, value added (% of GDP)",47.766725565489,,https://api.worldbank.org/v2/country/IDN;MYS;VNM;THA;PHL;SGP;BRN;KHM;LAO;MMR;TLS/indicator/NV.SRV.TOTL.ZS?format=json&date=2000:2025&per_page=20000,raw/worldbank/af7e2d434315_NV.SRV.TOTL.ZS.json
Malaysia,MYS,2010,NV.SRV.TOTL.ZS,"Services, value added (% of GDP)",48.4774187579282,,https://api.worldbank.org/v2/country/IDN;MYS;VNM;THA;PHL;SGP;BRN;KHM;LAO;MMR;TLS/indicator/NV.SRV.TOTL.ZS?format=json&date=2000:2025&per_page=20000,raw/worldbank/af7e2d434315_NV.SRV.TOTL.ZS.json
Malaysia,MYS,2009,NV.SRV.TOTL.ZS,"Services, value added (% of GDP)",48.836021810826,,https://api.worldbank.org/v2/country/IDN;MYS;VNM;THA;PHL;SGP;BRN;KHM;LAO;MMR;TLS/indicator/NV.SRV.TOTL.ZS?format=json&date=2000:2025&per_page=20000,raw/worldbank/af7e2d434315_NV.SRV.TOTL.ZS.json
Malaysia,MYS,2008,NV.SRV.TOTL.ZS,"Services, value added (% of GDP)",43.9481056537511,,https://api.worldbank.org/v2/country/IDN;MYS;VNM;THA;PHL;SGP;BRN;KHM;LAO;MMR;TLS/indicator/NV.SRV.TOTL.ZS?format=json&date=2000:2025&per_page=20000,raw/worldbank/af7e2d434315_NV.SRV.TOTL.ZS.json
Malaysia,MYS,2007,NV.SRV.TOTL.ZS,"Services, value added (% of GDP)",44.5202452881234,,https://api.worldbank.org/v2/country/IDN;MYS;VNM;THA;PHL;SGP;BRN;KHM;LAO;MMR;TLS/indicator/NV.SRV.TOTL.ZS?format=json&date=2000:2025&per_page=20000,raw/worldbank/af7e2d434315_NV.SRV.TOTL.ZS.json
Malaysia,MYS,2006,NV.SRV.TOTL.ZS,"Services, value added (% of GDP)",43.9262781844017,,https://api.worldbank.org/v2/country/IDN;MYS;VNM;THA;PHL;SGP;BRN;KHM;LAO;MMR;TLS/indicator/NV.SRV.TOTL.ZS?format=json&date=2000:2025&per_page=20000,raw/worldbank/af7e2d434315_NV.SRV.TOTL.ZS.json
Malaysia,MYS,2005,NV.SRV.TOTL.ZS,"Services, value added (% of GDP)",44.1971529384927,,https://api.worldbank.org/v2/country/IDN;MYS;VNM;THA;PHL;SGP;BRN;KHM;LAO;MMR;TLS/indicator/NV.SRV.TOTL.ZS?format=json&date=2000:2025&per_page=20000,raw/worldbank/af7e2d434315_NV.SRV.TOTL.ZS.json
Malaysia,MYS,2004,NV.SRV.TOTL.ZS,"Services, value added (% of GDP)",44.5475985554205,,https://api.worldbank.org/v2/country/IDN;MYS;VNM;THA;PHL;SGP;BRN;KHM;LAO;MMR;TLS/indicator/NV.SRV.TOTL.ZS?format=json&date=2000:2025&per_page=20000,raw/worldbank/af7e2d434315_NV.SRV.TOTL.ZS.json
Malaysia,MYS,2003,NV.SRV.TOTL.ZS,"Services, value added (% of GDP)",46.7102388190148,,https://api.worldbank.org/v2/country/IDN;MYS;VNM;THA;PHL;SGP;BRN;KHM;LAO;MMR;TLS/indicator/NV.SRV.TOTL.ZS?format=json&date=2000:2025&per_page=20000,raw/worldbank/af7e2d434315_NV.SRV.TOTL.ZS.json
Malaysia,MYS,2002,NV.SRV.TOTL.ZS,"Services, value added (% of GDP)",48.6964168752104,,https://api.worldbank.org/v2/country/IDN;MYS;VNM;THA;PHL;SGP;BRN;KHM;LAO;MMR;TLS/indicator/NV.SRV.TOTL.ZS?format=json&date=2000:2025&per_page=20000,raw/worldbank/af7e2d434315_NV.SRV.TOTL.ZS.json
Malaysia,MYS,2001,NV.SRV.TOTL.ZS,"Services, value added (% of GDP)",49.1730931223924,,https://api.worldbank.org/v2/country/IDN;MYS;VNM;THA;PHL;SGP;BRN;KHM;LAO;MMR;TLS/indicator/NV.SRV.TOTL.ZS?format=json&date=2000:2025&per_page=20000,raw/worldbank/af7e2d434315_NV.SRV.TOTL.ZS.json
Malaysia,MYS,2000,NV.SRV.TOTL.ZS,"Services, value added (% of GDP)",46.3014974705458,,https://api.worldbank.org/v2/country/IDN;MYS;VNM;THA;PHL;SGP;BRN;KHM;LAO;MMR;TLS/indicator/NV.SRV.TOTL.ZS?format=json&date=2000:2025&per_page=20000,raw/worldbank/af7e2d434315_NV.SRV.TOTL.ZS.json
Philippines,PHL,2025,NV.SRV.TOTL.ZS,"Services, value added (% of GDP)",64.4185247863833,,https://api.worldbank.org/v2/country/IDN;MYS;VNM;THA;PHL;SGP;BRN;KHM;LAO;MMR;TLS/indicator/NV.SRV.TOTL.ZS?format=json&date=2000:2025&per_page=20000,raw/worldbank/af7e2d434315_NV.SRV.TOTL.ZS.json
Philippines,PHL,2024,NV.SRV.TOTL.ZS,"Services, value added (% of GDP)",63.2277855690815,,https://api.worldbank.org/v2/country/IDN;MYS;VNM;THA;PHL;SGP;BRN;KHM;LAO;MMR;TLS/indicator/NV.SRV.TOTL.ZS?format=json&date=2000:2025&per_page=20000,raw/worldbank/af7e2d434315_NV.SRV.TOTL.ZS.json
Philippines,PHL,2023,NV.SRV.TOTL.ZS,"Services, value added (% of GDP)",62.4020109620137,,https://api.worldbank.org/v2/country/IDN;MYS;VNM;THA;PHL;SGP;BRN;KHM;LAO;MMR;TLS/indicator/NV.SRV.TOTL.ZS?format=json&date=2000:2025&per_page=20000,raw/worldbank/af7e2d434315_NV.SRV.TOTL.ZS.json
Philippines,PHL,2022,NV.SRV.TOTL.ZS,"Services, value added (% of GDP)",61.2269920189689,,https://api.worldbank.org/v2/country/IDN;MYS;VNM;THA;PHL;SGP;BRN;KHM;LAO;MMR;TLS/indicator/NV.SRV.TOTL.ZS?format=json&date=2000:2025&per_page=20000,raw/worldbank/af7e2d434315_NV.SRV.TOTL.ZS.json
Philippines,PHL,2021,NV.SRV.TOTL.ZS,"Services, value added (% of GDP)",61.0410268609665,,https://api.worldbank.org/v2/country/IDN;MYS;VNM;THA;PHL;SGP;BRN;KHM;LAO;MMR;TLS/indicator/NV.SRV.TOTL.ZS?format=json&date=2000:2025&per_page=20000,raw/worldbank/af7e2d434315_NV.SRV.TOTL.ZS.json
Philippines,PHL,2020,NV.SRV.TOTL.ZS,"Services, value added (% of GDP)",61.4147713831863,,https://api.worldbank.org/v2/country/IDN;MYS;VNM;THA;PHL;SGP;BRN;KHM;LAO;MMR;TLS/indicator/NV.SRV.TOTL.ZS?format=json&date=2000:2025&per_page=20000,raw/worldbank/af7e2d434315_NV.SRV.TOTL.ZS.json
Philippines,PHL,2019,NV.SRV.TOTL.ZS,"Services, value added (% of GDP)",60.8521683732324,,https://api.worldbank.org/v2/country/IDN;MYS;VNM;THA;PHL;SGP;BRN;KHM;LAO;MMR;TLS/indicator/NV.SRV.TOTL.ZS?format=json&date=2000:2025&per_page=20000,raw/worldbank/af7e2d434315_NV.SRV.TOTL.ZS.json
Philippines,PHL,2018,NV.SRV.TOTL.ZS,"Services, value added (% of GDP)",59.7861194870255,,https://api.worldbank.org/v2/country/IDN;MYS;VNM;THA;PHL;SGP;BRN;KHM;LAO;MMR;TLS/indicator/NV.SRV.TOTL.ZS?format=json&date=2000:2025&per_page=20000,raw/worldbank/af7e2d434315_NV.SRV.TOTL.ZS.json
Philippines,PHL,2017,NV.SRV.TOTL.ZS,"Services, value added (% of GDP)",59.6904952918166,,https://api.worldbank.org/v2/country/IDN;MYS;VNM;THA;PHL;SGP;BRN;KHM;LAO;MMR;TLS/indicator/NV.SRV.TOTL.ZS?format=json&date=2000:2025&per_page=20000,raw/worldbank/af7e2d434315_NV.SRV.TOTL.ZS.json
Philippines,PHL,2016,NV.SRV.TOTL.ZS,"Services, value added (% of GDP)",59.508957300169,,https://api.worldbank.org/v2/country/IDN;MYS;VNM;THA;PHL;SGP;BRN;KHM;LAO;MMR;TLS/indicator/NV.SRV.TOTL.ZS?format=json&date=2000:2025&per_page=20000,raw/worldbank/af7e2d434315_NV.SRV.TOTL.ZS.json
Philippines,PHL,2015,NV.SRV.TOTL.ZS,"Services, value added (% of GDP)",58.5215498609238,,https://api.worldbank.org/v2/country/IDN;MYS;VNM;THA;PHL;SGP;BRN;KHM;LAO;MMR;TLS/indicator/NV.SRV.TOTL.ZS?format=json&date=2000:2025&per_page=20000,raw/worldbank/af7e2d434315_NV.SRV.TOTL.ZS.json
Philippines,PHL,2014,NV.SRV.TOTL.ZS,"Services, value added (% of GDP)",56.6808739042732,,https://api.worldbank.org/v2/country/IDN;MYS;VNM;THA;PHL;SGP;BRN;KHM;LAO;MMR;TLS/indicator/NV.SRV.TOTL.ZS?format=json&date=2000:2025&per_page=20000,raw/worldbank/af7e2d434315_NV.SRV.TOTL.ZS.json
Philippines,PHL,2013,NV.SRV.TOTL.ZS,"Services, value added (% of GDP)",56.7511282641544,,https://api.worldbank.org/v2/country/IDN;MYS;VNM;THA;PHL;SGP;BRN;KHM;LAO;MMR;TLS/indicator/NV.SRV.TOTL.ZS?format=json&date=2000:2025&per_page=20000,raw/worldbank/af7e2d434315_NV.SRV.TOTL.ZS.json
Philippines,PHL,2012,NV.SRV.TOTL.ZS,"Services, value added (% of GDP)",55.5046996251733,,https://api.worldbank.org/v2/country/IDN;MYS;VNM;THA;PHL;SGP;BRN;KHM;LAO;MMR;TLS/indicator/NV.SRV.TOTL.ZS?format=json&date=2000:2025&per_page=20000,raw/worldbank/af7e2d434315_NV.SRV.TOTL.ZS.json
Philippines,PHL,2011,NV.SRV.TOTL.ZS,"Services, value added (% of GDP)",54.5655820660708,,https://api.worldbank.org/v2/country/IDN;MYS;VNM;THA;PHL;SGP;BRN;KHM;LAO;MMR;TLS/indicator/NV.SRV.TOTL.ZS?format=json&date=2000:2025&per_page=20000,raw/worldbank/af7e2d434315_NV.SRV.TOTL.ZS.json
Philippines,PHL,2010,NV.SRV.TOTL.ZS,"Services, value added (% of GDP)",53.9115789019179,,https://api.worldbank.org/v2/country/IDN;MYS;VNM;THA;PHL;SGP;BRN;KHM;LAO;MMR;TLS/indicator/NV.SRV.TOTL.ZS?format=json&date=2000:2025&per_page=20000,raw/worldbank/af7e2d434315_NV.SRV.TOTL.ZS.json
Philippines,PHL,2009,NV.SRV.TOTL.ZS,"Services, value added (% of GDP)",53.9372440034219,,https://api.worldbank.org/v2/country/IDN;MYS;VNM;THA;PHL;SGP;BRN;KHM;LAO;MMR;TLS/indicator/NV.SRV.TOTL.ZS?format=json&date=2000:2025&per_page=20000,raw/worldbank/af7e2d434315_NV.SRV.TOTL.ZS.json
Philippines,PHL,2008,NV.SRV.TOTL.ZS,"Services, value added (% of GDP)",52.7186368304904,,https://api.worldbank.org/v2/country/IDN;MYS;VNM;THA;PHL;SGP;BRN;KHM;LAO;MMR;TLS/indicator/NV.SRV.TOTL.ZS?format=json&date=2000:2025&per_page=20000,raw/worldbank/af7e2d434315_NV.SRV.TOTL.ZS.json
Philippines,PHL,2007,NV.SRV.TOTL.ZS,"Services, value added (% of GDP)",53.3926314484507,,https://api.worldbank.org/v2/country/IDN;MYS;VNM;THA;PHL;SGP;BRN;KHM;LAO;MMR;TLS/indicator/NV.SRV.TOTL.ZS?format=json&date=2000:2025&per_page=20000,raw/worldbank/af7e2d434315_NV.SRV.TOTL.ZS.json
Philippines,PHL,2006,NV.SRV.TOTL.ZS,"Services, value added (% of GDP)",53.1761655626521,,https://api.worldbank.org/v2/country/IDN;MYS;VNM;THA;PHL;SGP;BRN;KHM;LAO;MMR;TLS/indicator/NV.SRV.TOTL.ZS?format=json&date=2000:2025&per_page=20000,raw/worldbank/af7e2d434315_NV.SRV.TOTL.ZS.json
Philippines,PHL,2005,NV.SRV.TOTL.ZS,"Services, value added (% of GDP)",52.6687766910829,,https://api.worldbank.org/v2/country/IDN;MYS;VNM;THA;PHL;SGP;BRN;KHM;LAO;MMR;TLS/indicator/NV.SRV.TOTL.ZS?format=json&date=2000:2025&per_page=20000,raw/worldbank/af7e2d434315_NV.SRV.TOTL.ZS.json
Philippines,PHL,2004,NV.SRV.TOTL.ZS,"Services, value added (% of GDP)",52.3969001028699,,https://api.worldbank.org/v2/country/IDN;MYS;VNM;THA;PHL;SGP;BRN;KHM;LAO;MMR;TLS/indicator/NV.SRV.TOTL.ZS?format=json&date=2000:2025&per_page=20000,raw/worldbank/af7e2d434315_NV.SRV.TOTL.ZS.json
Philippines,PHL,2003,NV.SRV.TOTL.ZS,"Services, value added (% of GDP)",52.3084883072534,,https://api.worldbank.org/v2/country/IDN;MYS;VNM;THA;PHL;SGP;BRN;KHM;LAO;MMR;TLS/indicator/NV.SRV.TOTL.ZS?format=json&date=2000:2025&per_page=20000,raw/worldbank/af7e2d434315_NV.SRV.TOTL.ZS.json
Philippines,PHL,2002,NV.SRV.TOTL.ZS,"Services, value added (% of GDP)",51.7681513225796,,https://api.worldbank.org/v2/country/IDN;MYS;VNM;THA;PHL;SGP;BRN;KHM;LAO;MMR;TLS/indicator/NV.SRV.TOTL.ZS?format=json&date=2000:2025&per_page=20000,raw/worldbank/af7e2d434315_NV.SRV.TOTL.ZS.json
Philippines,PHL,2001,NV.SRV.TOTL.ZS,"Services, value added (% of GDP)",51.7995754391189,,https://api.worldbank.org/v2/country/IDN;MYS;VNM;THA;PHL;SGP;BRN;KHM;LAO;MMR;TLS/indicator/NV.SRV.TOTL.ZS?format=json&date=2000:2025&per_page=20000,raw/worldbank/af7e2d434315_NV.SRV.TOTL.ZS.json
Philippines,PHL,2000,NV.SRV.TOTL.ZS,"Services, value added (% of GDP)",51.0836200202037,,https://api.worldbank.org/v2/country/IDN;MYS;VNM;THA;PHL;SGP;BRN;KHM;LAO;MMR;TLS/indicator/NV.SRV.TOTL.ZS?format=json&date=2000:2025&per_page=20000,raw/worldbank/af7e2d434315_NV.SRV.TOTL.ZS.json
Singapore,SGP,2025,NV.SRV.TOTL.ZS,"Services, value added (% of GDP)",71.5907910689054,,https://api.worldbank.org/v2/country/IDN;MYS;VNM;THA;PHL;SGP;BRN;KHM;LAO;MMR;TLS/indicator/NV.SRV.TOTL.ZS?format=json&date=2000:2025&per_page=20000,raw/worldbank/af7e2d434315_NV.SRV.TOTL.ZS.json
Singapore,SGP,2024,NV.SRV.TOTL.ZS,"Services, value added (% of GDP)",73.148677820633,,https://api.worldbank.org/v2/country/IDN;MYS;VNM;THA;PHL;SGP;BRN;KHM;LAO;MMR;TLS/indicator/NV.SRV.TOTL.ZS?format=json&date=2000:2025&per_page=20000,raw/worldbank/af7e2d434315_NV.SRV.TOTL.ZS.json
Singapore,SGP,2023,NV.SRV.TOTL.ZS,"Services, value added (% of GDP)",72.7555004530899,,https://api.worldbank.org/v2/country/IDN;MYS;VNM;THA;PHL;SGP;BRN;KHM;LAO;MMR;TLS/indicator/NV.SRV.TOTL.ZS?format=json&date=2000:2025&per_page=20000,raw/worldbank/af7e2d434315_NV.SRV.TOTL.ZS.json
Singapore,SGP,2022,NV.SRV.TOTL.ZS,"Services, value added (% of GDP)",71.6491509669484,,https://api.worldbank.org/v2/country/IDN;MYS;VNM;THA;PHL;SGP;BRN;KHM;LAO;MMR;TLS/indicator/NV.SRV.TOTL.ZS?format=json&date=2000:2025&per_page=20000,raw/worldbank/af7e2d434315_NV.SRV.TOTL.ZS.json
Singapore,SGP,2021,NV.SRV.TOTL.ZS,"Services, value added (% of GDP)",70.2860999789074,,https://api.worldbank.org/v2/country/IDN;MYS;VNM;THA;PHL;SGP;BRN;KHM;LAO;MMR;TLS/indicator/NV.SRV.TOTL.ZS?format=json&date=2000:2025&per_page=20000,raw/worldbank/af7e2d434315_NV.SRV.TOTL.ZS.json
Singapore,SGP,2020,NV.SRV.TOTL.ZS,"Services, value added (% of GDP)",72.1508165463618,,https://api.worldbank.org/v2/country/IDN;MYS;VNM;THA;PHL;SGP;BRN;KHM;LAO;MMR;TLS/indicator/NV.SRV.TOTL.ZS?format=json&date=2000:2025&per_page=20000,raw/worldbank/af7e2d434315_NV.SRV.TOTL.ZS.json
Singapore,SGP,2019,NV.SRV.TOTL.ZS,"Services, value added (% of GDP)",70.9279273443295,,https://api.worldbank.org/v2/country/IDN;MYS;VNM;THA;PHL;SGP;BRN;KHM;LAO;MMR;TLS/indicator/NV.SRV.TOTL.ZS?format=json&date=2000:2025&per_page=20000,raw/worldbank/af7e2d434315_NV.SRV.TOTL.ZS.json
Singapore,SGP,2018,NV.SRV.TOTL.ZS,"Services, value added (% of GDP)",69.4949536159476,,https://api.worldbank.org/v2/country/IDN;MYS;VNM;THA;PHL;SGP;BRN;KHM;LAO;MMR;TLS/indicator/NV.SRV.TOTL.ZS?format=json&date=2000:2025&per_page=20000,raw/worldbank/af7e2d434315_NV.SRV.TOTL.ZS.json
Singapore,SGP,2017,NV.SRV.TOTL.ZS,"Services, value added (% of GDP)",70.4927917684058,,https://api.worldbank.org/v2/country/IDN;MYS;VNM;THA;PHL;SGP;BRN;KHM;LAO;MMR;TLS/indicator/NV.SRV.TOTL.ZS?format=json&date=2000:2025&per_page=20000,raw/worldbank/af7e2d434315_NV.SRV.TOTL.ZS.json
Singapore,SGP,2016,NV.SRV.TOTL.ZS,"Services, value added (% of GDP)",70.860754843351,,https://api.worldbank.org/v2/country/IDN;MYS;VNM;THA;PHL;SGP;BRN;KHM;LAO;MMR;TLS/indicator/NV.SRV.TOTL.ZS?format=json&date=2000:2025&per_page=20000,raw/worldbank/af7e2d434315_NV.SRV.TOTL.ZS.json
Singapore,SGP,2015,NV.SRV.TOTL.ZS,"Services, value added (% of GDP)",69.950933310914,,https://api.worldbank.org/v2/country/IDN;MYS;VNM;THA;PHL;SGP;BRN;KHM;LAO;MMR;TLS/indicator/NV.SRV.TOTL.ZS?format=json&date=2000:2025&per_page=20000,raw/worldbank/af7e2d434315_NV.SRV.TOTL.ZS.json
Singapore,SGP,2014,NV.SRV.TOTL.ZS,"Services, value added (% of GDP)",70.3453257931675,,https://api.worldbank.org/v2/country/IDN;MYS;VNM;THA;PHL;SGP;BRN;KHM;LAO;MMR;TLS/indicator/NV.SRV.TOTL.ZS?format=json&date=2000:2025&per_page=20000,raw/worldbank/af7e2d434315_NV.SRV.TOTL.ZS.json
Singapore,SGP,2013,NV.SRV.TOTL.ZS,"Services, value added (% of GDP)",70.7623061587241,,https://api.worldbank.org/v2/country/IDN;MYS;VNM;THA;PHL;SGP;BRN;KHM;LAO;MMR;TLS/indicator/NV.SRV.TOTL.ZS?format=json&date=2000:2025&per_page=20000,raw/worldbank/af7e2d434315_NV.SRV.TOTL.ZS.json
Singapore,SGP,2012,NV.SRV.TOTL.ZS,"Services, value added (% of GDP)",69.2086270458185,,https://api.worldbank.org/v2/country/IDN;MYS;VNM;THA;PHL;SGP;BRN;KHM;LAO;MMR;TLS/indicator/NV.SRV.TOTL.ZS?format=json&date=2000:2025&per_page=20000,raw/worldbank/af7e2d434315_NV.SRV.TOTL.ZS.json
Singapore,SGP,2011,NV.SRV.TOTL.ZS,"Services, value added (% of GDP)",69.0231236262618,,https://api.worldbank.org/v2/country/IDN;MYS;VNM;THA;PHL;SGP;BRN;KHM;LAO;MMR;TLS/indicator/NV.SRV.TOTL.ZS?format=json&date=2000:2025&per_page=20000,raw/worldbank/af7e2d434315_NV.SRV.TOTL.ZS.json
Singapore,SGP,2010,NV.SRV.TOTL.ZS,"Services, value added (% of GDP)",67.8435170825381,,https://api.worldbank.org/v2/country/IDN;MYS;VNM;THA;PHL;SGP;BRN;KHM;LAO;MMR;TLS/indicator/NV.SRV.TOTL.ZS?format=json&date=2000:2025&per_page=20000,raw/worldbank/af7e2d434315_NV.SRV.TOTL.ZS.json
Singapore,SGP,2009,NV.SRV.TOTL.ZS,"Services, value added (% of GDP)",68.0060695233087,,https://api.worldbank.org/v2/country/IDN;MYS;VNM;THA;PHL;SGP;BRN;KHM;LAO;MMR;TLS/indicator/NV.SRV.TOTL.ZS?format=json&date=2000:2025&per_page=20000,raw/worldbank/af7e2d434315_NV.SRV.TOTL.ZS.json
Singapore,SGP,2008,NV.SRV.TOTL.ZS,"Services, value added (% of GDP)",68.3479617553522,,https://api.worldbank.org/v2/country/IDN;MYS;VNM;THA;PHL;SGP;BRN;KHM;LAO;MMR;TLS/indicator/NV.SRV.TOTL.ZS?format=json&date=2000:2025&per_page=20000,raw/worldbank/af7e2d434315_NV.SRV.TOTL.ZS.json
Singapore,SGP,2007,NV.SRV.TOTL.ZS,"Services, value added (% of GDP)",66.0401485014903,,https://api.worldbank.org/v2/country/IDN;MYS;VNM;THA;PHL;SGP;BRN;KHM;LAO;MMR;TLS/indicator/NV.SRV.TOTL.ZS?format=json&date=2000:2025&per_page=20000,raw/worldbank/af7e2d434315_NV.SRV.TOTL.ZS.json
Singapore,SGP,2006,NV.SRV.TOTL.ZS,"Services, value added (% of GDP)",64.8768540490551,,https://api.worldbank.org/v2/country/IDN;MYS;VNM;THA;PHL;SGP;BRN;KHM;LAO;MMR;TLS/indicator/NV.SRV.TOTL.ZS?format=json&date=2000:2025&per_page=20000,raw/worldbank/af7e2d434315_NV.SRV.TOTL.ZS.json
Singapore,SGP,2005,NV.SRV.TOTL.ZS,"Services, value added (% of GDP)",64.0731843759255,,https://api.worldbank.org/v2/country/IDN;MYS;VNM;THA;PHL;SGP;BRN;KHM;LAO;MMR;TLS/indicator/NV.SRV.TOTL.ZS?format=json&date=2000:2025&per_page=20000,raw/worldbank/af7e2d434315_NV.SRV.TOTL.ZS.json
Singapore,SGP,2004,NV.SRV.TOTL.ZS,"Services, value added (% of GDP)",63.0725751287076,,https://api.worldbank.org/v2/country/IDN;MYS;VNM;THA;PHL;SGP;BRN;KHM;LAO;MMR;TLS/indicator/NV.SRV.TOTL.ZS?format=json&date=2000:2025&per_page=20000,raw/worldbank/af7e2d434315_NV.SRV.TOTL.ZS.json
Singapore,SGP,2003,NV.SRV.TOTL.ZS,"Services, value added (% of GDP)",64.3487252076354,,https://api.worldbank.org/v2/country/IDN;MYS;VNM;THA;PHL;SGP;BRN;KHM;LAO;MMR;TLS/indicator/NV.SRV.TOTL.ZS?format=json&date=2000:2025&per_page=20000,raw/worldbank/af7e2d434315_NV.SRV.TOTL.ZS.json
Singapore,SGP,2002,NV.SRV.TOTL.ZS,"Services, value added (% of GDP)",63.9769556802401,,https://api.worldbank.org/v2/country/IDN;MYS;VNM;THA;PHL;SGP;BRN;KHM;LAO;MMR;TLS/indicator/NV.SRV.TOTL.ZS?format=json&date=2000:2025&per_page=20000,raw/worldbank/af7e2d434315_NV.SRV.TOTL.ZS.json
Singapore,SGP,2001,NV.SRV.TOTL.ZS,"Services, value added (% of GDP)",63.593634234512,,https://api.worldbank.org/v2/country/IDN;MYS;VNM;THA;PHL;SGP;BRN;KHM;LAO;MMR;TLS/indicator/NV.SRV.TOTL.ZS?format=json&date=2000:2025&per_page=20000,raw/worldbank/af7e2d434315_NV.SRV.TOTL.ZS.json
Singapore,SGP,2000,NV.SRV.TOTL.ZS,"Services, value added (% of GDP)",60.6645197437216,,https://api.worldbank.org/v2/country/IDN;MYS;VNM;THA;PHL;SGP;BRN;KHM;LAO;MMR;TLS/indicator/NV.SRV.TOTL.ZS?format=json&date=2000:2025&per_page=20000,raw/worldbank/af7e2d434315_NV.SRV.TOTL.ZS.json
Thailand,THA,2025,NV.SRV.TOTL.ZS,"Services, value added (% of GDP)",60.1804001526533,,https://api.worldbank.org/v2/country/IDN;MYS;VNM;THA;PHL;SGP;BRN;KHM;LAO;MMR;TLS/indicator/NV.SRV.TOTL.ZS?format=json&date=2000:2025&per_page=20000,raw/worldbank/af7e2d434315_NV.SRV.TOTL.ZS.json
Thailand,THA,2024,NV.SRV.TOTL.ZS,"Services, value added (% of GDP)",59.270961161831,,https://api.worldbank.org/v2/country/IDN;MYS;VNM;THA;PHL;SGP;BRN;KHM;LAO;MMR;TLS/indicator/NV.SRV.TOTL.ZS?format=json&date=2000:2025&per_page=20000,raw/worldbank/af7e2d434315_NV.SRV.TOTL.ZS.json
Thailand,THA,2023,NV.SRV.TOTL.ZS,"Services, value added (% of GDP)",58.5305101700382,,https://api.worldbank.org/v2/country/IDN;MYS;VNM;THA;PHL;SGP;BRN;KHM;LAO;MMR;TLS/indicator/NV.SRV.TOTL.ZS?format=json&date=2000:2025&per_page=20000,raw/worldbank/af7e2d434315_NV.SRV.TOTL.ZS.json
Thailand,THA,2022,NV.SRV.TOTL.ZS,"Services, value added (% of GDP)",56.1571265202788,,https://api.worldbank.org/v2/country/IDN;MYS;VNM;THA;PHL;SGP;BRN;KHM;LAO;MMR;TLS/indicator/NV.SRV.TOTL.ZS?format=json&date=2000:2025&per_page=20000,raw/worldbank/af7e2d434315_NV.SRV.TOTL.ZS.json
Thailand,THA,2021,NV.SRV.TOTL.ZS,"Services, value added (% of GDP)",56.262862670692,,https://api.worldbank.org/v2/country/IDN;MYS;VNM;THA;PHL;SGP;BRN;KHM;LAO;MMR;TLS/indicator/NV.SRV.TOTL.ZS?format=json&date=2000:2025&per_page=20000,raw/worldbank/af7e2d434315_NV.SRV.TOTL.ZS.json
Thailand,THA,2020,NV.SRV.TOTL.ZS,"Services, value added (% of GDP)",57.9907303787054,,https://api.worldbank.org/v2/country/IDN;MYS;VNM;THA;PHL;SGP;BRN;KHM;LAO;MMR;TLS/indicator/NV.SRV.TOTL.ZS?format=json&date=2000:2025&per_page=20000,raw/worldbank/af7e2d434315_NV.SRV.TOTL.ZS.json
Thailand,THA,2019,NV.SRV.TOTL.ZS,"Services, value added (% of GDP)",58.2775214465787,,https://api.worldbank.org/v2/country/IDN;MYS;VNM;THA;PHL;SGP;BRN;KHM;LAO;MMR;TLS/indicator/NV.SRV.TOTL.ZS?format=json&date=2000:2025&per_page=20000,raw/worldbank/af7e2d434315_NV.SRV.TOTL.ZS.json
Thailand,THA,2018,NV.SRV.TOTL.ZS,"Services, value added (% of GDP)",57.0556910705407,,https://api.worldbank.org/v2/country/IDN;MYS;VNM;THA;PHL;SGP;BRN;KHM;LAO;MMR;TLS/indicator/NV.SRV.TOTL.ZS?format=json&date=2000:2025&per_page=20000,raw/worldbank/af7e2d434315_NV.SRV.TOTL.ZS.json
Thailand,THA,2017,NV.SRV.TOTL.ZS,"Services, value added (% of GDP)",56.5748278870276,,https://api.worldbank.org/v2/country/IDN;MYS;VNM;THA;PHL;SGP;BRN;KHM;LAO;MMR;TLS/indicator/NV.SRV.TOTL.ZS?format=json&date=2000:2025&per_page=20000,raw/worldbank/af7e2d434315_NV.SRV.TOTL.ZS.json
Thailand,THA,2016,NV.SRV.TOTL.ZS,"Services, value added (% of GDP)",55.9351576320684,,https://api.worldbank.org/v2/country/IDN;MYS;VNM;THA;PHL;SGP;BRN;KHM;LAO;MMR;TLS/indicator/NV.SRV.TOTL.ZS?format=json&date=2000:2025&per_page=20000,raw/worldbank/af7e2d434315_NV.SRV.TOTL.ZS.json
Thailand,THA,2015,NV.SRV.TOTL.ZS,"Services, value added (% of GDP)",54.9480990258654,,https://api.worldbank.org/v2/country/IDN;MYS;VNM;THA;PHL;SGP;BRN;KHM;LAO;MMR;TLS/indicator/NV.SRV.TOTL.ZS?format=json&date=2000:2025&per_page=20000,raw/worldbank/af7e2d434315_NV.SRV.TOTL.ZS.json
Thailand,THA,2014,NV.SRV.TOTL.ZS,"Services, value added (% of GDP)",53.1480380193834,,https://api.worldbank.org/v2/country/IDN;MYS;VNM;THA;PHL;SGP;BRN;KHM;LAO;MMR;TLS/indicator/NV.SRV.TOTL.ZS?format=json&date=2000:2025&per_page=20000,raw/worldbank/af7e2d434315_NV.SRV.TOTL.ZS.json
Thailand,THA,2013,NV.SRV.TOTL.ZS,"Services, value added (% of GDP)",51.7791961972126,,https://api.worldbank.org/v2/country/IDN;MYS;VNM;THA;PHL;SGP;BRN;KHM;LAO;MMR;TLS/indicator/NV.SRV.TOTL.ZS?format=json&date=2000:2025&per_page=20000,raw/worldbank/af7e2d434315_NV.SRV.TOTL.ZS.json
Thailand,THA,2012,NV.SRV.TOTL.ZS,"Services, value added (% of GDP)",51.1522057089623,,https://api.worldbank.org/v2/country/IDN;MYS;VNM;THA;PHL;SGP;BRN;KHM;LAO;MMR;TLS/indicator/NV.SRV.TOTL.ZS?format=json&date=2000:2025&per_page=20000,raw/worldbank/af7e2d434315_NV.SRV.TOTL.ZS.json
Thailand,THA,2011,NV.SRV.TOTL.ZS,"Services, value added (% of GDP)",50.4268099513695,,https://api.worldbank.org/v2/country/IDN;MYS;VNM;THA;PHL;SGP;BRN;KHM;LAO;MMR;TLS/indicator/NV.SRV.TOTL.ZS?format=json&date=2000:2025&per_page=20000,raw/worldbank/af7e2d434315_NV.SRV.TOTL.ZS.json
Thailand,THA,2010,NV.SRV.TOTL.ZS,"Services, value added (% of GDP)",49.5560986644794,,https://api.worldbank.org/v2/country/IDN;MYS;VNM;THA;PHL;SGP;BRN;KHM;LAO;MMR;TLS/indicator/NV.SRV.TOTL.ZS?format=json&date=2000:2025&per_page=20000,raw/worldbank/af7e2d434315_NV.SRV.TOTL.ZS.json
Thailand,THA,2009,NV.SRV.TOTL.ZS,"Services, value added (% of GDP)",51.6043673521408,,https://api.worldbank.org/v2/country/IDN;MYS;VNM;THA;PHL;SGP;BRN;KHM;LAO;MMR;TLS/indicator/NV.SRV.TOTL.ZS?format=json&date=2000:2025&per_page=20000,raw/worldbank/af7e2d434315_NV.SRV.TOTL.ZS.json
Thailand,THA,2008,NV.SRV.TOTL.ZS,"Services, value added (% of GDP)",50.4479532095063,,https://api.worldbank.org/v2/country/IDN;MYS;VNM;THA;PHL;SGP;BRN;KHM;LAO;MMR;TLS/indicator/NV.SRV.TOTL.ZS?format=json&date=2000:2025&per_page=20000,raw/worldbank/af7e2d434315_NV.SRV.TOTL.ZS.json
Thailand,THA,2007,NV.SRV.TOTL.ZS,"Services, value added (% of GDP)",51.220943421775,,https://api.worldbank.org/v2/country/IDN;MYS;VNM;THA;PHL;SGP;BRN;KHM;LAO;MMR;TLS/indicator/NV.SRV.TOTL.ZS?format=json&date=2000:2025&per_page=20000,raw/worldbank/af7e2d434315_NV.SRV.TOTL.ZS.json
Thailand,THA,2006,NV.SRV.TOTL.ZS,"Services, value added (% of GDP)",51.4511506498788,,https://api.worldbank.org/v2/country/IDN;MYS;VNM;THA;PHL;SGP;BRN;KHM;LAO;MMR;TLS/indicator/NV.SRV.TOTL.ZS?format=json&date=2000:2025&per_page=20000,raw/worldbank/af7e2d434315_NV.SRV.TOTL.ZS.json
Thailand,THA,2005,NV.SRV.TOTL.ZS,"Services, value added (% of GDP)",52.3004340059921,,https://api.worldbank.org/v2/country/IDN;MYS;VNM;THA;PHL;SGP;BRN;KHM;LAO;MMR;TLS/indicator/NV.SRV.TOTL.ZS?format=json&date=2000:2025&per_page=20000,raw/worldbank/af7e2d434315_NV.SRV.TOTL.ZS.json
Thailand,THA,2004,NV.SRV.TOTL.ZS,"Services, value added (% of GDP)",52.8065873658848,,https://api.worldbank.org/v2/country/IDN;MYS;VNM;THA;PHL;SGP;BRN;KHM;LAO;MMR;TLS/indicator/NV.SRV.TOTL.ZS?format=json&date=2000:2025&per_page=20000,raw/worldbank/af7e2d434315_NV.SRV.TOTL.ZS.json
Thailand,THA,2003,NV.SRV.TOTL.ZS,"Services, value added (% of GDP)",52.6404701499991,,https://api.worldbank.org/v2/country/IDN;MYS;VNM;THA;PHL;SGP;BRN;KHM;LAO;MMR;TLS/indicator/NV.SRV.TOTL.ZS?format=json&date=2000:2025&per_page=20000,raw/worldbank/af7e2d434315_NV.SRV.TOTL.ZS.json
Thailand,THA,2002,NV.SRV.TOTL.ZS,"Services, value added (% of GDP)",54.4133903727448,,https://api.worldbank.org/v2/country/IDN;MYS;VNM;THA;PHL;SGP;BRN;KHM;LAO;MMR;TLS/indicator/NV.SRV.TOTL.ZS?format=json&date=2000:2025&per_page=20000,raw/worldbank/af7e2d434315_NV.SRV.TOTL.ZS.json
Thailand,THA,2001,NV.SRV.TOTL.ZS,"Services, value added (% of GDP)",55.0997090552462,,https://api.worldbank.org/v2/country/IDN;MYS;VNM;THA;PHL;SGP;BRN;KHM;LAO;MMR;TLS/indicator/NV.SRV.TOTL.ZS?format=json&date=2000:2025&per_page=20000,raw/worldbank/af7e2d434315_NV.SRV.TOTL.ZS.json
Thailand,THA,2000,NV.SRV.TOTL.ZS,"Services, value added (% of GDP)",54.8307434977968,,https://api.worldbank.org/v2/country/IDN;MYS;VNM;THA;PHL;SGP;BRN;KHM;LAO;MMR;TLS/indicator/NV.SRV.TOTL.ZS?format=json&date=2000:2025&per_page=20000,raw/worldbank/af7e2d434315_NV.SRV.TOTL.ZS.json
Timor-Leste,TLS,2025,NV.SRV.TOTL.ZS,"Services, value added (% of GDP)",,,https://api.worldbank.org/v2/country/IDN;MYS;VNM;THA;PHL;SGP;BRN;KHM;LAO;MMR;TLS/indicator/NV.SRV.TOTL.ZS?format=json&date=2000:2025&per_page=20000,raw/worldbank/af7e2d434315_NV.SRV.TOTL.ZS.json
Timor-Leste,TLS,2024,NV.SRV.TOTL.ZS,"Services, value added (% of GDP)",71.6305210315796,,https://api.worldbank.org/v2/country/IDN;MYS;VNM;THA;PHL;SGP;BRN;KHM;LAO;MMR;TLS/indicator/NV.SRV.TOTL.ZS?format=json&date=2000:2025&per_page=20000,raw/worldbank/af7e2d434315_NV.SRV.TOTL.ZS.json
Timor-Leste,TLS,2023,NV.SRV.TOTL.ZS,"Services, value added (% of GDP)",60.9992887665504,,https://api.worldbank.org/v2/country/IDN;MYS;VNM;THA;PHL;SGP;BRN;KHM;LAO;MMR;TLS/indicator/NV.SRV.TOTL.ZS?format=json&date=2000:2025&per_page=20000,raw/worldbank/af7e2d434315_NV.SRV.TOTL.ZS.json
Timor-Leste,TLS,2022,NV.SRV.TOTL.ZS,"Services, value added (% of GDP)",36.3217115353024,,https://api.worldbank.org/v2/country/IDN;MYS;VNM;THA;PHL;SGP;BRN;KHM;LAO;MMR;TLS/indicator/NV.SRV.TOTL.ZS?format=json&date=2000:2025&per_page=20000,raw/worldbank/af7e2d434315_NV.SRV.TOTL.ZS.json
Timor-Leste,TLS,2021,NV.SRV.TOTL.ZS,"Services, value added (% of GDP)",30.4493627808233,,https://api.worldbank.org/v2/country/IDN;MYS;VNM;THA;PHL;SGP;BRN;KHM;LAO;MMR;TLS/indicator/NV.SRV.TOTL.ZS?format=json&date=2000:2025&per_page=20000,raw/worldbank/af7e2d434315_NV.SRV.TOTL.ZS.json
Timor-Leste,TLS,2020,NV.SRV.TOTL.ZS,"Services, value added (% of GDP)",48.3283695992341,,https://api.worldbank.org/v2/country/IDN;MYS;VNM;THA;PHL;SGP;BRN;KHM;LAO;MMR;TLS/indicator/NV.SRV.TOTL.ZS?format=json&date=2000:2025&per_page=20000,raw/worldbank/af7e2d434315_NV.SRV.TOTL.ZS.json
Timor-Leste,TLS,2019,NV.SRV.TOTL.ZS,"Services, value added (% of GDP)",55.2347877818921,,https://api.worldbank.org/v2/country/IDN;MYS;VNM;THA;PHL;SGP;BRN;KHM;LAO;MMR;TLS/indicator/NV.SRV.TOTL.ZS?format=json&date=2000:2025&per_page=20000,raw/worldbank/af7e2d434315_NV.SRV.TOTL.ZS.json
Timor-Leste,TLS,2018,NV.SRV.TOTL.ZS,"Services, value added (% of GDP)",68.5325586575634,,https://api.worldbank.org/v2/country/IDN;MYS;VNM;THA;PHL;SGP;BRN;KHM;LAO;MMR;TLS/indicator/NV.SRV.TOTL.ZS?format=json&date=2000:2025&per_page=20000,raw/worldbank/af7e2d434315_NV.SRV.TOTL.ZS.json
Timor-Leste,TLS,2017,NV.SRV.TOTL.ZS,"Services, value added (% of GDP)",69.0436250503509,,https://api.worldbank.org/v2/country/IDN;MYS;VNM;THA;PHL;SGP;BRN;KHM;LAO;MMR;TLS/indicator/NV.SRV.TOTL.ZS?format=json&date=2000:2025&per_page=20000,raw/worldbank/af7e2d434315_NV.SRV.TOTL.ZS.json
Timor-Leste,TLS,2016,NV.SRV.TOTL.ZS,"Services, value added (% of GDP)",66.2385277926753,,https://api.worldbank.org/v2/country/IDN;MYS;VNM;THA;PHL;SGP;BRN;KHM;LAO;MMR;TLS/indicator/NV.SRV.TOTL.ZS?format=json&date=2000:2025&per_page=20000,raw/worldbank/af7e2d434315_NV.SRV.TOTL.ZS.json
Timor-Leste,TLS,2015,NV.SRV.TOTL.ZS,"Services, value added (% of GDP)",63.7293225404494,,https://api.worldbank.org/v2/country/IDN;MYS;VNM;THA;PHL;SGP;BRN;KHM;LAO;MMR;TLS/indicator/NV.SRV.TOTL.ZS?format=json&date=2000:2025&per_page=20000,raw/worldbank/af7e2d434315_NV.SRV.TOTL.ZS.json
Timor-Leste,TLS,2014,NV.SRV.TOTL.ZS,"Services, value added (% of GDP)",63.4872989617109,,https://api.worldbank.org/v2/country/IDN;MYS;VNM;THA;PHL;SGP;BRN;KHM;LAO;MMR;TLS/indicator/NV.SRV.TOTL.ZS?format=json&date=2000:2025&per_page=20000,raw/worldbank/af7e2d434315_NV.SRV.TOTL.ZS.json
Timor-Leste,TLS,2013,NV.SRV.TOTL.ZS,"Services, value added (% of GDP)",61.4654265582233,,https://api.worldbank.org/v2/country/IDN;MYS;VNM;THA;PHL;SGP;BRN;KHM;LAO;MMR;TLS/indicator/NV.SRV.TOTL.ZS?format=json&date=2000:2025&per_page=20000,raw/worldbank/af7e2d434315_NV.SRV.TOTL.ZS.json
Timor-Leste,TLS,2012,NV.SRV.TOTL.ZS,"Services, value added (% of GDP)",69.1261422336727,,https://api.worldbank.org/v2/country/IDN;MYS;VNM;THA;PHL;SGP;BRN;KHM;LAO;MMR;TLS/indicator/NV.SRV.TOTL.ZS?format=json&date=2000:2025&per_page=20000,raw/worldbank/af7e2d434315_NV.SRV.TOTL.ZS.json
Timor-Leste,TLS,2011,NV.SRV.TOTL.ZS,"Services, value added (% of GDP)",66.9707365108074,,https://api.worldbank.org/v2/country/IDN;MYS;VNM;THA;PHL;SGP;BRN;KHM;LAO;MMR;TLS/indicator/NV.SRV.TOTL.ZS?format=json&date=2000:2025&per_page=20000,raw/worldbank/af7e2d434315_NV.SRV.TOTL.ZS.json
Timor-Leste,TLS,2010,NV.SRV.TOTL.ZS,"Services, value added (% of GDP)",68.9279044908586,,https://api.worldbank.org/v2/country/IDN;MYS;VNM;THA;PHL;SGP;BRN;KHM;LAO;MMR;TLS/indicator/NV.SRV.TOTL.ZS?format=json&date=2000:2025&per_page=20000,raw/worldbank/af7e2d434315_NV.SRV.TOTL.ZS.json
Timor-Leste,TLS,2009,NV.SRV.TOTL.ZS,"Services, value added (% of GDP)",67.4846045975323,,https://api.worldbank.org/v2/country/IDN;MYS;VNM;THA;PHL;SGP;BRN;KHM;LAO;MMR;TLS/indicator/NV.SRV.TOTL.ZS?format=json&date=2000:2025&per_page=20000,raw/worldbank/af7e2d434315_NV.SRV.TOTL.ZS.json
Timor-Leste,TLS,2008,NV.SRV.TOTL.ZS,"Services, value added (% of GDP)",62.4300642258817,,https://api.worldbank.org/v2/country/IDN;MYS;VNM;THA;PHL;SGP;BRN;KHM;LAO;MMR;TLS/indicator/NV.SRV.TOTL.ZS?format=json&date=2000:2025&per_page=20000,raw/worldbank/af7e2d434315_NV.SRV.TOTL.ZS.json
Timor-Leste,TLS,2007,NV.SRV.TOTL.ZS,"Services, value added (% of GDP)",62.9410639810138,,https://api.worldbank.org/v2/country/IDN;MYS;VNM;THA;PHL;SGP;BRN;KHM;LAO;MMR;TLS/indicator/NV.SRV.TOTL.ZS?format=json&date=2000:2025&per_page=20000,raw/worldbank/af7e2d434315_NV.SRV.TOTL.ZS.json
Timor-Leste,TLS,2006,NV.SRV.TOTL.ZS,"Services, value added (% of GDP)",63.0790863839941,,https://api.worldbank.org/v2/country/IDN;MYS;VNM;THA;PHL;SGP;BRN;KHM;LAO;MMR;TLS/indicator/NV.SRV.TOTL.ZS?format=json&date=2000:2025&per_page=20000,raw/worldbank/af7e2d434315_NV.SRV.TOTL.ZS.json
Timor-Leste,TLS,2005,NV.SRV.TOTL.ZS,"Services, value added (% of GDP)",63.1631218254346,,https://api.worldbank.org/v2/country/IDN;MYS;VNM;THA;PHL;SGP;BRN;KHM;LAO;MMR;TLS/indicator/NV.SRV.TOTL.ZS?format=json&date=2000:2025&per_page=20000,raw/worldbank/af7e2d434315_NV.SRV.TOTL.ZS.json
Timor-Leste,TLS,2004,NV.SRV.TOTL.ZS,"Services, value added (% of GDP)",60.1709500603487,,https://api.worldbank.org/v2/country/IDN;MYS;VNM;THA;PHL;SGP;BRN;KHM;LAO;MMR;TLS/indicator/NV.SRV.TOTL.ZS?format=json&date=2000:2025&per_page=20000,raw/worldbank/af7e2d434315_NV.SRV.TOTL.ZS.json
Timor-Leste,TLS,2003,NV.SRV.TOTL.ZS,"Services, value added (% of GDP)",59.3841722652211,,https://api.worldbank.org/v2/country/IDN;MYS;VNM;THA;PHL;SGP;BRN;KHM;LAO;MMR;TLS/indicator/NV.SRV.TOTL.ZS?format=json&date=2000:2025&per_page=20000,raw/worldbank/af7e2d434315_NV.SRV.TOTL.ZS.json
Timor-Leste,TLS,2002,NV.SRV.TOTL.ZS,"Services, value added (% of GDP)",58.3452531709608,,https://api.worldbank.org/v2/country/IDN;MYS;VNM;THA;PHL;SGP;BRN;KHM;LAO;MMR;TLS/indicator/NV.SRV.TOTL.ZS?format=json&date=2000:2025&per_page=20000,raw/worldbank/af7e2d434315_NV.SRV.TOTL.ZS.json
Timor-Leste,TLS,2001,NV.SRV.TOTL.ZS,"Services, value added (% of GDP)",59.4801023044906,,https://api.worldbank.org/v2/country/IDN;MYS;VNM;THA;PHL;SGP;BRN;KHM;LAO;MMR;TLS/indicator/NV.SRV.TOTL.ZS?format=json&date=2000:2025&per_page=20000,raw/worldbank/af7e2d434315_NV.SRV.TOTL.ZS.json
Timor-Leste,TLS,2000,NV.SRV.TOTL.ZS,"Services, value added (% of GDP)",51.1163201783038,,https://api.worldbank.org/v2/country/IDN;MYS;VNM;THA;PHL;SGP;BRN;KHM;LAO;MMR;TLS/indicator/NV.SRV.TOTL.ZS?format=json&date=2000:2025&per_page=20000,raw/worldbank/af7e2d434315_NV.SRV.TOTL.ZS.json
Viet Nam,VNM,2025,NV.SRV.TOTL.ZS,"Services, value added (% of GDP)",42.7438415027506,,https://api.worldbank.org/v2/country/IDN;MYS;VNM;THA;PHL;SGP;BRN;KHM;LAO;MMR;TLS/indicator/NV.SRV.TOTL.ZS?format=json&date=2000:2025&per_page=20000,raw/worldbank/af7e2d434315_NV.SRV.TOTL.ZS.json
Viet Nam,VNM,2024,NV.SRV.TOTL.ZS,"Services, value added (% of GDP)",42.3541982658904,,https://api.worldbank.org/v2/country/IDN;MYS;VNM;THA;PHL;SGP;BRN;KHM;LAO;MMR;TLS/indicator/NV.SRV.TOTL.ZS?format=json&date=2000:2025&per_page=20000,raw/worldbank/af7e2d434315_NV.SRV.TOTL.ZS.json
Viet Nam,VNM,2023,NV.SRV.TOTL.ZS,"Services, value added (% of GDP)",42.280320467255,,https://api.worldbank.org/v2/country/IDN;MYS;VNM;THA;PHL;SGP;BRN;KHM;LAO;MMR;TLS/indicator/NV.SRV.TOTL.ZS?format=json&date=2000:2025&per_page=20000,raw/worldbank/af7e2d434315_NV.SRV.TOTL.ZS.json
Viet Nam,VNM,2022,NV.SRV.TOTL.ZS,"Services, value added (% of GDP)",41.1356424803034,,https://api.worldbank.org/v2/country/IDN;MYS;VNM;THA;PHL;SGP;BRN;KHM;LAO;MMR;TLS/indicator/NV.SRV.TOTL.ZS?format=json&date=2000:2025&per_page=20000,raw/worldbank/af7e2d434315_NV.SRV.TOTL.ZS.json
Viet Nam,VNM,2021,NV.SRV.TOTL.ZS,"Services, value added (% of GDP)",41.2574400803721,,https://api.worldbank.org/v2/country/IDN;MYS;VNM;THA;PHL;SGP;BRN;KHM;LAO;MMR;TLS/indicator/NV.SRV.TOTL.ZS?format=json&date=2000:2025&per_page=20000,raw/worldbank/af7e2d434315_NV.SRV.TOTL.ZS.json
Viet Nam,VNM,2020,NV.SRV.TOTL.ZS,"Services, value added (% of GDP)",41.8311604395691,,https://api.worldbank.org/v2/country/IDN;MYS;VNM;THA;PHL;SGP;BRN;KHM;LAO;MMR;TLS/indicator/NV.SRV.TOTL.ZS?format=json&date=2000:2025&per_page=20000,raw/worldbank/af7e2d434315_NV.SRV.TOTL.ZS.json
Viet Nam,VNM,2019,NV.SRV.TOTL.ZS,"Services, value added (% of GDP)",42.4687227777403,,https://api.worldbank.org/v2/country/IDN;MYS;VNM;THA;PHL;SGP;BRN;KHM;LAO;MMR;TLS/indicator/NV.SRV.TOTL.ZS?format=json&date=2000:2025&per_page=20000,raw/worldbank/af7e2d434315_NV.SRV.TOTL.ZS.json
Viet Nam,VNM,2018,NV.SRV.TOTL.ZS,"Services, value added (% of GDP)",42.1709178908888,,https://api.worldbank.org/v2/country/IDN;MYS;VNM;THA;PHL;SGP;BRN;KHM;LAO;MMR;TLS/indicator/NV.SRV.TOTL.ZS?format=json&date=2000:2025&per_page=20000,raw/worldbank/af7e2d434315_NV.SRV.TOTL.ZS.json
Viet Nam,VNM,2017,NV.SRV.TOTL.ZS,"Services, value added (% of GDP)",42.5807243141144,,https://api.worldbank.org/v2/country/IDN;MYS;VNM;THA;PHL;SGP;BRN;KHM;LAO;MMR;TLS/indicator/NV.SRV.TOTL.ZS?format=json&date=2000:2025&per_page=20000,raw/worldbank/af7e2d434315_NV.SRV.TOTL.ZS.json
Viet Nam,VNM,2016,NV.SRV.TOTL.ZS,"Services, value added (% of GDP)",42.8544900073075,,https://api.worldbank.org/v2/country/IDN;MYS;VNM;THA;PHL;SGP;BRN;KHM;LAO;MMR;TLS/indicator/NV.SRV.TOTL.ZS?format=json&date=2000:2025&per_page=20000,raw/worldbank/af7e2d434315_NV.SRV.TOTL.ZS.json
Viet Nam,VNM,2015,NV.SRV.TOTL.ZS,"Services, value added (% of GDP)",42.1930087721287,,https://api.worldbank.org/v2/country/IDN;MYS;VNM;THA;PHL;SGP;BRN;KHM;LAO;MMR;TLS/indicator/NV.SRV.TOTL.ZS?format=json&date=2000:2025&per_page=20000,raw/worldbank/af7e2d434315_NV.SRV.TOTL.ZS.json
Viet Nam,VNM,2014,NV.SRV.TOTL.ZS,"Services, value added (% of GDP)",40.9236092881482,,https://api.worldbank.org/v2/country/IDN;MYS;VNM;THA;PHL;SGP;BRN;KHM;LAO;MMR;TLS/indicator/NV.SRV.TOTL.ZS?format=json&date=2000:2025&per_page=20000,raw/worldbank/af7e2d434315_NV.SRV.TOTL.ZS.json
Viet Nam,VNM,2013,NV.SRV.TOTL.ZS,"Services, value added (% of GDP)",40.542010129242,,https://api.worldbank.org/v2/country/IDN;MYS;VNM;THA;PHL;SGP;BRN;KHM;LAO;MMR;TLS/indicator/NV.SRV.TOTL.ZS?format=json&date=2000:2025&per_page=20000,raw/worldbank/af7e2d434315_NV.SRV.TOTL.ZS.json
Viet Nam,VNM,2012,NV.SRV.TOTL.ZS,"Services, value added (% of GDP)",39.1188401087315,,https://api.worldbank.org/v2/country/IDN;MYS;VNM;THA;PHL;SGP;BRN;KHM;LAO;MMR;TLS/indicator/NV.SRV.TOTL.ZS?format=json&date=2000:2025&per_page=20000,raw/worldbank/af7e2d434315_NV.SRV.TOTL.ZS.json
Viet Nam,VNM,2011,NV.SRV.TOTL.ZS,"Services, value added (% of GDP)",38.9070145300747,,https://api.worldbank.org/v2/country/IDN;MYS;VNM;THA;PHL;SGP;BRN;KHM;LAO;MMR;TLS/indicator/NV.SRV.TOTL.ZS?format=json&date=2000:2025&per_page=20000,raw/worldbank/af7e2d434315_NV.SRV.TOTL.ZS.json
Viet Nam,VNM,2010,NV.SRV.TOTL.ZS,"Services, value added (% of GDP)",40.6273720032231,,https://api.worldbank.org/v2/country/IDN;MYS;VNM;THA;PHL;SGP;BRN;KHM;LAO;MMR;TLS/indicator/NV.SRV.TOTL.ZS?format=json&date=2000:2025&per_page=20000,raw/worldbank/af7e2d434315_NV.SRV.TOTL.ZS.json
Viet Nam,VNM,2009,NV.SRV.TOTL.ZS,"Services, value added (% of GDP)",43.4433537536156,,https://api.worldbank.org/v2/country/IDN;MYS;VNM;THA;PHL;SGP;BRN;KHM;LAO;MMR;TLS/indicator/NV.SRV.TOTL.ZS?format=json&date=2000:2025&per_page=20000,raw/worldbank/af7e2d434315_NV.SRV.TOTL.ZS.json
Viet Nam,VNM,2008,NV.SRV.TOTL.ZS,"Services, value added (% of GDP)",42.5091596964692,,https://api.worldbank.org/v2/country/IDN;MYS;VNM;THA;PHL;SGP;BRN;KHM;LAO;MMR;TLS/indicator/NV.SRV.TOTL.ZS?format=json&date=2000:2025&per_page=20000,raw/worldbank/af7e2d434315_NV.SRV.TOTL.ZS.json
Viet Nam,VNM,2007,NV.SRV.TOTL.ZS,"Services, value added (% of GDP)",42.8332754503841,,https://api.worldbank.org/v2/country/IDN;MYS;VNM;THA;PHL;SGP;BRN;KHM;LAO;MMR;TLS/indicator/NV.SRV.TOTL.ZS?format=json&date=2000:2025&per_page=20000,raw/worldbank/af7e2d434315_NV.SRV.TOTL.ZS.json
Viet Nam,VNM,2006,NV.SRV.TOTL.ZS,"Services, value added (% of GDP)",42.6884835125499,,https://api.worldbank.org/v2/country/IDN;MYS;VNM;THA;PHL;SGP;BRN;KHM;LAO;MMR;TLS/indicator/NV.SRV.TOTL.ZS?format=json&date=2000:2025&per_page=20000,raw/worldbank/af7e2d434315_NV.SRV.TOTL.ZS.json
Viet Nam,VNM,2005,NV.SRV.TOTL.ZS,"Services, value added (% of GDP)",42.5688812156661,,https://api.worldbank.org/v2/country/IDN;MYS;VNM;THA;PHL;SGP;BRN;KHM;LAO;MMR;TLS/indicator/NV.SRV.TOTL.ZS?format=json&date=2000:2025&per_page=20000,raw/worldbank/af7e2d434315_NV.SRV.TOTL.ZS.json
Viet Nam,VNM,2004,NV.SRV.TOTL.ZS,"Services, value added (% of GDP)",37.9835511186106,,https://api.worldbank.org/v2/country/IDN;MYS;VNM;THA;PHL;SGP;BRN;KHM;LAO;MMR;TLS/indicator/NV.SRV.TOTL.ZS?format=json&date=2000:2025&per_page=20000,raw/worldbank/af7e2d434315_NV.SRV.TOTL.ZS.json
Viet Nam,VNM,2003,NV.SRV.TOTL.ZS,"Services, value added (% of GDP)",37.9875554860028,,https://api.worldbank.org/v2/country/IDN;MYS;VNM;THA;PHL;SGP;BRN;KHM;LAO;MMR;TLS/indicator/NV.SRV.TOTL.ZS?format=json&date=2000:2025&per_page=20000,raw/worldbank/af7e2d434315_NV.SRV.TOTL.ZS.json
Viet Nam,VNM,2002,NV.SRV.TOTL.ZS,"Services, value added (% of GDP)",38.4838790358405,,https://api.worldbank.org/v2/country/IDN;MYS;VNM;THA;PHL;SGP;BRN;KHM;LAO;MMR;TLS/indicator/NV.SRV.TOTL.ZS?format=json&date=2000:2025&per_page=20000,raw/worldbank/af7e2d434315_NV.SRV.TOTL.ZS.json
Viet Nam,VNM,2001,NV.SRV.TOTL.ZS,"Services, value added (% of GDP)",38.6295307451771,,https://api.worldbank.org/v2/country/IDN;MYS;VNM;THA;PHL;SGP;BRN;KHM;LAO;MMR;TLS/indicator/NV.SRV.TOTL.ZS?format=json&date=2000:2025&per_page=20000,raw/worldbank/af7e2d434315_NV.SRV.TOTL.ZS.json
Viet Nam,VNM,2000,NV.SRV.TOTL.ZS,"Services, value added (% of GDP)",38.7346426776196,,https://api.worldbank.org/v2/country/IDN;MYS;VNM;THA;PHL;SGP;BRN;KHM;LAO;MMR;TLS/indicator/NV.SRV.TOTL.ZS?format=json&date=2000:2025&per_page=20000,raw/worldbank/af7e2d434315_NV.SRV.TOTL.ZS.json
Brunei Darussalam,BRN,2025,GC.TAX.TOTL.GD.ZS,Tax revenue (% of GDP),,,https://api.worldbank.org/v2/country/IDN;MYS;VNM;THA;PHL;SGP;BRN;KHM;LAO;MMR;TLS/indicator/GC.TAX.TOTL.GD.ZS?format=json&date=2000:2025&per_page=20000,raw/worldbank/b1f8822bfd68_GC.TAX.TOTL.GD.ZS.json
Brunei Darussalam,BRN,2024,GC.TAX.TOTL.GD.ZS,Tax revenue (% of GDP),,,https://api.worldbank.org/v2/country/IDN;MYS;VNM;THA;PHL;SGP;BRN;KHM;LAO;MMR;TLS/indicator/GC.TAX.TOTL.GD.ZS?format=json&date=2000:2025&per_page=20000,raw/worldbank/b1f8822bfd68_GC.TAX.TOTL.GD.ZS.json
Brunei Darussalam,BRN,2023,GC.TAX.TOTL.GD.ZS,Tax revenue (% of GDP),,,https://api.worldbank.org/v2/country/IDN;MYS;VNM;THA;PHL;SGP;BRN;KHM;LAO;MMR;TLS/indicator/GC.TAX.TOTL.GD.ZS?format=json&date=2000:2025&per_page=20000,raw/worldbank/b1f8822bfd68_GC.TAX.TOTL.GD.ZS.json
Brunei Darussalam,BRN,2022,GC.TAX.TOTL.GD.ZS,Tax revenue (% of GDP),,,https://api.worldbank.org/v2/country/IDN;MYS;VNM;THA;PHL;SGP;BRN;KHM;LAO;MMR;TLS/indicator/GC.TAX.TOTL.GD.ZS?format=json&date=2000:2025&per_page=20000,raw/worldbank/b1f8822bfd68_GC.TAX.TOTL.GD.ZS.json
Brunei Darussalam,BRN,2021,GC.TAX.TOTL.GD.ZS,Tax revenue (% of GDP),,,https://api.worldbank.org/v2/country/IDN;MYS;VNM;THA;PHL;SGP;BRN;KHM;LAO;MMR;TLS/indicator/GC.TAX.TOTL.GD.ZS?format=json&date=2000:2025&per_page=20000,raw/worldbank/b1f8822bfd68_GC.TAX.TOTL.GD.ZS.json
Brunei Darussalam,BRN,2020,GC.TAX.TOTL.GD.ZS,Tax revenue (% of GDP),,,https://api.worldbank.org/v2/country/IDN;MYS;VNM;THA;PHL;SGP;BRN;KHM;LAO;MMR;TLS/indicator/GC.TAX.TOTL.GD.ZS?format=json&date=2000:2025&per_page=20000,raw/worldbank/b1f8822bfd68_GC.TAX.TOTL.GD.ZS.json
Brunei Darussalam,BRN,2019,GC.TAX.TOTL.GD.ZS,Tax revenue (% of GDP),,,https://api.worldbank.org/v2/country/IDN;MYS;VNM;THA;PHL;SGP;BRN;KHM;LAO;MMR;TLS/indicator/GC.TAX.TOTL.GD.ZS?format=json&date=2000:2025&per_page=20000,raw/worldbank/b1f8822bfd68_GC.TAX.TOTL.GD.ZS.json
Brunei Darussalam,BRN,2018,GC.TAX.TOTL.GD.ZS,Tax revenue (% of GDP),,,https://api.worldbank.org/v2/country/IDN;MYS;VNM;THA;PHL;SGP;BRN;KHM;LAO;MMR;TLS/indicator/GC.TAX.TOTL.GD.ZS?format=json&date=2000:2025&per_page=20000,raw/worldbank/b1f8822bfd68_GC.TAX.TOTL.GD.ZS.json
Brunei Darussalam,BRN,2017,GC.TAX.TOTL.GD.ZS,Tax revenue (% of GDP),,,https://api.worldbank.org/v2/country/IDN;MYS;VNM;THA;PHL;SGP;BRN;KHM;LAO;MMR;TLS/indicator/GC.TAX.TOTL.GD.ZS?format=json&date=2000:2025&per_page=20000,raw/worldbank/b1f8822bfd68_GC.TAX.TOTL.GD.ZS.json
Brunei Darussalam,BRN,2016,GC.TAX.TOTL.GD.ZS,Tax revenue (% of GDP),,,https://api.worldbank.org/v2/country/IDN;MYS;VNM;THA;PHL;SGP;BRN;KHM;LAO;MMR;TLS/indicator/GC.TAX.TOTL.GD.ZS?format=json&date=2000:2025&per_page=20000,raw/worldbank/b1f8822bfd68_GC.TAX.TOTL.GD.ZS.json
Brunei Darussalam,BRN,2015,GC.TAX.TOTL.GD.ZS,Tax revenue (% of GDP),,,https://api.worldbank.org/v2/country/IDN;MYS;VNM;THA;PHL;SGP;BRN;KHM;LAO;MMR;TLS/indicator/GC.TAX.TOTL.GD.ZS?format=json&date=2000:2025&per_page=20000,raw/worldbank/b1f8822bfd68_GC.TAX.TOTL.GD.ZS.json
Brunei Darussalam,BRN,2014,GC.TAX.TOTL.GD.ZS,Tax revenue (% of GDP),,,https://api.worldbank.org/v2/country/IDN;MYS;VNM;THA;PHL;SGP;BRN;KHM;LAO;MMR;TLS/indicator/GC.TAX.TOTL.GD.ZS?format=json&date=2000:2025&per_page=20000,raw/worldbank/b1f8822bfd68_GC.TAX.TOTL.GD.ZS.json
Brunei Darussalam,BRN,2013,GC.TAX.TOTL.GD.ZS,Tax revenue (% of GDP),,,https://api.worldbank.org/v2/country/IDN;MYS;VNM;THA;PHL;SGP;BRN;KHM;LAO;MMR;TLS/indicator/GC.TAX.TOTL.GD.ZS?format=json&date=2000:2025&per_page=20000,raw/worldbank/b1f8822bfd68_GC.TAX.TOTL.GD.ZS.json
Brunei Darussalam,BRN,2012,GC.TAX.TOTL.GD.ZS,Tax revenue (% of GDP),,,https://api.worldbank.org/v2/country/IDN;MYS;VNM;THA;PHL;SGP;BRN;KHM;LAO;MMR;TLS/indicator/GC.TAX.TOTL.GD.ZS?format=json&date=2000:2025&per_page=20000,raw/worldbank/b1f8822bfd68_GC.TAX.TOTL.GD.ZS.json
Brunei Darussalam,BRN,2011,GC.TAX.TOTL.GD.ZS,Tax revenue (% of GDP),,,https://api.worldbank.org/v2/country/IDN;MYS;VNM;THA;PHL;SGP;BRN;KHM;LAO;MMR;TLS/indicator/GC.TAX.TOTL.GD.ZS?format=json&date=2000:2025&per_page=20000,raw/worldbank/b1f8822bfd68_GC.TAX.TOTL.GD.ZS.json
Brunei Darussalam,BRN,2010,GC.TAX.TOTL.GD.ZS,Tax revenue (% of GDP),,,https://api.worldbank.org/v2/country/IDN;MYS;VNM;THA;PHL;SGP;BRN;KHM;LAO;MMR;TLS/indicator/GC.TAX.TOTL.GD.ZS?format=json&date=2000:2025&per_page=20000,raw/worldbank/b1f8822bfd68_GC.TAX.TOTL.GD.ZS.json
Brunei Darussalam,BRN,2009,GC.TAX.TOTL.GD.ZS,Tax revenue (% of GDP),,,https://api.worldbank.org/v2/country/IDN;MYS;VNM;THA;PHL;SGP;BRN;KHM;LAO;MMR;TLS/indicator/GC.TAX.TOTL.GD.ZS?format=json&date=2000:2025&per_page=20000,raw/worldbank/b1f8822bfd68_GC.TAX.TOTL.GD.ZS.json
Brunei Darussalam,BRN,2008,GC.TAX.TOTL.GD.ZS,Tax revenue (% of GDP),,,https://api.worldbank.org/v2/country/IDN;MYS;VNM;THA;PHL;SGP;BRN;KHM;LAO;MMR;TLS/indicator/GC.TAX.TOTL.GD.ZS?format=json&date=2000:2025&per_page=20000,raw/worldbank/b1f8822bfd68_GC.TAX.TOTL.GD.ZS.json
Brunei Darussalam,BRN,2007,GC.TAX.TOTL.GD.ZS,Tax revenue (% of GDP),,,https://api.worldbank.org/v2/country/IDN;MYS;VNM;THA;PHL;SGP;BRN;KHM;LAO;MMR;TLS/indicator/GC.TAX.TOTL.GD.ZS?format=json&date=2000:2025&per_page=20000,raw/worldbank/b1f8822bfd68_GC.TAX.TOTL.GD.ZS.json
Brunei Darussalam,BRN,2006,GC.TAX.TOTL.GD.ZS,Tax revenue (% of GDP),,,https://api.worldbank.org/v2/country/IDN;MYS;VNM;THA;PHL;SGP;BRN;KHM;LAO;MMR;TLS/indicator/GC.TAX.TOTL.GD.ZS?format=json&date=2000:2025&per_page=20000,raw/worldbank/b1f8822bfd68_GC.TAX.TOTL.GD.ZS.json
Brunei Darussalam,BRN,2005,GC.TAX.TOTL.GD.ZS,Tax revenue (% of GDP),,,https://api.worldbank.org/v2/country/IDN;MYS;VNM;THA;PHL;SGP;BRN;KHM;LAO;MMR;TLS/indicator/GC.TAX.TOTL.GD.ZS?format=json&date=2000:2025&per_page=20000,raw/worldbank/b1f8822bfd68_GC.TAX.TOTL.GD.ZS.json
Brunei Darussalam,BRN,2004,GC.TAX.TOTL.GD.ZS,Tax revenue (% of GDP),,,https://api.worldbank.org/v2/country/IDN;MYS;VNM;THA;PHL;SGP;BRN;KHM;LAO;MMR;TLS/indicator/GC.TAX.TOTL.GD.ZS?format=json&date=2000:2025&per_page=20000,raw/worldbank/b1f8822bfd68_GC.TAX.TOTL.GD.ZS.json
Brunei Darussalam,BRN,2003,GC.TAX.TOTL.GD.ZS,Tax revenue (% of GDP),,,https://api.worldbank.org/v2/country/IDN;MYS;VNM;THA;PHL;SGP;BRN;KHM;LAO;MMR;TLS/indicator/GC.TAX.TOTL.GD.ZS?format=json&date=2000:2025&per_page=20000,raw/worldbank/b1f8822bfd68_GC.TAX.TOTL.GD.ZS.json
Brunei Darussalam,BRN,2002,GC.TAX.TOTL.GD.ZS,Tax revenue (% of GDP),,,https://api.worldbank.org/v2/country/IDN;MYS;VNM;THA;PHL;SGP;BRN;KHM;LAO;MMR;TLS/indicator/GC.TAX.TOTL.GD.ZS?format=json&date=2000:2025&per_page=20000,raw/worldbank/b1f8822bfd68_GC.TAX.TOTL.GD.ZS.json
Brunei Darussalam,BRN,2001,GC.TAX.TOTL.GD.ZS,Tax revenue (% of GDP),,,https://api.worldbank.org/v2/country/IDN;MYS;VNM;THA;PHL;SGP;BRN;KHM;LAO;MMR;TLS/indicator/GC.TAX.TOTL.GD.ZS?format=json&date=2000:2025&per_page=20000,raw/worldbank/b1f8822bfd68_GC.TAX.TOTL.GD.ZS.json
Brunei Darussalam,BRN,2000,GC.TAX.TOTL.GD.ZS,Tax revenue (% of GDP),,,https://api.worldbank.org/v2/country/IDN;MYS;VNM;THA;PHL;SGP;BRN;KHM;LAO;MMR;TLS/indicator/GC.TAX.TOTL.GD.ZS?format=json&date=2000:2025&per_page=20000,raw/worldbank/b1f8822bfd68_GC.TAX.TOTL.GD.ZS.json
Indonesia,IDN,2025,GC.TAX.TOTL.GD.ZS,Tax revenue (% of GDP),,,https://api.worldbank.org/v2/country/IDN;MYS;VNM;THA;PHL;SGP;BRN;KHM;LAO;MMR;TLS/indicator/GC.TAX.TOTL.GD.ZS?format=json&date=2000:2025&per_page=20000,raw/worldbank/b1f8822bfd68_GC.TAX.TOTL.GD.ZS.json
Indonesia,IDN,2024,GC.TAX.TOTL.GD.ZS,Tax revenue (% of GDP),,,https://api.worldbank.org/v2/country/IDN;MYS;VNM;THA;PHL;SGP;BRN;KHM;LAO;MMR;TLS/indicator/GC.TAX.TOTL.GD.ZS?format=json&date=2000:2025&per_page=20000,raw/worldbank/b1f8822bfd68_GC.TAX.TOTL.GD.ZS.json
Indonesia,IDN,2023,GC.TAX.TOTL.GD.ZS,Tax revenue (% of GDP),,,https://api.worldbank.org/v2/country/IDN;MYS;VNM;THA;PHL;SGP;BRN;KHM;LAO;MMR;TLS/indicator/GC.TAX.TOTL.GD.ZS?format=json&date=2000:2025&per_page=20000,raw/worldbank/b1f8822bfd68_GC.TAX.TOTL.GD.ZS.json
Indonesia,IDN,2022,GC.TAX.TOTL.GD.ZS,Tax revenue (% of GDP),,,https://api.worldbank.org/v2/country/IDN;MYS;VNM;THA;PHL;SGP;BRN;KHM;LAO;MMR;TLS/indicator/GC.TAX.TOTL.GD.ZS?format=json&date=2000:2025&per_page=20000,raw/worldbank/b1f8822bfd68_GC.TAX.TOTL.GD.ZS.json
Indonesia,IDN,2021,GC.TAX.TOTL.GD.ZS,Tax revenue (% of GDP),,,https://api.worldbank.org/v2/country/IDN;MYS;VNM;THA;PHL;SGP;BRN;KHM;LAO;MMR;TLS/indicator/GC.TAX.TOTL.GD.ZS?format=json&date=2000:2025&per_page=20000,raw/worldbank/b1f8822bfd68_GC.TAX.TOTL.GD.ZS.json
Indonesia,IDN,2020,GC.TAX.TOTL.GD.ZS,Tax revenue (% of GDP),,,https://api.worldbank.org/v2/country/IDN;MYS;VNM;THA;PHL;SGP;BRN;KHM;LAO;MMR;TLS/indicator/GC.TAX.TOTL.GD.ZS?format=json&date=2000:2025&per_page=20000,raw/worldbank/b1f8822bfd68_GC.TAX.TOTL.GD.ZS.json
Indonesia,IDN,2019,GC.TAX.TOTL.GD.ZS,Tax revenue (% of GDP),,,https://api.worldbank.org/v2/country/IDN;MYS;VNM;THA;PHL;SGP;BRN;KHM;LAO;MMR;TLS/indicator/GC.TAX.TOTL.GD.ZS?format=json&date=2000:2025&per_page=20000,raw/worldbank/b1f8822bfd68_GC.TAX.TOTL.GD.ZS.json
Indonesia,IDN,2018,GC.TAX.TOTL.GD.ZS,Tax revenue (% of GDP),,,https://api.worldbank.org/v2/country/IDN;MYS;VNM;THA;PHL;SGP;BRN;KHM;LAO;MMR;TLS/indicator/GC.TAX.TOTL.GD.ZS?format=json&date=2000:2025&per_page=20000,raw/worldbank/b1f8822bfd68_GC.TAX.TOTL.GD.ZS.json
Indonesia,IDN,2017,GC.TAX.TOTL.GD.ZS,Tax revenue (% of GDP),,,https://api.worldbank.org/v2/country/IDN;MYS;VNM;THA;PHL;SGP;BRN;KHM;LAO;MMR;TLS/indicator/GC.TAX.TOTL.GD.ZS?format=json&date=2000:2025&per_page=20000,raw/worldbank/b1f8822bfd68_GC.TAX.TOTL.GD.ZS.json
Indonesia,IDN,2016,GC.TAX.TOTL.GD.ZS,Tax revenue (% of GDP),,,https://api.worldbank.org/v2/country/IDN;MYS;VNM;THA;PHL;SGP;BRN;KHM;LAO;MMR;TLS/indicator/GC.TAX.TOTL.GD.ZS?format=json&date=2000:2025&per_page=20000,raw/worldbank/b1f8822bfd68_GC.TAX.TOTL.GD.ZS.json
Indonesia,IDN,2015,GC.TAX.TOTL.GD.ZS,Tax revenue (% of GDP),,,https://api.worldbank.org/v2/country/IDN;MYS;VNM;THA;PHL;SGP;BRN;KHM;LAO;MMR;TLS/indicator/GC.TAX.TOTL.GD.ZS?format=json&date=2000:2025&per_page=20000,raw/worldbank/b1f8822bfd68_GC.TAX.TOTL.GD.ZS.json
Indonesia,IDN,2014,GC.TAX.TOTL.GD.ZS,Tax revenue (% of GDP),,,https://api.worldbank.org/v2/country/IDN;MYS;VNM;THA;PHL;SGP;BRN;KHM;LAO;MMR;TLS/indicator/GC.TAX.TOTL.GD.ZS?format=json&date=2000:2025&per_page=20000,raw/worldbank/b1f8822bfd68_GC.TAX.TOTL.GD.ZS.json
Indonesia,IDN,2013,GC.TAX.TOTL.GD.ZS,Tax revenue (% of GDP),,,https://api.worldbank.org/v2/country/IDN;MYS;VNM;THA;PHL;SGP;BRN;KHM;LAO;MMR;TLS/indicator/GC.TAX.TOTL.GD.ZS?format=json&date=2000:2025&per_page=20000,raw/worldbank/b1f8822bfd68_GC.TAX.TOTL.GD.ZS.json
Indonesia,IDN,2012,GC.TAX.TOTL.GD.ZS,Tax revenue (% of GDP),,,https://api.worldbank.org/v2/country/IDN;MYS;VNM;THA;PHL;SGP;BRN;KHM;LAO;MMR;TLS/indicator/GC.TAX.TOTL.GD.ZS?format=json&date=2000:2025&per_page=20000,raw/worldbank/b1f8822bfd68_GC.TAX.TOTL.GD.ZS.json
Indonesia,IDN,2011,GC.TAX.TOTL.GD.ZS,Tax revenue (% of GDP),,,https://api.worldbank.org/v2/country/IDN;MYS;VNM;THA;PHL;SGP;BRN;KHM;LAO;MMR;TLS/indicator/GC.TAX.TOTL.GD.ZS?format=json&date=2000:2025&per_page=20000,raw/worldbank/b1f8822bfd68_GC.TAX.TOTL.GD.ZS.json
Indonesia,IDN,2010,GC.TAX.TOTL.GD.ZS,Tax revenue (% of GDP),,,https://api.worldbank.org/v2/country/IDN;MYS;VNM;THA;PHL;SGP;BRN;KHM;LAO;MMR;TLS/indicator/GC.TAX.TOTL.GD.ZS?format=json&date=2000:2025&per_page=20000,raw/worldbank/b1f8822bfd68_GC.TAX.TOTL.GD.ZS.json
Indonesia,IDN,2009,GC.TAX.TOTL.GD.ZS,Tax revenue (% of GDP),11.0577865188848,,https://api.worldbank.org/v2/country/IDN;MYS;VNM;THA;PHL;SGP;BRN;KHM;LAO;MMR;TLS/indicator/GC.TAX.TOTL.GD.ZS?format=json&date=2000:2025&per_page=20000,raw/worldbank/b1f8822bfd68_GC.TAX.TOTL.GD.ZS.json
Indonesia,IDN,2008,GC.TAX.TOTL.GD.ZS,Tax revenue (% of GDP),13.3106178269489,,https://api.worldbank.org/v2/country/IDN;MYS;VNM;THA;PHL;SGP;BRN;KHM;LAO;MMR;TLS/indicator/GC.TAX.TOTL.GD.ZS?format=json&date=2000:2025&per_page=20000,raw/worldbank/b1f8822bfd68_GC.TAX.TOTL.GD.ZS.json
Indonesia,IDN,2007,GC.TAX.TOTL.GD.ZS,Tax revenue (% of GDP),,,https://api.worldbank.org/v2/country/IDN;MYS;VNM;THA;PHL;SGP;BRN;KHM;LAO;MMR;TLS/indicator/GC.TAX.TOTL.GD.ZS?format=json&date=2000:2025&per_page=20000,raw/worldbank/b1f8822bfd68_GC.TAX.TOTL.GD.ZS.json
Indonesia,IDN,2006,GC.TAX.TOTL.GD.ZS,Tax revenue (% of GDP),,,https://api.worldbank.org/v2/country/IDN;MYS;VNM;THA;PHL;SGP;BRN;KHM;LAO;MMR;TLS/indicator/GC.TAX.TOTL.GD.ZS?format=json&date=2000:2025&per_page=20000,raw/worldbank/b1f8822bfd68_GC.TAX.TOTL.GD.ZS.json
Indonesia,IDN,2005,GC.TAX.TOTL.GD.ZS,Tax revenue (% of GDP),,,https://api.worldbank.org/v2/country/IDN;MYS;VNM;THA;PHL;SGP;BRN;KHM;LAO;MMR;TLS/indicator/GC.TAX.TOTL.GD.ZS?format=json&date=2000:2025&per_page=20000,raw/worldbank/b1f8822bfd68_GC.TAX.TOTL.GD.ZS.json
Indonesia,IDN,2004,GC.TAX.TOTL.GD.ZS,Tax revenue (% of GDP),12.3307678952353,,https://api.worldbank.org/v2/country/IDN;MYS;VNM;THA;PHL;SGP;BRN;KHM;LAO;MMR;TLS/indicator/GC.TAX.TOTL.GD.ZS?format=json&date=2000:2025&per_page=20000,raw/worldbank/b1f8822bfd68_GC.TAX.TOTL.GD.ZS.json
Indonesia,IDN,2003,GC.TAX.TOTL.GD.ZS,Tax revenue (% of GDP),12.3855320643093,,https://api.worldbank.org/v2/country/IDN;MYS;VNM;THA;PHL;SGP;BRN;KHM;LAO;MMR;TLS/indicator/GC.TAX.TOTL.GD.ZS?format=json&date=2000:2025&per_page=20000,raw/worldbank/b1f8822bfd68_GC.TAX.TOTL.GD.ZS.json
Indonesia,IDN,2002,GC.TAX.TOTL.GD.ZS,Tax revenue (% of GDP),11.8269595891699,,https://api.worldbank.org/v2/country/IDN;MYS;VNM;THA;PHL;SGP;BRN;KHM;LAO;MMR;TLS/indicator/GC.TAX.TOTL.GD.ZS?format=json&date=2000:2025&per_page=20000,raw/worldbank/b1f8822bfd68_GC.TAX.TOTL.GD.ZS.json
Indonesia,IDN,2001,GC.TAX.TOTL.GD.ZS,Tax revenue (% of GDP),11.5781845835748,,https://api.worldbank.org/v2/country/IDN;MYS;VNM;THA;PHL;SGP;BRN;KHM;LAO;MMR;TLS/indicator/GC.TAX.TOTL.GD.ZS?format=json&date=2000:2025&per_page=20000,raw/worldbank/b1f8822bfd68_GC.TAX.TOTL.GD.ZS.json
Indonesia,IDN,2000,GC.TAX.TOTL.GD.ZS,Tax revenue (% of GDP),,,https://api.worldbank.org/v2/country/IDN;MYS;VNM;THA;PHL;SGP;BRN;KHM;LAO;MMR;TLS/indicator/GC.TAX.TOTL.GD.ZS?format=json&date=2000:2025&per_page=20000,raw/worldbank/b1f8822bfd68_GC.TAX.TOTL.GD.ZS.json
Cambodia,KHM,2025,GC.TAX.TOTL.GD.ZS,Tax revenue (% of GDP),,,https://api.worldbank.org/v2/country/IDN;MYS;VNM;THA;PHL;SGP;BRN;KHM;LAO;MMR;TLS/indicator/GC.TAX.TOTL.GD.ZS?format=json&date=2000:2025&per_page=20000,raw/worldbank/b1f8822bfd68_GC.TAX.TOTL.GD.ZS.json
Cambodia,KHM,2024,GC.TAX.TOTL.GD.ZS,Tax revenue (% of GDP),,,https://api.worldbank.org/v2/country/IDN;MYS;VNM;THA;PHL;SGP;BRN;KHM;LAO;MMR;TLS/indicator/GC.TAX.TOTL.GD.ZS?format=json&date=2000:2025&per_page=20000,raw/worldbank/b1f8822bfd68_GC.TAX.TOTL.GD.ZS.json
Cambodia,KHM,2023,GC.TAX.TOTL.GD.ZS,Tax revenue (% of GDP),12.2035420550215,,https://api.worldbank.org/v2/country/IDN;MYS;VNM;THA;PHL;SGP;BRN;KHM;LAO;MMR;TLS/indicator/GC.TAX.TOTL.GD.ZS?format=json&date=2000:2025&per_page=20000,raw/worldbank/b1f8822bfd68_GC.TAX.TOTL.GD.ZS.json
Cambodia,KHM,2022,GC.TAX.TOTL.GD.ZS,Tax revenue (% of GDP),13.5187383949089,,https://api.worldbank.org/v2/country/IDN;MYS;VNM;THA;PHL;SGP;BRN;KHM;LAO;MMR;TLS/indicator/GC.TAX.TOTL.GD.ZS?format=json&date=2000:2025&per_page=20000,raw/worldbank/b1f8822bfd68_GC.TAX.TOTL.GD.ZS.json
Cambodia,KHM,2021,GC.TAX.TOTL.GD.ZS,Tax revenue (% of GDP),11.9927698946663,,https://api.worldbank.org/v2/country/IDN;MYS;VNM;THA;PHL;SGP;BRN;KHM;LAO;MMR;TLS/indicator/GC.TAX.TOTL.GD.ZS?format=json&date=2000:2025&per_page=20000,raw/worldbank/b1f8822bfd68_GC.TAX.TOTL.GD.ZS.json
Cambodia,KHM,2020,GC.TAX.TOTL.GD.ZS,Tax revenue (% of GDP),13.2902084649733,,https://api.worldbank.org/v2/country/IDN;MYS;VNM;THA;PHL;SGP;BRN;KHM;LAO;MMR;TLS/indicator/GC.TAX.TOTL.GD.ZS?format=json&date=2000:2025&per_page=20000,raw/worldbank/b1f8822bfd68_GC.TAX.TOTL.GD.ZS.json
Cambodia,KHM,2019,GC.TAX.TOTL.GD.ZS,Tax revenue (% of GDP),14.5706459610935,,https://api.worldbank.org/v2/country/IDN;MYS;VNM;THA;PHL;SGP;BRN;KHM;LAO;MMR;TLS/indicator/GC.TAX.TOTL.GD.ZS?format=json&date=2000:2025&per_page=20000,raw/worldbank/b1f8822bfd68_GC.TAX.TOTL.GD.ZS.json
Cambodia,KHM,2018,GC.TAX.TOTL.GD.ZS,Tax revenue (% of GDP),12.6410723071222,,https://api.worldbank.org/v2/country/IDN;MYS;VNM;THA;PHL;SGP;BRN;KHM;LAO;MMR;TLS/indicator/GC.TAX.TOTL.GD.ZS?format=json&date=2000:2025&per_page=20000,raw/worldbank/b1f8822bfd68_GC.TAX.TOTL.GD.ZS.json
Cambodia,KHM,2017,GC.TAX.TOTL.GD.ZS,Tax revenue (% of GDP),11.9278366185806,,https://api.worldbank.org/v2/country/IDN;MYS;VNM;THA;PHL;SGP;BRN;KHM;LAO;MMR;TLS/indicator/GC.TAX.TOTL.GD.ZS?format=json&date=2000:2025&per_page=20000,raw/worldbank/b1f8822bfd68_GC.TAX.TOTL.GD.ZS.json
Cambodia,KHM,2016,GC.TAX.TOTL.GD.ZS,Tax revenue (% of GDP),11.1748765224685,,https://api.worldbank.org/v2/country/IDN;MYS;VNM;THA;PHL;SGP;BRN;KHM;LAO;MMR;TLS/indicator/GC.TAX.TOTL.GD.ZS?format=json&date=2000:2025&per_page=20000,raw/worldbank/b1f8822bfd68_GC.TAX.TOTL.GD.ZS.json
Cambodia,KHM,2015,GC.TAX.TOTL.GD.ZS,Tax revenue (% of GDP),10.8884929320759,,https://api.worldbank.org/v2/country/IDN;MYS;VNM;THA;PHL;SGP;BRN;KHM;LAO;MMR;TLS/indicator/GC.TAX.TOTL.GD.ZS?format=json&date=2000:2025&per_page=20000,raw/worldbank/b1f8822bfd68_GC.TAX.TOTL.GD.ZS.json
Cambodia,KHM,2014,GC.TAX.TOTL.GD.ZS,Tax revenue (% of GDP),11.0837884465344,,https://api.worldbank.org/v2/country/IDN;MYS;VNM;THA;PHL;SGP;BRN;KHM;LAO;MMR;TLS/indicator/GC.TAX.TOTL.GD.ZS?format=json&date=2000:2025&per_page=20000,raw/worldbank/b1f8822bfd68_GC.TAX.TOTL.GD.ZS.json
Cambodia,KHM,2013,GC.TAX.TOTL.GD.ZS,Tax revenue (% of GDP),9.28638425469543,,https://api.worldbank.org/v2/country/IDN;MYS;VNM;THA;PHL;SGP;BRN;KHM;LAO;MMR;TLS/indicator/GC.TAX.TOTL.GD.ZS?format=json&date=2000:2025&per_page=20000,raw/worldbank/b1f8822bfd68_GC.TAX.TOTL.GD.ZS.json
Cambodia,KHM,2012,GC.TAX.TOTL.GD.ZS,Tax revenue (% of GDP),8.73743328155956,,https://api.worldbank.org/v2/country/IDN;MYS;VNM;THA;PHL;SGP;BRN;KHM;LAO;MMR;TLS/indicator/GC.TAX.TOTL.GD.ZS?format=json&date=2000:2025&per_page=20000,raw/worldbank/b1f8822bfd68_GC.TAX.TOTL.GD.ZS.json
Cambodia,KHM,2011,GC.TAX.TOTL.GD.ZS,Tax revenue (% of GDP),8.12593534266751,,https://api.worldbank.org/v2/country/IDN;MYS;VNM;THA;PHL;SGP;BRN;KHM;LAO;MMR;TLS/indicator/GC.TAX.TOTL.GD.ZS?format=json&date=2000:2025&per_page=20000,raw/worldbank/b1f8822bfd68_GC.TAX.TOTL.GD.ZS.json
Cambodia,KHM,2010,GC.TAX.TOTL.GD.ZS,Tax revenue (% of GDP),8.14393451129163,,https://api.worldbank.org/v2/country/IDN;MYS;VNM;THA;PHL;SGP;BRN;KHM;LAO;MMR;TLS/indicator/GC.TAX.TOTL.GD.ZS?format=json&date=2000:2025&per_page=20000,raw/worldbank/b1f8822bfd68_GC.TAX.TOTL.GD.ZS.json
Cambodia,KHM,2009,GC.TAX.TOTL.GD.ZS,Tax revenue (% of GDP),8.02652016594289,,https://api.worldbank.org/v2/country/IDN;MYS;VNM;THA;PHL;SGP;BRN;KHM;LAO;MMR;TLS/indicator/GC.TAX.TOTL.GD.ZS?format=json&date=2000:2025&per_page=20000,raw/worldbank/b1f8822bfd68_GC.TAX.TOTL.GD.ZS.json
Cambodia,KHM,2008,GC.TAX.TOTL.GD.ZS,Tax revenue (% of GDP),8.97517318958401,,https://api.worldbank.org/v2/country/IDN;MYS;VNM;THA;PHL;SGP;BRN;KHM;LAO;MMR;TLS/indicator/GC.TAX.TOTL.GD.ZS?format=json&date=2000:2025&per_page=20000,raw/worldbank/b1f8822bfd68_GC.TAX.TOTL.GD.ZS.json
Cambodia,KHM,2007,GC.TAX.TOTL.GD.ZS,Tax revenue (% of GDP),8.27164124425787,,https://api.worldbank.org/v2/country/IDN;MYS;VNM;THA;PHL;SGP;BRN;KHM;LAO;MMR;TLS/indicator/GC.TAX.TOTL.GD.ZS?format=json&date=2000:2025&per_page=20000,raw/worldbank/b1f8822bfd68_GC.TAX.TOTL.GD.ZS.json
Cambodia,KHM,2006,GC.TAX.TOTL.GD.ZS,Tax revenue (% of GDP),7.12501082734391,,https://api.worldbank.org/v2/country/IDN;MYS;VNM;THA;PHL;SGP;BRN;KHM;LAO;MMR;TLS/indicator/GC.TAX.TOTL.GD.ZS?format=json&date=2000:2025&per_page=20000,raw/worldbank/b1f8822bfd68_GC.TAX.TOTL.GD.ZS.json
Cambodia,KHM,2005,GC.TAX.TOTL.GD.ZS,Tax revenue (% of GDP),7.02950143209687,,https://api.worldbank.org/v2/country/IDN;MYS;VNM;THA;PHL;SGP;BRN;KHM;LAO;MMR;TLS/indicator/GC.TAX.TOTL.GD.ZS?format=json&date=2000:2025&per_page=20000,raw/worldbank/b1f8822bfd68_GC.TAX.TOTL.GD.ZS.json
Cambodia,KHM,2004,GC.TAX.TOTL.GD.ZS,Tax revenue (% of GDP),7.36468106434393,,https://api.worldbank.org/v2/country/IDN;MYS;VNM;THA;PHL;SGP;BRN;KHM;LAO;MMR;TLS/indicator/GC.TAX.TOTL.GD.ZS?format=json&date=2000:2025&per_page=20000,raw/worldbank/b1f8822bfd68_GC.TAX.TOTL.GD.ZS.json
Cambodia,KHM,2003,GC.TAX.TOTL.GD.ZS,Tax revenue (% of GDP),6.95765269452965,,https://api.worldbank.org/v2/country/IDN;MYS;VNM;THA;PHL;SGP;BRN;KHM;LAO;MMR;TLS/indicator/GC.TAX.TOTL.GD.ZS?format=json&date=2000:2025&per_page=20000,raw/worldbank/b1f8822bfd68_GC.TAX.TOTL.GD.ZS.json
Cambodia,KHM,2002,GC.TAX.TOTL.GD.ZS,Tax revenue (% of GDP),7.77854123062594,,https://api.worldbank.org/v2/country/IDN;MYS;VNM;THA;PHL;SGP;BRN;KHM;LAO;MMR;TLS/indicator/GC.TAX.TOTL.GD.ZS?format=json&date=2000:2025&per_page=20000,raw/worldbank/b1f8822bfd68_GC.TAX.TOTL.GD.ZS.json
Cambodia,KHM,2001,GC.TAX.TOTL.GD.ZS,Tax revenue (% of GDP),,,https://api.worldbank.org/v2/country/IDN;MYS;VNM;THA;PHL;SGP;BRN;KHM;LAO;MMR;TLS/indicator/GC.TAX.TOTL.GD.ZS?format=json&date=2000:2025&per_page=20000,raw/worldbank/b1f8822bfd68_GC.TAX.TOTL.GD.ZS.json
Cambodia,KHM,2000,GC.TAX.TOTL.GD.ZS,Tax revenue (% of GDP),,,https://api.worldbank.org/v2/country/IDN;MYS;VNM;THA;PHL;SGP;BRN;KHM;LAO;MMR;TLS/indicator/GC.TAX.TOTL.GD.ZS?format=json&date=2000:2025&per_page=20000,raw/worldbank/b1f8822bfd68_GC.TAX.TOTL.GD.ZS.json
Lao PDR,LAO,2025,GC.TAX.TOTL.GD.ZS,Tax revenue (% of GDP),,,https://api.worldbank.org/v2/country/IDN;MYS;VNM;THA;PHL;SGP;BRN;KHM;LAO;MMR;TLS/indicator/GC.TAX.TOTL.GD.ZS?format=json&date=2000:2025&per_page=20000,raw/worldbank/b1f8822bfd68_GC.TAX.TOTL.GD.ZS.json
Lao PDR,LAO,2024,GC.TAX.TOTL.GD.ZS,Tax revenue (% of GDP),,,https://api.worldbank.org/v2/country/IDN;MYS;VNM;THA;PHL;SGP;BRN;KHM;LAO;MMR;TLS/indicator/GC.TAX.TOTL.GD.ZS?format=json&date=2000:2025&per_page=20000,raw/worldbank/b1f8822bfd68_GC.TAX.TOTL.GD.ZS.json
Lao PDR,LAO,2023,GC.TAX.TOTL.GD.ZS,Tax revenue (% of GDP),,,https://api.worldbank.org/v2/country/IDN;MYS;VNM;THA;PHL;SGP;BRN;KHM;LAO;MMR;TLS/indicator/GC.TAX.TOTL.GD.ZS?format=json&date=2000:2025&per_page=20000,raw/worldbank/b1f8822bfd68_GC.TAX.TOTL.GD.ZS.json
Lao PDR,LAO,2022,GC.TAX.TOTL.GD.ZS,Tax revenue (% of GDP),12.1129327825423,,https://api.worldbank.org/v2/country/IDN;MYS;VNM;THA;PHL;SGP;BRN;KHM;LAO;MMR;TLS/indicator/GC.TAX.TOTL.GD.ZS?format=json&date=2000:2025&per_page=20000,raw/worldbank/b1f8822bfd68_GC.TAX.TOTL.GD.ZS.json
Lao PDR,LAO,2021,GC.TAX.TOTL.GD.ZS,Tax revenue (% of GDP),10.3910216640385,,https://api.worldbank.org/v2/country/IDN;MYS;VNM;THA;PHL;SGP;BRN;KHM;LAO;MMR;TLS/indicator/GC.TAX.TOTL.GD.ZS?format=json&date=2000:2025&per_page=20000,raw/worldbank/b1f8822bfd68_GC.TAX.TOTL.GD.ZS.json
Lao PDR,LAO,2020,GC.TAX.TOTL.GD.ZS,Tax revenue (% of GDP),9.40187747302716,,https://api.worldbank.org/v2/country/IDN;MYS;VNM;THA;PHL;SGP;BRN;KHM;LAO;MMR;TLS/indicator/GC.TAX.TOTL.GD.ZS?format=json&date=2000:2025&per_page=20000,raw/worldbank/b1f8822bfd68_GC.TAX.TOTL.GD.ZS.json
Lao PDR,LAO,2019,GC.TAX.TOTL.GD.ZS,Tax revenue (% of GDP),11.4655560904234,,https://api.worldbank.org/v2/country/IDN;MYS;VNM;THA;PHL;SGP;BRN;KHM;LAO;MMR;TLS/indicator/GC.TAX.TOTL.GD.ZS?format=json&date=2000:2025&per_page=20000,raw/worldbank/b1f8822bfd68_GC.TAX.TOTL.GD.ZS.json
Lao PDR,LAO,2018,GC.TAX.TOTL.GD.ZS,Tax revenue (% of GDP),11.7206462434218,,https://api.worldbank.org/v2/country/IDN;MYS;VNM;THA;PHL;SGP;BRN;KHM;LAO;MMR;TLS/indicator/GC.TAX.TOTL.GD.ZS?format=json&date=2000:2025&per_page=20000,raw/worldbank/b1f8822bfd68_GC.TAX.TOTL.GD.ZS.json
Lao PDR,LAO,2017,GC.TAX.TOTL.GD.ZS,Tax revenue (% of GDP),12.2393204927448,,https://api.worldbank.org/v2/country/IDN;MYS;VNM;THA;PHL;SGP;BRN;KHM;LAO;MMR;TLS/indicator/GC.TAX.TOTL.GD.ZS?format=json&date=2000:2025&per_page=20000,raw/worldbank/b1f8822bfd68_GC.TAX.TOTL.GD.ZS.json
Lao PDR,LAO,2016,GC.TAX.TOTL.GD.ZS,Tax revenue (% of GDP),12.9431113387434,,https://api.worldbank.org/v2/country/IDN;MYS;VNM;THA;PHL;SGP;BRN;KHM;LAO;MMR;TLS/indicator/GC.TAX.TOTL.GD.ZS?format=json&date=2000:2025&per_page=20000,raw/worldbank/b1f8822bfd68_GC.TAX.TOTL.GD.ZS.json
Lao PDR,LAO,2015,GC.TAX.TOTL.GD.ZS,Tax revenue (% of GDP),13.5061406202026,,https://api.worldbank.org/v2/country/IDN;MYS;VNM;THA;PHL;SGP;BRN;KHM;LAO;MMR;TLS/indicator/GC.TAX.TOTL.GD.ZS?format=json&date=2000:2025&per_page=20000,raw/worldbank/b1f8822bfd68_GC.TAX.TOTL.GD.ZS.json
Lao PDR,LAO,2014,GC.TAX.TOTL.GD.ZS,Tax revenue (% of GDP),13.8301819353549,,https://api.worldbank.org/v2/country/IDN;MYS;VNM;THA;PHL;SGP;BRN;KHM;LAO;MMR;TLS/indicator/GC.TAX.TOTL.GD.ZS?format=json&date=2000:2025&per_page=20000,raw/worldbank/b1f8822bfd68_GC.TAX.TOTL.GD.ZS.json
Lao PDR,LAO,2013,GC.TAX.TOTL.GD.ZS,Tax revenue (% of GDP),13.7388338387583,,https://api.worldbank.org/v2/country/IDN;MYS;VNM;THA;PHL;SGP;BRN;KHM;LAO;MMR;TLS/indicator/GC.TAX.TOTL.GD.ZS?format=json&date=2000:2025&per_page=20000,raw/worldbank/b1f8822bfd68_GC.TAX.TOTL.GD.ZS.json
Lao PDR,LAO,2012,GC.TAX.TOTL.GD.ZS,Tax revenue (% of GDP),13.6053412560259,,https://api.worldbank.org/v2/country/IDN;MYS;VNM;THA;PHL;SGP;BRN;KHM;LAO;MMR;TLS/indicator/GC.TAX.TOTL.GD.ZS?format=json&date=2000:2025&per_page=20000,raw/worldbank/b1f8822bfd68_GC.TAX.TOTL.GD.ZS.json
Lao PDR,LAO,2011,GC.TAX.TOTL.GD.ZS,Tax revenue (% of GDP),13.1464121849439,,https://api.worldbank.org/v2/country/IDN;MYS;VNM;THA;PHL;SGP;BRN;KHM;LAO;MMR;TLS/indicator/GC.TAX.TOTL.GD.ZS?format=json&date=2000:2025&per_page=20000,raw/worldbank/b1f8822bfd68_GC.TAX.TOTL.GD.ZS.json
Lao PDR,LAO,2010,GC.TAX.TOTL.GD.ZS,Tax revenue (% of GDP),13.0271390929762,,https://api.worldbank.org/v2/country/IDN;MYS;VNM;THA;PHL;SGP;BRN;KHM;LAO;MMR;TLS/indicator/GC.TAX.TOTL.GD.ZS?format=json&date=2000:2025&per_page=20000,raw/worldbank/b1f8822bfd68_GC.TAX.TOTL.GD.ZS.json
Lao PDR,LAO,2009,GC.TAX.TOTL.GD.ZS,Tax revenue (% of GDP),12.7571661741676,,https://api.worldbank.org/v2/country/IDN;MYS;VNM;THA;PHL;SGP;BRN;KHM;LAO;MMR;TLS/indicator/GC.TAX.TOTL.GD.ZS?format=json&date=2000:2025&per_page=20000,raw/worldbank/b1f8822bfd68_GC.TAX.TOTL.GD.ZS.json
Lao PDR,LAO,2008,GC.TAX.TOTL.GD.ZS,Tax revenue (% of GDP),12.1029400169726,,https://api.worldbank.org/v2/country/IDN;MYS;VNM;THA;PHL;SGP;BRN;KHM;LAO;MMR;TLS/indicator/GC.TAX.TOTL.GD.ZS?format=json&date=2000:2025&per_page=20000,raw/worldbank/b1f8822bfd68_GC.TAX.TOTL.GD.ZS.json
Lao PDR,LAO,2007,GC.TAX.TOTL.GD.ZS,Tax revenue (% of GDP),,,https://api.worldbank.org/v2/country/IDN;MYS;VNM;THA;PHL;SGP;BRN;KHM;LAO;MMR;TLS/indicator/GC.TAX.TOTL.GD.ZS?format=json&date=2000:2025&per_page=20000,raw/worldbank/b1f8822bfd68_GC.TAX.TOTL.GD.ZS.json
Lao PDR,LAO,2006,GC.TAX.TOTL.GD.ZS,Tax revenue (% of GDP),,,https://api.worldbank.org/v2/country/IDN;MYS;VNM;THA;PHL;SGP;BRN;KHM;LAO;MMR;TLS/indicator/GC.TAX.TOTL.GD.ZS?format=json&date=2000:2025&per_page=20000,raw/worldbank/b1f8822bfd68_GC.TAX.TOTL.GD.ZS.json
Lao PDR,LAO,2005,GC.TAX.TOTL.GD.ZS,Tax revenue (% of GDP),,,https://api.worldbank.org/v2/country/IDN;MYS;VNM;THA;PHL;SGP;BRN;KHM;LAO;MMR;TLS/indicator/GC.TAX.TOTL.GD.ZS?format=json&date=2000:2025&per_page=20000,raw/worldbank/b1f8822bfd68_GC.TAX.TOTL.GD.ZS.json
Lao PDR,LAO,2004,GC.TAX.TOTL.GD.ZS,Tax revenue (% of GDP),,,https://api.worldbank.org/v2/country/IDN;MYS;VNM;THA;PHL;SGP;BRN;KHM;LAO;MMR;TLS/indicator/GC.TAX.TOTL.GD.ZS?format=json&date=2000:2025&per_page=20000,raw/worldbank/b1f8822bfd68_GC.TAX.TOTL.GD.ZS.json
Lao PDR,LAO,2003,GC.TAX.TOTL.GD.ZS,Tax revenue (% of GDP),,,https://api.worldbank.org/v2/country/IDN;MYS;VNM;THA;PHL;SGP;BRN;KHM;LAO;MMR;TLS/indicator/GC.TAX.TOTL.GD.ZS?format=json&date=2000:2025&per_page=20000,raw/worldbank/b1f8822bfd68_GC.TAX.TOTL.GD.ZS.json
Lao PDR,LAO,2002,GC.TAX.TOTL.GD.ZS,Tax revenue (% of GDP),,,https://api.worldbank.org/v2/country/IDN;MYS;VNM;THA;PHL;SGP;BRN;KHM;LAO;MMR;TLS/indicator/GC.TAX.TOTL.GD.ZS?format=json&date=2000:2025&per_page=20000,raw/worldbank/b1f8822bfd68_GC.TAX.TOTL.GD.ZS.json
Lao PDR,LAO,2001,GC.TAX.TOTL.GD.ZS,Tax revenue (% of GDP),,,https://api.worldbank.org/v2/country/IDN;MYS;VNM;THA;PHL;SGP;BRN;KHM;LAO;MMR;TLS/indicator/GC.TAX.TOTL.GD.ZS?format=json&date=2000:2025&per_page=20000,raw/worldbank/b1f8822bfd68_GC.TAX.TOTL.GD.ZS.json
Lao PDR,LAO,2000,GC.TAX.TOTL.GD.ZS,Tax revenue (% of GDP),,,https://api.worldbank.org/v2/country/IDN;MYS;VNM;THA;PHL;SGP;BRN;KHM;LAO;MMR;TLS/indicator/GC.TAX.TOTL.GD.ZS?format=json&date=2000:2025&per_page=20000,raw/worldbank/b1f8822bfd68_GC.TAX.TOTL.GD.ZS.json
Myanmar,MMR,2025,GC.TAX.TOTL.GD.ZS,Tax revenue (% of GDP),,,https://api.worldbank.org/v2/country/IDN;MYS;VNM;THA;PHL;SGP;BRN;KHM;LAO;MMR;TLS/indicator/GC.TAX.TOTL.GD.ZS?format=json&date=2000:2025&per_page=20000,raw/worldbank/b1f8822bfd68_GC.TAX.TOTL.GD.ZS.json
Myanmar,MMR,2024,GC.TAX.TOTL.GD.ZS,Tax revenue (% of GDP),,,https://api.worldbank.org/v2/country/IDN;MYS;VNM;THA;PHL;SGP;BRN;KHM;LAO;MMR;TLS/indicator/GC.TAX.TOTL.GD.ZS?format=json&date=2000:2025&per_page=20000,raw/worldbank/b1f8822bfd68_GC.TAX.TOTL.GD.ZS.json
Myanmar,MMR,2023,GC.TAX.TOTL.GD.ZS,Tax revenue (% of GDP),,,https://api.worldbank.org/v2/country/IDN;MYS;VNM;THA;PHL;SGP;BRN;KHM;LAO;MMR;TLS/indicator/GC.TAX.TOTL.GD.ZS?format=json&date=2000:2025&per_page=20000,raw/worldbank/b1f8822bfd68_GC.TAX.TOTL.GD.ZS.json
Myanmar,MMR,2022,GC.TAX.TOTL.GD.ZS,Tax revenue (% of GDP),,,https://api.worldbank.org/v2/country/IDN;MYS;VNM;THA;PHL;SGP;BRN;KHM;LAO;MMR;TLS/indicator/GC.TAX.TOTL.GD.ZS?format=json&date=2000:2025&per_page=20000,raw/worldbank/b1f8822bfd68_GC.TAX.TOTL.GD.ZS.json
Myanmar,MMR,2021,GC.TAX.TOTL.GD.ZS,Tax revenue (% of GDP),,,https://api.worldbank.org/v2/country/IDN;MYS;VNM;THA;PHL;SGP;BRN;KHM;LAO;MMR;TLS/indicator/GC.TAX.TOTL.GD.ZS?format=json&date=2000:2025&per_page=20000,raw/worldbank/b1f8822bfd68_GC.TAX.TOTL.GD.ZS.json
Myanmar,MMR,2020,GC.TAX.TOTL.GD.ZS,Tax revenue (% of GDP),,,https://api.worldbank.org/v2/country/IDN;MYS;VNM;THA;PHL;SGP;BRN;KHM;LAO;MMR;TLS/indicator/GC.TAX.TOTL.GD.ZS?format=json&date=2000:2025&per_page=20000,raw/worldbank/b1f8822bfd68_GC.TAX.TOTL.GD.ZS.json
Myanmar,MMR,2019,GC.TAX.TOTL.GD.ZS,Tax revenue (% of GDP),6.01765247726484,,https://api.worldbank.org/v2/country/IDN;MYS;VNM;THA;PHL;SGP;BRN;KHM;LAO;MMR;TLS/indicator/GC.TAX.TOTL.GD.ZS?format=json&date=2000:2025&per_page=20000,raw/worldbank/b1f8822bfd68_GC.TAX.TOTL.GD.ZS.json
Myanmar,MMR,2018,GC.TAX.TOTL.GD.ZS,Tax revenue (% of GDP),2.75697125272766,,https://api.worldbank.org/v2/country/IDN;MYS;VNM;THA;PHL;SGP;BRN;KHM;LAO;MMR;TLS/indicator/GC.TAX.TOTL.GD.ZS?format=json&date=2000:2025&per_page=20000,raw/worldbank/b1f8822bfd68_GC.TAX.TOTL.GD.ZS.json
Myanmar,MMR,2017,GC.TAX.TOTL.GD.ZS,Tax revenue (% of GDP),6.07774232896579,,https://api.worldbank.org/v2/country/IDN;MYS;VNM;THA;PHL;SGP;BRN;KHM;LAO;MMR;TLS/indicator/GC.TAX.TOTL.GD.ZS?format=json&date=2000:2025&per_page=20000,raw/worldbank/b1f8822bfd68_GC.TAX.TOTL.GD.ZS.json
Myanmar,MMR,2016,GC.TAX.TOTL.GD.ZS,Tax revenue (% of GDP),7.17585983640205,,https://api.worldbank.org/v2/country/IDN;MYS;VNM;THA;PHL;SGP;BRN;KHM;LAO;MMR;TLS/indicator/GC.TAX.TOTL.GD.ZS?format=json&date=2000:2025&per_page=20000,raw/worldbank/b1f8822bfd68_GC.TAX.TOTL.GD.ZS.json
Myanmar,MMR,2015,GC.TAX.TOTL.GD.ZS,Tax revenue (% of GDP),6.01128503979227,,https://api.worldbank.org/v2/country/IDN;MYS;VNM;THA;PHL;SGP;BRN;KHM;LAO;MMR;TLS/indicator/GC.TAX.TOTL.GD.ZS?format=json&date=2000:2025&per_page=20000,raw/worldbank/b1f8822bfd68_GC.TAX.TOTL.GD.ZS.json
Myanmar,MMR,2014,GC.TAX.TOTL.GD.ZS,Tax revenue (% of GDP),5.84092892509683,,https://api.worldbank.org/v2/country/IDN;MYS;VNM;THA;PHL;SGP;BRN;KHM;LAO;MMR;TLS/indicator/GC.TAX.TOTL.GD.ZS?format=json&date=2000:2025&per_page=20000,raw/worldbank/b1f8822bfd68_GC.TAX.TOTL.GD.ZS.json
Myanmar,MMR,2013,GC.TAX.TOTL.GD.ZS,Tax revenue (% of GDP),5.52956758874506,,https://api.worldbank.org/v2/country/IDN;MYS;VNM;THA;PHL;SGP;BRN;KHM;LAO;MMR;TLS/indicator/GC.TAX.TOTL.GD.ZS?format=json&date=2000:2025&per_page=20000,raw/worldbank/b1f8822bfd68_GC.TAX.TOTL.GD.ZS.json
Myanmar,MMR,2012,GC.TAX.TOTL.GD.ZS,Tax revenue (% of GDP),4.52409369741194,,https://api.worldbank.org/v2/country/IDN;MYS;VNM;THA;PHL;SGP;BRN;KHM;LAO;MMR;TLS/indicator/GC.TAX.TOTL.GD.ZS?format=json&date=2000:2025&per_page=20000,raw/worldbank/b1f8822bfd68_GC.TAX.TOTL.GD.ZS.json
Myanmar,MMR,2011,GC.TAX.TOTL.GD.ZS,Tax revenue (% of GDP),,,https://api.worldbank.org/v2/country/IDN;MYS;VNM;THA;PHL;SGP;BRN;KHM;LAO;MMR;TLS/indicator/GC.TAX.TOTL.GD.ZS?format=json&date=2000:2025&per_page=20000,raw/worldbank/b1f8822bfd68_GC.TAX.TOTL.GD.ZS.json
Myanmar,MMR,2010,GC.TAX.TOTL.GD.ZS,Tax revenue (% of GDP),,,https://api.worldbank.org/v2/country/IDN;MYS;VNM;THA;PHL;SGP;BRN;KHM;LAO;MMR;TLS/indicator/GC.TAX.TOTL.GD.ZS?format=json&date=2000:2025&per_page=20000,raw/worldbank/b1f8822bfd68_GC.TAX.TOTL.GD.ZS.json
Myanmar,MMR,2009,GC.TAX.TOTL.GD.ZS,Tax revenue (% of GDP),,,https://api.worldbank.org/v2/country/IDN;MYS;VNM;THA;PHL;SGP;BRN;KHM;LAO;MMR;TLS/indicator/GC.TAX.TOTL.GD.ZS?format=json&date=2000:2025&per_page=20000,raw/worldbank/b1f8822bfd68_GC.TAX.TOTL.GD.ZS.json
Myanmar,MMR,2008,GC.TAX.TOTL.GD.ZS,Tax revenue (% of GDP),,,https://api.worldbank.org/v2/country/IDN;MYS;VNM;THA;PHL;SGP;BRN;KHM;LAO;MMR;TLS/indicator/GC.TAX.TOTL.GD.ZS?format=json&date=2000:2025&per_page=20000,raw/worldbank/b1f8822bfd68_GC.TAX.TOTL.GD.ZS.json
Myanmar,MMR,2007,GC.TAX.TOTL.GD.ZS,Tax revenue (% of GDP),,,https://api.worldbank.org/v2/country/IDN;MYS;VNM;THA;PHL;SGP;BRN;KHM;LAO;MMR;TLS/indicator/GC.TAX.TOTL.GD.ZS?format=json&date=2000:2025&per_page=20000,raw/worldbank/b1f8822bfd68_GC.TAX.TOTL.GD.ZS.json
Myanmar,MMR,2006,GC.TAX.TOTL.GD.ZS,Tax revenue (% of GDP),,,https://api.worldbank.org/v2/country/IDN;MYS;VNM;THA;PHL;SGP;BRN;KHM;LAO;MMR;TLS/indicator/GC.TAX.TOTL.GD.ZS?format=json&date=2000:2025&per_page=20000,raw/worldbank/b1f8822bfd68_GC.TAX.TOTL.GD.ZS.json
Myanmar,MMR,2005,GC.TAX.TOTL.GD.ZS,Tax revenue (% of GDP),3.88177835640941,,https://api.worldbank.org/v2/country/IDN;MYS;VNM;THA;PHL;SGP;BRN;KHM;LAO;MMR;TLS/indicator/GC.TAX.TOTL.GD.ZS?format=json&date=2000:2025&per_page=20000,raw/worldbank/b1f8822bfd68_GC.TAX.TOTL.GD.ZS.json
Myanmar,MMR,2004,GC.TAX.TOTL.GD.ZS,Tax revenue (% of GDP),3.27245665609108,,https://api.worldbank.org/v2/country/IDN;MYS;VNM;THA;PHL;SGP;BRN;KHM;LAO;MMR;TLS/indicator/GC.TAX.TOTL.GD.ZS?format=json&date=2000:2025&per_page=20000,raw/worldbank/b1f8822bfd68_GC.TAX.TOTL.GD.ZS.json
Myanmar,MMR,2003,GC.TAX.TOTL.GD.ZS,Tax revenue (% of GDP),2.21041186420545,,https://api.worldbank.org/v2/country/IDN;MYS;VNM;THA;PHL;SGP;BRN;KHM;LAO;MMR;TLS/indicator/GC.TAX.TOTL.GD.ZS?format=json&date=2000:2025&per_page=20000,raw/worldbank/b1f8822bfd68_GC.TAX.TOTL.GD.ZS.json
Myanmar,MMR,2002,GC.TAX.TOTL.GD.ZS,Tax revenue (% of GDP),2.0010471703619,,https://api.worldbank.org/v2/country/IDN;MYS;VNM;THA;PHL;SGP;BRN;KHM;LAO;MMR;TLS/indicator/GC.TAX.TOTL.GD.ZS?format=json&date=2000:2025&per_page=20000,raw/worldbank/b1f8822bfd68_GC.TAX.TOTL.GD.ZS.json
Myanmar,MMR,2001,GC.TAX.TOTL.GD.ZS,Tax revenue (% of GDP),2.25714041101971,,https://api.worldbank.org/v2/country/IDN;MYS;VNM;THA;PHL;SGP;BRN;KHM;LAO;MMR;TLS/indicator/GC.TAX.TOTL.GD.ZS?format=json&date=2000:2025&per_page=20000,raw/worldbank/b1f8822bfd68_GC.TAX.TOTL.GD.ZS.json
Myanmar,MMR,2000,GC.TAX.TOTL.GD.ZS,Tax revenue (% of GDP),2.96650745818451,,https://api.worldbank.org/v2/country/IDN;MYS;VNM;THA;PHL;SGP;BRN;KHM;LAO;MMR;TLS/indicator/GC.TAX.TOTL.GD.ZS?format=json&date=2000:2025&per_page=20000,raw/worldbank/b1f8822bfd68_GC.TAX.TOTL.GD.ZS.json
Malaysia,MYS,2025,GC.TAX.TOTL.GD.ZS,Tax revenue (% of GDP),,,https://api.worldbank.org/v2/country/IDN;MYS;VNM;THA;PHL;SGP;BRN;KHM;LAO;MMR;TLS/indicator/GC.TAX.TOTL.GD.ZS?format=json&date=2000:2025&per_page=20000,raw/worldbank/b1f8822bfd68_GC.TAX.TOTL.GD.ZS.json
Malaysia,MYS,2024,GC.TAX.TOTL.GD.ZS,Tax revenue (% of GDP),12.4304744518644,,https://api.worldbank.org/v2/country/IDN;MYS;VNM;THA;PHL;SGP;BRN;KHM;LAO;MMR;TLS/indicator/GC.TAX.TOTL.GD.ZS?format=json&date=2000:2025&per_page=20000,raw/worldbank/b1f8822bfd68_GC.TAX.TOTL.GD.ZS.json
Malaysia,MYS,2023,GC.TAX.TOTL.GD.ZS,Tax revenue (% of GDP),12.5648395418319,,https://api.worldbank.org/v2/country/IDN;MYS;VNM;THA;PHL;SGP;BRN;KHM;LAO;MMR;TLS/indicator/GC.TAX.TOTL.GD.ZS?format=json&date=2000:2025&per_page=20000,raw/worldbank/b1f8822bfd68_GC.TAX.TOTL.GD.ZS.json
Malaysia,MYS,2022,GC.TAX.TOTL.GD.ZS,Tax revenue (% of GDP),11.6310545373191,,https://api.worldbank.org/v2/country/IDN;MYS;VNM;THA;PHL;SGP;BRN;KHM;LAO;MMR;TLS/indicator/GC.TAX.TOTL.GD.ZS?format=json&date=2000:2025&per_page=20000,raw/worldbank/b1f8822bfd68_GC.TAX.TOTL.GD.ZS.json
Malaysia,MYS,2021,GC.TAX.TOTL.GD.ZS,Tax revenue (% of GDP),11.2160748437663,,https://api.worldbank.org/v2/country/IDN;MYS;VNM;THA;PHL;SGP;BRN;KHM;LAO;MMR;TLS/indicator/GC.TAX.TOTL.GD.ZS?format=json&date=2000:2025&per_page=20000,raw/worldbank/b1f8822bfd68_GC.TAX.TOTL.GD.ZS.json
Malaysia,MYS,2020,GC.TAX.TOTL.GD.ZS,Tax revenue (% of GDP),10.8846712054019,,https://api.worldbank.org/v2/country/IDN;MYS;VNM;THA;PHL;SGP;BRN;KHM;LAO;MMR;TLS/indicator/GC.TAX.TOTL.GD.ZS?format=json&date=2000:2025&per_page=20000,raw/worldbank/b1f8822bfd68_GC.TAX.TOTL.GD.ZS.json
Malaysia,MYS,2019,GC.TAX.TOTL.GD.ZS,Tax revenue (% of GDP),11.9363488299347,,https://api.worldbank.org/v2/country/IDN;MYS;VNM;THA;PHL;SGP;BRN;KHM;LAO;MMR;TLS/indicator/GC.TAX.TOTL.GD.ZS?format=json&date=2000:2025&per_page=20000,raw/worldbank/b1f8822bfd68_GC.TAX.TOTL.GD.ZS.json
Malaysia,MYS,2018,GC.TAX.TOTL.GD.ZS,Tax revenue (% of GDP),12.0226658594691,,https://api.worldbank.org/v2/country/IDN;MYS;VNM;THA;PHL;SGP;BRN;KHM;LAO;MMR;TLS/indicator/GC.TAX.TOTL.GD.ZS?format=json&date=2000:2025&per_page=20000,raw/worldbank/b1f8822bfd68_GC.TAX.TOTL.GD.ZS.json
Malaysia,MYS,2017,GC.TAX.TOTL.GD.ZS,Tax revenue (% of GDP),12.9459662411797,,https://api.worldbank.org/v2/country/IDN;MYS;VNM;THA;PHL;SGP;BRN;KHM;LAO;MMR;TLS/indicator/GC.TAX.TOTL.GD.ZS?format=json&date=2000:2025&per_page=20000,raw/worldbank/b1f8822bfd68_GC.TAX.TOTL.GD.ZS.json
Malaysia,MYS,2016,GC.TAX.TOTL.GD.ZS,Tax revenue (% of GDP),13.5507251724192,,https://api.worldbank.org/v2/country/IDN;MYS;VNM;THA;PHL;SGP;BRN;KHM;LAO;MMR;TLS/indicator/GC.TAX.TOTL.GD.ZS?format=json&date=2000:2025&per_page=20000,raw/worldbank/b1f8822bfd68_GC.TAX.TOTL.GD.ZS.json
Malaysia,MYS,2015,GC.TAX.TOTL.GD.ZS,Tax revenue (% of GDP),14.0568621293393,,https://api.worldbank.org/v2/country/IDN;MYS;VNM;THA;PHL;SGP;BRN;KHM;LAO;MMR;TLS/indicator/GC.TAX.TOTL.GD.ZS?format=json&date=2000:2025&per_page=20000,raw/worldbank/b1f8822bfd68_GC.TAX.TOTL.GD.ZS.json
Malaysia,MYS,2014,GC.TAX.TOTL.GD.ZS,Tax revenue (% of GDP),14.8407907140268,,https://api.worldbank.org/v2/country/IDN;MYS;VNM;THA;PHL;SGP;BRN;KHM;LAO;MMR;TLS/indicator/GC.TAX.TOTL.GD.ZS?format=json&date=2000:2025&per_page=20000,raw/worldbank/b1f8822bfd68_GC.TAX.TOTL.GD.ZS.json
Malaysia,MYS,2013,GC.TAX.TOTL.GD.ZS,Tax revenue (% of GDP),15.310235280489,,https://api.worldbank.org/v2/country/IDN;MYS;VNM;THA;PHL;SGP;BRN;KHM;LAO;MMR;TLS/indicator/GC.TAX.TOTL.GD.ZS?format=json&date=2000:2025&per_page=20000,raw/worldbank/b1f8822bfd68_GC.TAX.TOTL.GD.ZS.json
Malaysia,MYS,2012,GC.TAX.TOTL.GD.ZS,Tax revenue (% of GDP),15.613146742555,,https://api.worldbank.org/v2/country/IDN;MYS;VNM;THA;PHL;SGP;BRN;KHM;LAO;MMR;TLS/indicator/GC.TAX.TOTL.GD.ZS?format=json&date=2000:2025&per_page=20000,raw/worldbank/b1f8822bfd68_GC.TAX.TOTL.GD.ZS.json
Malaysia,MYS,2011,GC.TAX.TOTL.GD.ZS,Tax revenue (% of GDP),14.794353171378,,https://api.worldbank.org/v2/country/IDN;MYS;VNM;THA;PHL;SGP;BRN;KHM;LAO;MMR;TLS/indicator/GC.TAX.TOTL.GD.ZS?format=json&date=2000:2025&per_page=20000,raw/worldbank/b1f8822bfd68_GC.TAX.TOTL.GD.ZS.json
Malaysia,MYS,2010,GC.TAX.TOTL.GD.ZS,Tax revenue (% of GDP),13.3321953103767,,https://api.worldbank.org/v2/country/IDN;MYS;VNM;THA;PHL;SGP;BRN;KHM;LAO;MMR;TLS/indicator/GC.TAX.TOTL.GD.ZS?format=json&date=2000:2025&per_page=20000,raw/worldbank/b1f8822bfd68_GC.TAX.TOTL.GD.ZS.json
Malaysia,MYS,2009,GC.TAX.TOTL.GD.ZS,Tax revenue (% of GDP),14.9405015326636,,https://api.worldbank.org/v2/country/IDN;MYS;VNM;THA;PHL;SGP;BRN;KHM;LAO;MMR;TLS/indicator/GC.TAX.TOTL.GD.ZS?format=json&date=2000:2025&per_page=20000,raw/worldbank/b1f8822bfd68_GC.TAX.TOTL.GD.ZS.json
Malaysia,MYS,2008,GC.TAX.TOTL.GD.ZS,Tax revenue (% of GDP),14.6629582567858,,https://api.worldbank.org/v2/country/IDN;MYS;VNM;THA;PHL;SGP;BRN;KHM;LAO;MMR;TLS/indicator/GC.TAX.TOTL.GD.ZS?format=json&date=2000:2025&per_page=20000,raw/worldbank/b1f8822bfd68_GC.TAX.TOTL.GD.ZS.json
Malaysia,MYS,2007,GC.TAX.TOTL.GD.ZS,Tax revenue (% of GDP),14.3037228371975,,https://api.worldbank.org/v2/country/IDN;MYS;VNM;THA;PHL;SGP;BRN;KHM;LAO;MMR;TLS/indicator/GC.TAX.TOTL.GD.ZS?format=json&date=2000:2025&per_page=20000,raw/worldbank/b1f8822bfd68_GC.TAX.TOTL.GD.ZS.json
Malaysia,MYS,2006,GC.TAX.TOTL.GD.ZS,Tax revenue (% of GDP),14.5161969824928,,https://api.worldbank.org/v2/country/IDN;MYS;VNM;THA;PHL;SGP;BRN;KHM;LAO;MMR;TLS/indicator/GC.TAX.TOTL.GD.ZS?format=json&date=2000:2025&per_page=20000,raw/worldbank/b1f8822bfd68_GC.TAX.TOTL.GD.ZS.json
Malaysia,MYS,2005,GC.TAX.TOTL.GD.ZS,Tax revenue (% of GDP),14.8263910607125,,https://api.worldbank.org/v2/country/IDN;MYS;VNM;THA;PHL;SGP;BRN;KHM;LAO;MMR;TLS/indicator/GC.TAX.TOTL.GD.ZS?format=json&date=2000:2025&per_page=20000,raw/worldbank/b1f8822bfd68_GC.TAX.TOTL.GD.ZS.json
Malaysia,MYS,2004,GC.TAX.TOTL.GD.ZS,Tax revenue (% of GDP),15.1990937626569,,https://api.worldbank.org/v2/country/IDN;MYS;VNM;THA;PHL;SGP;BRN;KHM;LAO;MMR;TLS/indicator/GC.TAX.TOTL.GD.ZS?format=json&date=2000:2025&per_page=20000,raw/worldbank/b1f8822bfd68_GC.TAX.TOTL.GD.ZS.json
Malaysia,MYS,2003,GC.TAX.TOTL.GD.ZS,Tax revenue (% of GDP),15.4956551225138,,https://api.worldbank.org/v2/country/IDN;MYS;VNM;THA;PHL;SGP;BRN;KHM;LAO;MMR;TLS/indicator/GC.TAX.TOTL.GD.ZS?format=json&date=2000:2025&per_page=20000,raw/worldbank/b1f8822bfd68_GC.TAX.TOTL.GD.ZS.json
Malaysia,MYS,2002,GC.TAX.TOTL.GD.ZS,Tax revenue (% of GDP),17.4469550876406,,https://api.worldbank.org/v2/country/IDN;MYS;VNM;THA;PHL;SGP;BRN;KHM;LAO;MMR;TLS/indicator/GC.TAX.TOTL.GD.ZS?format=json&date=2000:2025&per_page=20000,raw/worldbank/b1f8822bfd68_GC.TAX.TOTL.GD.ZS.json
Malaysia,MYS,2001,GC.TAX.TOTL.GD.ZS,Tax revenue (% of GDP),17.7948888050621,,https://api.worldbank.org/v2/country/IDN;MYS;VNM;THA;PHL;SGP;BRN;KHM;LAO;MMR;TLS/indicator/GC.TAX.TOTL.GD.ZS?format=json&date=2000:2025&per_page=20000,raw/worldbank/b1f8822bfd68_GC.TAX.TOTL.GD.ZS.json
Malaysia,MYS,2000,GC.TAX.TOTL.GD.ZS,Tax revenue (% of GDP),13.6669089031737,,https://api.worldbank.org/v2/country/IDN;MYS;VNM;THA;PHL;SGP;BRN;KHM;LAO;MMR;TLS/indicator/GC.TAX.TOTL.GD.ZS?format=json&date=2000:2025&per_page=20000,raw/worldbank/b1f8822bfd68_GC.TAX.TOTL.GD.ZS.json
Philippines,PHL,2025,GC.TAX.TOTL.GD.ZS,Tax revenue (% of GDP),,,https://api.worldbank.org/v2/country/IDN;MYS;VNM;THA;PHL;SGP;BRN;KHM;LAO;MMR;TLS/indicator/GC.TAX.TOTL.GD.ZS?format=json&date=2000:2025&per_page=20000,raw/worldbank/b1f8822bfd68_GC.TAX.TOTL.GD.ZS.json
Philippines,PHL,2024,GC.TAX.TOTL.GD.ZS,Tax revenue (% of GDP),14.369653991008,,https://api.worldbank.org/v2/country/IDN;MYS;VNM;THA;PHL;SGP;BRN;KHM;LAO;MMR;TLS/indicator/GC.TAX.TOTL.GD.ZS?format=json&date=2000:2025&per_page=20000,raw/worldbank/b1f8822bfd68_GC.TAX.TOTL.GD.ZS.json
Philippines,PHL,2023,GC.TAX.TOTL.GD.ZS,Tax revenue (% of GDP),14.1044353413729,,https://api.worldbank.org/v2/country/IDN;MYS;VNM;THA;PHL;SGP;BRN;KHM;LAO;MMR;TLS/indicator/GC.TAX.TOTL.GD.ZS?format=json&date=2000:2025&per_page=20000,raw/worldbank/b1f8822bfd68_GC.TAX.TOTL.GD.ZS.json
Philippines,PHL,2022,GC.TAX.TOTL.GD.ZS,Tax revenue (% of GDP),14.6190058206626,,https://api.worldbank.org/v2/country/IDN;MYS;VNM;THA;PHL;SGP;BRN;KHM;LAO;MMR;TLS/indicator/GC.TAX.TOTL.GD.ZS?format=json&date=2000:2025&per_page=20000,raw/worldbank/b1f8822bfd68_GC.TAX.TOTL.GD.ZS.json
Philippines,PHL,2021,GC.TAX.TOTL.GD.ZS,Tax revenue (% of GDP),14.1300039313539,,https://api.worldbank.org/v2/country/IDN;MYS;VNM;THA;PHL;SGP;BRN;KHM;LAO;MMR;TLS/indicator/GC.TAX.TOTL.GD.ZS?format=json&date=2000:2025&per_page=20000,raw/worldbank/b1f8822bfd68_GC.TAX.TOTL.GD.ZS.json
Philippines,PHL,2020,GC.TAX.TOTL.GD.ZS,Tax revenue (% of GDP),13.9509857073772,,https://api.worldbank.org/v2/country/IDN;MYS;VNM;THA;PHL;SGP;BRN;KHM;LAO;MMR;TLS/indicator/GC.TAX.TOTL.GD.ZS?format=json&date=2000:2025&per_page=20000,raw/worldbank/b1f8822bfd68_GC.TAX.TOTL.GD.ZS.json
Philippines,PHL,2019,GC.TAX.TOTL.GD.ZS,Tax revenue (% of GDP),14.4884730214742,,https://api.worldbank.org/v2/country/IDN;MYS;VNM;THA;PHL;SGP;BRN;KHM;LAO;MMR;TLS/indicator/GC.TAX.TOTL.GD.ZS?format=json&date=2000:2025&per_page=20000,raw/worldbank/b1f8822bfd68_GC.TAX.TOTL.GD.ZS.json
Philippines,PHL,2018,GC.TAX.TOTL.GD.ZS,Tax revenue (% of GDP),14.0475332790366,,https://api.worldbank.org/v2/country/IDN;MYS;VNM;THA;PHL;SGP;BRN;KHM;LAO;MMR;TLS/indicator/GC.TAX.TOTL.GD.ZS?format=json&date=2000:2025&per_page=20000,raw/worldbank/b1f8822bfd68_GC.TAX.TOTL.GD.ZS.json
Philippines,PHL,2017,GC.TAX.TOTL.GD.ZS,Tax revenue (% of GDP),13.5937937490496,,https://api.worldbank.org/v2/country/IDN;MYS;VNM;THA;PHL;SGP;BRN;KHM;LAO;MMR;TLS/indicator/GC.TAX.TOTL.GD.ZS?format=json&date=2000:2025&per_page=20000,raw/worldbank/b1f8822bfd68_GC.TAX.TOTL.GD.ZS.json
Philippines,PHL,2016,GC.TAX.TOTL.GD.ZS,Tax revenue (% of GDP),13.0871006913218,,https://api.worldbank.org/v2/country/IDN;MYS;VNM;THA;PHL;SGP;BRN;KHM;LAO;MMR;TLS/indicator/GC.TAX.TOTL.GD.ZS?format=json&date=2000:2025&per_page=20000,raw/worldbank/b1f8822bfd68_GC.TAX.TOTL.GD.ZS.json
Philippines,PHL,2015,GC.TAX.TOTL.GD.ZS,Tax revenue (% of GDP),13.0196105917208,,https://api.worldbank.org/v2/country/IDN;MYS;VNM;THA;PHL;SGP;BRN;KHM;LAO;MMR;TLS/indicator/GC.TAX.TOTL.GD.ZS?format=json&date=2000:2025&per_page=20000,raw/worldbank/b1f8822bfd68_GC.TAX.TOTL.GD.ZS.json
Philippines,PHL,2014,GC.TAX.TOTL.GD.ZS,Tax revenue (% of GDP),13.0155171797493,,https://api.worldbank.org/v2/country/IDN;MYS;VNM;THA;PHL;SGP;BRN;KHM;LAO;MMR;TLS/indicator/GC.TAX.TOTL.GD.ZS?format=json&date=2000:2025&per_page=20000,raw/worldbank/b1f8822bfd68_GC.TAX.TOTL.GD.ZS.json
Philippines,PHL,2013,GC.TAX.TOTL.GD.ZS,Tax revenue (% of GDP),12.7438220628562,,https://api.worldbank.org/v2/country/IDN;MYS;VNM;THA;PHL;SGP;BRN;KHM;LAO;MMR;TLS/indicator/GC.TAX.TOTL.GD.ZS?format=json&date=2000:2025&per_page=20000,raw/worldbank/b1f8822bfd68_GC.TAX.TOTL.GD.ZS.json
Philippines,PHL,2012,GC.TAX.TOTL.GD.ZS,Tax revenue (% of GDP),12.3059271151495,,https://api.worldbank.org/v2/country/IDN;MYS;VNM;THA;PHL;SGP;BRN;KHM;LAO;MMR;TLS/indicator/GC.TAX.TOTL.GD.ZS?format=json&date=2000:2025&per_page=20000,raw/worldbank/b1f8822bfd68_GC.TAX.TOTL.GD.ZS.json
Philippines,PHL,2011,GC.TAX.TOTL.GD.ZS,Tax revenue (% of GDP),11.8490007825541,,https://api.worldbank.org/v2/country/IDN;MYS;VNM;THA;PHL;SGP;BRN;KHM;LAO;MMR;TLS/indicator/GC.TAX.TOTL.GD.ZS?format=json&date=2000:2025&per_page=20000,raw/worldbank/b1f8822bfd68_GC.TAX.TOTL.GD.ZS.json
Philippines,PHL,2010,GC.TAX.TOTL.GD.ZS,Tax revenue (% of GDP),11.63527559371,,https://api.worldbank.org/v2/country/IDN;MYS;VNM;THA;PHL;SGP;BRN;KHM;LAO;MMR;TLS/indicator/GC.TAX.TOTL.GD.ZS?format=json&date=2000:2025&per_page=20000,raw/worldbank/b1f8822bfd68_GC.TAX.TOTL.GD.ZS.json
Philippines,PHL,2009,GC.TAX.TOTL.GD.ZS,Tax revenue (% of GDP),11.6989355673304,,https://api.worldbank.org/v2/country/IDN;MYS;VNM;THA;PHL;SGP;BRN;KHM;LAO;MMR;TLS/indicator/GC.TAX.TOTL.GD.ZS?format=json&date=2000:2025&per_page=20000,raw/worldbank/b1f8822bfd68_GC.TAX.TOTL.GD.ZS.json
Philippines,PHL,2008,GC.TAX.TOTL.GD.ZS,Tax revenue (% of GDP),13.0335136905172,,https://api.worldbank.org/v2/country/IDN;MYS;VNM;THA;PHL;SGP;BRN;KHM;LAO;MMR;TLS/indicator/GC.TAX.TOTL.GD.ZS?format=json&date=2000:2025&per_page=20000,raw/worldbank/b1f8822bfd68_GC.TAX.TOTL.GD.ZS.json
Philippines,PHL,2007,GC.TAX.TOTL.GD.ZS,Tax revenue (% of GDP),12.9604093017337,,https://api.worldbank.org/v2/country/IDN;MYS;VNM;THA;PHL;SGP;BRN;KHM;LAO;MMR;TLS/indicator/GC.TAX.TOTL.GD.ZS?format=json&date=2000:2025&per_page=20000,raw/worldbank/b1f8822bfd68_GC.TAX.TOTL.GD.ZS.json
Philippines,PHL,2006,GC.TAX.TOTL.GD.ZS,Tax revenue (% of GDP),13.1273014401873,,https://api.worldbank.org/v2/country/IDN;MYS;VNM;THA;PHL;SGP;BRN;KHM;LAO;MMR;TLS/indicator/GC.TAX.TOTL.GD.ZS?format=json&date=2000:2025&per_page=20000,raw/worldbank/b1f8822bfd68_GC.TAX.TOTL.GD.ZS.json
Philippines,PHL,2005,GC.TAX.TOTL.GD.ZS,Tax revenue (% of GDP),11.9242240624029,,https://api.worldbank.org/v2/country/IDN;MYS;VNM;THA;PHL;SGP;BRN;KHM;LAO;MMR;TLS/indicator/GC.TAX.TOTL.GD.ZS?format=json&date=2000:2025&per_page=20000,raw/worldbank/b1f8822bfd68_GC.TAX.TOTL.GD.ZS.json
Philippines,PHL,2004,GC.TAX.TOTL.GD.ZS,Tax revenue (% of GDP),11.3644043893781,,https://api.worldbank.org/v2/country/IDN;MYS;VNM;THA;PHL;SGP;BRN;KHM;LAO;MMR;TLS/indicator/GC.TAX.TOTL.GD.ZS?format=json&date=2000:2025&per_page=20000,raw/worldbank/b1f8822bfd68_GC.TAX.TOTL.GD.ZS.json
Philippines,PHL,2003,GC.TAX.TOTL.GD.ZS,Tax revenue (% of GDP),11.6664325949085,,https://api.worldbank.org/v2/country/IDN;MYS;VNM;THA;PHL;SGP;BRN;KHM;LAO;MMR;TLS/indicator/GC.TAX.TOTL.GD.ZS?format=json&date=2000:2025&per_page=20000,raw/worldbank/b1f8822bfd68_GC.TAX.TOTL.GD.ZS.json
Philippines,PHL,2002,GC.TAX.TOTL.GD.ZS,Tax revenue (% of GDP),11.6681306910299,,https://api.worldbank.org/v2/country/IDN;MYS;VNM;THA;PHL;SGP;BRN;KHM;LAO;MMR;TLS/indicator/GC.TAX.TOTL.GD.ZS?format=json&date=2000:2025&per_page=20000,raw/worldbank/b1f8822bfd68_GC.TAX.TOTL.GD.ZS.json
Philippines,PHL,2001,GC.TAX.TOTL.GD.ZS,Tax revenue (% of GDP),12.2655086469998,,https://api.worldbank.org/v2/country/IDN;MYS;VNM;THA;PHL;SGP;BRN;KHM;LAO;MMR;TLS/indicator/GC.TAX.TOTL.GD.ZS?format=json&date=2000:2025&per_page=20000,raw/worldbank/b1f8822bfd68_GC.TAX.TOTL.GD.ZS.json
Philippines,PHL,2000,GC.TAX.TOTL.GD.ZS,Tax revenue (% of GDP),12.440324756341,,https://api.worldbank.org/v2/country/IDN;MYS;VNM;THA;PHL;SGP;BRN;KHM;LAO;MMR;TLS/indicator/GC.TAX.TOTL.GD.ZS?format=json&date=2000:2025&per_page=20000,raw/worldbank/b1f8822bfd68_GC.TAX.TOTL.GD.ZS.json
Singapore,SGP,2025,GC.TAX.TOTL.GD.ZS,Tax revenue (% of GDP),,,https://api.worldbank.org/v2/country/IDN;MYS;VNM;THA;PHL;SGP;BRN;KHM;LAO;MMR;TLS/indicator/GC.TAX.TOTL.GD.ZS?format=json&date=2000:2025&per_page=20000,raw/worldbank/b1f8822bfd68_GC.TAX.TOTL.GD.ZS.json
Singapore,SGP,2024,GC.TAX.TOTL.GD.ZS,Tax revenue (% of GDP),13.5602685073681,,https://api.worldbank.org/v2/country/IDN;MYS;VNM;THA;PHL;SGP;BRN;KHM;LAO;MMR;TLS/indicator/GC.TAX.TOTL.GD.ZS?format=json&date=2000:2025&per_page=20000,raw/worldbank/b1f8822bfd68_GC.TAX.TOTL.GD.ZS.json
Singapore,SGP,2023,GC.TAX.TOTL.GD.ZS,Tax revenue (% of GDP),13.7387885776561,,https://api.worldbank.org/v2/country/IDN;MYS;VNM;THA;PHL;SGP;BRN;KHM;LAO;MMR;TLS/indicator/GC.TAX.TOTL.GD.ZS?format=json&date=2000:2025&per_page=20000,raw/worldbank/b1f8822bfd68_GC.TAX.TOTL.GD.ZS.json
Singapore,SGP,2022,GC.TAX.TOTL.GD.ZS,Tax revenue (% of GDP),11.6639975988634,,https://api.worldbank.org/v2/country/IDN;MYS;VNM;THA;PHL;SGP;BRN;KHM;LAO;MMR;TLS/indicator/GC.TAX.TOTL.GD.ZS?format=json&date=2000:2025&per_page=20000,raw/worldbank/b1f8822bfd68_GC.TAX.TOTL.GD.ZS.json
Singapore,SGP,2021,GC.TAX.TOTL.GD.ZS,Tax revenue (% of GDP),12.6095887829953,,https://api.worldbank.org/v2/country/IDN;MYS;VNM;THA;PHL;SGP;BRN;KHM;LAO;MMR;TLS/indicator/GC.TAX.TOTL.GD.ZS?format=json&date=2000:2025&per_page=20000,raw/worldbank/b1f8822bfd68_GC.TAX.TOTL.GD.ZS.json
Singapore,SGP,2020,GC.TAX.TOTL.GD.ZS,Tax revenue (% of GDP),12.6685387711801,,https://api.worldbank.org/v2/country/IDN;MYS;VNM;THA;PHL;SGP;BRN;KHM;LAO;MMR;TLS/indicator/GC.TAX.TOTL.GD.ZS?format=json&date=2000:2025&per_page=20000,raw/worldbank/b1f8822bfd68_GC.TAX.TOTL.GD.ZS.json
Singapore,SGP,2019,GC.TAX.TOTL.GD.ZS,Tax revenue (% of GDP),13.1540929239546,,https://api.worldbank.org/v2/country/IDN;MYS;VNM;THA;PHL;SGP;BRN;KHM;LAO;MMR;TLS/indicator/GC.TAX.TOTL.GD.ZS?format=json&date=2000:2025&per_page=20000,raw/worldbank/b1f8822bfd68_GC.TAX.TOTL.GD.ZS.json
Singapore,SGP,2018,GC.TAX.TOTL.GD.ZS,Tax revenue (% of GDP),12.9758391948793,,https://api.worldbank.org/v2/country/IDN;MYS;VNM;THA;PHL;SGP;BRN;KHM;LAO;MMR;TLS/indicator/GC.TAX.TOTL.GD.ZS?format=json&date=2000:2025&per_page=20000,raw/worldbank/b1f8822bfd68_GC.TAX.TOTL.GD.ZS.json
Singapore,SGP,2017,GC.TAX.TOTL.GD.ZS,Tax revenue (% of GDP),13.927682163213,,https://api.worldbank.org/v2/country/IDN;MYS;VNM;THA;PHL;SGP;BRN;KHM;LAO;MMR;TLS/indicator/GC.TAX.TOTL.GD.ZS?format=json&date=2000:2025&per_page=20000,raw/worldbank/b1f8822bfd68_GC.TAX.TOTL.GD.ZS.json
Singapore,SGP,2016,GC.TAX.TOTL.GD.ZS,Tax revenue (% of GDP),13.2379148800818,,https://api.worldbank.org/v2/country/IDN;MYS;VNM;THA;PHL;SGP;BRN;KHM;LAO;MMR;TLS/indicator/GC.TAX.TOTL.GD.ZS?format=json&date=2000:2025&per_page=20000,raw/worldbank/b1f8822bfd68_GC.TAX.TOTL.GD.ZS.json
Singapore,SGP,2015,GC.TAX.TOTL.GD.ZS,Tax revenue (% of GDP),13.1397745298612,,https://api.worldbank.org/v2/country/IDN;MYS;VNM;THA;PHL;SGP;BRN;KHM;LAO;MMR;TLS/indicator/GC.TAX.TOTL.GD.ZS?format=json&date=2000:2025&per_page=20000,raw/worldbank/b1f8822bfd68_GC.TAX.TOTL.GD.ZS.json
Singapore,SGP,2014,GC.TAX.TOTL.GD.ZS,Tax revenue (% of GDP),13.5565571344028,,https://api.worldbank.org/v2/country/IDN;MYS;VNM;THA;PHL;SGP;BRN;KHM;LAO;MMR;TLS/indicator/GC.TAX.TOTL.GD.ZS?format=json&date=2000:2025&per_page=20000,raw/worldbank/b1f8822bfd68_GC.TAX.TOTL.GD.ZS.json
Singapore,SGP,2013,GC.TAX.TOTL.GD.ZS,Tax revenue (% of GDP),13.2712500808714,,https://api.worldbank.org/v2/country/IDN;MYS;VNM;THA;PHL;SGP;BRN;KHM;LAO;MMR;TLS/indicator/GC.TAX.TOTL.GD.ZS?format=json&date=2000:2025&per_page=20000,raw/worldbank/b1f8822bfd68_GC.TAX.TOTL.GD.ZS.json
Singapore,SGP,2012,GC.TAX.TOTL.GD.ZS,Tax revenue (% of GDP),13.5806687357042,,https://api.worldbank.org/v2/country/IDN;MYS;VNM;THA;PHL;SGP;BRN;KHM;LAO;MMR;TLS/indicator/GC.TAX.TOTL.GD.ZS?format=json&date=2000:2025&per_page=20000,raw/worldbank/b1f8822bfd68_GC.TAX.TOTL.GD.ZS.json
Singapore,SGP,2011,GC.TAX.TOTL.GD.ZS,Tax revenue (% of GDP),13.1057219512653,,https://api.worldbank.org/v2/country/IDN;MYS;VNM;THA;PHL;SGP;BRN;KHM;LAO;MMR;TLS/indicator/GC.TAX.TOTL.GD.ZS?format=json&date=2000:2025&per_page=20000,raw/worldbank/b1f8822bfd68_GC.TAX.TOTL.GD.ZS.json
Singapore,SGP,2010,GC.TAX.TOTL.GD.ZS,Tax revenue (% of GDP),12.7858239691039,,https://api.worldbank.org/v2/country/IDN;MYS;VNM;THA;PHL;SGP;BRN;KHM;LAO;MMR;TLS/indicator/GC.TAX.TOTL.GD.ZS?format=json&date=2000:2025&per_page=20000,raw/worldbank/b1f8822bfd68_GC.TAX.TOTL.GD.ZS.json
Singapore,SGP,2009,GC.TAX.TOTL.GD.ZS,Tax revenue (% of GDP),12.9549265300847,,https://api.worldbank.org/v2/country/IDN;MYS;VNM;THA;PHL;SGP;BRN;KHM;LAO;MMR;TLS/indicator/GC.TAX.TOTL.GD.ZS?format=json&date=2000:2025&per_page=20000,raw/worldbank/b1f8822bfd68_GC.TAX.TOTL.GD.ZS.json
Singapore,SGP,2008,GC.TAX.TOTL.GD.ZS,Tax revenue (% of GDP),13.7543914469361,,https://api.worldbank.org/v2/country/IDN;MYS;VNM;THA;PHL;SGP;BRN;KHM;LAO;MMR;TLS/indicator/GC.TAX.TOTL.GD.ZS?format=json&date=2000:2025&per_page=20000,raw/worldbank/b1f8822bfd68_GC.TAX.TOTL.GD.ZS.json
Singapore,SGP,2007,GC.TAX.TOTL.GD.ZS,Tax revenue (% of GDP),12.8204281959211,,https://api.worldbank.org/v2/country/IDN;MYS;VNM;THA;PHL;SGP;BRN;KHM;LAO;MMR;TLS/indicator/GC.TAX.TOTL.GD.ZS?format=json&date=2000:2025&per_page=20000,raw/worldbank/b1f8822bfd68_GC.TAX.TOTL.GD.ZS.json
Singapore,SGP,2006,GC.TAX.TOTL.GD.ZS,Tax revenue (% of GDP),11.8310221766032,,https://api.worldbank.org/v2/country/IDN;MYS;VNM;THA;PHL;SGP;BRN;KHM;LAO;MMR;TLS/indicator/GC.TAX.TOTL.GD.ZS?format=json&date=2000:2025&per_page=20000,raw/worldbank/b1f8822bfd68_GC.TAX.TOTL.GD.ZS.json
Singapore,SGP,2005,GC.TAX.TOTL.GD.ZS,Tax revenue (% of GDP),11.5770274018324,,https://api.worldbank.org/v2/country/IDN;MYS;VNM;THA;PHL;SGP;BRN;KHM;LAO;MMR;TLS/indicator/GC.TAX.TOTL.GD.ZS?format=json&date=2000:2025&per_page=20000,raw/worldbank/b1f8822bfd68_GC.TAX.TOTL.GD.ZS.json
Singapore,SGP,2004,GC.TAX.TOTL.GD.ZS,Tax revenue (% of GDP),11.6045115798244,,https://api.worldbank.org/v2/country/IDN;MYS;VNM;THA;PHL;SGP;BRN;KHM;LAO;MMR;TLS/indicator/GC.TAX.TOTL.GD.ZS?format=json&date=2000:2025&per_page=20000,raw/worldbank/b1f8822bfd68_GC.TAX.TOTL.GD.ZS.json
Singapore,SGP,2003,GC.TAX.TOTL.GD.ZS,Tax revenue (% of GDP),12.4460741638593,,https://api.worldbank.org/v2/country/IDN;MYS;VNM;THA;PHL;SGP;BRN;KHM;LAO;MMR;TLS/indicator/GC.TAX.TOTL.GD.ZS?format=json&date=2000:2025&per_page=20000,raw/worldbank/b1f8822bfd68_GC.TAX.TOTL.GD.ZS.json
Singapore,SGP,2002,GC.TAX.TOTL.GD.ZS,Tax revenue (% of GDP),12.6887393397993,,https://api.worldbank.org/v2/country/IDN;MYS;VNM;THA;PHL;SGP;BRN;KHM;LAO;MMR;TLS/indicator/GC.TAX.TOTL.GD.ZS?format=json&date=2000:2025&per_page=20000,raw/worldbank/b1f8822bfd68_GC.TAX.TOTL.GD.ZS.json
Singapore,SGP,2001,GC.TAX.TOTL.GD.ZS,Tax revenue (% of GDP),14.5855191514965,,https://api.worldbank.org/v2/country/IDN;MYS;VNM;THA;PHL;SGP;BRN;KHM;LAO;MMR;TLS/indicator/GC.TAX.TOTL.GD.ZS?format=json&date=2000:2025&per_page=20000,raw/worldbank/b1f8822bfd68_GC.TAX.TOTL.GD.ZS.json
Singapore,SGP,2000,GC.TAX.TOTL.GD.ZS,Tax revenue (% of GDP),14.8557890847443,,https://api.worldbank.org/v2/country/IDN;MYS;VNM;THA;PHL;SGP;BRN;KHM;LAO;MMR;TLS/indicator/GC.TAX.TOTL.GD.ZS?format=json&date=2000:2025&per_page=20000,raw/worldbank/b1f8822bfd68_GC.TAX.TOTL.GD.ZS.json
Thailand,THA,2025,GC.TAX.TOTL.GD.ZS,Tax revenue (% of GDP),,,https://api.worldbank.org/v2/country/IDN;MYS;VNM;THA;PHL;SGP;BRN;KHM;LAO;MMR;TLS/indicator/GC.TAX.TOTL.GD.ZS?format=json&date=2000:2025&per_page=20000,raw/worldbank/b1f8822bfd68_GC.TAX.TOTL.GD.ZS.json
Thailand,THA,2024,GC.TAX.TOTL.GD.ZS,Tax revenue (% of GDP),15.1750172236637,,https://api.worldbank.org/v2/country/IDN;MYS;VNM;THA;PHL;SGP;BRN;KHM;LAO;MMR;TLS/indicator/GC.TAX.TOTL.GD.ZS?format=json&date=2000:2025&per_page=20000,raw/worldbank/b1f8822bfd68_GC.TAX.TOTL.GD.ZS.json
Thailand,THA,2023,GC.TAX.TOTL.GD.ZS,Tax revenue (% of GDP),15.4536102115328,,https://api.worldbank.org/v2/country/IDN;MYS;VNM;THA;PHL;SGP;BRN;KHM;LAO;MMR;TLS/indicator/GC.TAX.TOTL.GD.ZS?format=json&date=2000:2025&per_page=20000,raw/worldbank/b1f8822bfd68_GC.TAX.TOTL.GD.ZS.json
Thailand,THA,2022,GC.TAX.TOTL.GD.ZS,Tax revenue (% of GDP),15.1376314815638,,https://api.worldbank.org/v2/country/IDN;MYS;VNM;THA;PHL;SGP;BRN;KHM;LAO;MMR;TLS/indicator/GC.TAX.TOTL.GD.ZS?format=json&date=2000:2025&per_page=20000,raw/worldbank/b1f8822bfd68_GC.TAX.TOTL.GD.ZS.json
Thailand,THA,2021,GC.TAX.TOTL.GD.ZS,Tax revenue (% of GDP),15.0887626116152,,https://api.worldbank.org/v2/country/IDN;MYS;VNM;THA;PHL;SGP;BRN;KHM;LAO;MMR;TLS/indicator/GC.TAX.TOTL.GD.ZS?format=json&date=2000:2025&per_page=20000,raw/worldbank/b1f8822bfd68_GC.TAX.TOTL.GD.ZS.json
Thailand,THA,2020,GC.TAX.TOTL.GD.ZS,Tax revenue (% of GDP),15.1988303906346,,https://api.worldbank.org/v2/country/IDN;MYS;VNM;THA;PHL;SGP;BRN;KHM;LAO;MMR;TLS/indicator/GC.TAX.TOTL.GD.ZS?format=json&date=2000:2025&per_page=20000,raw/worldbank/b1f8822bfd68_GC.TAX.TOTL.GD.ZS.json
Thailand,THA,2019,GC.TAX.TOTL.GD.ZS,Tax revenue (% of GDP),15.3979482209566,,https://api.worldbank.org/v2/country/IDN;MYS;VNM;THA;PHL;SGP;BRN;KHM;LAO;MMR;TLS/indicator/GC.TAX.TOTL.GD.ZS?format=json&date=2000:2025&per_page=20000,raw/worldbank/b1f8822bfd68_GC.TAX.TOTL.GD.ZS.json
Thailand,THA,2018,GC.TAX.TOTL.GD.ZS,Tax revenue (% of GDP),15.6981581348008,,https://api.worldbank.org/v2/country/IDN;MYS;VNM;THA;PHL;SGP;BRN;KHM;LAO;MMR;TLS/indicator/GC.TAX.TOTL.GD.ZS?format=json&date=2000:2025&per_page=20000,raw/worldbank/b1f8822bfd68_GC.TAX.TOTL.GD.ZS.json
Thailand,THA,2017,GC.TAX.TOTL.GD.ZS,Tax revenue (% of GDP),15.5187398285405,,https://api.worldbank.org/v2/country/IDN;MYS;VNM;THA;PHL;SGP;BRN;KHM;LAO;MMR;TLS/indicator/GC.TAX.TOTL.GD.ZS?format=json&date=2000:2025&per_page=20000,raw/worldbank/b1f8822bfd68_GC.TAX.TOTL.GD.ZS.json
Thailand,THA,2016,GC.TAX.TOTL.GD.ZS,Tax revenue (% of GDP),16.1000351509677,,https://api.worldbank.org/v2/country/IDN;MYS;VNM;THA;PHL;SGP;BRN;KHM;LAO;MMR;TLS/indicator/GC.TAX.TOTL.GD.ZS?format=json&date=2000:2025&per_page=20000,raw/worldbank/b1f8822bfd68_GC.TAX.TOTL.GD.ZS.json
Thailand,THA,2015,GC.TAX.TOTL.GD.ZS,Tax revenue (% of GDP),16.8518811081038,,https://api.worldbank.org/v2/country/IDN;MYS;VNM;THA;PHL;SGP;BRN;KHM;LAO;MMR;TLS/indicator/GC.TAX.TOTL.GD.ZS?format=json&date=2000:2025&per_page=20000,raw/worldbank/b1f8822bfd68_GC.TAX.TOTL.GD.ZS.json
Thailand,THA,2014,GC.TAX.TOTL.GD.ZS,Tax revenue (% of GDP),16.4984954942888,,https://api.worldbank.org/v2/country/IDN;MYS;VNM;THA;PHL;SGP;BRN;KHM;LAO;MMR;TLS/indicator/GC.TAX.TOTL.GD.ZS?format=json&date=2000:2025&per_page=20000,raw/worldbank/b1f8822bfd68_GC.TAX.TOTL.GD.ZS.json
Thailand,THA,2013,GC.TAX.TOTL.GD.ZS,Tax revenue (% of GDP),17.738624655461,,https://api.worldbank.org/v2/country/IDN;MYS;VNM;THA;PHL;SGP;BRN;KHM;LAO;MMR;TLS/indicator/GC.TAX.TOTL.GD.ZS?format=json&date=2000:2025&per_page=20000,raw/worldbank/b1f8822bfd68_GC.TAX.TOTL.GD.ZS.json
Thailand,THA,2012,GC.TAX.TOTL.GD.ZS,Tax revenue (% of GDP),15.4409356740255,,https://api.worldbank.org/v2/country/IDN;MYS;VNM;THA;PHL;SGP;BRN;KHM;LAO;MMR;TLS/indicator/GC.TAX.TOTL.GD.ZS?format=json&date=2000:2025&per_page=20000,raw/worldbank/b1f8822bfd68_GC.TAX.TOTL.GD.ZS.json
Thailand,THA,2011,GC.TAX.TOTL.GD.ZS,Tax revenue (% of GDP),16.3618347937093,,https://api.worldbank.org/v2/country/IDN;MYS;VNM;THA;PHL;SGP;BRN;KHM;LAO;MMR;TLS/indicator/GC.TAX.TOTL.GD.ZS?format=json&date=2000:2025&per_page=20000,raw/worldbank/b1f8822bfd68_GC.TAX.TOTL.GD.ZS.json
Thailand,THA,2010,GC.TAX.TOTL.GD.ZS,Tax revenue (% of GDP),14.9326475542288,,https://api.worldbank.org/v2/country/IDN;MYS;VNM;THA;PHL;SGP;BRN;KHM;LAO;MMR;TLS/indicator/GC.TAX.TOTL.GD.ZS?format=json&date=2000:2025&per_page=20000,raw/worldbank/b1f8822bfd68_GC.TAX.TOTL.GD.ZS.json
Thailand,THA,2009,GC.TAX.TOTL.GD.ZS,Tax revenue (% of GDP),14.1942308395144,,https://api.worldbank.org/v2/country/IDN;MYS;VNM;THA;PHL;SGP;BRN;KHM;LAO;MMR;TLS/indicator/GC.TAX.TOTL.GD.ZS?format=json&date=2000:2025&per_page=20000,raw/worldbank/b1f8822bfd68_GC.TAX.TOTL.GD.ZS.json
Thailand,THA,2008,GC.TAX.TOTL.GD.ZS,Tax revenue (% of GDP),15.3848864043407,,https://api.worldbank.org/v2/country/IDN;MYS;VNM;THA;PHL;SGP;BRN;KHM;LAO;MMR;TLS/indicator/GC.TAX.TOTL.GD.ZS?format=json&date=2000:2025&per_page=20000,raw/worldbank/b1f8822bfd68_GC.TAX.TOTL.GD.ZS.json
Thailand,THA,2007,GC.TAX.TOTL.GD.ZS,Tax revenue (% of GDP),15.1431565568396,,https://api.worldbank.org/v2/country/IDN;MYS;VNM;THA;PHL;SGP;BRN;KHM;LAO;MMR;TLS/indicator/GC.TAX.TOTL.GD.ZS?format=json&date=2000:2025&per_page=20000,raw/worldbank/b1f8822bfd68_GC.TAX.TOTL.GD.ZS.json
Thailand,THA,2006,GC.TAX.TOTL.GD.ZS,Tax revenue (% of GDP),15.6369927115112,,https://api.worldbank.org/v2/country/IDN;MYS;VNM;THA;PHL;SGP;BRN;KHM;LAO;MMR;TLS/indicator/GC.TAX.TOTL.GD.ZS?format=json&date=2000:2025&per_page=20000,raw/worldbank/b1f8822bfd68_GC.TAX.TOTL.GD.ZS.json
Thailand,THA,2005,GC.TAX.TOTL.GD.ZS,Tax revenue (% of GDP),16.0618602656932,,https://api.worldbank.org/v2/country/IDN;MYS;VNM;THA;PHL;SGP;BRN;KHM;LAO;MMR;TLS/indicator/GC.TAX.TOTL.GD.ZS?format=json&date=2000:2025&per_page=20000,raw/worldbank/b1f8822bfd68_GC.TAX.TOTL.GD.ZS.json
Thailand,THA,2004,GC.TAX.TOTL.GD.ZS,Tax revenue (% of GDP),14.8533309059365,,https://api.worldbank.org/v2/country/IDN;MYS;VNM;THA;PHL;SGP;BRN;KHM;LAO;MMR;TLS/indicator/GC.TAX.TOTL.GD.ZS?format=json&date=2000:2025&per_page=20000,raw/worldbank/b1f8822bfd68_GC.TAX.TOTL.GD.ZS.json
Thailand,THA,2003,GC.TAX.TOTL.GD.ZS,Tax revenue (% of GDP),14.4815688032319,,https://api.worldbank.org/v2/country/IDN;MYS;VNM;THA;PHL;SGP;BRN;KHM;LAO;MMR;TLS/indicator/GC.TAX.TOTL.GD.ZS?format=json&date=2000:2025&per_page=20000,raw/worldbank/b1f8822bfd68_GC.TAX.TOTL.GD.ZS.json
Thailand,THA,2002,GC.TAX.TOTL.GD.ZS,Tax revenue (% of GDP),13.4703127620992,,https://api.worldbank.org/v2/country/IDN;MYS;VNM;THA;PHL;SGP;BRN;KHM;LAO;MMR;TLS/indicator/GC.TAX.TOTL.GD.ZS?format=json&date=2000:2025&per_page=20000,raw/worldbank/b1f8822bfd68_GC.TAX.TOTL.GD.ZS.json
Thailand,THA,2001,GC.TAX.TOTL.GD.ZS,Tax revenue (% of GDP),13.0702183217552,,https://api.worldbank.org/v2/country/IDN;MYS;VNM;THA;PHL;SGP;BRN;KHM;LAO;MMR;TLS/indicator/GC.TAX.TOTL.GD.ZS?format=json&date=2000:2025&per_page=20000,raw/worldbank/b1f8822bfd68_GC.TAX.TOTL.GD.ZS.json
Thailand,THA,2000,GC.TAX.TOTL.GD.ZS,Tax revenue (% of GDP),12.9767329017598,,https://api.worldbank.org/v2/country/IDN;MYS;VNM;THA;PHL;SGP;BRN;KHM;LAO;MMR;TLS/indicator/GC.TAX.TOTL.GD.ZS?format=json&date=2000:2025&per_page=20000,raw/worldbank/b1f8822bfd68_GC.TAX.TOTL.GD.ZS.json
Timor-Leste,TLS,2025,GC.TAX.TOTL.GD.ZS,Tax revenue (% of GDP),,,https://api.worldbank.org/v2/country/IDN;MYS;VNM;THA;PHL;SGP;BRN;KHM;LAO;MMR;TLS/indicator/GC.TAX.TOTL.GD.ZS?format=json&date=2000:2025&per_page=20000,raw/worldbank/b1f8822bfd68_GC.TAX.TOTL.GD.ZS.json
Timor-Leste,TLS,2024,GC.TAX.TOTL.GD.ZS,Tax revenue (% of GDP),,,https://api.worldbank.org/v2/country/IDN;MYS;VNM;THA;PHL;SGP;BRN;KHM;LAO;MMR;TLS/indicator/GC.TAX.TOTL.GD.ZS?format=json&date=2000:2025&per_page=20000,raw/worldbank/b1f8822bfd68_GC.TAX.TOTL.GD.ZS.json
Timor-Leste,TLS,2023,GC.TAX.TOTL.GD.ZS,Tax revenue (% of GDP),,,https://api.worldbank.org/v2/country/IDN;MYS;VNM;THA;PHL;SGP;BRN;KHM;LAO;MMR;TLS/indicator/GC.TAX.TOTL.GD.ZS?format=json&date=2000:2025&per_page=20000,raw/worldbank/b1f8822bfd68_GC.TAX.TOTL.GD.ZS.json
Timor-Leste,TLS,2022,GC.TAX.TOTL.GD.ZS,Tax revenue (% of GDP),21.6431378705086,,https://api.worldbank.org/v2/country/IDN;MYS;VNM;THA;PHL;SGP;BRN;KHM;LAO;MMR;TLS/indicator/GC.TAX.TOTL.GD.ZS?format=json&date=2000:2025&per_page=20000,raw/worldbank/b1f8822bfd68_GC.TAX.TOTL.GD.ZS.json
Timor-Leste,TLS,2021,GC.TAX.TOTL.GD.ZS,Tax revenue (% of GDP),15.0875381632614,,https://api.worldbank.org/v2/country/IDN;MYS;VNM;THA;PHL;SGP;BRN;KHM;LAO;MMR;TLS/indicator/GC.TAX.TOTL.GD.ZS?format=json&date=2000:2025&per_page=20000,raw/worldbank/b1f8822bfd68_GC.TAX.TOTL.GD.ZS.json
Timor-Leste,TLS,2020,GC.TAX.TOTL.GD.ZS,Tax revenue (% of GDP),12.6427117196592,,https://api.worldbank.org/v2/country/IDN;MYS;VNM;THA;PHL;SGP;BRN;KHM;LAO;MMR;TLS/indicator/GC.TAX.TOTL.GD.ZS?format=json&date=2000:2025&per_page=20000,raw/worldbank/b1f8822bfd68_GC.TAX.TOTL.GD.ZS.json
Timor-Leste,TLS,2019,GC.TAX.TOTL.GD.ZS,Tax revenue (% of GDP),22.8133907685635,,https://api.worldbank.org/v2/country/IDN;MYS;VNM;THA;PHL;SGP;BRN;KHM;LAO;MMR;TLS/indicator/GC.TAX.TOTL.GD.ZS?format=json&date=2000:2025&per_page=20000,raw/worldbank/b1f8822bfd68_GC.TAX.TOTL.GD.ZS.json
Timor-Leste,TLS,2018,GC.TAX.TOTL.GD.ZS,Tax revenue (% of GDP),25.2502194553353,,https://api.worldbank.org/v2/country/IDN;MYS;VNM;THA;PHL;SGP;BRN;KHM;LAO;MMR;TLS/indicator/GC.TAX.TOTL.GD.ZS?format=json&date=2000:2025&per_page=20000,raw/worldbank/b1f8822bfd68_GC.TAX.TOTL.GD.ZS.json
Timor-Leste,TLS,2017,GC.TAX.TOTL.GD.ZS,Tax revenue (% of GDP),20.2285225863385,,https://api.worldbank.org/v2/country/IDN;MYS;VNM;THA;PHL;SGP;BRN;KHM;LAO;MMR;TLS/indicator/GC.TAX.TOTL.GD.ZS?format=json&date=2000:2025&per_page=20000,raw/worldbank/b1f8822bfd68_GC.TAX.TOTL.GD.ZS.json
Timor-Leste,TLS,2016,GC.TAX.TOTL.GD.ZS,Tax revenue (% of GDP),15.0879497052238,,https://api.worldbank.org/v2/country/IDN;MYS;VNM;THA;PHL;SGP;BRN;KHM;LAO;MMR;TLS/indicator/GC.TAX.TOTL.GD.ZS?format=json&date=2000:2025&per_page=20000,raw/worldbank/b1f8822bfd68_GC.TAX.TOTL.GD.ZS.json
Timor-Leste,TLS,2015,GC.TAX.TOTL.GD.ZS,Tax revenue (% of GDP),36.1661146473104,,https://api.worldbank.org/v2/country/IDN;MYS;VNM;THA;PHL;SGP;BRN;KHM;LAO;MMR;TLS/indicator/GC.TAX.TOTL.GD.ZS?format=json&date=2000:2025&per_page=20000,raw/worldbank/b1f8822bfd68_GC.TAX.TOTL.GD.ZS.json
Timor-Leste,TLS,2014,GC.TAX.TOTL.GD.ZS,Tax revenue (% of GDP),62.7906664376797,,https://api.worldbank.org/v2/country/IDN;MYS;VNM;THA;PHL;SGP;BRN;KHM;LAO;MMR;TLS/indicator/GC.TAX.TOTL.GD.ZS?format=json&date=2000:2025&per_page=20000,raw/worldbank/b1f8822bfd68_GC.TAX.TOTL.GD.ZS.json
Timor-Leste,TLS,2013,GC.TAX.TOTL.GD.ZS,Tax revenue (% of GDP),93.8650341033643,,https://api.worldbank.org/v2/country/IDN;MYS;VNM;THA;PHL;SGP;BRN;KHM;LAO;MMR;TLS/indicator/GC.TAX.TOTL.GD.ZS?format=json&date=2000:2025&per_page=20000,raw/worldbank/b1f8822bfd68_GC.TAX.TOTL.GD.ZS.json
Timor-Leste,TLS,2012,GC.TAX.TOTL.GD.ZS,Tax revenue (% of GDP),147.640195539203,,https://api.worldbank.org/v2/country/IDN;MYS;VNM;THA;PHL;SGP;BRN;KHM;LAO;MMR;TLS/indicator/GC.TAX.TOTL.GD.ZS?format=json&date=2000:2025&per_page=20000,raw/worldbank/b1f8822bfd68_GC.TAX.TOTL.GD.ZS.json
Timor-Leste,TLS,2011,GC.TAX.TOTL.GD.ZS,Tax revenue (% of GDP),135.484450541018,,https://api.worldbank.org/v2/country/IDN;MYS;VNM;THA;PHL;SGP;BRN;KHM;LAO;MMR;TLS/indicator/GC.TAX.TOTL.GD.ZS?format=json&date=2000:2025&per_page=20000,raw/worldbank/b1f8822bfd68_GC.TAX.TOTL.GD.ZS.json
Timor-Leste,TLS,2010,GC.TAX.TOTL.GD.ZS,Tax revenue (% of GDP),110.17258804732,,https://api.worldbank.org/v2/country/IDN;MYS;VNM;THA;PHL;SGP;BRN;KHM;LAO;MMR;TLS/indicator/GC.TAX.TOTL.GD.ZS?format=json&date=2000:2025&per_page=20000,raw/worldbank/b1f8822bfd68_GC.TAX.TOTL.GD.ZS.json
Timor-Leste,TLS,2009,GC.TAX.TOTL.GD.ZS,Tax revenue (% of GDP),,,https://api.worldbank.org/v2/country/IDN;MYS;VNM;THA;PHL;SGP;BRN;KHM;LAO;MMR;TLS/indicator/GC.TAX.TOTL.GD.ZS?format=json&date=2000:2025&per_page=20000,raw/worldbank/b1f8822bfd68_GC.TAX.TOTL.GD.ZS.json
Timor-Leste,TLS,2008,GC.TAX.TOTL.GD.ZS,Tax revenue (% of GDP),,,https://api.worldbank.org/v2/country/IDN;MYS;VNM;THA;PHL;SGP;BRN;KHM;LAO;MMR;TLS/indicator/GC.TAX.TOTL.GD.ZS?format=json&date=2000:2025&per_page=20000,raw/worldbank/b1f8822bfd68_GC.TAX.TOTL.GD.ZS.json
Timor-Leste,TLS,2007,GC.TAX.TOTL.GD.ZS,Tax revenue (% of GDP),,,https://api.worldbank.org/v2/country/IDN;MYS;VNM;THA;PHL;SGP;BRN;KHM;LAO;MMR;TLS/indicator/GC.TAX.TOTL.GD.ZS?format=json&date=2000:2025&per_page=20000,raw/worldbank/b1f8822bfd68_GC.TAX.TOTL.GD.ZS.json
Timor-Leste,TLS,2006,GC.TAX.TOTL.GD.ZS,Tax revenue (% of GDP),,,https://api.worldbank.org/v2/country/IDN;MYS;VNM;THA;PHL;SGP;BRN;KHM;LAO;MMR;TLS/indicator/GC.TAX.TOTL.GD.ZS?format=json&date=2000:2025&per_page=20000,raw/worldbank/b1f8822bfd68_GC.TAX.TOTL.GD.ZS.json
Timor-Leste,TLS,2005,GC.TAX.TOTL.GD.ZS,Tax revenue (% of GDP),,,https://api.worldbank.org/v2/country/IDN;MYS;VNM;THA;PHL;SGP;BRN;KHM;LAO;MMR;TLS/indicator/GC.TAX.TOTL.GD.ZS?format=json&date=2000:2025&per_page=20000,raw/worldbank/b1f8822bfd68_GC.TAX.TOTL.GD.ZS.json
Timor-Leste,TLS,2004,GC.TAX.TOTL.GD.ZS,Tax revenue (% of GDP),,,https://api.worldbank.org/v2/country/IDN;MYS;VNM;THA;PHL;SGP;BRN;KHM;LAO;MMR;TLS/indicator/GC.TAX.TOTL.GD.ZS?format=json&date=2000:2025&per_page=20000,raw/worldbank/b1f8822bfd68_GC.TAX.TOTL.GD.ZS.json
Timor-Leste,TLS,2003,GC.TAX.TOTL.GD.ZS,Tax revenue (% of GDP),,,https://api.worldbank.org/v2/country/IDN;MYS;VNM;THA;PHL;SGP;BRN;KHM;LAO;MMR;TLS/indicator/GC.TAX.TOTL.GD.ZS?format=json&date=2000:2025&per_page=20000,raw/worldbank/b1f8822bfd68_GC.TAX.TOTL.GD.ZS.json
Timor-Leste,TLS,2002,GC.TAX.TOTL.GD.ZS,Tax revenue (% of GDP),,,https://api.worldbank.org/v2/country/IDN;MYS;VNM;THA;PHL;SGP;BRN;KHM;LAO;MMR;TLS/indicator/GC.TAX.TOTL.GD.ZS?format=json&date=2000:2025&per_page=20000,raw/worldbank/b1f8822bfd68_GC.TAX.TOTL.GD.ZS.json
Timor-Leste,TLS,2001,GC.TAX.TOTL.GD.ZS,Tax revenue (% of GDP),,,https://api.worldbank.org/v2/country/IDN;MYS;VNM;THA;PHL;SGP;BRN;KHM;LAO;MMR;TLS/indicator/GC.TAX.TOTL.GD.ZS?format=json&date=2000:2025&per_page=20000,raw/worldbank/b1f8822bfd68_GC.TAX.TOTL.GD.ZS.json
Timor-Leste,TLS,2000,GC.TAX.TOTL.GD.ZS,Tax revenue (% of GDP),,,https://api.worldbank.org/v2/country/IDN;MYS;VNM;THA;PHL;SGP;BRN;KHM;LAO;MMR;TLS/indicator/GC.TAX.TOTL.GD.ZS?format=json&date=2000:2025&per_page=20000,raw/worldbank/b1f8822bfd68_GC.TAX.TOTL.GD.ZS.json
Viet Nam,VNM,2025,GC.TAX.TOTL.GD.ZS,Tax revenue (% of GDP),,,https://api.worldbank.org/v2/country/IDN;MYS;VNM;THA;PHL;SGP;BRN;KHM;LAO;MMR;TLS/indicator/GC.TAX.TOTL.GD.ZS?format=json&date=2000:2025&per_page=20000,raw/worldbank/b1f8822bfd68_GC.TAX.TOTL.GD.ZS.json
Viet Nam,VNM,2024,GC.TAX.TOTL.GD.ZS,Tax revenue (% of GDP),,,https://api.worldbank.org/v2/country/IDN;MYS;VNM;THA;PHL;SGP;BRN;KHM;LAO;MMR;TLS/indicator/GC.TAX.TOTL.GD.ZS?format=json&date=2000:2025&per_page=20000,raw/worldbank/b1f8822bfd68_GC.TAX.TOTL.GD.ZS.json
Viet Nam,VNM,2023,GC.TAX.TOTL.GD.ZS,Tax revenue (% of GDP),,,https://api.worldbank.org/v2/country/IDN;MYS;VNM;THA;PHL;SGP;BRN;KHM;LAO;MMR;TLS/indicator/GC.TAX.TOTL.GD.ZS?format=json&date=2000:2025&per_page=20000,raw/worldbank/b1f8822bfd68_GC.TAX.TOTL.GD.ZS.json
Viet Nam,VNM,2022,GC.TAX.TOTL.GD.ZS,Tax revenue (% of GDP),,,https://api.worldbank.org/v2/country/IDN;MYS;VNM;THA;PHL;SGP;BRN;KHM;LAO;MMR;TLS/indicator/GC.TAX.TOTL.GD.ZS?format=json&date=2000:2025&per_page=20000,raw/worldbank/b1f8822bfd68_GC.TAX.TOTL.GD.ZS.json
Viet Nam,VNM,2021,GC.TAX.TOTL.GD.ZS,Tax revenue (% of GDP),,,https://api.worldbank.org/v2/country/IDN;MYS;VNM;THA;PHL;SGP;BRN;KHM;LAO;MMR;TLS/indicator/GC.TAX.TOTL.GD.ZS?format=json&date=2000:2025&per_page=20000,raw/worldbank/b1f8822bfd68_GC.TAX.TOTL.GD.ZS.json
Viet Nam,VNM,2020,GC.TAX.TOTL.GD.ZS,Tax revenue (% of GDP),,,https://api.worldbank.org/v2/country/IDN;MYS;VNM;THA;PHL;SGP;BRN;KHM;LAO;MMR;TLS/indicator/GC.TAX.TOTL.GD.ZS?format=json&date=2000:2025&per_page=20000,raw/worldbank/b1f8822bfd68_GC.TAX.TOTL.GD.ZS.json
Viet Nam,VNM,2019,GC.TAX.TOTL.GD.ZS,Tax revenue (% of GDP),,,https://api.worldbank.org/v2/country/IDN;MYS;VNM;THA;PHL;SGP;BRN;KHM;LAO;MMR;TLS/indicator/GC.TAX.TOTL.GD.ZS?format=json&date=2000:2025&per_page=20000,raw/worldbank/b1f8822bfd68_GC.TAX.TOTL.GD.ZS.json
Viet Nam,VNM,2018,GC.TAX.TOTL.GD.ZS,Tax revenue (% of GDP),,,https://api.worldbank.org/v2/country/IDN;MYS;VNM;THA;PHL;SGP;BRN;KHM;LAO;MMR;TLS/indicator/GC.TAX.TOTL.GD.ZS?format=json&date=2000:2025&per_page=20000,raw/worldbank/b1f8822bfd68_GC.TAX.TOTL.GD.ZS.json
Viet Nam,VNM,2017,GC.TAX.TOTL.GD.ZS,Tax revenue (% of GDP),,,https://api.worldbank.org/v2/country/IDN;MYS;VNM;THA;PHL;SGP;BRN;KHM;LAO;MMR;TLS/indicator/GC.TAX.TOTL.GD.ZS?format=json&date=2000:2025&per_page=20000,raw/worldbank/b1f8822bfd68_GC.TAX.TOTL.GD.ZS.json
Viet Nam,VNM,2016,GC.TAX.TOTL.GD.ZS,Tax revenue (% of GDP),,,https://api.worldbank.org/v2/country/IDN;MYS;VNM;THA;PHL;SGP;BRN;KHM;LAO;MMR;TLS/indicator/GC.TAX.TOTL.GD.ZS?format=json&date=2000:2025&per_page=20000,raw/worldbank/b1f8822bfd68_GC.TAX.TOTL.GD.ZS.json
Viet Nam,VNM,2015,GC.TAX.TOTL.GD.ZS,Tax revenue (% of GDP),,,https://api.worldbank.org/v2/country/IDN;MYS;VNM;THA;PHL;SGP;BRN;KHM;LAO;MMR;TLS/indicator/GC.TAX.TOTL.GD.ZS?format=json&date=2000:2025&per_page=20000,raw/worldbank/b1f8822bfd68_GC.TAX.TOTL.GD.ZS.json
Viet Nam,VNM,2014,GC.TAX.TOTL.GD.ZS,Tax revenue (% of GDP),,,https://api.worldbank.org/v2/country/IDN;MYS;VNM;THA;PHL;SGP;BRN;KHM;LAO;MMR;TLS/indicator/GC.TAX.TOTL.GD.ZS?format=json&date=2000:2025&per_page=20000,raw/worldbank/b1f8822bfd68_GC.TAX.TOTL.GD.ZS.json
Viet Nam,VNM,2013,GC.TAX.TOTL.GD.ZS,Tax revenue (% of GDP),,,https://api.worldbank.org/v2/country/IDN;MYS;VNM;THA;PHL;SGP;BRN;KHM;LAO;MMR;TLS/indicator/GC.TAX.TOTL.GD.ZS?format=json&date=2000:2025&per_page=20000,raw/worldbank/b1f8822bfd68_GC.TAX.TOTL.GD.ZS.json
Viet Nam,VNM,2012,GC.TAX.TOTL.GD.ZS,Tax revenue (% of GDP),,,https://api.worldbank.org/v2/country/IDN;MYS;VNM;THA;PHL;SGP;BRN;KHM;LAO;MMR;TLS/indicator/GC.TAX.TOTL.GD.ZS?format=json&date=2000:2025&per_page=20000,raw/worldbank/b1f8822bfd68_GC.TAX.TOTL.GD.ZS.json
Viet Nam,VNM,2011,GC.TAX.TOTL.GD.ZS,Tax revenue (% of GDP),,,https://api.worldbank.org/v2/country/IDN;MYS;VNM;THA;PHL;SGP;BRN;KHM;LAO;MMR;TLS/indicator/GC.TAX.TOTL.GD.ZS?format=json&date=2000:2025&per_page=20000,raw/worldbank/b1f8822bfd68_GC.TAX.TOTL.GD.ZS.json
Viet Nam,VNM,2010,GC.TAX.TOTL.GD.ZS,Tax revenue (% of GDP),,,https://api.worldbank.org/v2/country/IDN;MYS;VNM;THA;PHL;SGP;BRN;KHM;LAO;MMR;TLS/indicator/GC.TAX.TOTL.GD.ZS?format=json&date=2000:2025&per_page=20000,raw/worldbank/b1f8822bfd68_GC.TAX.TOTL.GD.ZS.json
Viet Nam,VNM,2009,GC.TAX.TOTL.GD.ZS,Tax revenue (% of GDP),,,https://api.worldbank.org/v2/country/IDN;MYS;VNM;THA;PHL;SGP;BRN;KHM;LAO;MMR;TLS/indicator/GC.TAX.TOTL.GD.ZS?format=json&date=2000:2025&per_page=20000,raw/worldbank/b1f8822bfd68_GC.TAX.TOTL.GD.ZS.json
Viet Nam,VNM,2008,GC.TAX.TOTL.GD.ZS,Tax revenue (% of GDP),,,https://api.worldbank.org/v2/country/IDN;MYS;VNM;THA;PHL;SGP;BRN;KHM;LAO;MMR;TLS/indicator/GC.TAX.TOTL.GD.ZS?format=json&date=2000:2025&per_page=20000,raw/worldbank/b1f8822bfd68_GC.TAX.TOTL.GD.ZS.json
Viet Nam,VNM,2007,GC.TAX.TOTL.GD.ZS,Tax revenue (% of GDP),,,https://api.worldbank.org/v2/country/IDN;MYS;VNM;THA;PHL;SGP;BRN;KHM;LAO;MMR;TLS/indicator/GC.TAX.TOTL.GD.ZS?format=json&date=2000:2025&per_page=20000,raw/worldbank/b1f8822bfd68_GC.TAX.TOTL.GD.ZS.json
Viet Nam,VNM,2006,GC.TAX.TOTL.GD.ZS,Tax revenue (% of GDP),,,https://api.worldbank.org/v2/country/IDN;MYS;VNM;THA;PHL;SGP;BRN;KHM;LAO;MMR;TLS/indicator/GC.TAX.TOTL.GD.ZS?format=json&date=2000:2025&per_page=20000,raw/worldbank/b1f8822bfd68_GC.TAX.TOTL.GD.ZS.json
Viet Nam,VNM,2005,GC.TAX.TOTL.GD.ZS,Tax revenue (% of GDP),,,https://api.worldbank.org/v2/country/IDN;MYS;VNM;THA;PHL;SGP;BRN;KHM;LAO;MMR;TLS/indicator/GC.TAX.TOTL.GD.ZS?format=json&date=2000:2025&per_page=20000,raw/worldbank/b1f8822bfd68_GC.TAX.TOTL.GD.ZS.json
Viet Nam,VNM,2004,GC.TAX.TOTL.GD.ZS,Tax revenue (% of GDP),,,https://api.worldbank.org/v2/country/IDN;MYS;VNM;THA;PHL;SGP;BRN;KHM;LAO;MMR;TLS/indicator/GC.TAX.TOTL.GD.ZS?format=json&date=2000:2025&per_page=20000,raw/worldbank/b1f8822bfd68_GC.TAX.TOTL.GD.ZS.json
Viet Nam,VNM,2003,GC.TAX.TOTL.GD.ZS,Tax revenue (% of GDP),,,https://api.worldbank.org/v2/country/IDN;MYS;VNM;THA;PHL;SGP;BRN;KHM;LAO;MMR;TLS/indicator/GC.TAX.TOTL.GD.ZS?format=json&date=2000:2025&per_page=20000,raw/worldbank/b1f8822bfd68_GC.TAX.TOTL.GD.ZS.json
Viet Nam,VNM,2002,GC.TAX.TOTL.GD.ZS,Tax revenue (% of GDP),,,https://api.worldbank.org/v2/country/IDN;MYS;VNM;THA;PHL;SGP;BRN;KHM;LAO;MMR;TLS/indicator/GC.TAX.TOTL.GD.ZS?format=json&date=2000:2025&per_page=20000,raw/worldbank/b1f8822bfd68_GC.TAX.TOTL.GD.ZS.json
Viet Nam,VNM,2001,GC.TAX.TOTL.GD.ZS,Tax revenue (% of GDP),,,https://api.worldbank.org/v2/country/IDN;MYS;VNM;THA;PHL;SGP;BRN;KHM;LAO;MMR;TLS/indicator/GC.TAX.TOTL.GD.ZS?format=json&date=2000:2025&per_page=20000,raw/worldbank/b1f8822bfd68_GC.TAX.TOTL.GD.ZS.json
Viet Nam,VNM,2000,GC.TAX.TOTL.GD.ZS,Tax revenue (% of GDP),,,https://api.worldbank.org/v2/country/IDN;MYS;VNM;THA;PHL;SGP;BRN;KHM;LAO;MMR;TLS/indicator/GC.TAX.TOTL.GD.ZS?format=json&date=2000:2025&per_page=20000,raw/worldbank/b1f8822bfd68_GC.TAX.TOTL.GD.ZS.json
